番号,今の名前,元の名前,大きさ,付けた日時
c0001,c0001_スクリーンショット 2026-10-02 223703.png,スクリーンショット 2026-10-02 223703.png,963x760,2026-10-03 00:03
c0002,c0002_スクリーンショット 2026-10-02 223740.png,スクリーンショット 2026-10-02 223740.png,963x760,2026-10-03 00:03
c0003,c0003_スクリーンショット 2026-10-02 223753.png,スクリーンショット 2026-10-02 223753.png,963x760,2026-10-03 00:03
c0004,c0004_スクリーンショット 2026-10-02 223801.png,スクリーンショット 2026-10-02 223801.png,963x760,2026-10-03 00:03
c0005,c0005_スクリーンショット 2026-10-02 223810.png,スクリーンショット 2026-10-02 223810.png,963x760,2026-10-03 00:03
c0006,c0006_スクリーンショット 2026-10-02 223814.png,スクリーンショット 2026-10-02 223814.png,963x760,2026-10-03 00:03
c0007,c0007_スクリーンショット 2026-10-02 223850.png,スクリーンショット 2026-10-02 223850.png,963x760,2026-10-03 00:03
c0008,c0008_スクリーンショット 2026-10-02 223932.png,スクリーンショット 2026-10-02 223932.png,963x760,2026-10-03 00:03
c0009,c0009_スクリーンショット 2026-10-02 223938.png,スクリーンショット 2026-10-02 223938.png,963x760,2026-10-03 00:03
c0010,c0010_スクリーンショット 2026-10-02 223959.png,スクリーンショット 2026-10-02 223959.png,963x760,2026-10-03 00:03
c0011,c0011_スクリーンショット 2026-10-02 224004.png,スクリーンショット 2026-10-02 224004.png,963x760,2026-10-03 00:03
c0012,c0012_スクリーンショット 2026-10-02 224020.png,スクリーンショット 2026-10-02 224020.png,963x760,2026-10-03 00:03
c0013,c0013_スクリーンショット 2026-10-02 224028.png,スクリーンショット 2026-10-02 224028.png,963x760,2026-10-03 00:03
c0014,c0014_スクリーンショット 2026-10-02 224200.png,スクリーンショット 2026-10-02 224200.png,1924x1246,2026-10-03 00:03
c0015,c0015_スクリーンショット 2026-10-02 224302.png,スクリーンショット 2026-10-02 224302.png,735x1081,2026-10-03 00:03
c0016,c0016_スクリーンショット 2026-10-02 224316.png,スクリーンショット 2026-10-02 224316.png,1584x1081,2026-10-03 00:03
c0017,c0017_スクリーンショット 2026-10-02 224327.png,スクリーンショット 2026-10-02 224327.png,1573x1074,2026-10-03 00:03
c0018,c0018_peg_fours_front.png,peg_fours_front.png,1280x720,2026-10-03 00:03
c0019,c0019_peg_fours_front_2.png,peg_fours_front_2.png,1280x720,2026-10-03 00:03
c0020,c0020_nipple_pov_straddle.png,nipple_pov_straddle.png,1280x720,2026-10-03 00:03
c0021,c0021_inverted_seated_toy.png,inverted_seated_toy.png,493x720,2026-10-03 00:03
c0022,c0022_stand_embrace_back.png,stand_embrace_back.png,493x720,2026-10-03 00:03
c0023,c0023_スクリーンショット 2026-10-02 225121.png,スクリーンショット 2026-10-02 225121.png,1228x984,2026-10-03 00:03
c0024,c0024_スクリーンショット 2026-10-02 225154.png,スクリーンショット 2026-10-02 225154.png,1228x984,2026-10-03 00:03
c0025,c0025_スクリーンショット 2026-10-02 225232.png,スクリーンショット 2026-10-02 225232.png,1228x984,2026-10-03 00:03
c0026,c0026_スクリーンショット 2026-10-02 225308.png,スクリーンショット 2026-10-02 225308.png,1228x984,2026-10-03 00:03
c0027,c0027_スクリーンショット 2026-10-02 225334.png,スクリーンショット 2026-10-02 225334.png,1228x984,2026-10-03 00:03
c0028,c0028_スクリーンショット 2026-10-02 225405.png,スクリーンショット 2026-10-02 225405.png,1228x984,2026-10-03 00:03
c0029,c0029_スクリーンショット 2026-10-02 225431.png,スクリーンショット 2026-10-02 225431.png,1228x984,2026-10-03 00:03
c0030,c0030_スクリーンショット 2026-10-02 225449.png,スクリーンショット 2026-10-02 225449.png,1228x984,2026-10-03 00:03
c0031,c0031_スクリーンショット 2026-10-02 225520.png,スクリーンショット 2026-10-02 225520.png,1228x984,2026-10-03 00:03
c0032,c0032_スクリーンショット 2026-10-02 225617.png,スクリーンショット 2026-10-02 225617.png,1228x984,2026-10-03 00:03
c0033,c0033_スクリーンショット 2026-10-02 225713.png,スクリーンショット 2026-10-02 225713.png,1228x984,2026-10-03 00:03
c0034,c0034_スクリーンショット 2026-10-02 225744.png,スクリーンショット 2026-10-02 225744.png,1228x984,2026-10-03 00:03
c0035,c0035_スクリーンショット 2026-10-02 225813.png,スクリーンショット 2026-10-02 225813.png,1228x984,2026-10-03 00:03
c0036,c0036_スクリーンショット 2026-10-02 225830.png,スクリーンショット 2026-10-02 225830.png,1228x984,2026-10-03 00:03
c0037,c0037_スクリーンショット 2026-10-02 230650.png,スクリーンショット 2026-10-02 230650.png,1228x984,2026-10-03 00:03
c0038,c0038_スクリーンショット 2026-10-02 230837.png,スクリーンショット 2026-10-02 230837.png,1228x984,2026-10-03 00:03
c0039,c0039_スクリーンショット 2026-10-02 230853.png,スクリーンショット 2026-10-02 230853.png,1228x984,2026-10-03 00:03
c0040,c0040_スクリーンショット 2026-10-02 230903.png,スクリーンショット 2026-10-02 230903.png,1228x984,2026-10-03 00:03
c0041,c0041_スクリーンショット 2026-10-02 230917.png,スクリーンショット 2026-10-02 230917.png,1228x984,2026-10-03 00:03
c0042,c0042_スクリーンショット 2026-10-02 231017.png,スクリーンショット 2026-10-02 231017.png,1228x984,2026-10-03 00:03
c0043,c0043_スクリーンショット 2026-10-02 231036.png,スクリーンショット 2026-10-02 231036.png,1228x984,2026-10-03 00:03
c0044,c0044_スクリーンショット 2026-10-02 231114.png,スクリーンショット 2026-10-02 231114.png,1228x984,2026-10-03 00:03
c0045,c0045_スクリーンショット 2026-10-02 231206.png,スクリーンショット 2026-10-02 231206.png,1228x984,2026-10-03 00:03
c0046,c0046_スクリーンショット 2026-10-02 231236.png,スクリーンショット 2026-10-02 231236.png,1228x984,2026-10-03 00:03
c0047,c0047_スクリーンショット 2026-10-02 231300.png,スクリーンショット 2026-10-02 231300.png,1228x984,2026-10-03 00:03
c0048,c0048_スクリーンショット 2026-10-02 231817.png,スクリーンショット 2026-10-02 231817.png,1924x1128,2026-10-03 00:03
c0049,c0049_スクリーンショット 2026-10-02 232012.png,スクリーンショット 2026-10-02 232012.png,1923x1126,2026-10-03 00:03
c0050,c0050_スクリーンショット 2026-10-02 232903.png,スクリーンショット 2026-10-02 232903.png,1924x1488,2026-10-03 00:03
c0051,c0051_スクリーンショット 2026-10-02 233113.png,スクリーンショット 2026-10-02 233113.png,1924x1129,2026-10-03 00:03
c0052,c0052_スクリーンショット 2026-10-02 233142.png,スクリーンショット 2026-10-02 233142.png,1924x1129,2026-10-03 00:03
c0053,c0053_スクリーンショット 2026-10-02 233213.png,スクリーンショット 2026-10-02 233213.png,1924x1129,2026-10-03 00:03
c0054,c0054_スクリーンショット 2026-10-02 233220.png,スクリーンショット 2026-10-02 233220.png,1924x1129,2026-10-03 00:03
c0055,c0055_スクリーンショット 2026-10-02 233309.png,スクリーンショット 2026-10-02 233309.png,1294x985,2026-10-03 00:03
c0056,c0056_スクリーンショット 2026-10-02 233344.png,スクリーンショット 2026-10-02 233344.png,1294x985,2026-10-03 00:03
m0001,m0001_ct_4spilits.png,ct_4spilits.png,640x480,2026-10-03 00:45
m0002,m0002_ct_adramelek1.png,ct_adramelek1.png,640x480,2026-10-03 00:45
m0003,m0003_ct_alice8th2.png,ct_alice8th2.png,640x480,2026-10-03 00:45
m0004,m0004_ct_anfill1.png,ct_anfill1.png,640x480,2026-10-03 00:45
m0005,m0005_ct_arkjelly1.png,ct_arkjelly1.png,640x480,2026-10-03 00:45
m0006,m0006_ct_arumaeruma2.png,ct_arumaeruma2.png,640x480,2026-10-03 00:45
m0007,m0007_ct_brunhild1.png,ct_brunhild1.png,640x480,2026-10-03 00:45
m0008,m0008_ct_candy1.png,ct_candy1.png,640x480,2026-10-03 00:45
m0009,m0009_ct_carmilla1.png,ct_carmilla1.png,640x480,2026-10-03 00:45
m0010,m0010_ct_carthangels1.png,ct_carthangels1.png,640x480,2026-10-03 00:45
m0011,m0011_ct_cirque6.png,ct_cirque6.png,640x480,2026-10-03 00:45
m0012,m0012_ct_clionera1.png,ct_clionera1.png,640x480,2026-10-03 00:45
m0013,m0013_ct_coatlus1.png,ct_coatlus1.png,640x480,2026-10-03 00:45
m0014,m0014_ct_d_scylla1.png,ct_d_scylla1.png,640x480,2026-10-03 00:45
m0015,m0015_ct_eater1.png,ct_eater1.png,640x480,2026-10-03 00:45
m0016,m0016_ct_elisabeth1.png,ct_elisabeth1.png,640x480,2026-10-03 00:45
m0017,m0017_ct_exsera1.png,ct_exsera1.png,640x480,2026-10-03 00:45
m0018,m0018_ct_furiel1.png,ct_furiel1.png,640x480,2026-10-03 00:45
m0019,m0019_ct_granberia4.png,ct_granberia4.png,640x480,2026-10-03 00:45
m0020,m0020_ct_h_mino1.png,ct_h_mino1.png,640x480,2026-10-03 00:45
m0021,m0021_ct_haknen1.png,ct_haknen1.png,640x480,2026-10-03 00:45
m0022,m0022_ct_hakoiri1.png,ct_hakoiri1.png,640x480,2026-10-03 00:45
m0023,m0023_ct_holmiel1.png,ct_holmiel1.png,640x480,2026-10-03 00:45
m0024,m0024_ct_idea_rukas1.png,ct_idea_rukas1.png,640x480,2026-10-03 00:45
m0025,m0025_ct_ittanmomen1.png,ct_ittanmomen1.png,640x480,2026-10-03 00:45
m0026,m0026_ct_izanami1.png,ct_izanami1.png,640x480,2026-10-03 00:45
m0027,m0027_ct_jeid1.png,ct_jeid1.png,640x480,2026-10-03 00:45
m0028,m0028_ct_kagetumugi1.png,ct_kagetumugi1.png,640x480,2026-10-03 00:45
m0029,m0029_ct_kazuya2.png,ct_kazuya2.png,640x480,2026-10-03 00:45
m0030,m0030_ct_kobura1.png,ct_kobura1.png,640x480,2026-10-03 00:45
m0031,m0031_ct_koron1.png,ct_koron1.png,640x480,2026-10-03 00:45
m0032,m0032_ct_kuno_succubus1.png,ct_kuno_succubus1.png,640x480,2026-10-03 00:45
m0033,m0033_ct_kurage1.png,ct_kurage1.png,640x480,2026-10-03 00:45
m0034,m0034_ct_lazarus2.png,ct_lazarus2.png,640x480,2026-10-03 00:45
m0035,m0035_ct_liot1.png,ct_liot1.png,640x480,2026-10-03 00:45
m0036,m0036_ct_littlebug1.png,ct_littlebug1.png,640x480,2026-10-03 00:45
m0037,m0037_ct_loccubus1.png,ct_loccubus1.png,640x480,2026-10-03 00:45
m0038,m0038_ct_m_mino1.png,ct_m_mino1.png,640x480,2026-10-03 00:45
m0039,m0039_ct_magatuomikami1.png,ct_magatuomikami1.png,640x480,2026-10-03 00:45
m0040,m0040_ct_manta1.png,ct_manta1.png,640x480,2026-10-03 00:45
m0041,m0041_ct_marcellus1.png,ct_marcellus1.png,640x480,2026-10-03 00:45
m0042,m0042_ct_mdg1.png,ct_mdg1.png,640x480,2026-10-03 00:45
m0043,m0043_ct_meda1.png,ct_meda1.png,640x480,2026-10-03 00:45
m0044,m0044_ct_monstruo1.png,ct_monstruo1.png,640x480,2026-10-03 00:45
m0045,m0045_ct_moruboru1.png,ct_moruboru1.png,640x480,2026-10-03 00:45
m0046,m0046_ct_myuska2.png,ct_myuska2.png,640x480,2026-10-03 00:45
m0047,m0047_ct_nanabi1.png,ct_nanabi1.png,640x480,2026-10-03 00:45
m0048,m0048_ct_nuruko1.png,ct_nuruko1.png,640x480,2026-10-03 00:45
m0049,m0049_ct_outerjelly1.png,ct_outerjelly1.png,640x480,2026-10-03 00:45
m0050,m0050_ct_outerworm1.png,ct_outerworm1.png,640x480,2026-10-03 00:45
m0051,m0051_ct_paizuridoll1.png,ct_paizuridoll1.png,640x480,2026-10-03 00:45
m0052,m0052_ct_paizuridoll3_1.png,ct_paizuridoll3_1.png,640x480,2026-10-03 00:45
m0053,m0053_ct_qq1.png,ct_qq1.png,640x480,2026-10-03 00:45
m0054,m0054_ct_queenvampire2.png,ct_queenvampire2.png,640x480,2026-10-03 00:45
m0055,m0055_ct_radio1.png,ct_radio1.png,640x480,2026-10-03 00:45
m0056,m0056_ct_ratael1.png,ct_ratael1.png,640x480,2026-10-03 00:45
m0057,m0057_ct_rucyfina1.png,ct_rucyfina1.png,640x480,2026-10-03 00:45
m0058,m0058_ct_rucyfinac1.png,ct_rucyfinac1.png,640x480,2026-10-03 00:45
m0059,m0059_ct_ruka99.png,ct_ruka99.png,640x480,2026-10-03 00:45
m0060,m0060_ct_sabasa4.png,ct_sabasa4.png,640x480,2026-10-03 00:45
m0061,m0061_ct_saki1.png,ct_saki1.png,640x480,2026-10-03 00:45
m0062,m0062_ct_scylla_s1.png,ct_scylla_s1.png,640x480,2026-10-03 00:45
m0063,m0063_ct_shion1.png,ct_shion1.png,640x480,2026-10-03 00:45
m0064,m0064_ct_shirokuma1.png,ct_shirokuma1.png,640x480,2026-10-03 00:45
m0065,m0065_ct_shrift01.png,ct_shrift01.png,640x480,2026-10-03 00:45
m0066,m0066_ct_singularity1.png,ct_singularity1.png,640x480,2026-10-03 00:45
m0067,m0067_ct_sinifa1.png,ct_sinifa1.png,640x480,2026-10-03 00:45
m0068,m0068_ct_sirousagi1.png,ct_sirousagi1.png,640x480,2026-10-03 00:45
m0069,m0069_ct_slimes1.png,ct_slimes1.png,640x480,2026-10-03 00:45
m0070,m0070_ct_stein1.png,ct_stein1.png,640x480,2026-10-03 00:45
m0071,m0071_ct_succubusj1.png,ct_succubusj1.png,640x480,2026-10-03 00:45
m0072,m0072_ct_syesta1.png,ct_syesta1.png,640x480,2026-10-03 00:45
m0073,m0073_ct_syoukan_g09.png,ct_syoukan_g09.png,640x480,2026-10-03 00:45
m0074,m0074_ct_syoukan_k08.png,ct_syoukan_k08.png,640x480,2026-10-03 00:45
m0075,m0075_ct_syoukan_z09.png,ct_syoukan_z09.png,640x480,2026-10-03 00:45
m0076,m0076_ct_syuree1.png,ct_syuree1.png,640x480,2026-10-03 00:45
m0077,m0077_ct_tamamo2.png,ct_tamamo2.png,640x480,2026-10-03 00:45
m0078,m0078_ct_testarossa1.png,ct_testarossa1.png,640x480,2026-10-03 00:45
m0079,m0079_ct_tonberi1.png,ct_tonberi1.png,640x480,2026-10-03 00:45
m0080,m0080_ct_twinkel1.png,ct_twinkel1.png,640x480,2026-10-03 00:45
m0081,m0081_ct_ustrel1.png,ct_ustrel1.png,640x480,2026-10-03 00:45
m0082,m0082_ct_valt1.png,ct_valt1.png,640x480,2026-10-03 00:45
m0083,m0083_ct_vetala1.png,ct_vetala1.png,640x480,2026-10-03 00:45
m0084,m0084_ct_vinum1.png,ct_vinum1.png,640x480,2026-10-03 00:45
m0085,m0085_ct_voremermaid1.png,ct_voremermaid1.png,640x480,2026-10-03 00:45
m0086,m0086_ct_zigen_boss1.png,ct_zigen_boss1.png,640x480,2026-10-03 00:45
m0087,m0087_ev_abaddon_ha5.png,ev_abaddon_ha5.png,640x480,2026-10-03 00:45
m0088,m0088_ev_adramelek_ha01.png,ev_adramelek_ha01.png,640x480,2026-10-03 00:45
m0089,m0089_ev_adramelek_hb08.png,ev_adramelek_hb08.png,640x480,2026-10-03 00:45
m0090,m0090_ev_agaliarept_ha01.png,ev_agaliarept_ha01.png,640x480,2026-10-03 00:45
m0091,m0091_ev_agrave_ha1.png,ev_agrave_ha1.png,640x480,2026-10-03 00:45
m0092,m0092_ev_agrave_he1.png,ev_agrave_he1.png,640x480,2026-10-03 00:45
m0093,m0093_ev_akaname_h1.png,ev_akaname_h1.png,640x480,2026-10-03 00:45
m0094,m0094_ev_alakneload_ha1.png,ev_alakneload_ha1.png,640x480,2026-10-03 00:45
m0095,m0095_ev_alakneload_hb1.png,ev_alakneload_hb1.png,640x480,2026-10-03 00:45
m0096,m0096_ev_alakneload_hc1.png,ev_alakneload_hc1.png,640x480,2026-10-03 00:45
m0097,m0097_ev_alice0_hd01.png,ev_alice0_hd01.png,640x480,2026-10-03 00:45
m0098,m0098_ev_alice6th_h01.png,ev_alice6th_h01.png,640x480,2026-10-03 00:45
m0099,m0099_ev_alice8th3_h1.png,ev_alice8th3_h1.png,640x480,2026-10-03 00:45
m0100,m0100_ev_alice8th4_h1.png,ev_alice8th4_h1.png,640x480,2026-10-03 00:45
m0101,m0101_ev_alice8th4_st21.png,ev_alice8th4_st21.png,640x480,2026-10-03 00:45
m0102,m0102_ev_alice8th_ha1.png,ev_alice8th_ha1.png,640x480,2026-10-03 00:45
m0103,m0103_ev_alice10th_h01.png,ev_alice10th_h01.png,640x480,2026-10-03 00:45
m0104,m0104_ev_alice11th12th_h01.png,ev_alice11th12th_h01.png,640x480,2026-10-03 00:45
m0105,m0105_ev_alice13th_h23.png,ev_alice13th_h23.png,640x480,2026-10-03 00:45
m0106,m0106_ev_alice15th_ha01.png,ev_alice15th_ha01.png,640x480,2026-10-03 00:45
m0107,m0107_ev_alice15th_hc0.png,ev_alice15th_hc0.png,640x480,2026-10-03 00:45
m0108,m0108_ev_alice15th_hd17.png,ev_alice15th_hd17.png,640x480,2026-10-03 00:45
m0109,m0109_ev_alice_H12_1.png,ev_alice_H12_1.png,640x480,2026-10-03 00:45
m0110,m0110_ev_alice_H13_1.png,ev_alice_H13_1.png,640x480,2026-10-03 00:45
m0111,m0111_ev_amnario_ha01.png,ev_amnario_ha01.png,640x480,2026-10-03 00:45
m0112,m0112_ev_ancientscylla_hb01.png,ev_ancientscylla_hb01.png,640x480,2026-10-03 00:45
m0113,m0113_ev_anfill_ha01.png,ev_anfill_ha01.png,640x480,2026-10-03 00:45
m0114,m0114_ev_angels_h01.png,ev_angels_h01.png,640x480,2026-10-03 00:45
m0115,m0115_ev_aradia_ha1.png,ev_aradia_ha1.png,640x480,2026-10-03 00:45
m0116,m0116_ev_aradia_hc1.png,ev_aradia_hc1.png,640x480,2026-10-03 00:45
m0117,m0117_ev_aradia_he1.png,ev_aradia_he1.png,640x480,2026-10-03 00:45
m0118,m0118_ev_arizigoku_h1.png,ev_arizigoku_h1.png,640x480,2026-10-03 00:45
m0119,m0119_ev_arkjelly_h1.png,ev_arkjelly_h1.png,640x480,2026-10-03 00:45
m0120,m0120_ev_artm_ha1.png,ev_artm_ha1.png,640x480,2026-10-03 00:45
m0121,m0121_ev_asmodeus_ha1.png,ev_asmodeus_ha1.png,640x480,2026-10-03 00:45
m0122,m0122_ev_assassinloid_ha01.png,ev_assassinloid_ha01.png,640x480,2026-10-03 00:45
m0123,m0123_ev_assassinloid_hb01.png,ev_assassinloid_hb01.png,640x480,2026-10-03 00:45
m0124,m0124_ev_assassinloid_st31.png,ev_assassinloid_st31.png,640x480,2026-10-03 00:45
m0125,m0125_ev_aun_ha01.png,ev_aun_ha01.png,640x480,2026-10-03 00:45
m0126,m0126_ev_aun_hb01.png,ev_aun_hb01.png,640x480,2026-10-03 00:45
m0127,m0127_ev_azazel_ha1.png,ev_azazel_ha1.png,640x480,2026-10-03 00:45
m0128,m0128_ev_azazel_hb1.png,ev_azazel_hb1.png,640x480,2026-10-03 00:45
m0129,m0129_ev_beelzebub_hb1.png,ev_beelzebub_hb1.png,640x480,2026-10-03 00:45
m0130,m0130_ev_beelzebub_hc1.png,ev_beelzebub_hc1.png,640x480,2026-10-03 00:45
m0131,m0131_ev_beelzebub_hd2.png,ev_beelzebub_hd2.png,640x480,2026-10-03 00:45
m0132,m0132_ev_berial_ha01.png,ev_berial_ha01.png,640x480,2026-10-03 00:45
m0133,m0133_ev_bgolem_h3.png,ev_bgolem_h3.png,640x480,2026-10-03 00:45
m0134,m0134_ev_bloddydragon_h01.png,ev_bloddydragon_h01.png,640x480,2026-10-03 00:45
m0135,m0135_ev_braunys_h01.png,ev_braunys_h01.png,640x480,2026-10-03 00:45
m0136,m0136_ev_brunhild_ha01.png,ev_brunhild_ha01.png,640x480,2026-10-03 00:45
m0137,m0137_ev_brunhild_iv1.png,ev_brunhild_iv1.png,640x990,2026-10-03 00:45
m0138,m0138_ev_c_bug_hb01.png,ev_c_bug_hb01.png,640x480,2026-10-03 00:45
m0139,m0139_ev_c_chariot_h1.png,ev_c_chariot_h1.png,640x480,2026-10-03 00:45
m0140,m0140_ev_c_prison_h1.png,ev_c_prison_h1.png,640x480,2026-10-03 00:45
m0141,m0141_ev_c_s2_ha1.png,ev_c_s2_ha1.png,640x480,2026-10-03 00:45
m0142,m0142_ev_c_slag_h01.png,ev_c_slag_h01.png,640x480,2026-10-03 00:45
m0143,m0143_ev_carthangels_hb1.png,ev_carthangels_hb1.png,640x480,2026-10-03 00:45
m0144,m0144_ev_cassandra_hb1.png,ev_cassandra_hb1.png,640x480,2026-10-03 00:45
m0145,m0145_ev_cassandra_hc1.png,ev_cassandra_hc1.png,640x480,2026-10-03 00:45
m0146,m0146_ev_cassandra_hg1.png,ev_cassandra_hg1.png,640x480,2026-10-03 00:45
m0147,m0147_ev_cassandra_hh1.png,ev_cassandra_hh1.png,640x480,2026-10-03 00:45
m0148,m0148_ev_chaos_hc01.png,ev_chaos_hc01.png,640x480,2026-10-03 00:45
m0149,m0149_ev_chrom_ha1.png,ev_chrom_ha1.png,640x480,2026-10-03 00:45
m0150,m0150_ev_chrom_hb1.png,ev_chrom_hb1.png,640x480,2026-10-03 00:45
m0151,m0151_ev_chrom_hc01.png,ev_chrom_hc01.png,640x480,2026-10-03 00:45
m0152,m0152_ev_chrom_he01.png,ev_chrom_he01.png,640x480,2026-10-03 00:45
m0153,m0153_ev_chrom_hf1.png,ev_chrom_hf1.png,640x480,2026-10-03 00:45
m0154,m0154_ev_chromg_ha1.png,ev_chromg_ha1.png,640x480,2026-10-03 00:45
m0155,m0155_ev_cirque_h01.png,ev_cirque_h01.png,640x480,2026-10-03 00:45
m0156,m0156_ev_cirque_hh01.png,ev_cirque_hh01.png,640x480,2026-10-03 00:45
m0157,m0157_ev_coatlus_hb1.png,ev_coatlus_hb1.png,640x480,2026-10-03 00:45
m0158,m0158_ev_cockroacha_ha01.png,ev_cockroacha_ha01.png,640x480,2026-10-03 00:45
m0159,m0159_ev_cockroachb_ha01.png,ev_cockroachb_ha01.png,640x480,2026-10-03 00:45
m0160,m0160_ev_cockroachb_hb01.png,ev_cockroachb_hb01.png,640x480,2026-10-03 00:45
m0161,m0161_ev_cthulhu_hc01.png,ev_cthulhu_hc01.png,640x480,2026-10-03 00:45
m0162,m0162_ev_curseloreley_hb01.png,ev_curseloreley_hb01.png,640x480,2026-10-03 00:45
m0163,m0163_ev_curseloreley_hd01.png,ev_curseloreley_hd01.png,640x480,2026-10-03 00:45
m0164,m0164_ev_d_fighter_ha01.png,ev_d_fighter_ha01.png,640x480,2026-10-03 00:45
m0165,m0165_ev_d_fighter_hb1.png,ev_d_fighter_hb1.png,640x480,2026-10-03 00:45
m0166,m0166_ev_d_scylla_ha01.png,ev_d_scylla_ha01.png,640x480,2026-10-03 00:45
m0167,m0167_ev_dakki_h1.png,ev_dakki_h1.png,640x480,2026-10-03 00:45
m0168,m0168_ev_doll_ha1.png,ev_doll_ha1.png,640x480,2026-10-03 00:45
m0169,m0169_ev_doll_itai_hb01.png,ev_doll_itai_hb01.png,640x480,2026-10-03 00:45
m0170,m0170_ev_dolladolla_hb01.png,ev_dolladolla_hb01.png,640x480,2026-10-03 00:45
m0171,m0171_ev_dondaria_ct01.png,ev_dondaria_ct01.png,400x300,2026-10-03 00:45
m0172,m0172_ev_dondaria_h1.png,ev_dondaria_h1.png,400x300,2026-10-03 00:45
m0173,m0173_ev_dragon_h1.png,ev_dragon_h1.png,640x480,2026-10-03 00:45
m0174,m0174_ev_dragonzonbe_hb1.png,ev_dragonzonbe_hb1.png,640x480,2026-10-03 00:45
m0175,m0175_ev_drainloid_ha01.png,ev_drainloid_ha01.png,640x480,2026-10-03 00:45
m0176,m0176_ev_drainloid_hb01.png,ev_drainloid_hb01.png,640x480,2026-10-03 00:45
m0177,m0177_ev_e_scyulla_ha1.png,ev_e_scyulla_ha1.png,640x480,2026-10-03 00:45
m0178,m0178_ev_e_scyulla_hb1.png,ev_e_scyulla_hb1.png,640x480,2026-10-03 00:45
m0179,m0179_ev_eater_h01.png,ev_eater_h01.png,640x480,2026-10-03 00:45
m0180,m0180_ev_eden_hb1.png,ev_eden_hb1.png,640x480,2026-10-03 00:45
m0181,m0181_ev_eden_hf1.png,ev_eden_hf1.png,640x480,2026-10-03 00:45
m0182,m0182_ev_eden_hg1.png,ev_eden_hg1.png,640x480,2026-10-03 00:45
m0183,m0183_ev_eden_hi1.png,ev_eden_hi1.png,640x480,2026-10-03 00:45
m0184,m0184_ev_eden_iv1.png,ev_eden_iv1.png,640x480,2026-10-03 00:45
m0185,m0185_ev_elfhime_ha1.png,ev_elfhime_ha1.png,640x480,2026-10-03 00:45
m0186,m0186_ev_elfhime_hc1.png,ev_elfhime_hc1.png,640x480,2026-10-03 00:45
m0187,m0187_ev_endiel_h1.png,ev_endiel_h1.png,640x480,2026-10-03 00:45
m0188,m0188_ev_erbetie_he4.png,ev_erbetie_he4.png,640x480,2026-10-03 00:45
m0189,m0189_ev_evilprant_h1.png,ev_evilprant_h1.png,640x480,2026-10-03 00:45
m0190,m0190_ev_exkyubi_ha1.png,ev_exkyubi_ha1.png,640x480,2026-10-03 00:45
m0191,m0191_ev_exsera_hb05.png,ev_exsera_hb05.png,640x480,2026-10-03 00:45
m0192,m0192_ev_f_alraune_h01.png,ev_f_alraune_h01.png,640x480,2026-10-03 00:45
m0193,m0193_ev_fairys_h1.png,ev_fairys_h1.png,640x480,2026-10-03 00:45
m0194,m0194_ev_frederika_h1.png,ev_frederika_h1.png,640x480,2026-10-03 00:45
m0195,m0195_ev_furiel_h01.png,ev_furiel_h01.png,640x480,2026-10-03 00:45
m0196,m0196_ev_g_mermaid_ha1.png,ev_g_mermaid_ha1.png,640x480,2026-10-03 00:45
m0197,m0197_ev_g_mermaid_hb1.png,ev_g_mermaid_hb1.png,640x480,2026-10-03 00:45
m0198,m0198_ev_gaburiera_ha01.png,ev_gaburiera_ha01.png,640x480,2026-10-03 00:45
m0199,m0199_ev_gaistvine_hb1.png,ev_gaistvine_hb1.png,640x480,2026-10-03 00:45
m0200,m0200_ev_gazer_h1.png,ev_gazer_h1.png,640x480,2026-10-03 00:45
m0201,m0201_ev_gigantweapon_h1.png,ev_gigantweapon_h1.png,640x480,2026-10-03 00:45
m0202,m0202_ev_gigaslime_h1.png,ev_gigaslime_h1.png,640x480,2026-10-03 00:45
m0203,m0203_ev_gnosis_ha01.png,ev_gnosis_ha01.png,640x480,2026-10-03 00:45
m0204,m0204_ev_gnosis_iv1.png,ev_gnosis_iv1.png,640x480,2026-10-03 00:45
m0205,m0205_ev_granabass_ha1.png,ev_granabass_ha1.png,640x480,2026-10-03 00:45
m0206,m0206_ev_granabass_hb1.png,ev_granabass_hb1.png,640x480,2026-10-03 00:45
m0207,m0207_ev_granberia_hg3.png,ev_granberia_hg3.png,640x480,2026-10-03 00:45
m0208,m0208_ev_granberia_hh1.png,ev_granberia_hh1.png,640x480,2026-10-03 00:45
m0209,m0209_ev_grandnoa_h1.png,ev_grandnoa_h1.png,640x480,2026-10-03 00:45
m0210,m0210_ev_grigori_hd1.png,ev_grigori_hd1.png,640x480,2026-10-03 00:45
m0211,m0211_ev_h_kamakiri_ha1.png,ev_h_kamakiri_ha1.png,640x480,2026-10-03 00:45
m0212,m0212_ev_hakoiri_ha01.png,ev_hakoiri_ha01.png,640x480,2026-10-03 00:45
m0213,m0213_ev_hargenbeck_hb01.png,ev_hargenbeck_hb01.png,640x480,2026-10-03 00:45
m0214,m0214_ev_hargenbeck_hc01.png,ev_hargenbeck_hc01.png,640x480,2026-10-03 00:45
m0215,m0215_ev_hasyakusama_ha01.png,ev_hasyakusama_ha01.png,640x480,2026-10-03 00:45
m0216,m0216_ev_hatibi_ha1.png,ev_hatibi_ha1.png,640x480,2026-10-03 00:45
m0217,m0217_ev_heavensgate_h1.png,ev_heavensgate_h1.png,640x480,2026-10-03 00:45
m0218,m0218_ev_hekatonkheir_h01.png,ev_hekatonkheir_h01.png,640x480,2026-10-03 00:45
m0219,m0219_ev_heriel_ha1.png,ev_heriel_ha1.png,640x480,2026-10-03 00:45
m0220,m0220_ev_heriel_hc1.png,ev_heriel_hc1.png,640x480,2026-10-03 00:45
m0221,m0221_ev_hero5_h1.png,ev_hero5_h1.png,640x480,2026-10-03 00:45
m0222,m0222_ev_hero6_h1.png,ev_hero6_h1.png,640x480,2026-10-03 00:45
m0223,m0223_ev_highslag_hb01.png,ev_highslag_hb01.png,640x480,2026-10-03 00:45
m0224,m0224_ev_highslag_hc01.png,ev_highslag_hc01.png,640x480,2026-10-03 00:45
m0225,m0225_ev_hitode_ha1.png,ev_hitode_ha1.png,640x480,2026-10-03 00:45
m0226,m0226_ev_hivemind_ha1.png,ev_hivemind_ha1.png,640x480,2026-10-03 00:45
m0227,m0227_ev_hivemind_hb1.png,ev_hivemind_hb1.png,640x480,2026-10-03 00:45
m0228,m0228_ev_hosikui_h1.png,ev_hosikui_h1.png,640x480,2026-10-03 00:45
m0229,m0229_ev_houshi_ha01.png,ev_houshi_ha01.png,640x480,2026-10-03 00:45
m0230,m0230_ev_ikkaku_hc3.png,ev_ikkaku_hc3.png,640x480,2026-10-03 00:45
m0231,m0231_ev_indora_hb1.png,ev_indora_hb1.png,640x480,2026-10-03 00:45
m0232,m0232_ev_inuel_h1.png,ev_inuel_h1.png,640x480,2026-10-03 00:45
m0233,m0233_ev_iriasu2_ha1.png,ev_iriasu2_ha1.png,640x480,2026-10-03 00:45
m0234,m0234_ev_iriasu_hb1.png,ev_iriasu_hb1.png,640x480,2026-10-03 00:45
m0235,m0235_ev_iriasu_iv01.png,ev_iriasu_iv01.png,640x480,2026-10-03 00:45
m0236,m0236_ev_ironmaiden_h1.png,ev_ironmaiden_h1.png,640x480,2026-10-03 00:45
m0237,m0237_ev_ironmaiden_k_h1.png,ev_ironmaiden_k_h1.png,640x480,2026-10-03 00:45
m0238,m0238_ev_ironmaiden_s_h1.png,ev_ironmaiden_s_h1.png,640x480,2026-10-03 00:45
m0239,m0239_ev_jeid_h01.png,ev_jeid_h01.png,640x480,2026-10-03 00:45
m0240,m0240_ev_jeid_hb01.png,ev_jeid_hb01.png,640x480,2026-10-03 00:45
m0241,m0241_ev_junkdoll_ha01.png,ev_junkdoll_ha01.png,640x480,2026-10-03 00:45
m0242,m0242_ev_junkdoll_hb1.png,ev_junkdoll_hb1.png,640x480,2026-10-03 00:45
m0243,m0243_ev_junkdoll_hd1.png,ev_junkdoll_hd1.png,640x480,2026-10-03 00:45
m0244,m0244_ev_justice_ct01.png,ev_justice_ct01.png,400x300,2026-10-03 00:45
m0245,m0245_ev_kaeru_ha1.png,ev_kaeru_ha1.png,640x480,2026-10-03 00:45
m0246,m0246_ev_kaeru_hb0.png,ev_kaeru_hb0.png,640x480,2026-10-03 00:45
m0247,m0247_ev_kagetumugi_hg1.png,ev_kagetumugi_hg1.png,640x480,2026-10-03 00:45
m0248,m0248_ev_kanade_ha01.png,ev_kanade_ha01.png,640x480,2026-10-03 00:45
m0249,m0249_ev_kanade_hc1.png,ev_kanade_hc1.png,640x480,2026-10-03 00:45
m0250,m0250_ev_kanade_hz01.png,ev_kanade_hz01.png,640x480,2026-10-03 00:45
m0251,m0251_ev_kanon_hc1.png,ev_kanon_hc1.png,640x480,2026-10-03 00:45
m0252,m0252_ev_kizin2_h2.png,ev_kizin2_h2.png,640x480,2026-10-03 00:45
m0253,m0253_ev_knightloid_hb01.png,ev_knightloid_hb01.png,640x480,2026-10-03 00:45
m0254,m0254_ev_kobura_hc1.png,ev_kobura_hc1.png,640x480,2026-10-03 00:45
m0255,m0255_ev_kraken_h4.png,ev_kraken_h4.png,640x480,2026-10-03 00:45
m0256,m0256_ev_kudan_h1.png,ev_kudan_h1.png,640x480,2026-10-03 00:45
m0257,m0257_ev_kumo_ha1.png,ev_kumo_ha1.png,640x480,2026-10-03 00:45
m0258,m0258_ev_kumo_hb1.png,ev_kumo_hb1.png,640x480,2026-10-03 00:45
m0259,m0259_ev_kumo_hc1.png,ev_kumo_hc1.png,640x480,2026-10-03 00:45
m0260,m0260_ev_kuno_scylla_ha1.png,ev_kuno_scylla_ha1.png,640x480,2026-10-03 00:45
m0261,m0261_ev_kunoitielf2_hb01.png,ev_kunoitielf2_hb01.png,640x480,2026-10-03 00:45
m0262,m0262_ev_lamia_ha1.png,ev_lamia_ha1.png,640x480,2026-10-03 00:45
m0263,m0263_ev_lamianloid_ha01.png,ev_lamianloid_ha01.png,640x480,2026-10-03 00:45
m0264,m0264_ev_lamianloid_hb01.png,ev_lamianloid_hb01.png,640x480,2026-10-03 00:45
m0265,m0265_ev_lamias_ha1.png,ev_lamias_ha1.png,640x480,2026-10-03 00:45
m0266,m0266_ev_lamias_hb1.png,ev_lamias_hb1.png,640x480,2026-10-03 00:45
m0267,m0267_ev_lamias_hc1.png,ev_lamias_hc1.png,640x480,2026-10-03 00:45
m0268,m0268_ev_lamias_hd1.png,ev_lamias_hd1.png,640x480,2026-10-03 00:45
m0269,m0269_ev_lamp_h3.png,ev_lamp_h3.png,640x480,2026-10-03 00:45
m0270,m0270_ev_lanpass_h1.png,ev_lanpass_h1.png,640x480,2026-10-03 00:45
m0271,m0271_ev_laplace_ha01.png,ev_laplace_ha01.png,640x480,2026-10-03 00:45
m0272,m0272_ev_laplace_hb01.png,ev_laplace_hb01.png,640x480,2026-10-03 00:45
m0273,m0273_ev_lazarus_iv1.png,ev_lazarus_iv1.png,640x480,2026-10-03 00:45
m0274,m0274_ev_lily_hb1.png,ev_lily_hb1.png,640x480,2026-10-03 00:45
m0275,m0275_ev_liot_ha01.png,ev_liot_ha01.png,640x480,2026-10-03 00:45
m0276,m0276_ev_liot_hb01.png,ev_liot_hb01.png,640x480,2026-10-03 00:45
m0277,m0277_ev_littlebug_ha01.png,ev_littlebug_ha01.png,640x480,2026-10-03 00:45
m0278,m0278_ev_littlebug_hb01.png,ev_littlebug_hb01.png,640x480,2026-10-03 00:45
m0279,m0279_ev_lusia_ha1.png,ev_lusia_ha1.png,640x480,2026-10-03 00:45
m0280,m0280_ev_m_mino_ha01.png,ev_m_mino_ha01.png,640x480,2026-10-03 00:45
m0281,m0281_ev_m_mino_hb01.png,ev_m_mino_hb01.png,640x480,2026-10-03 00:45
m0282,m0282_ev_madamumbrella_h05.png,ev_madamumbrella_h05.png,640x480,2026-10-03 00:45
m0283,m0283_ev_magatu_hb1.png,ev_magatu_hb1.png,640x480,2026-10-03 00:45
m0284,m0284_ev_magda_ha2.png,ev_magda_ha2.png,640x480,2026-10-03 00:45
m0285,m0285_ev_magda_hb1.png,ev_magda_hb1.png,640x480,2026-10-03 00:45
m0286,m0286_ev_magicpot_h1.png,ev_magicpot_h1.png,640x480,2026-10-03 00:45
m0287,m0287_ev_maikonido_hb1.png,ev_maikonido_hb1.png,640x480,2026-10-03 00:45
m0288,m0288_ev_manta_h1.png,ev_manta_h1.png,640x480,2026-10-03 00:45
m0289,m0289_ev_manta_hb1.png,ev_manta_hb1.png,640x480,2026-10-03 00:45
m0290,m0290_ev_marcellus_iv1.png,ev_marcellus_iv1.png,640x480,2026-10-03 00:45
m0291,m0291_ev_masutema_hb01.png,ev_masutema_hb01.png,640x480,2026-10-03 00:45
m0292,m0292_ev_matango_h01.png,ev_matango_h01.png,640x480,2026-10-03 00:45
m0293,m0293_ev_mazin_h4a.png,ev_mazin_h4a.png,640x480,2026-10-03 00:45
m0294,m0294_ev_mdg_h1.png,ev_mdg_h1.png,640x480,2026-10-03 00:45
m0295,m0295_ev_megidryad_hb1.png,ev_megidryad_hb1.png,640x480,2026-10-03 00:45
m0296,m0296_ev_metatorone_h01.png,ev_metatorone_h01.png,640x480,2026-10-03 00:45
m0297,m0297_ev_micaela_hc1.png,ev_micaela_hc1.png,640x480,2026-10-03 00:45
m0298,m0298_ev_micaelac_hc1.png,ev_micaelac_hc1.png,640x480,2026-10-03 00:45
m0299,m0299_ev_mikoarachne_ha1.png,ev_mikoarachne_ha1.png,640x480,2026-10-03 00:45
m0300,m0300_ev_mikolamia_hc1.png,ev_mikolamia_hc1.png,640x480,2026-10-03 00:45
m0301,m0301_ev_mimizu_h1.png,ev_mimizu_h1.png,640x480,2026-10-03 00:45
m0302,m0302_ev_minagi_ha01.png,ev_minagi_ha01.png,640x480,2026-10-03 00:45
m0303,m0303_ev_minagi_hd1.png,ev_minagi_hd1.png,640x480,2026-10-03 00:45
m0304,m0304_ev_minccubus_hb01.png,ev_minccubus_hb01.png,640x480,2026-10-03 00:45
m0305,m0305_ev_mob_assasin1_ct01.png,ev_mob_assasin1_ct01.png,400x300,2026-10-03 00:45
m0306,m0306_ev_mob_bukiya1_ct11.png,ev_mob_bukiya1_ct11.png,400x300,2026-10-03 00:45
m0307,m0307_ev_mob_bunny1_ct01.png,ev_mob_bunny1_ct01.png,400x300,2026-10-03 00:45
m0308,m0308_ev_mob_bunny1_h1.png,ev_mob_bunny1_h1.png,400x300,2026-10-03 00:45
m0309,m0309_ev_mob_douguya_ct01.png,ev_mob_douguya_ct01.png,400x300,2026-10-03 00:45
m0310,m0310_ev_mob_elf1_ct01.png,ev_mob_elf1_ct01.png,400x300,2026-10-03 00:45
m0311,m0311_ev_mob_elf1_h1.png,ev_mob_elf1_h1.png,640x480,2026-10-03 00:45
m0312,m0312_ev_mob_elf2_ct01.png,ev_mob_elf2_ct01.png,400x300,2026-10-03 00:45
m0313,m0313_ev_mob_elf3_ct01.png,ev_mob_elf3_ct01.png,400x300,2026-10-03 00:45
m0314,m0314_ev_mob_gakusya1_ct01.png,ev_mob_gakusya1_ct01.png,400x300,2026-10-03 00:45
m0315,m0315_ev_mob_gakusya2_ct01.png,ev_mob_gakusya2_ct01.png,400x300,2026-10-03 00:45
m0316,m0316_ev_mob_heisi_ct01.png,ev_mob_heisi_ct01.png,400x300,2026-10-03 00:45
m0317,m0317_ev_mob_hime_ct01.png,ev_mob_hime_ct01.png,400x300,2026-10-03 00:45
m0318,m0318_ev_mob_kaihei_ct01.png,ev_mob_kaihei_ct01.png,400x300,2026-10-03 00:45
m0319,m0319_ev_mob_kaizoku1_ct01.png,ev_mob_kaizoku1_ct01.png,400x300,2026-10-03 00:45
m0320,m0320_ev_mob_kaizoku2_ct01.png,ev_mob_kaizoku2_ct01.png,400x300,2026-10-03 00:45
m0321,m0321_ev_mob_kaizoku2_ha1.png,ev_mob_kaizoku2_ha1.png,400x480,2026-10-03 00:45
m0322,m0322_ev_mob_kaizoku3_ct01.png,ev_mob_kaizoku3_ct01.png,400x300,2026-10-03 00:45
m0323,m0323_ev_mob_kakutou_ct01.png,ev_mob_kakutou_ct01.png,400x300,2026-10-03 00:45
m0324,m0324_ev_mob_kensi_ct01.png,ev_mob_kensi_ct01.png,400x300,2026-10-03 00:45
m0325,m0325_ev_mob_kisi_ct01.png,ev_mob_kisi_ct01.png,400x300,2026-10-03 00:45
m0326,m0326_ev_mob_maid2_ct01.png,ev_mob_maid2_ct01.png,400x300,2026-10-03 00:45
m0327,m0327_ev_mob_maid2_h1.png,ev_mob_maid2_h1.png,640x480,2026-10-03 00:45
m0328,m0328_ev_mob_maid3_ct01.png,ev_mob_maid3_ct01.png,400x300,2026-10-03 00:45
m0329,m0329_ev_mob_maid4_ct01.png,ev_mob_maid4_ct01.png,400x300,2026-10-03 00:45
m0330,m0330_ev_mob_maid_ct01.png,ev_mob_maid_ct01.png,400x300,2026-10-03 00:45
m0331,m0331_ev_mob_maid_h1.png,ev_mob_maid_h1.png,400x300,2026-10-03 00:45
m0332,m0332_ev_mob_majyo1_ct01.png,ev_mob_majyo1_ct01.png,400x300,2026-10-03 00:45
m0333,m0333_ev_mob_majyo1_h1.png,ev_mob_majyo1_h1.png,640x480,2026-10-03 00:45
m0334,m0334_ev_mob_miko2_ct01.png,ev_mob_miko2_ct01.png,400x300,2026-10-03 00:45
m0335,m0335_ev_mob_miko2_h1.png,ev_mob_miko2_h1.png,640x480,2026-10-03 00:45
m0336,m0336_ev_mob_murabito1_ct01.png,ev_mob_murabito1_ct01.png,400x300,2026-10-03 00:45
m0337,m0337_ev_mob_murabito2_ct01.png,ev_mob_murabito2_ct01.png,400x300,2026-10-03 00:45
m0338,m0338_ev_mob_murabito4_ct01.png,ev_mob_murabito4_ct01.png,400x300,2026-10-03 00:45
m0339,m0339_ev_mob_murabito5_ct01.png,ev_mob_murabito5_ct01.png,400x300,2026-10-03 00:45
m0340,m0340_ev_mob_nasu1_ct01.png,ev_mob_nasu1_ct01.png,400x300,2026-10-03 00:45
m0341,m0341_ev_mob_ninzya2_ct01.png,ev_mob_ninzya2_ct01.png,400x300,2026-10-03 00:45
m0342,m0342_ev_mob_ninzya3_ct01.png,ev_mob_ninzya3_ct01.png,400x300,2026-10-03 00:45
m0343,m0343_ev_mob_odoriko1_ct01.png,ev_mob_odoriko1_ct01.png,400x300,2026-10-03 00:45
m0344,m0344_ev_mob_ozyou_ct01.png,ev_mob_ozyou_ct01.png,400x300,2026-10-03 00:45
m0345,m0345_ev_mob_rakunou_ct01.png,ev_mob_rakunou_ct01.png,400x300,2026-10-03 00:45
m0346,m0346_ev_mob_samurai_ct01.png,ev_mob_samurai_ct01.png,400x300,2026-10-03 00:45
m0347,m0347_ev_mob_samurai_h1.png,ev_mob_samurai_h1.png,640x480,2026-10-03 00:45
m0348,m0348_ev_mob_sanzoku_ct01.png,ev_mob_sanzoku_ct01.png,400x300,2026-10-03 00:45
m0349,m0349_ev_mob_sensi1_ct01.png,ev_mob_sensi1_ct01.png,400x300,2026-10-03 00:45
m0350,m0350_ev_mob_sister1_ct01.png,ev_mob_sister1_ct01.png,400x300,2026-10-03 00:45
m0351,m0351_ev_mob_sister1_h01.png,ev_mob_sister1_h01.png,400x300,2026-10-03 00:45
m0352,m0352_ev_mob_syohu_ct01.png,ev_mob_syohu_ct01.png,400x300,2026-10-03 00:45
m0353,m0353_ev_mob_touzoku_ct11.png,ev_mob_touzoku_ct11.png,400x300,2026-10-03 00:45
m0354,m0354_ev_mob_uranai1_ct01.png,ev_mob_uranai1_ct01.png,400x300,2026-10-03 00:45
m0355,m0355_ev_mob_wahu1_ct01.png,ev_mob_wahu1_ct01.png,400x300,2026-10-03 00:45
m0356,m0356_ev_mob_wahu2_ct01.png,ev_mob_wahu2_ct01.png,400x300,2026-10-03 00:45
m0357,m0357_ev_mob_youzyo_ct01.png,ev_mob_youzyo_ct01.png,400x300,2026-10-03 00:45
m0358,m0358_ev_monstruo_hb1.png,ev_monstruo_hb1.png,640x480,2026-10-03 00:45
m0359,m0359_ev_moruboru_h1.png,ev_moruboru_h1.png,640x480,2026-10-03 00:45
m0360,m0360_ev_muzet_h1.png,ev_muzet_h1.png,640x480,2026-10-03 00:45
m0361,m0361_ev_muzukiel_hb1.png,ev_muzukiel_hb1.png,640x480,2026-10-03 00:45
m0362,m0362_ev_myuska_ha01.png,ev_myuska_ha01.png,640x480,2026-10-03 00:45
m0363,m0363_ev_myuska_hc01.png,ev_myuska_hc01.png,640x480,2026-10-03 00:45
m0364,m0364_ev_name2_ha01.png,ev_name2_ha01.png,640x480,2026-10-03 00:45
m0365,m0365_ev_name2_hb01.png,ev_name2_hb01.png,640x480,2026-10-03 00:45
m0366,m0366_ev_name_h01.png,ev_name_h01.png,640x480,2026-10-03 00:45
m0367,m0367_ev_nanabi_hb1.png,ev_nanabi_hb1.png,640x480,2026-10-03 00:45
m0368,m0368_ev_nanccubus_h1.png,ev_nanccubus_h1.png,640x480,2026-10-03 00:45
m0369,m0369_ev_nekogami_hc2.png,ev_nekogami_hc2.png,640x480,2026-10-03 00:45
m0370,m0370_ev_nemea_hb01.png,ev_nemea_hb01.png,640x480,2026-10-03 00:45
m0371,m0371_ev_nependeath_ha1.png,ev_nependeath_ha1.png,640x480,2026-10-03 00:45
m0372,m0372_ev_neptune_h1.png,ev_neptune_h1.png,640x480,2026-10-03 00:45
m0373,m0373_ev_nihuta_telos_h1.png,ev_nihuta_telos_h1.png,640x480,2026-10-03 00:45
m0374,m0374_ev_niprell_h01.png,ev_niprell_h01.png,640x480,2026-10-03 00:45
m0375,m0375_ev_nobisutam_hb1.png,ev_nobisutam_hb1.png,640x480,2026-10-03 00:45
m0376,m0376_ev_null_kenzoku_h1.png,ev_null_kenzoku_h1.png,640x480,2026-10-03 00:45
m0377,m0377_ev_nurukox_ha1.png,ev_nurukox_ha1.png,640x480,2026-10-03 00:45
m0378,m0378_ev_nurukox_hb1.png,ev_nurukox_hb1.png,640x480,2026-10-03 00:45
m0379,m0379_ev_nyumaou_hc2.png,ev_nyumaou_hc2.png,640x480,2026-10-03 00:45
m0380,m0380_ev_oiranrokubi_ha1.png,ev_oiranrokubi_ha1.png,640x480,2026-10-03 00:45
m0381,m0381_ev_onmyougobi_h1.png,ev_onmyougobi_h1.png,640x480,2026-10-03 00:45
m0382,m0382_ev_outerjelly_hc1.png,ev_outerjelly_hc1.png,640x480,2026-10-03 00:45
m0383,m0383_ev_paizuridoll3_h1.png,ev_paizuridoll3_h1.png,640x480,2026-10-03 00:45
m0384,m0384_ev_pandora_h1.png,ev_pandora_h1.png,640x480,2026-10-03 00:45
m0385,m0385_ev_pazuzu_hb01.png,ev_pazuzu_hb01.png,640x480,2026-10-03 00:45
m0386,m0386_ev_pazuzu_hc01.png,ev_pazuzu_hc01.png,640x480,2026-10-03 00:45
m0387,m0387_ev_persephone_h01.png,ev_persephone_h01.png,640x480,2026-10-03 00:45
m0388,m0388_ev_phoenix_ha1.png,ev_phoenix_ha1.png,640x480,2026-10-03 00:45
m0389,m0389_ev_poseidones_hb1.png,ev_poseidones_hb1.png,640x480,2026-10-03 00:45
m0390,m0390_ev_QQ_h1.png,ev_QQ_h1.png,640x480,2026-10-03 00:45
m0391,m0391_ev_queenalraune_h1.png,ev_queenalraune_h1.png,640x480,2026-10-03 00:45
m0392,m0392_ev_queenhapy_hb1.png,ev_queenhapy_hb1.png,640x480,2026-10-03 00:45
m0393,m0393_ev_queenmoss_ha1.png,ev_queenmoss_ha1.png,640x480,2026-10-03 00:45
m0394,m0394_ev_queenmoss_hc1.png,ev_queenmoss_hc1.png,640x480,2026-10-03 00:45
m0395,m0395_ev_queenroach_h01.png,ev_queenroach_h01.png,640x480,2026-10-03 00:45
m0396,m0396_ev_queenvanpire_hb1.png,ev_queenvanpire_hb1.png,640x480,2026-10-03 00:45
m0397,m0397_ev_queenvanpire_hd1.png,ev_queenvanpire_hd1.png,640x480,2026-10-03 00:45
m0398,m0398_ev_queenvanpire_he04.png,ev_queenvanpire_he04.png,640x480,2026-10-03 00:45
m0399,m0399_ev_radio_h01.png,ev_radio_h01.png,640x480,2026-10-03 00:45
m0400,m0400_ev_rafael_h01.png,ev_rafael_h01.png,640x480,2026-10-03 00:45
m0401,m0401_ev_ranael_h0.png,ev_ranael_h0.png,640x480,2026-10-03 00:45
m0402,m0402_ev_ranael_ha1.png,ev_ranael_ha1.png,640x480,2026-10-03 00:45
m0403,m0403_ev_ranael_hd1.png,ev_ranael_hd1.png,640x480,2026-10-03 00:45
m0404,m0404_ev_ranael_hf1.png,ev_ranael_hf1.png,640x480,2026-10-03 00:45
m0405,m0405_ev_renccubus_h1.png,ev_renccubus_h1.png,640x480,2026-10-03 00:45
m0406,m0406_ev_rucyfina_ha1.png,ev_rucyfina_ha1.png,640x480,2026-10-03 00:45
m0407,m0407_ev_ruka_iv1.png,ev_ruka_iv1.png,640x480,2026-10-03 00:45
m0408,m0408_ev_s_gyokuza_h2.png,ev_s_gyokuza_h2.png,640x480,2026-10-03 00:45
m0409,m0409_ev_saki_ha01.png,ev_saki_ha01.png,640x480,2026-10-03 00:45
m0410,m0410_ev_santamaria_ha12.png,ev_santamaria_ha12.png,640x480,2026-10-03 00:45
m0411,m0411_ev_santamaria_hb01.png,ev_santamaria_hb01.png,640x480,2026-10-03 00:45
m0412,m0412_ev_sariera_h01.png,ev_sariera_h01.png,640x480,2026-10-03 00:45
m0413,m0413_ev_sarlacc_h1.png,ev_sarlacc_h1.png,640x480,2026-10-03 00:45
m0414,m0414_ev_sazya_hd1.png,ev_sazya_hd1.png,640x480,2026-10-03 00:45
m0415,m0415_ev_scylla_s_ha01.png,ev_scylla_s_ha01.png,640x480,2026-10-03 00:45
m0416,m0416_ev_scylla_s_hb01.png,ev_scylla_s_hb01.png,640x480,2026-10-03 00:45
m0417,m0417_ev_seitentaisei_ha02.png,ev_seitentaisei_ha02.png,640x480,2026-10-03 00:45
m0418,m0418_ev_seitentaisei_hb3.png,ev_seitentaisei_hb3.png,640x480,2026-10-03 00:45
m0419,m0419_ev_shion_ha01.png,ev_shion_ha01.png,640x480,2026-10-03 00:45
m0420,m0420_ev_shion_iv1.png,ev_shion_iv1.png,640x480,2026-10-03 00:45
m0421,m0421_ev_shirom_h1.png,ev_shirom_h1.png,640x480,2026-10-03 00:45
m0422,m0422_ev_shirom_iv1.png,ev_shirom_iv1.png,640x480,2026-10-03 00:45
m0423,m0423_ev_singularity_ha01.png,ev_singularity_ha01.png,640x480,2026-10-03 00:45
m0424,m0424_ev_sinifa_ha01.png,ev_sinifa_ha01.png,640x480,2026-10-03 00:45
m0425,m0425_ev_siriel_ha1.png,ev_siriel_ha1.png,640x480,2026-10-03 00:45
m0426,m0426_ev_siriel_hb1.png,ev_siriel_hb1.png,640x480,2026-10-03 00:45
m0427,m0427_ev_sirousagi_hb01.png,ev_sirousagi_hb01.png,640x480,2026-10-03 00:45
m0428,m0428_ev_sisel_hb1.png,ev_sisel_hb1.png,640x480,2026-10-03 00:45
m0429,m0429_ev_sisterlamia_hb1.png,ev_sisterlamia_hb1.png,640x480,2026-10-03 00:45
m0430,m0430_ev_skyuba_h00.png,ev_skyuba_h00.png,640x480,2026-10-03 00:45
m0431,m0431_ev_slime_green_h1.png,ev_slime_green_h1.png,640x480,2026-10-03 00:45
m0432,m0432_ev_slimelord_hb1.png,ev_slimelord_hb1.png,640x480,2026-10-03 00:45
m0433,m0433_ev_slimes_ha1.png,ev_slimes_ha1.png,640x480,2026-10-03 00:45
m0434,m0434_ev_slimes_hb1.png,ev_slimes_hb1.png,640x480,2026-10-03 00:45
m0435,m0435_ev_slimes_hc1.png,ev_slimes_hc1.png,640x480,2026-10-03 00:45
m0436,m0436_ev_slimes_hd1.png,ev_slimes_hd1.png,640x480,2026-10-03 00:45
m0437,m0437_ev_sonia_ha01.png,ev_sonia_ha01.png,640x480,2026-10-03 00:45
m0438,m0438_ev_sonia_hx919_01.png,ev_sonia_hx919_01.png,640x480,2026-10-03 00:45
m0439,m0439_ev_soniachaos_h01.png,ev_soniachaos_h01.png,640x480,2026-10-03 00:45
m0440,m0440_ev_soniamanyu_ha01.png,ev_soniamanyu_ha01.png,640x480,2026-10-03 00:45
m0441,m0441_ev_soniamazda_ha01.png,ev_soniamazda_ha01.png,640x480,2026-10-03 00:45
m0442,m0442_ev_spawn_hb01.png,ev_spawn_hb01.png,640x480,2026-10-03 00:45
m0443,m0443_ev_sphinx_hc1.png,ev_sphinx_hc1.png,640x480,2026-10-03 00:45
m0444,m0444_ev_stein2_h2.png,ev_stein2_h2.png,640x480,2026-10-03 00:45
m0445,m0445_ev_stein_hb0.png,ev_stein_hb0.png,640x480,2026-10-03 00:45
m0446,m0446_ev_stein_hc01.png,ev_stein_hc01.png,640x480,2026-10-03 00:45
m0447,m0447_ev_stein_hsg1.png,ev_stein_hsg1.png,640x480,2026-10-03 00:45
m0448,m0448_ev_succubusj_hb1.png,ev_succubusj_hb1.png,640x480,2026-10-03 00:45
m0449,m0449_ev_suika_hb2.png,ev_suika_hb2.png,640x480,2026-10-03 00:45
m0450,m0450_ev_suika_hc2.png,ev_suika_hc2.png,640x480,2026-10-03 00:45
m0451,m0451_ev_suiryu_h05.png,ev_suiryu_h05.png,640x480,2026-10-03 00:45
m0452,m0452_ev_syesta_h01.png,ev_syesta_h01.png,640x480,2026-10-03 00:45
m0453,m0453_ev_sylph_h1.png,ev_sylph_h1.png,640x480,2026-10-03 00:45
m0454,m0454_ev_syuree_h01.png,ev_syuree_h01.png,640x480,2026-10-03 00:45
m0455,m0455_ev_syuree_hc01.png,ev_syuree_hc01.png,640x480,2026-10-03 00:45
m0456,m0456_ev_tamamo2_hd1.png,ev_tamamo2_hd1.png,640x480,2026-10-03 00:45
m0457,m0457_ev_tamamo_ha1.png,ev_tamamo_ha1.png,640x480,2026-10-03 00:45
m0458,m0458_ev_tamamo_hc1.png,ev_tamamo_hc1.png,640x480,2026-10-03 00:45
m0459,m0459_ev_tamamo_hf11.png,ev_tamamo_hf11.png,640x480,2026-10-03 00:45
m0460,m0460_ev_trilobite_h01.png,ev_trilobite_h01.png,640x480,2026-10-03 00:45
m0461,m0461_ev_trooperloid_ha01.png,ev_trooperloid_ha01.png,640x480,2026-10-03 00:45
m0462,m0462_ev_trooperloid_hb01.png,ev_trooperloid_hb01.png,640x480,2026-10-03 00:45
m0463,m0463_ev_tukumokomati_h01.png,ev_tukumokomati_h01.png,640x480,2026-10-03 00:45
m0464,m0464_ev_tutigumo_h1.png,ev_tutigumo_h1.png,640x480,2026-10-03 00:45
m0465,m0465_ev_twinkel_ha01.png,ev_twinkel_ha01.png,640x480,2026-10-03 00:45
m0466,m0466_ev_unknown4_h02.png,ev_unknown4_h02.png,640x480,2026-10-03 00:45
m0467,m0467_ev_unknown5_h1.png,ev_unknown5_h1.png,640x480,2026-10-03 00:45
m0468,m0468_ev_uriera_h01.png,ev_uriera_h01.png,640x480,2026-10-03 00:45
m0469,m0469_ev_ustrel_h2.png,ev_ustrel_h2.png,640x480,2026-10-03 00:45
m0470,m0470_ev_utubom_h1.png,ev_utubom_h1.png,640x480,2026-10-03 00:45
m0471,m0471_ev_valkyrie_hc1.png,ev_valkyrie_hc1.png,640x480,2026-10-03 00:45
m0472,m0472_ev_valt_ha01.png,ev_valt_ha01.png,640x480,2026-10-03 00:45
m0473,m0473_ev_valt_hb01.png,ev_valt_hb01.png,640x480,2026-10-03 00:45
m0474,m0474_ev_vetala_ha01.png,ev_vetala_ha01.png,640x480,2026-10-03 00:45
m0475,m0475_ev_vetala_hc01.png,ev_vetala_hc01.png,640x480,2026-10-03 00:45
m0476,m0476_ev_vinum_hb0.png,ev_vinum_hb0.png,640x480,2026-10-03 00:45
m0477,m0477_ev_voremermaid_ha1.png,ev_voremermaid_ha1.png,640x480,2026-10-03 00:45
m0478,m0478_ev_voremermaid_hb1.png,ev_voremermaid_hb1.png,640x480,2026-10-03 00:45
m0479,m0479_ev_walraune_h1.png,ev_walraune_h1.png,640x480,2026-10-03 00:45
m0480,m0480_ev_wormiel_ha01.png,ev_wormiel_ha01.png,640x480,2026-10-03 00:45
m0481,m0481_ev_wormiel_hb1.png,ev_wormiel_hb1.png,640x480,2026-10-03 00:45
m0482,m0482_ev_yuriel_ha1.png,ev_yuriel_ha1.png,640x480,2026-10-03 00:45
m0483,m0483_ev_yuriel_hb1.png,ev_yuriel_hb1.png,640x480,2026-10-03 00:45
m0484,m0484_ev_zigen_boss_ha1.png,ev_zigen_boss_ha1.png,640x480,2026-10-03 00:45
m0485,m0485_ev_zoloct_h1.png,ev_zoloct_h1.png,640x480,2026-10-03 00:45
m0486,m0486_ev_zonbe_h0.png,ev_zonbe_h0.png,640x480,2026-10-03 00:45
m0487,m0487_ev_zonbes_h1.png,ev_zonbes_h1.png,640x480,2026-10-03 00:45
m0488,m0488_iv_6so2.png,iv_6so2.png,640x480,2026-10-03 00:45
m0489,m0489_iv_7angel.png,iv_7angel.png,640x480,2026-10-03 00:45
m0490,m0490_iv_adramelek1.png,iv_adramelek1.png,640x480,2026-10-03 00:45
m0491,m0491_iv_alice1.png,iv_alice1.png,640x480,2026-10-03 00:45
m0492,m0492_iv_alice8_1.png,iv_alice8_1.png,640x480,2026-10-03 00:45
m0493,m0493_iv_alice8_gate1.png,iv_alice8_gate1.png,640x480,2026-10-03 00:45
m0494,m0494_iv_alice8_v_idea_rukas1.png,iv_alice8_v_idea_rukas1.png,640x480,2026-10-03 00:45
m0495,m0495_iv_alice_heinrich1.png,iv_alice_heinrich1.png,640x480,2026-10-03 00:45
m0496,m0496_iv_alice_v_irias1.png,iv_alice_v_irias1.png,640x480,2026-10-03 00:45
m0497,m0497_iv_alma_lilith.png,iv_alma_lilith.png,640x480,2026-10-03 00:45
m0498,m0498_iv_aruma_minagi.png,iv_aruma_minagi.png,640x480,2026-10-03 00:45
m0499,m0499_iv_astaroth1.png,iv_astaroth1.png,640x480,2026-10-03 00:45
m0500,m0500_iv_cassandra7.png,iv_cassandra7.png,640x480,2026-10-03 00:45
m0501,m0501_iv_castle1.png,iv_castle1.png,640x480,2026-10-03 00:45
m0502,m0502_iv_catas1.png,iv_catas1.png,640x480,2026-10-03 00:45
m0503,m0503_iv_chaos_gate1.png,iv_chaos_gate1.png,640x480,2026-10-03 00:45
m0504,m0504_iv_chaos_shito1.png,iv_chaos_shito1.png,640x480,2026-10-03 00:45
m0505,m0505_iv_chaos_vs0.png,iv_chaos_vs0.png,640x480,2026-10-03 00:45
m0506,m0506_iv_chapter00.png,iv_chapter00.png,640x480,2026-10-03 00:45
m0507,m0507_iv_chrome1.png,iv_chrome1.png,640x480,2026-10-03 00:45
m0508,m0508_iv_chrome_v_kagetumugi1.png,iv_chrome_v_kagetumugi1.png,640x480,2026-10-03 00:45
m0509,m0509_iv_chrome_v_nolifeking.png,iv_chrome_v_nolifeking.png,640x480,2026-10-03 00:45
m0510,m0510_iv_cirque1.png,iv_cirque1.png,640x480,2026-10-03 00:45
m0511,m0511_iv_collabo.png,iv_collabo.png,640x480,2026-10-03 00:45
m0512,m0512_iv_cthulhu_v_haster.png,iv_cthulhu_v_haster.png,640x480,2026-10-03 00:45
m0513,m0513_iv_darkp_ruka1.png,iv_darkp_ruka1.png,640x480,2026-10-03 00:45
m0514,m0514_iv_eden1.png,iv_eden1.png,640x480,2026-10-03 00:45
m0515,m0515_iv_ending1.png,iv_ending1.png,640x1120,2026-10-03 00:45
m0516,m0516_iv_eva.png,iv_eva.png,640x480,2026-10-03 00:45
m0517,m0517_iv_galda1.png,iv_galda1.png,640x480,2026-10-03 00:45
m0518,m0518_iv_gband_i5.png,iv_gband_i5.png,640x480,2026-10-03 00:45
m0519,m0519_iv_godkill1.png,iv_godkill1.png,640x480,2026-10-03 00:45
m0520,m0520_iv_gran_vs_uriera0.png,iv_gran_vs_uriera0.png,640x480,2026-10-03 00:45
m0521,m0521_iv_granberia_marcellus1.png,iv_granberia_marcellus1.png,640x480,2026-10-03 00:45
m0522,m0522_iv_hanabi.png,iv_hanabi.png,640x480,2026-10-03 00:45
m0523,m0523_iv_hiruko1.png,iv_hiruko1.png,640x480,2026-10-03 00:45
m0524,m0524_iv_hotel.png,iv_hotel.png,640x480,2026-10-03 00:45
m0525,m0525_iv_imp1.png,iv_imp1.png,640x480,2026-10-03 00:45
m0526,m0526_iv_irias_v_alice1.png,iv_irias_v_alice1.png,640x480,2026-10-03 00:45
m0527,m0527_iv_jadgement1.png,iv_jadgement1.png,640x480,2026-10-03 00:45
m0528,m0528_iv_jadgement_v_sinigami.png,iv_jadgement_v_sinigami.png,640x480,2026-10-03 00:45
m0529,m0529_iv_kagetumugi1.png,iv_kagetumugi1.png,640x480,2026-10-03 00:45
m0530,m0530_iv_kaizu1.png,iv_kaizu1.png,640x480,2026-10-03 00:45
m0531,m0531_iv_kazuya_kakusei2.png,iv_kazuya_kakusei2.png,640x480,2026-10-03 00:45
m0532,m0532_iv_koron_adra1.png,iv_koron_adra1.png,640x480,2026-10-03 00:45
m0533,m0533_iv_koron_angolmois.png,iv_koron_angolmois.png,640x480,2026-10-03 00:45
m0534,m0534_iv_koron_hosikui1.png,iv_koron_hosikui1.png,640x480,2026-10-03 00:45
m0535,m0535_iv_koron_rikuso.png,iv_koron_rikuso.png,640x480,2026-10-03 00:45
m0536,m0536_iv_lamp.png,iv_lamp.png,640x480,2026-10-03 00:45
m0537,m0537_iv_lars.png,iv_lars.png,640x480,2026-10-03 00:45
m0538,m0538_iv_lazarus1.png,iv_lazarus1.png,640x480,2026-10-03 00:45
m0539,m0539_iv_lilith_v_gnosis.png,iv_lilith_v_gnosis.png,640x480,2026-10-03 00:45
m0540,m0540_iv_lilith_v_sion1.png,iv_lilith_v_sion1.png,640x480,2026-10-03 00:45
m0541,m0541_iv_michaera_vs1.png,iv_michaera_vs1.png,640x480,2026-10-03 00:45
m0542,m0542_iv_nuruko1.png,iv_nuruko1.png,640x480,2026-10-03 00:45
m0543,m0543_iv_ohuda.png,iv_ohuda.png,640x480,2026-10-03 00:45
m0544,m0544_iv_queenmoss1.png,iv_queenmoss1.png,640x480,2026-10-03 00:45
m0545,m0545_iv_rafaera1.png,iv_rafaera1.png,640x480,2026-10-03 00:45
m0546,m0546_iv_return10.png,iv_return10.png,640x480,2026-10-03 00:45
m0547,m0547_iv_returna1.png,iv_returna1.png,640x480,2026-10-03 00:45
m0548,m0548_iv_rucyfina1.png,iv_rucyfina1.png,640x480,2026-10-03 00:45
m0549,m0549_iv_ruka_v_adra.png,iv_ruka_v_adra.png,640x480,2026-10-03 00:45
m0550,m0550_iv_ruka_v_chaos5.png,iv_ruka_v_chaos5.png,640x480,2026-10-03 00:45
m0551,m0551_iv_rukac4.png,iv_rukac4.png,640x480,2026-10-03 00:45
m0552,m0552_iv_ryokuryu1.png,iv_ryokuryu1.png,640x480,2026-10-03 00:45
m0553,m0553_iv_ryusei.png,iv_ryusei.png,640x480,2026-10-03 00:45
m0554,m0554_iv_saccuhouse.png,iv_saccuhouse.png,640x480,2026-10-03 00:45
m0555,m0555_iv_sazya_v_marcellus1.png,iv_sazya_v_marcellus1.png,640x480,2026-10-03 00:45
m0556,m0556_iv_seimataisen1.png,iv_seimataisen1.png,640x480,2026-10-03 00:45
m0557,m0557_iv_seirei.png,iv_seirei.png,640x480,2026-10-03 00:45
m0558,m0558_iv_shirom_v_kagetumugi1.png,iv_shirom_v_kagetumugi1.png,640x480,2026-10-03 00:45
m0559,m0559_iv_shirousagi1.png,iv_shirousagi1.png,640x480,2026-10-03 00:45
m0560,m0560_iv_shokushu1.png,iv_shokushu1.png,640x480,2026-10-03 00:45
m0561,m0561_iv_sonia1.png,iv_sonia1.png,640x480,2026-10-03 00:45
m0562,m0562_iv_stein1.png,iv_stein1.png,640x480,2026-10-03 00:45
m0563,m0563_iv_steinsgate1.png,iv_steinsgate1.png,640x480,2026-10-03 00:45
m0564,m0564_iv_succu_vs_angel1.png,iv_succu_vs_angel1.png,640x480,2026-10-03 00:45
m0565,m0565_iv_tamamo_v_gabriera1.png,iv_tamamo_v_gabriera1.png,640x480,2026-10-03 00:45
m0566,m0566_iv_tamamo_v_sariera.png,iv_tamamo_v_sariera.png,640x480,2026-10-03 00:45
m0567,m0567_iv_tezcacoatlus1.png,iv_tezcacoatlus1.png,640x480,2026-10-03 00:45
m0568,m0568_iv_trap.png,iv_trap.png,640x480,2026-10-03 00:45
m0569,m0569_iv_uriera1.png,iv_uriera1.png,640x480,2026-10-03 00:45
m0570,m0570_iv_worldbreaker1.png,iv_worldbreaker1.png,640x480,2026-10-03 00:45
m0571,m0571_iv_worldbreaker_v_usagi.png,iv_worldbreaker_v_usagi.png,640x480,2026-10-03 00:45
m0572,m0572_iv_yousei1.png,iv_yousei1.png,640x480,2026-10-03 00:45
m0573,m0573_ev_a_alm_h1.png,ev_a_alm_h1.png,640x480,2026-10-03 00:49
m0574,m0574_ev_a_emp_ha1.png,ev_a_emp_ha1.png,640x480,2026-10-03 00:49
m0575,m0575_ev_a_emp_hc01.png,ev_a_emp_hc01.png,640x480,2026-10-03 00:49
m0576,m0576_ev_a_looty_h1.png,ev_a_looty_h1.png,640x480,2026-10-03 00:49
m0577,m0577_ev_a_mash_ha1.png,ev_a_mash_ha1.png,640x480,2026-10-03 00:49
m0578,m0578_ev_a_parasol_h1.png,ev_a_parasol_h1.png,640x480,2026-10-03 00:49
m0579,m0579_ev_a_prison_h1.png,ev_a_prison_h1.png,640x480,2026-10-03 00:49
m0580,m0580_ev_a_pterix_ha1.png,ev_a_pterix_ha1.png,640x480,2026-10-03 00:49
m0581,m0581_ev_a_pterix_hb1.png,ev_a_pterix_hb1.png,640x480,2026-10-03 00:49
m0582,m0582_ev_a_vore_h1.png,ev_a_vore_h1.png,640x480,2026-10-03 00:49
m0583,m0583_ev_abaddon_hb1.png,ev_abaddon_hb1.png,640x480,2026-10-03 00:49
m0584,m0584_ev_abis_h1.png,ev_abis_h1.png,640x480,2026-10-03 00:49
m0585,m0585_ev_AD-5_h1.png,ev_AD-5_h1.png,640x480,2026-10-03 00:49
m0586,m0586_ev_ageha_ha1.png,ev_ageha_ha1.png,640x480,2026-10-03 00:49
m0587,m0587_ev_aguni._hb1.png,ev_aguni._hb1.png,640x480,2026-10-03 00:49
m0588,m0588_ev_algemini_h01.png,ev_algemini_h01.png,640x480,2026-10-03 00:49
m0589,m0589_ev_alice0_ha1.png,ev_alice0_ha1.png,640x480,2026-10-03 00:49
m0590,m0590_ev_alice0_he1.png,ev_alice0_he1.png,640x480,2026-10-03 00:49
m0591,m0591_ev_alice3th_h01.png,ev_alice3th_h01.png,640x480,2026-10-03 00:49
m0592,m0592_ev_alice4th_h01.png,ev_alice4th_h01.png,640x480,2026-10-03 00:49
m0593,m0593_ev_alice4thb_h01.png,ev_alice4thb_h01.png,640x480,2026-10-03 00:49
m0594,m0594_ev_alice5th_h01.png,ev_alice5th_h01.png,640x480,2026-10-03 00:49
m0595,m0595_ev_alice7th_h01.png,ev_alice7th_h01.png,640x480,2026-10-03 00:49
m0596,m0596_ev_alice8th2_h1.png,ev_alice8th2_h1.png,640x480,2026-10-03 00:49
m0597,m0597_ev_alice8th4_hh1.png,ev_alice8th4_hh1.png,640x480,2026-10-03 00:49
m0598,m0598_ev_alice8th5_h1.png,ev_alice8th5_h1.png,640x480,2026-10-03 00:49
m0599,m0599_ev_alice8th_hb1.png,ev_alice8th_hb1.png,640x480,2026-10-03 00:49
m0600,m0600_ev_alice8thx_ha1.png,ev_alice8thx_ha1.png,640x480,2026-10-03 00:49
m0601,m0601_ev_alice8thx_hb1.png,ev_alice8thx_hb1.png,640x480,2026-10-03 00:49
m0602,m0602_ev_alice8thx_hc1.png,ev_alice8thx_hc1.png,640x480,2026-10-03 00:49
m0603,m0603_ev_alice8thx_hd01.png,ev_alice8thx_hd01.png,640x480,2026-10-03 00:49
m0604,m0604_ev_alice8thx_he1.png,ev_alice8thx_he1.png,640x480,2026-10-03 00:49
m0605,m0605_ev_alice9th_h01.png,ev_alice9th_h01.png,640x480,2026-10-03 00:49
m0606,m0606_ev_alice14th_h01.png,ev_alice14th_h01.png,640x480,2026-10-03 00:49
m0607,m0607_ev_alice_h01_1.png,ev_alice_h01_1.png,640x480,2026-10-03 00:49
m0608,m0608_ev_alice_h02_1.png,ev_alice_h02_1.png,640x480,2026-10-03 00:49
m0609,m0609_ev_alice_h03_1.png,ev_alice_h03_1.png,640x480,2026-10-03 00:49
m0610,m0610_ev_alice_h04_1.png,ev_alice_h04_1.png,640x480,2026-10-03 00:49
m0611,m0611_ev_alice_h05_1.png,ev_alice_h05_1.png,640x480,2026-10-03 00:49
m0612,m0612_ev_alice_H06_1r.png,ev_alice_H06_1r.png,640x480,2026-10-03 00:49
m0613,m0613_ev_alice_H07_1r.png,ev_alice_H07_1r.png,640x480,2026-10-03 00:49
m0614,m0614_ev_alice_H08_1r.png,ev_alice_H08_1r.png,640x480,2026-10-03 00:49
m0615,m0615_ev_alice_H09_1r.png,ev_alice_H09_1r.png,640x480,2026-10-03 00:49
m0616,m0616_ev_alice_H10_1.png,ev_alice_H10_1.png,640x480,2026-10-03 00:49
m0617,m0617_ev_alice_H11_1.png,ev_alice_H11_1.png,640x480,2026-10-03 00:49
m0618,m0618_ev_alice_H14_1.png,ev_alice_H14_1.png,640x480,2026-10-03 00:49
m0619,m0619_ev_alice_iv03.png,ev_alice_iv03.png,640x480,2026-10-03 00:49
m0620,m0620_ev_alicetromeria_h1.png,ev_alicetromeria_h1.png,640x480,2026-10-03 00:49
m0621,m0621_ev_alraune_h1.png,ev_alraune_h1.png,640x480,2026-10-03 00:49
m0622,m0622_ev_amabie_ha1.png,ev_amabie_ha1.png,640x480,2026-10-03 00:49
m0623,m0623_ev_amazoneself_h1.png,ev_amazoneself_h1.png,640x480,2026-10-03 00:49
m0624,m0624_ev_ambrosia_ha1.png,ev_ambrosia_ha1.png,640x480,2026-10-03 00:49
m0625,m0625_ev_amnario_hb01.png,ev_amnario_hb01.png,640x480,2026-10-03 00:49
m0626,m0626_ev_amoldoll_ha1.png,ev_amoldoll_ha1.png,640x480,2026-10-03 00:49
m0627,m0627_ev_amoldoll_hb1.png,ev_amoldoll_hb1.png,640x480,2026-10-03 00:49
m0628,m0628_ev_amoldoll_hc1.png,ev_amoldoll_hc1.png,640x480,2026-10-03 00:49
m0629,m0629_ev_amphis_h1.png,ev_amphis_h1.png,640x480,2026-10-03 00:49
m0630,m0630_ev_anders_h1.png,ev_anders_h1.png,640x480,2026-10-03 00:49
m0631,m0631_ev_angelghoul_h1.png,ev_angelghoul_h1.png,640x480,2026-10-03 00:49
m0632,m0632_ev_angels_hb1.png,ev_angels_hb1.png,640x480,2026-10-03 00:49
m0633,m0633_ev_angolmois_h1.png,ev_angolmois_h1.png,640x480,2026-10-03 00:49
m0634,m0634_ev_apiro_ragos_h1.png,ev_apiro_ragos_h1.png,640x480,2026-10-03 00:49
m0635,m0635_ev_apsaras_h1.png,ev_apsaras_h1.png,640x480,2026-10-03 00:49
m0636,m0636_ev_apsaras_hb1.png,ev_apsaras_hb1.png,640x480,2026-10-03 00:49
m0637,m0637_ev_aptiel_ha1.png,ev_aptiel_ha1.png,640x480,2026-10-03 00:49
m0638,m0638_ev_aptiel_hc1.png,ev_aptiel_hc1.png,640x480,2026-10-03 00:49
m0639,m0639_ev_arachnes_ha01.png,ev_arachnes_ha01.png,640x480,2026-10-03 00:49
m0640,m0640_ev_arachnes_hb01.png,ev_arachnes_hb01.png,640x480,2026-10-03 00:49
m0641,m0641_ev_arcen_h1.png,ev_arcen_h1.png,640x480,2026-10-03 00:49
m0642,m0642_ev_ariel_h1.png,ev_ariel_h1.png,640x480,2026-10-03 00:49
m0643,m0643_ev_arikui_h1.png,ev_arikui_h1.png,640x480,2026-10-03 00:49
m0644,m0644_ev_arikui_hb1.png,ev_arikui_hb1.png,640x480,2026-10-03 00:49
m0645,m0645_ev_artm_hc1.png,ev_artm_hc1.png,640x480,2026-10-03 00:49
m0646,m0646_ev_arucubuss_h01.png,ev_arucubuss_h01.png,640x480,2026-10-03 00:49
m0647,m0647_ev_arucubuss_hb01.png,ev_arucubuss_hb01.png,640x480,2026-10-03 00:49
m0648,m0648_ev_arumaeruma_ha1.png,ev_arumaeruma_ha1.png,640x480,2026-10-03 00:49
m0649,m0649_ev_arumaeruma_hb1.png,ev_arumaeruma_hb1.png,640x480,2026-10-03 00:49
m0650,m0650_ev_arumaeruma_hc1.png,ev_arumaeruma_hc1.png,640x480,2026-10-03 00:49
m0651,m0651_ev_arumaeruma_hd0.png,ev_arumaeruma_hd0.png,640x480,2026-10-03 00:49
m0652,m0652_ev_arumaeruma_he1.png,ev_arumaeruma_he1.png,640x480,2026-10-03 00:49
m0653,m0653_ev_arumaeruma_hf1.png,ev_arumaeruma_hf1.png,640x480,2026-10-03 00:49
m0654,m0654_ev_arumaeruma_hg1.png,ev_arumaeruma_hg1.png,640x480,2026-10-03 00:49
m0655,m0655_ev_arumaeruma_hh1.png,ev_arumaeruma_hh1.png,640x480,2026-10-03 00:49
m0656,m0656_ev_arumaeruma_hi1.png,ev_arumaeruma_hi1.png,640x480,2026-10-03 00:49
m0657,m0657_ev_arumaeruma_hj1.png,ev_arumaeruma_hj1.png,640x480,2026-10-03 00:49
m0658,m0658_ev_arumaeruma_hk1.png,ev_arumaeruma_hk1.png,640x480,2026-10-03 00:49
m0659,m0659_ev_arusiel_ha1.png,ev_arusiel_ha1.png,640x480,2026-10-03 00:49
m0660,m0660_ev_arusiel_hb1.png,ev_arusiel_hb1.png,640x480,2026-10-03 00:49
m0661,m0661_ev_ashel_ha1.png,ev_ashel_ha1.png,640x480,2026-10-03 00:49
m0662,m0662_ev_ashel_hb1.png,ev_ashel_hb1.png,640x480,2026-10-03 00:49
m0663,m0663_ev_astaroth_ha1.png,ev_astaroth_ha1.png,640x480,2026-10-03 00:49
m0664,m0664_ev_astaroth_hb1.png,ev_astaroth_hb1.png,640x480,2026-10-03 00:49
m0665,m0665_ev_astaroth_hd1.png,ev_astaroth_hd1.png,640x480,2026-10-03 00:49
m0666,m0666_ev_astaroth_hf1.png,ev_astaroth_hf1.png,640x480,2026-10-03 00:49
m0667,m0667_ev_asura_h1.png,ev_asura_h1.png,640x480,2026-10-03 00:49
m0668,m0668_ev_asyura_h01.png,ev_asyura_h01.png,640x480,2026-10-03 00:49
m0669,m0669_ev_athena_h1.png,ev_athena_h1.png,640x480,2026-10-03 00:49
m0670,m0670_ev_atlach_h01.png,ev_atlach_h01.png,640x480,2026-10-03 00:49
m0671,m0671_ev_azidahaka_ha01.png,ev_azidahaka_ha01.png,640x480,2026-10-03 00:49
m0672,m0672_ev_azidahaka_hb01.png,ev_azidahaka_hb01.png,640x480,2026-10-03 00:49
m0673,m0673_ev_baal_zebub_h1.png,ev_baal_zebub_h1.png,640x480,2026-10-03 00:49
m0674,m0674_ev_baketanuki_h01.png,ev_baketanuki_h01.png,640x480,2026-10-03 00:49
m0675,m0675_ev_bander_ha1.png,ev_bander_ha1.png,640x480,2026-10-03 00:49
m0676,m0676_ev_bander_hb1.png,ev_bander_hb1.png,640x480,2026-10-03 00:49
m0677,m0677_ev_bander_hc1.png,ev_bander_hc1.png,640x480,2026-10-03 00:49
m0678,m0678_ev_baphomet_h1.png,ev_baphomet_h1.png,640x480,2026-10-03 00:49
m0679,m0679_ev_baphomet_hb1.png,ev_baphomet_hb1.png,640x480,2026-10-03 00:49
m0680,m0680_ev_barakizoku_ha1.png,ev_barakizoku_ha1.png,640x480,2026-10-03 00:49
m0681,m0681_ev_barakizoku_hc1.png,ev_barakizoku_hc1.png,640x480,2026-10-03 00:49
m0682,m0682_ev_beelzebub_h01.png,ev_beelzebub_h01.png,640x480,2026-10-03 00:49
m0683,m0683_ev_beelzebub_s_h1.png,ev_beelzebub_s_h1.png,640x480,2026-10-03 00:49
m0684,m0684_ev_bell_h1.png,ev_bell_h1.png,640x480,2026-10-03 00:49
m0685,m0685_ev_blavatsky_h1.png,ev_blavatsky_h1.png,640x480,2026-10-03 00:49
m0686,m0686_ev_blob_h1.png,ev_blob_h1.png,640x480,2026-10-03 00:49
m0687,m0687_ev_blom_h1.png,ev_blom_h1.png,640x480,2026-10-03 00:49
m0688,m0688_ev_bombslime_h01.png,ev_bombslime_h01.png,640x480,2026-10-03 00:49
m0689,m0689_ev_bombslime_hb01.png,ev_bombslime_hb01.png,640x480,2026-10-03 00:49
m0690,m0690_ev_bonny_ha1.png,ev_bonny_ha1.png,640x480,2026-10-03 00:49
m0691,m0691_ev_bonny_hb1.png,ev_bonny_hb1.png,640x480,2026-10-03 00:49
m0692,m0692_ev_bunnyslime_h1.png,ev_bunnyslime_h1.png,640x480,2026-10-03 00:49
m0693,m0693_ev_c_a3_ha1.png,ev_c_a3_ha1.png,640x480,2026-10-03 00:49
m0694,m0694_ev_c_a3_hb1.png,ev_c_a3_hb1.png,640x480,2026-10-03 00:49
m0695,m0695_ev_c_beast_h1.png,ev_c_beast_h1.png,640x480,2026-10-03 00:49
m0696,m0696_ev_c_bug_ha01.png,ev_c_bug_ha01.png,640x480,2026-10-03 00:49
m0697,m0697_ev_c_homunculus_h1.png,ev_c_homunculus_h1.png,640x480,2026-10-03 00:49
m0698,m0698_ev_c_medulahan_ha1.png,ev_c_medulahan_ha1.png,640x480,2026-10-03 00:49
m0699,m0699_ev_c_medulahan_hb0.png,ev_c_medulahan_hb0.png,640x480,2026-10-03 00:49
m0700,m0700_ev_c_s2_hb1.png,ev_c_s2_hb1.png,640x480,2026-10-03 00:49
m0701,m0701_ev_c_tangh_h1.png,ev_c_tangh_h1.png,640x480,2026-10-03 00:49
m0702,m0702_ev_c_tentacle_h1.png,ev_c_tentacle_h1.png,640x480,2026-10-03 00:49
m0703,m0703_ev_caitsith_ha1.png,ev_caitsith_ha1.png,640x480,2026-10-03 00:49
m0704,m0704_ev_candle_h1.png,ev_candle_h1.png,640x480,2026-10-03 00:49
m0705,m0705_ev_candle_hb1.png,ev_candle_hb1.png,640x480,2026-10-03 00:49
m0706,m0706_ev_candle_hc1.png,ev_candle_hc1.png,640x480,2026-10-03 00:49
m0707,m0707_ev_candy_ha01.png,ev_candy_ha01.png,640x480,2026-10-03 00:49
m0708,m0708_ev_candy_hb01.png,ev_candy_hb01.png,640x480,2026-10-03 00:49
m0709,m0709_ev_carbuncle_h1.png,ev_carbuncle_h1.png,640x480,2026-10-03 00:49
m0710,m0710_ev_carmilla_ha1.png,ev_carmilla_ha1.png,640x480,2026-10-03 00:49
m0711,m0711_ev_carmilla_hb1.png,ev_carmilla_hb1.png,640x480,2026-10-03 00:49
m0712,m0712_ev_carthangels_ha1.png,ev_carthangels_ha1.png,640x480,2026-10-03 00:49
m0713,m0713_ev_cassandra_ha1.png,ev_cassandra_ha1.png,640x480,2026-10-03 00:49
m0714,m0714_ev_cassandra_hd1.png,ev_cassandra_hd1.png,640x480,2026-10-03 00:49
m0715,m0715_ev_cassandra_he1.png,ev_cassandra_he1.png,640x480,2026-10-03 00:49
m0716,m0716_ev_cassandra_hf1.png,ev_cassandra_hf1.png,640x480,2026-10-03 00:49
m0717,m0717_ev_cassandra_hi1.png,ev_cassandra_hi1.png,640x480,2026-10-03 00:49
m0718,m0718_ev_cassandray_ha1.png,ev_cassandray_ha1.png,640x480,2026-10-03 00:49
m0719,m0719_ev_catoblepas_h1.png,ev_catoblepas_h1.png,640x480,2026-10-03 00:49
m0720,m0720_ev_cent2_h1.png,ev_cent2_h1.png,640x480,2026-10-03 00:49
m0721,m0721_ev_centa_h1.png,ev_centa_h1.png,640x480,2026-10-03 00:49
m0722,m0722_ev_chrom_hd1.png,ev_chrom_hd1.png,640x480,2026-10-03 00:49
m0723,m0723_ev_chrom_hg1.png,ev_chrom_hg1.png,640x480,2026-10-03 00:49
m0724,m0724_ev_cirque_ha01.png,ev_cirque_ha01.png,640x480,2026-10-03 00:49
m0725,m0725_ev_cirque_hb01.png,ev_cirque_hb01.png,640x480,2026-10-03 00:49
m0726,m0726_ev_cirque_hc1.png,ev_cirque_hc1.png,640x480,2026-10-03 00:49
m0727,m0727_ev_cirque_hd01.png,ev_cirque_hd01.png,640x480,2026-10-03 00:49
m0728,m0728_ev_cirque_he01.png,ev_cirque_he01.png,640x480,2026-10-03 00:49
m0729,m0729_ev_cirque_hf01.png,ev_cirque_hf01.png,640x480,2026-10-03 00:49
m0730,m0730_ev_cirque_hg1.png,ev_cirque_hg1.png,640x480,2026-10-03 00:49
m0731,m0731_ev_cirque_hi1.png,ev_cirque_hi1.png,640x480,2026-10-03 00:49
m0732,m0732_ev_cirque_hja01.png,ev_cirque_hja01.png,640x480,2026-10-03 00:49
m0733,m0733_ev_cirque_hjb1.png,ev_cirque_hjb1.png,640x480,2026-10-03 00:49
m0734,m0734_ev_cirque_hk1.png,ev_cirque_hk1.png,640x480,2026-10-03 00:49
m0735,m0735_ev_cirque_hl01.png,ev_cirque_hl01.png,640x480,2026-10-03 00:49
m0736,m0736_ev_clionera_ha1.png,ev_clionera_ha1.png,640x480,2026-10-03 00:49
m0737,m0737_ev_clionera_hb1.png,ev_clionera_hb1.png,640x480,2026-10-03 00:49
m0738,m0738_ev_coatlus_h1.png,ev_coatlus_h1.png,640x480,2026-10-03 00:49
m0739,m0739_ev_conquista_ha01.png,ev_conquista_ha01.png,640x480,2026-10-03 00:49
m0740,m0740_ev_conquista_hb01.png,ev_conquista_hb01.png,640x480,2026-10-03 00:49
m0741,m0741_ev_cooc_angel_h1.png,ev_cooc_angel_h1.png,640x480,2026-10-03 00:49
m0742,m0742_ev_cubiel_ha1.png,ev_cubiel_ha1.png,640x480,2026-10-03 00:49
m0743,m0743_ev_cubiel_hb01.png,ev_cubiel_hb01.png,640x480,2026-10-03 00:49
m0744,m0744_ev_cupid_ha1.png,ev_cupid_ha1.png,640x480,2026-10-03 00:49
m0745,m0745_ev_cupid_hb1.png,ev_cupid_hb1.png,640x480,2026-10-03 00:49
m0746,m0746_ev_d_succubus_ha1.png,ev_d_succubus_ha1.png,640x480,2026-10-03 00:49
m0747,m0747_ev_d_succubus_hb1.png,ev_d_succubus_hb1.png,640x480,2026-10-03 00:49
m0748,m0748_ev_d_succubus_hc1.png,ev_d_succubus_hc1.png,640x480,2026-10-03 00:49
m0749,m0749_ev_d_succubus_hd1.png,ev_d_succubus_hd1.png,640x480,2026-10-03 00:49
m0750,m0750_ev_d_succubus_he1.png,ev_d_succubus_he1.png,640x480,2026-10-03 00:49
m0751,m0751_ev_dagon_h1.png,ev_dagon_h1.png,640x480,2026-10-03 00:49
m0752,m0752_ev_daimeikai_h1.png,ev_daimeikai_h1.png,640x480,2026-10-03 00:49
m0753,m0753_ev_darkphenix_ha1.png,ev_darkphenix_ha1.png,640x480,2026-10-03 00:49
m0754,m0754_ev_darkphenix_hb1.png,ev_darkphenix_hb1.png,640x480,2026-10-03 00:49
m0755,m0755_ev_darkphenix_hd1.png,ev_darkphenix_hd1.png,640x480,2026-10-03 00:49
m0756,m0756_ev_datyou_h1.png,ev_datyou_h1.png,640x480,2026-10-03 00:49
m0757,m0757_ev_delh_a_h1.png,ev_delh_a_h1.png,640x480,2026-10-03 00:49
m0758,m0758_ev_delh_b_h1.png,ev_delh_b_h1.png,640x480,2026-10-03 00:49
m0759,m0759_ev_deusex_ha1.png,ev_deusex_ha1.png,640x480,2026-10-03 00:49
m0760,m0760_ev_deusex_hb1.png,ev_deusex_hb1.png,640x480,2026-10-03 00:49
m0761,m0761_ev_deusex_hc1.png,ev_deusex_hc1.png,640x480,2026-10-03 00:49
m0762,m0762_ev_dina_h1.png,ev_dina_h1.png,640x480,2026-10-03 00:49
m0763,m0763_ev_dodome_h1.png,ev_dodome_h1.png,640x480,2026-10-03 00:49
m0764,m0764_ev_dog_h1.png,ev_dog_h1.png,640x480,2026-10-03 00:49
m0765,m0765_ev_doll_hc01.png,ev_doll_hc01.png,640x480,2026-10-03 00:49
m0766,m0766_ev_doppele_ha1.png,ev_doppele_ha1.png,640x480,2026-10-03 00:49
m0767,m0767_ev_doppele_hb1.png,ev_doppele_hb1.png,640x480,2026-10-03 00:49
m0768,m0768_ev_doppele_hf1.png,ev_doppele_hf1.png,640x480,2026-10-03 00:49
m0769,m0769_ev_doppele_hg1.png,ev_doppele_hg1.png,640x480,2026-10-03 00:49
m0770,m0770_ev_doppele_hh1.png,ev_doppele_hh1.png,640x480,2026-10-03 00:49
m0771,m0771_ev_doppele_hi1.png,ev_doppele_hi1.png,640x480,2026-10-03 00:49
m0772,m0772_ev_dorothy_h1.png,ev_dorothy_h1.png,640x480,2026-10-03 00:49
m0773,m0773_ev_doubleundead_h1.png,ev_doubleundead_h1.png,640x480,2026-10-03 00:49
m0774,m0774_ev_dragonbone_hd1.png,ev_dragonbone_hd1.png,640x480,2026-10-03 00:49
m0775,m0775_ev_dragonhead_h1.png,ev_dragonhead_h1.png,640x480,2026-10-03 00:49
m0776,m0776_ev_dragonp_h1.png,ev_dragonp_h1.png,640x480,2026-10-03 00:49
m0777,m0777_ev_dragonp_hb1.png,ev_dragonp_hb1.png,640x480,2026-10-03 00:49
m0778,m0778_ev_dragonzonbe_ha1.png,ev_dragonzonbe_ha1.png,640x480,2026-10-03 00:49
m0779,m0779_ev_dryad_ha1.png,ev_dryad_ha1.png,640x480,2026-10-03 00:49
m0780,m0780_ev_dryad_hc1.png,ev_dryad_hc1.png,640x480,2026-10-03 00:49
m0781,m0781_ev_durahan_h1.png,ev_durahan_h1.png,640x480,2026-10-03 00:49
m0782,m0782_ev_e_vampire_h1.png,ev_e_vampire_h1.png,640x480,2026-10-03 00:49
m0783,m0783_ev_echidna_ha1.png,ev_echidna_ha1.png,640x480,2026-10-03 00:49
m0784,m0784_ev_eden_ha1.png,ev_eden_ha1.png,640x480,2026-10-03 00:49
m0785,m0785_ev_eden_hc1.png,ev_eden_hc1.png,640x480,2026-10-03 00:49
m0786,m0786_ev_eden_he1.png,ev_eden_he1.png,640x480,2026-10-03 00:49
m0787,m0787_ev_eden_hh1.png,ev_eden_hh1.png,640x480,2026-10-03 00:49
m0788,m0788_ev_eden_hj1.png,ev_eden_hj1.png,640x480,2026-10-03 00:49
m0789,m0789_ev_ediniel_h1.png,ev_ediniel_h1.png,640x480,2026-10-03 00:49
m0790,m0790_ev_eggel_ha1.png,ev_eggel_ha1.png,640x480,2026-10-03 00:49
m0791,m0791_ev_ek_mermaid_h1.png,ev_ek_mermaid_h1.png,640x480,2026-10-03 00:49
m0792,m0792_ev_elf_h1.png,ev_elf_h1.png,640x480,2026-10-03 00:49
m0793,m0793_ev_elfhime_hb1.png,ev_elfhime_hb1.png,640x480,2026-10-03 00:49
m0794,m0794_ev_elgemini_h01.png,ev_elgemini_h01.png,640x480,2026-10-03 00:49
m0795,m0795_ev_elis_ha1.png,ev_elis_ha1.png,640x480,2026-10-03 00:49
m0796,m0796_ev_elis_hd1.png,ev_elis_hd1.png,640x480,2026-10-03 00:49
m0797,m0797_ev_elisabeth_ha1.png,ev_elisabeth_ha1.png,640x480,2026-10-03 00:49
m0798,m0798_ev_elisabeth_hb1.png,ev_elisabeth_hb1.png,640x480,2026-10-03 00:49
m0799,m0799_ev_emily_h1.png,ev_emily_h1.png,640x480,2026-10-03 00:49
m0800,m0800_ev_end1_h1.png,ev_end1_h1.png,640x480,2026-10-03 00:49
m0801,m0801_ev_end3_h1.png,ev_end3_h1.png,640x480,2026-10-03 00:49
m0802,m0802_ev_end6_h1.png,ev_end6_h1.png,640x480,2026-10-03 00:49
m0803,m0803_ev_end7_h1.png,ev_end7_h1.png,640x480,2026-10-03 00:49
m0804,m0804_ev_enenra_ha1.png,ev_enenra_ha1.png,640x480,2026-10-03 00:49
m0805,m0805_ev_enenra_hb1.png,ev_enenra_hb1.png,640x480,2026-10-03 00:49
m0806,m0806_ev_erbetie_ha1r.png,ev_erbetie_ha1r.png,640x480,2026-10-03 00:49
m0807,m0807_ev_erbetie_hb1r.png,ev_erbetie_hb1r.png,640x480,2026-10-03 00:49
m0808,m0808_ev_erbetie_hc1.png,ev_erbetie_hc1.png,640x480,2026-10-03 00:49
m0809,m0809_ev_est_h1.png,ev_est_h1.png,640x480,2026-10-03 00:49
m0810,m0810_ev_esuccubus_h1.png,ev_esuccubus_h1.png,640x480,2026-10-03 00:49
m0811,m0811_ev_eva_ha1.png,ev_eva_ha1.png,640x480,2026-10-03 00:49
m0812,m0812_ev_eva_hb1.png,ev_eva_hb1.png,640x480,2026-10-03 00:49
m0813,m0813_ev_eva_hc1.png,ev_eva_hc1.png,640x480,2026-10-03 00:49
m0814,m0814_ev_evaq_h01.png,ev_evaq_h01.png,640x480,2026-10-03 00:49
m0815,m0815_ev_evaq_hb01.png,ev_evaq_hb01.png,640x480,2026-10-03 00:49
m0816,m0816_ev_ex_sonia_ha1.png,ev_ex_sonia_ha1.png,640x480,2026-10-03 00:49
m0817,m0817_ev_executioner_h1.png,ev_executioner_h1.png,640x480,2026-10-03 00:49
m0818,m0818_ev_exsera_ha01.png,ev_exsera_ha01.png,640x480,2026-10-03 00:49
m0819,m0819_ev_f_dryad_h01.png,ev_f_dryad_h01.png,640x480,2026-10-03 00:49
m0820,m0820_ev_fakejelly_h1.png,ev_fakejelly_h1.png,640x480,2026-10-03 00:49
m0821,m0821_ev_fenrir_h1.png,ev_fenrir_h1.png,640x480,2026-10-03 00:49
m0822,m0822_ev_fermesara_h1.png,ev_fermesara_h1.png,640x480,2026-10-03 00:49
m0823,m0823_ev_frederika_hb1.png,ev_frederika_hb1.png,640x480,2026-10-03 00:49
m0824,m0824_ev_frederika_hc1.png,ev_frederika_hc1.png,640x480,2026-10-03 00:49
m0825,m0825_ev_frederika_hd1.png,ev_frederika_hd1.png,640x480,2026-10-03 00:49
m0826,m0826_ev_frederika_he1.png,ev_frederika_he1.png,640x480,2026-10-03 00:49
m0827,m0827_ev_fulbeua_h1.png,ev_fulbeua_h1.png,640x480,2026-10-03 00:49
m0828,m0828_ev_gaistvine_ha1.png,ev_gaistvine_ha1.png,640x480,2026-10-03 00:49
m0829,m0829_ev_galda_h1.png,ev_galda_h1.png,640x480,2026-10-03 00:49
m0830,m0830_ev_galfox_hc1.png,ev_galfox_hc1.png,640x480,2026-10-03 00:49
m0831,m0831_ev_gargoyle_h1.png,ev_gargoyle_h1.png,640x480,2026-10-03 00:49
m0832,m0832_ev_garukimasera_h1.png,ev_garukimasera_h1.png,640x480,2026-10-03 00:49
m0833,m0833_ev_garukimasera_hb1.png,ev_garukimasera_hb1.png,640x480,2026-10-03 00:49
m0834,m0834_ev_gelatinous_ha1.png,ev_gelatinous_ha1.png,640x480,2026-10-03 00:49
m0835,m0835_ev_gelatinous_hb1.png,ev_gelatinous_hb1.png,640x480,2026-10-03 00:49
m0836,m0836_ev_gestalt_h1.png,ev_gestalt_h1.png,640x480,2026-10-03 00:49
m0837,m0837_ev_ghatanothoa_ha1.png,ev_ghatanothoa_ha1.png,640x480,2026-10-03 00:49
m0838,m0838_ev_ghost2_ha1.png,ev_ghost2_ha1.png,640x480,2026-10-03 00:49
m0839,m0839_ev_ghost2_hb1.png,ev_ghost2_hb1.png,640x480,2026-10-03 00:49
m0840,m0840_ev_ghost_h1.png,ev_ghost_h1.png,640x480,2026-10-03 00:49
m0841,m0841_ev_giantsarah_ha1.png,ev_giantsarah_ha1.png,640x480,2026-10-03 00:49
m0842,m0842_ev_gigadryad_h1.png,ev_gigadryad_h1.png,640x480,2026-10-03 00:49
m0843,m0843_ev_gigamander_h01.png,ev_gigamander_h01.png,640x480,2026-10-03 00:49
m0844,m0844_ev_gigantic_ha1.png,ev_gigantic_ha1.png,640x480,2026-10-03 00:49
m0845,m0845_ev_gigantic_hb1.png,ev_gigantic_hb1.png,640x480,2026-10-03 00:49
m0846,m0846_ev_gilgoon_h1.png,ev_gilgoon_h1.png,640x480,2026-10-03 00:49
m0847,m0847_ev_giriel_h1.png,ev_giriel_h1.png,640x480,2026-10-03 00:49
m0848,m0848_ev_gnomarenh01.png,ev_gnomarenh01.png,640x480,2026-10-03 00:49
m0849,m0849_ev_gnome_h0.png,ev_gnome_h0.png,640x480,2026-10-03 00:49
m0850,m0850_ev_gnome_hb1.png,ev_gnome_hb1.png,640x480,2026-10-03 00:49
m0851,m0851_ev_gob_h1.png,ev_gob_h1.png,640x480,2026-10-03 00:49
m0852,m0852_ev_gob_ha0.png,ev_gob_ha0.png,640x480,2026-10-03 00:49
m0853,m0853_ev_golem_h1.png,ev_golem_h1.png,640x480,2026-10-03 00:49
m0854,m0854_ev_gool_h1.png,ev_gool_h1.png,640x480,2026-10-03 00:49
m0855,m0855_ev_gran_arachne_ha1.png,ev_gran_arachne_ha1.png,640x480,2026-10-03 00:49
m0856,m0856_ev_gran_arachne_hc1.png,ev_gran_arachne_hc1.png,640x480,2026-10-03 00:49
m0857,m0857_ev_gran_centa_ha1.png,ev_gran_centa_ha1.png,640x480,2026-10-03 00:49
m0858,m0858_ev_gran_centa_hb1.png,ev_gran_centa_hb1.png,640x480,2026-10-03 00:49
m0859,m0859_ev_granberia_ha1.png,ev_granberia_ha1.png,640x480,2026-10-03 00:49
m0860,m0860_ev_granberia_hc1.png,ev_granberia_hc1.png,640x480,2026-10-03 00:49
m0861,m0861_ev_granberia_hd1.png,ev_granberia_hd1.png,640x480,2026-10-03 00:49
m0862,m0862_ev_granberia_he1.png,ev_granberia_he1.png,640x480,2026-10-03 00:49
m0863,m0863_ev_granberia_hf1.png,ev_granberia_hf1.png,640x480,2026-10-03 00:49
m0864,m0864_ev_grandine_01.png,ev_grandine_01.png,640x480,2026-10-03 00:49
m0865,m0865_ev_greatmarman_h1.png,ev_greatmarman_h1.png,640x480,2026-10-03 00:49
m0866,m0866_ev_greatorc_h01.png,ev_greatorc_h01.png,640x480,2026-10-03 00:49
m0867,m0867_ev_grigori_ha1.png,ev_grigori_ha1.png,640x480,2026-10-03 00:49
m0868,m0868_ev_grimoire_h1.png,ev_grimoire_h1.png,640x480,2026-10-03 00:49
m0869,m0869_ev_grizzly_h1.png,ev_grizzly_h1.png,640x480,2026-10-03 00:49
m0870,m0870_ev_h_mino_ha1.png,ev_h_mino_ha1.png,640x480,2026-10-03 00:49
m0871,m0871_ev_h_mino_hb1.png,ev_h_mino_hb1.png,640x480,2026-10-03 00:49
m0872,m0872_ev_h_mino_hc1.png,ev_h_mino_hc1.png,640x480,2026-10-03 00:49
m0873,m0873_ev_hainu_h1.png,ev_hainu_h1.png,640x480,2026-10-03 00:49
m0874,m0874_ev_hakutenko_hb1.png,ev_hakutenko_hb1.png,640x480,2026-10-03 00:49
m0875,m0875_ev_handyloid_ha1.png,ev_handyloid_ha1.png,640x480,2026-10-03 00:49
m0876,m0876_ev_handyloid_hb1.png,ev_handyloid_hb1.png,640x480,2026-10-03 00:49
m0877,m0877_ev_hapy_a_h1.png,ev_hapy_a_h1.png,640x480,2026-10-03 00:49
m0878,m0878_ev_hapy_bc_ha1.png,ev_hapy_bc_ha1.png,640x480,2026-10-03 00:49
m0879,m0879_ev_hapy_bc_hb1.png,ev_hapy_bc_hb1.png,640x480,2026-10-03 00:49
m0880,m0880_ev_hapy_bc_hc1.png,ev_hapy_bc_hc1.png,640x480,2026-10-03 00:49
m0881,m0881_ev_hargenbeck_ha1.png,ev_hargenbeck_ha1.png,640x480,2026-10-03 00:49
m0882,m0882_ev_hatibi_hb1.png,ev_hatibi_hb1.png,640x480,2026-10-03 00:49
m0883,m0883_ev_hatibi_hc1.png,ev_hatibi_hc1.png,640x480,2026-10-03 00:49
m0884,m0884_ev_heriel_hd1.png,ev_heriel_hd1.png,640x480,2026-10-03 00:49
m0885,m0885_ev_hero1_h1.png,ev_hero1_h1.png,640x480,2026-10-03 00:49
m0886,m0886_ev_hero2_h01.png,ev_hero2_h01.png,640x480,2026-10-03 00:49
m0887,m0887_ev_hero3_h1.png,ev_hero3_h1.png,640x480,2026-10-03 00:49
m0888,m0888_ev_hero4_h1.png,ev_hero4_h1.png,640x480,2026-10-03 00:49
m0889,m0889_ev_high_baphomet_h1.png,ev_high_baphomet_h1.png,640x480,2026-10-03 00:49
m0890,m0890_ev_highslag_ha1.png,ev_highslag_ha1.png,640x480,2026-10-03 00:49
m0891,m0891_ev_hiru_h1.png,ev_hiru_h1.png,640x480,2026-10-03 00:49
m0892,m0892_ev_hiruko_ha01.png,ev_hiruko_ha01.png,640x480,2026-10-03 00:49
m0893,m0893_ev_hiruko_hc01.png,ev_hiruko_hc01.png,640x480,2026-10-03 00:49
m0894,m0894_ev_hitodama_ha1.png,ev_hitodama_ha1.png,640x480,2026-10-03 00:49
m0895,m0895_ev_hitodama_hb1.png,ev_hitodama_hb1.png,640x480,2026-10-03 00:49
m0896,m0896_ev_hitodama_hc1.png,ev_hitodama_hc1.png,640x480,2026-10-03 00:49
m0897,m0897_ev_hitode_hb1.png,ev_hitode_hb1.png,640x480,2026-10-03 00:49
m0898,m0898_ev_hituzi_h01.png,ev_hituzi_h01.png,640x480,2026-10-03 00:49
m0899,m0899_ev_holmiel_h1.png,ev_holmiel_h1.png,640x480,2026-10-03 00:49
m0900,m0900_ev_husuma_h1.png,ev_husuma_h1.png,640x480,2026-10-03 00:49
m0901,m0901_ev_hutakuti_ha1.png,ev_hutakuti_ha1.png,640x480,2026-10-03 00:49
m0902,m0902_ev_hutakuti_hb1.png,ev_hutakuti_hb1.png,640x480,2026-10-03 00:49
m0903,m0903_ev_hutakuti_hc1.png,ev_hutakuti_hc1.png,640x480,2026-10-03 00:49
m0904,m0904_ev_icemaze_h1.png,ev_icemaze_h1.png,640x480,2026-10-03 00:49
m0905,m0905_ev_ikkaku_h1.png,ev_ikkaku_h1.png,640x480,2026-10-03 00:49
m0906,m0906_ev_ikkaku_hb1.png,ev_ikkaku_hb1.png,640x480,2026-10-03 00:49
m0907,m0907_ev_imomusi_h1.png,ev_imomusi_h1.png,640x480,2026-10-03 00:49
m0908,m0908_ev_indora_ha01.png,ev_indora_ha01.png,640x480,2026-10-03 00:49
m0909,m0909_ev_inp_ha1.png,ev_inp_ha1.png,640x480,2026-10-03 00:49
m0910,m0910_ev_inp_hb1.png,ev_inp_hb1.png,640x480,2026-10-03 00:49
m0911,m0911_ev_inp_hc1.png,ev_inp_hc1.png,640x480,2026-10-03 00:49
m0912,m0912_ev_inp_hd1.png,ev_inp_hd1.png,640x480,2026-10-03 00:49
m0913,m0913_ev_inp_he1.png,ev_inp_he1.png,640x480,2026-10-03 00:49
m0914,m0914_ev_inp_hf1.png,ev_inp_hf1.png,640x480,2026-10-03 00:49
m0915,m0915_ev_inp_hg1.png,ev_inp_hg1.png,640x480,2026-10-03 00:49
m0916,m0916_ev_inugami_h1s.png,ev_inugami_h1s.png,640x480,2026-10-03 00:49
m0917,m0917_ev_iriasu2_hb1.png,ev_iriasu2_hb1.png,640x480,2026-10-03 00:49
m0918,m0918_ev_iriasu3_ha1.png,ev_iriasu3_ha1.png,640x480,2026-10-03 00:49
m0919,m0919_ev_iriasu_h1.png,ev_iriasu_h1.png,640x480,2026-10-03 00:49
m0920,m0920_ev_iriasu_hc1.png,ev_iriasu_hc1.png,640x480,2026-10-03 00:49
m0921,m0921_ev_iriasu_hd1.png,ev_iriasu_hd1.png,640x480,2026-10-03 00:49
m0922,m0922_ev_iriasu_he1.png,ev_iriasu_he1.png,640x480,2026-10-03 00:49
m0923,m0923_ev_ironmaiden_hb1.png,ev_ironmaiden_hb1.png,640x480,2026-10-03 00:49
m0924,m0924_ev_iso_h1.png,ev_iso_h1.png,640x480,2026-10-03 00:49
m0925,m0925_ev_iso_hb1.png,ev_iso_hb1.png,640x480,2026-10-03 00:49
m0926,m0926_ev_ittanmomen_h1.png,ev_ittanmomen_h1.png,640x480,2026-10-03 00:49
m0927,m0927_ev_izanami_h1.png,ev_izanami_h1.png,640x480,2026-10-03 00:49
m0928,m0928_ev_izun_h01.png,ev_izun_h01.png,640x480,2026-10-03 00:49
m0929,m0929_ev_jack_ha01.png,ev_jack_ha01.png,640x480,2026-10-03 00:49
m0930,m0930_ev_jelly_h1.png,ev_jelly_h1.png,640x480,2026-10-03 00:49
m0931,m0931_ev_jeraira_h1.png,ev_jeraira_h1.png,640x480,2026-10-03 00:49
m0932,m0932_ev_jormungand_ha1.png,ev_jormungand_ha1.png,640x480,2026-10-03 00:49
m0933,m0933_ev_juraabis_h1.png,ev_juraabis_h1.png,640x480,2026-10-03 00:49
m0934,m0934_ev_justice_h1.png,ev_justice_h1.png,640x480,2026-10-03 00:49
m0935,m0935_ev_k_hapy_h1.png,ev_k_hapy_h1.png,640x480,2026-10-03 00:49
m0936,m0936_ev_k_hapy_hb1.png,ev_k_hapy_hb1.png,640x480,2026-10-03 00:49
m0937,m0937_ev_k_mermaid_h1.png,ev_k_mermaid_h1.png,640x480,2026-10-03 00:49
m0938,m0938_ev_k_mermaid_hb1.png,ev_k_mermaid_hb1.png,640x480,2026-10-03 00:49
m0939,m0939_ev_kaeru_hc1.png,ev_kaeru_hc1.png,640x480,2026-10-03 00:49
m0940,m0940_ev_kagetumugi2_ha01.png,ev_kagetumugi2_ha01.png,640x480,2026-10-03 00:49
m0941,m0941_ev_kagetumugi2_hb01.png,ev_kagetumugi2_hb01.png,640x480,2026-10-03 00:49
m0942,m0942_ev_kagetumugi_ha01.png,ev_kagetumugi_ha01.png,640x480,2026-10-03 00:49
m0943,m0943_ev_kagetumugi_hd1.png,ev_kagetumugi_hd1.png,640x480,2026-10-03 00:49
m0944,m0944_ev_kagetumugi_he01.png,ev_kagetumugi_he01.png,640x479,2026-10-03 00:49
m0945,m0945_ev_kagetumugi_hf1.png,ev_kagetumugi_hf1.png,640x480,2026-10-03 00:49
m0946,m0946_ev_kagetumugi_hi2.png,ev_kagetumugi_hi2.png,640x480,2026-10-03 00:49
m0947,m0947_ev_kagetumugi_hj01.png,ev_kagetumugi_hj01.png,640x480,2026-10-03 00:49
m0948,m0948_ev_kagetumugi_hk01.png,ev_kagetumugi_hk01.png,640x480,2026-10-03 00:49
m0949,m0949_ev_kai_h1.png,ev_kai_h1.png,640x480,2026-10-03 00:49
m0950,m0950_ev_kai_hb1.png,ev_kai_hb1.png,640x480,2026-10-03 00:49
m0951,m0951_ev_kaiko_h01.png,ev_kaiko_h01.png,640x480,2026-10-03 00:49
m0952,m0952_ev_kaiko_hb1.png,ev_kaiko_hb1.png,640x480,2026-10-03 00:49
m0953,m0953_ev_kamakiri_ha1.png,ev_kamakiri_ha1.png,640x480,2026-10-03 00:49
m0954,m0954_ev_kamakiri_hb1.png,ev_kamakiri_hb1.png,640x480,2026-10-03 00:49
m0955,m0955_ev_kamakiri_hc1.png,ev_kamakiri_hc1.png,640x480,2026-10-03 00:49
m0956,m0956_ev_kamuro_ha1.png,ev_kamuro_ha1.png,640x480,2026-10-03 00:49
m0957,m0957_ev_kamuro_hb1.png,ev_kamuro_hb1.png,640x480,2026-10-03 00:49
m0958,m0958_ev_kani_h1.png,ev_kani_h1.png,640x480,2026-10-03 00:49
m0959,m0959_ev_kani_hb1.png,ev_kani_hb1.png,640x480,2026-10-03 00:49
m0960,m0960_ev_kaniloid_h1.png,ev_kaniloid_h1.png,640x480,2026-10-03 00:49
m0961,m0961_ev_kanon_hb1.png,ev_kanon_hb1.png,640x480,2026-10-03 00:49
m0962,m0962_ev_kappa_ha1.png,ev_kappa_ha1.png,640x480,2026-10-03 00:49
m0963,m0963_ev_kappa_hb1.png,ev_kappa_hb1.png,640x480,2026-10-03 00:49
m0964,m0964_ev_karen_ha1.png,ev_karen_ha1.png,640x480,2026-10-03 00:49
m0965,m0965_ev_karen_hb1.png,ev_karen_hb1.png,640x480,2026-10-03 00:49
m0966,m0966_ev_kaze_h2_1.png,ev_kaze_h2_1.png,640x480,2026-10-03 00:49
m0967,m0967_ev_kezyorou_ha1.png,ev_kezyorou_ha1.png,640x480,2026-10-03 00:49
m0968,m0968_ev_kezyorou_hb1.png,ev_kezyorou_hb1.png,640x480,2026-10-03 00:49
m0969,m0969_ev_kinoko_h1.png,ev_kinoko_h1.png,640x480,2026-10-03 00:49
m0970,m0970_ev_kirin_ha1.png,ev_kirin_ha1.png,640x480,2026-10-03 00:49
m0971,m0971_ev_kirin_hb1.png,ev_kirin_hb1.png,640x480,2026-10-03 00:49
m0972,m0972_ev_kitunezyu_h1.png,ev_kitunezyu_h1.png,640x480,2026-10-03 00:49
m0973,m0973_ev_kizin_ha1.png,ev_kizin_ha1.png,640x480,2026-10-03 00:49
m0974,m0974_ev_kizin_hb1.png,ev_kizin_hb1.png,640x480,2026-10-03 00:49
m0975,m0975_ev_knight_mermaid_ha01.png,ev_knight_mermaid_ha01.png,640x480,2026-10-03 00:49
m0976,m0976_ev_kobura_h1.png,ev_kobura_h1.png,640x480,2026-10-03 00:49
m0977,m0977_ev_kobura_hb1.png,ev_kobura_hb1.png,640x480,2026-10-03 00:49
m0978,m0978_ev_kodairyu_h1.png,ev_kodairyu_h1.png,640x480,2026-10-03 00:49
m0979,m0979_ev_kooni_h01.png,ev_kooni_h01.png,640x480,2026-10-03 00:49
m0980,m0980_ev_kooni_hb1.png,ev_kooni_hb1.png,640x480,2026-10-03 00:49
m0981,m0981_ev_koron_ha1.png,ev_koron_ha1.png,640x480,2026-10-03 00:49
m0982,m0982_ev_kouki_h1.png,ev_kouki_h1.png,640x480,2026-10-03 00:49
m0983,m0983_ev_kumonomiko_ha1.png,ev_kumonomiko_ha1.png,640x480,2026-10-03 00:49
m0984,m0984_ev_kumonomiko_hb01.png,ev_kumonomiko_hb01.png,640x480,2026-10-03 00:49
m0985,m0985_ev_kuno_arachne_ha1.png,ev_kuno_arachne_ha1.png,640x480,2026-10-03 00:49
m0986,m0986_ev_kuno_arachne_hb1.png,ev_kuno_arachne_hb1.png,640x480,2026-10-03 00:49
m0987,m0987_ev_kuno_hapy_ha1.png,ev_kuno_hapy_ha1.png,640x480,2026-10-03 00:49
m0988,m0988_ev_kuno_hapy_hb1.png,ev_kuno_hapy_hb1.png,640x480,2026-10-03 00:49
m0989,m0989_ev_kuno_scylla_hb1.png,ev_kuno_scylla_hb1.png,640x480,2026-10-03 00:49
m0990,m0990_ev_kuno_succubus_ha1.png,ev_kuno_succubus_ha1.png,640x480,2026-10-03 00:49
m0991,m0991_ev_kuno_succubus_hb01.png,ev_kuno_succubus_hb01.png,640x480,2026-10-03 00:49
m0992,m0992_ev_kunoitielf2_ha01.png,ev_kunoitielf2_ha01.png,640x480,2026-10-03 00:49
m0993,m0993_ev_kunoitisanbi_ha1.png,ev_kunoitisanbi_ha1.png,640x480,2026-10-03 00:49
m0994,m0994_ev_kureo_adora_h1.png,ev_kureo_adora_h1.png,640x480,2026-10-03 00:49
m0995,m0995_ev_kurodanuki_ha0s.png,ev_kurodanuki_ha0s.png,640x480,2026-10-03 00:49
m0996,m0996_ev_kyoryuu_hb1.png,ev_kyoryuu_hb1.png,640x480,2026-10-03 00:49
m0997,m0997_ev_l_medusa_h1.png,ev_l_medusa_h1.png,640x480,2026-10-03 00:49
m0998,m0998_ev_l_medusa_hb1.png,ev_l_medusa_hb1.png,640x480,2026-10-03 00:49
m0999,m0999_ev_lamia_hb1.png,ev_lamia_hb1.png,640x480,2026-10-03 00:49
m1000,m1000_ev_lamia_n_h1.png,ev_lamia_n_h1.png,640x480,2026-10-03 00:49
m1001,m1001_ev_lamiad_h1.png,ev_lamiad_h1.png,640x480,2026-10-03 00:49
m1002,m1002_ev_leeccubus_h1.png,ev_leeccubus_h1.png,640x480,2026-10-03 00:49
m1003,m1003_ev_leeccubus_hb1.png,ev_leeccubus_hb1.png,640x480,2026-10-03 00:49
m1004,m1004_ev_lesscubuss_h1.png,ev_lesscubuss_h1.png,640x480,2026-10-03 00:49
m1005,m1005_ev_lesscubuss_hb01.png,ev_lesscubuss_hb01.png,640x480,2026-10-03 00:49
m1006,m1006_ev_levia_h1.png,ev_levia_h1.png,640x480,2026-10-03 00:49
m1007,m1007_ev_levia_hb1.png,ev_levia_hb1.png,640x480,2026-10-03 00:49
m1008,m1008_ev_libolibo_h1.png,ev_libolibo_h1.png,640x480,2026-10-03 00:49
m1009,m1009_ev_lilith2_ha1.png,ev_lilith2_ha1.png,640x480,2026-10-03 00:49
m1010,m1010_ev_lilith2_hb1.png,ev_lilith2_hb1.png,640x480,2026-10-03 00:49
m1011,m1011_ev_lilith2_he1.png,ev_lilith2_he1.png,640x480,2026-10-03 00:49
m1012,m1012_ev_lilith2_hh01.png,ev_lilith2_hh01.png,640x480,2026-10-03 00:49
m1013,m1013_ev_lilith2_hm1.png,ev_lilith2_hm1.png,640x480,2026-10-03 00:49
m1014,m1014_ev_lilith2_ho1.png,ev_lilith2_ho1.png,640x480,2026-10-03 00:49
m1015,m1015_ev_lilith2_hp1.png,ev_lilith2_hp1.png,640x480,2026-10-03 00:49
m1016,m1016_ev_lilith2_iv1.png,ev_lilith2_iv1.png,640x480,2026-10-03 00:49
m1017,m1017_ev_lilith_ha0.png,ev_lilith_ha0.png,640x480,2026-10-03 00:49
m1018,m1018_ev_lilith_hb1.png,ev_lilith_hb1.png,640x480,2026-10-03 00:49
m1019,m1019_ev_lilith_hc1.png,ev_lilith_hc1.png,640x480,2026-10-03 00:49
m1020,m1020_ev_lily_h01.png,ev_lily_h01.png,640x480,2026-10-03 00:49
m1021,m1021_ev_liqurslime_h01.png,ev_liqurslime_h01.png,640x480,2026-10-03 00:49
m1022,m1022_ev_liqurslime_hb1.png,ev_liqurslime_hb1.png,640x480,2026-10-03 00:49
m1023,m1023_ev_lira_h1.png,ev_lira_h1.png,640x480,2026-10-03 00:49
m1024,m1024_ev_lizardboss_ha1.png,ev_lizardboss_ha1.png,640x480,2026-10-03 00:49
m1025,m1025_ev_lizardboss_hb1.png,ev_lizardboss_hb1.png,640x480,2026-10-03 00:49
m1026,m1026_ev_lizardboss_hc1.png,ev_lizardboss_hc1.png,640x480,2026-10-03 00:49
m1027,m1027_ev_lizardthief_ha01.png,ev_lizardthief_ha01.png,640x480,2026-10-03 00:49
m1028,m1028_ev_lizardthief_hb1.png,ev_lizardthief_hb1.png,640x480,2026-10-03 00:49
m1029,m1029_ev_loa_ha1.png,ev_loa_ha1.png,640x480,2026-10-03 00:49
m1030,m1030_ev_loa_hb1.png,ev_loa_hb1.png,640x480,2026-10-03 00:49
m1031,m1031_ev_loccubus_h01.png,ev_loccubus_h01.png,640x480,2026-10-03 00:49
m1032,m1032_ev_loreley_h1.png,ev_loreley_h1.png,640x480,2026-10-03 00:49
m1033,m1033_ev_lovemata_ha1.png,ev_lovemata_ha1.png,640x480,2026-10-03 00:49
m1034,m1034_ev_lovemata_hb1.png,ev_lovemata_hb1.png,640x480,2026-10-03 00:49
m1035,m1035_ev_luksl_ha1.png,ev_luksl_ha1.png,640x480,2026-10-03 00:49
m1036,m1036_ev_luksl_hb1.png,ev_luksl_hb1.png,640x480,2026-10-03 00:49
m1037,m1037_ev_lusia_hb1.png,ev_lusia_hb1.png,640x480,2026-10-03 00:49
m1038,m1038_ev_lusia_hc1.png,ev_lusia_hc1.png,640x480,2026-10-03 00:49
m1039,m1039_ev_m_batterfly_ha01.png,ev_m_batterfly_ha01.png,640x480,2026-10-03 00:49
m1040,m1040_ev_m_batterfly_hb1.png,ev_m_batterfly_hb1.png,640x480,2026-10-03 00:49
m1041,m1041_ev_m_dragonfly_h01.png,ev_m_dragonfly_h01.png,640x480,2026-10-03 00:49
m1042,m1042_ev_m_elf_h01.png,ev_m_elf_h01.png,640x480,2026-10-03 00:49
m1043,m1043_ev_m_fairy_ha1.png,ev_m_fairy_ha1.png,640x480,2026-10-03 00:49
m1044,m1044_ev_m_fairy_hb1.png,ev_m_fairy_hb1.png,640x480,2026-10-03 00:49
m1045,m1045_ev_m_shadow_h1.png,ev_m_shadow_h1.png,640x480,2026-10-03 00:49
m1046,m1046_ev_m_succubus_h1.png,ev_m_succubus_h1.png,640x480,2026-10-03 00:49
m1047,m1047_ev_m_tento_h1.png,ev_m_tento_h1.png,640x480,2026-10-03 00:49
m1048,m1048_ev_maccubus_h00.png,ev_maccubus_h00.png,640x480,2026-10-03 00:49
m1049,m1049_ev_madaminsect_h1.png,ev_madaminsect_h1.png,640x480,2026-10-03 00:49
m1050,m1050_ev_madaminsect_hb1.png,ev_madaminsect_hb1.png,640x480,2026-10-03 00:49
m1051,m1051_ev_madamlamia_h1.png,ev_madamlamia_h1.png,640x480,2026-10-03 00:49
m1052,m1052_ev_magatu_h1.png,ev_magatu_h1.png,640x480,2026-10-03 00:49
m1053,m1053_ev_magatuomikami_h1.png,ev_magatuomikami_h1.png,640x480,2026-10-03 00:49
m1054,m1054_ev_maid_angel_h1.png,ev_maid_angel_h1.png,640x480,2026-10-03 00:49
m1055,m1055_ev_maidscyulla_h01.png,ev_maidscyulla_h01.png,640x480,2026-10-03 00:49
m1056,m1056_ev_maikonido_ha1.png,ev_maikonido_ha1.png,640x480,2026-10-03 00:49
m1057,m1057_ev_mametanuki_h1.png,ev_mametanuki_h1.png,640x480,2026-10-03 00:49
m1058,m1058_ev_marchosias_h1.png,ev_marchosias_h1.png,640x480,2026-10-03 00:49
m1059,m1059_ev_mariel_ha01.png,ev_mariel_ha01.png,640x480,2026-10-03 00:49
m1060,m1060_ev_mariel_hb1.png,ev_mariel_hb1.png,640x480,2026-10-03 00:49
m1061,m1061_ev_maycubbus_ha1.png,ev_maycubbus_ha1.png,640x480,2026-10-03 00:49
m1062,m1062_ev_maycubbus_hb1.png,ev_maycubbus_hb1.png,640x480,2026-10-03 00:49
m1063,m1063_ev_maycubbus_hc1.png,ev_maycubbus_hc1.png,640x480,2026-10-03 00:49
m1064,m1064_ev_maycubbus_hd1.png,ev_maycubbus_hd1.png,640x480,2026-10-03 00:49
m1065,m1065_ev_maycubbus_he1.png,ev_maycubbus_he1.png,640x480,2026-10-03 00:49
m1066,m1066_ev_maycubbus_hf1.png,ev_maycubbus_hf1.png,640x480,2026-10-03 00:49
m1067,m1067_ev_meda_h1.png,ev_meda_h1.png,640x480,2026-10-03 00:49
m1068,m1068_ev_meda_ha1.png,ev_meda_ha1.png,640x480,2026-10-03 00:49
m1069,m1069_ev_medusa_h1.png,ev_medusa_h1.png,640x480,2026-10-03 00:49
m1070,m1070_ev_medusa_hb1.png,ev_medusa_hb1.png,640x480,2026-10-03 00:49
m1071,m1071_ev_mefist_ha01.png,ev_mefist_ha01.png,640x480,2026-10-03 00:49
m1072,m1072_ev_mefist_hb1.png,ev_mefist_hb1.png,640x480,2026-10-03 00:49
m1073,m1073_ev_mefist_hc1.png,ev_mefist_hc1.png,640x480,2026-10-03 00:49
m1074,m1074_ev_mefist_hf1.png,ev_mefist_hf1.png,640x480,2026-10-03 00:49
m1075,m1075_ev_mefist_hg1.png,ev_mefist_hg1.png,640x480,2026-10-03 00:49
m1076,m1076_ev_mefist_hh1.png,ev_mefist_hh1.png,640x480,2026-10-03 00:49
m1077,m1077_ev_megami_h1.png,ev_megami_h1.png,640x480,2026-10-03 00:49
m1078,m1078_ev_meia_ha1.png,ev_meia_ha1.png,640x480,2026-10-03 00:49
m1079,m1079_ev_meia_hb1.png,ev_meia_hb1.png,640x480,2026-10-03 00:49
m1080,m1080_ev_meltymoss_h1.png,ev_meltymoss_h1.png,640x480,2026-10-03 00:49
m1081,m1081_ev_meltyrose_h1.png,ev_meltyrose_h1.png,640x480,2026-10-03 00:49
m1082,m1082_ev_merkava_ha1.png,ev_merkava_ha1.png,640x480,2026-10-03 00:49
m1083,m1083_ev_merkava_hb1.png,ev_merkava_hb1.png,640x480,2026-10-03 00:49
m1084,m1084_ev_mermaid_h1.png,ev_mermaid_h1.png,640x480,2026-10-03 00:49
m1085,m1085_ev_merusiel_ha1.png,ev_merusiel_ha1.png,640x480,2026-10-03 00:49
m1086,m1086_ev_micaela_hb1.png,ev_micaela_hb1.png,640x480,2026-10-03 00:49
m1087,m1087_ev_micaelac_h1.png,ev_micaelac_h1.png,640x480,2026-10-03 00:49
m1088,m1088_ev_micaelac_hb1.png,ev_micaelac_hb1.png,640x480,2026-10-03 00:49
m1089,m1089_ev_mikolamia_ha1.png,ev_mikolamia_ha1.png,640x480,2026-10-03 00:49
m1090,m1090_ev_mikolamia_hb1.png,ev_mikolamia_hb1.png,640x480,2026-10-03 00:49
m1091,m1091_ev_minccubus_ha1.png,ev_minccubus_ha1.png,640x480,2026-10-03 00:49
m1092,m1092_ev_minccubus_hc1.png,ev_minccubus_hc1.png,640x480,2026-10-03 00:49
m1093,m1093_ev_minikani_h1.png,ev_minikani_h1.png,640x480,2026-10-03 00:49
m1094,m1094_ev_mino_h1.png,ev_mino_h1.png,640x480,2026-10-03 00:49
m1095,m1095_ev_mistilteinn_h1.png,ev_mistilteinn_h1.png,640x480,2026-10-03 00:49
m1096,m1096_ev_mitubati_h1.png,ev_mitubati_h1.png,640x480,2026-10-03 00:49
m1097,m1097_ev_mitubati_hb1.png,ev_mitubati_hb1.png,640x480,2026-10-03 00:49
m1098,m1098_ev_mitutubo_ha1.png,ev_mitutubo_ha1.png,640x480,2026-10-03 00:49
m1099,m1099_ev_mitutubo_hb1.png,ev_mitutubo_hb1.png,640x480,2026-10-03 00:49
m1100,m1100_ev_miyabihime_ha1.png,ev_miyabihime_ha1.png,640x480,2026-10-03 00:49
m1101,m1101_ev_miyabihime_hc1.png,ev_miyabihime_hc1.png,640x480,2026-10-03 00:49
m1102,m1102_ev_mob_assasin1_h1.png,ev_mob_assasin1_h1.png,640x480,2026-10-03 00:49
m1103,m1103_ev_mob_bukiya1_h1.png,ev_mob_bukiya1_h1.png,640x480,2026-10-03 00:49
m1104,m1104_ev_mob_elf2_h1.png,ev_mob_elf2_h1.png,640x480,2026-10-03 00:49
m1105,m1105_ev_mob_elf3_h1.png,ev_mob_elf3_h1.png,640x480,2026-10-03 00:49
m1106,m1106_ev_mob_gakusya1_h1.png,ev_mob_gakusya1_h1.png,640x480,2026-10-03 00:49
m1107,m1107_ev_mob_gakusya2_h1.png,ev_mob_gakusya2_h1.png,640x480,2026-10-03 00:49
m1108,m1108_ev_mob_hime_h1.png,ev_mob_hime_h1.png,640x480,2026-10-03 00:49
m1109,m1109_ev_mob_hime_hb1.png,ev_mob_hime_hb1.png,640x480,2026-10-03 00:49
m1110,m1110_ev_mob_hurou_h01.png,ev_mob_hurou_h01.png,640x480,2026-10-03 00:49
m1111,m1111_ev_mob_hurou_hb1.png,ev_mob_hurou_hb1.png,640x480,2026-10-03 00:49
m1112,m1112_ev_mob_kaihei_h1.png,ev_mob_kaihei_h1.png,640x480,2026-10-03 00:49
m1113,m1113_ev_mob_kaizoku1_h1.png,ev_mob_kaizoku1_h1.png,640x480,2026-10-03 00:49
m1114,m1114_ev_mob_kaizoku2_he1.png,ev_mob_kaizoku2_he1.png,640x480,2026-10-03 00:49
m1115,m1115_ev_mob_kaizoku3_h1.png,ev_mob_kaizoku3_h1.png,640x480,2026-10-03 00:49
m1116,m1116_ev_mob_kakutou_h1.png,ev_mob_kakutou_h1.png,640x480,2026-10-03 00:49
m1117,m1117_ev_mob_kisi_h1.png,ev_mob_kisi_h1.png,640x480,2026-10-03 00:49
m1118,m1118_ev_mob_kisi_hb1.png,ev_mob_kisi_hb1.png,640x480,2026-10-03 00:49
m1119,m1119_ev_mob_kizoku_ha1.png,ev_mob_kizoku_ha1.png,640x480,2026-10-03 00:49
m1120,m1120_ev_mob_mahousyouzyo_h1.png,ev_mob_mahousyouzyo_h1.png,640x480,2026-10-03 00:49
m1121,m1121_ev_mob_mahousyouzyo_hb1.png,ev_mob_mahousyouzyo_hb1.png,640x480,2026-10-03 00:49
m1122,m1122_ev_mob_maid1_ha1.png,ev_mob_maid1_ha1.png,640x480,2026-10-03 00:49
m1123,m1123_ev_mob_maid1_hb01.png,ev_mob_maid1_hb01.png,640x480,2026-10-03 00:49
m1124,m1124_ev_mob_maid3_h1.png,ev_mob_maid3_h1.png,640x480,2026-10-03 00:49
m1125,m1125_ev_mob_maid4_h1.png,ev_mob_maid4_h1.png,640x480,2026-10-03 00:49
m1126,m1126_ev_mob_miko1_ha1.png,ev_mob_miko1_ha1.png,640x480,2026-10-03 00:49
m1127,m1127_ev_mob_miko1_hb1.png,ev_mob_miko1_hb1.png,640x480,2026-10-03 00:49
m1128,m1128_ev_mob_murabito1_h1.png,ev_mob_murabito1_h1.png,640x480,2026-10-03 00:49
m1129,m1129_ev_mob_murabito2_h1.png,ev_mob_murabito2_h1.png,640x480,2026-10-03 00:49
m1130,m1130_ev_mob_murabito3_ha1.png,ev_mob_murabito3_ha1.png,640x480,2026-10-03 00:49
m1131,m1131_ev_mob_murabito3_hb1.png,ev_mob_murabito3_hb1.png,640x480,2026-10-03 00:49
m1132,m1132_ev_mob_murabito4_h1.png,ev_mob_murabito4_h1.png,640x480,2026-10-03 00:49
m1133,m1133_ev_mob_murabito5_h1.png,ev_mob_murabito5_h1.png,640x480,2026-10-03 00:49
m1134,m1134_ev_mob_nasu1_h1.png,ev_mob_nasu1_h1.png,640x480,2026-10-03 00:49
m1135,m1135_ev_mob_ninzya1_h1.png,ev_mob_ninzya1_h1.png,640x480,2026-10-03 00:49
m1136,m1136_ev_mob_ninzya2_h1.png,ev_mob_ninzya2_h1.png,640x480,2026-10-03 00:49
m1137,m1137_ev_mob_ninzya3_h1.png,ev_mob_ninzya3_h1.png,640x480,2026-10-03 00:49
m1138,m1138_ev_mob_odoriko1_h1.png,ev_mob_odoriko1_h1.png,640x480,2026-10-03 00:49
m1139,m1139_ev_mob_rakunou_h1.png,ev_mob_rakunou_h1.png,640x480,2026-10-03 00:49
m1140,m1140_ev_mob_sister2_h1.png,ev_mob_sister2_h1.png,640x480,2026-10-03 00:49
m1141,m1141_ev_mob_syohu_h1.png,ev_mob_syohu_h1.png,640x480,2026-10-03 00:49
m1142,m1142_ev_mob_syuzin_h01.png,ev_mob_syuzin_h01.png,640x480,2026-10-03 00:49
m1143,m1143_ev_mob_touzoku_h1.png,ev_mob_touzoku_h1.png,640x480,2026-10-03 00:49
m1144,m1144_ev_mob_uranai1_h1.png,ev_mob_uranai1_h1.png,640x480,2026-10-03 00:49
m1145,m1145_ev_mob_wahu1_h1.png,ev_mob_wahu1_h1.png,640x480,2026-10-03 00:49
m1146,m1146_ev_mob_wahu2_h1.png,ev_mob_wahu2_h1.png,640x480,2026-10-03 00:49
m1147,m1147_ev_mob_youzyo_h1.png,ev_mob_youzyo_h1.png,640x480,2026-10-03 00:49
m1148,m1148_ev_monk_demon_h1.png,ev_monk_demon_h1.png,640x480,2026-10-03 00:49
m1149,m1149_ev_monk_sucubuss_h01.png,ev_monk_sucubuss_h01.png,640x480,2026-10-03 00:49
m1150,m1150_ev_mononohuyonbi_ha1.png,ev_mononohuyonbi_ha1.png,640x480,2026-10-03 00:49
m1151,m1151_ev_mononohuyonbi_hb1.png,ev_mononohuyonbi_hb1.png,640x480,2026-10-03 00:49
m1152,m1152_ev_monstruo_ha1.png,ev_monstruo_ha1.png,640x480,2026-10-03 00:49
m1153,m1153_ev_morrigan_ha1.png,ev_morrigan_ha1.png,640x480,2026-10-03 00:49
m1154,m1154_ev_morrigan_hb1.png,ev_morrigan_hb1.png,640x480,2026-10-03 00:49
m1155,m1155_ev_morrigan_hc1.png,ev_morrigan_hc1.png,640x480,2026-10-03 00:49
m1156,m1156_ev_morrigan_he1.png,ev_morrigan_he1.png,640x480,2026-10-03 00:49
m1157,m1157_ev_mosquito_h1.png,ev_mosquito_h1.png,640x480,2026-10-03 00:49
m1158,m1158_ev_moss_h1.png,ev_moss_h1.png,640x480,2026-10-03 00:49
m1159,m1159_ev_mukade_h1.png,ev_mukade_h1.png,640x480,2026-10-03 00:49
m1160,m1160_ev_mukade_hb1.png,ev_mukade_hb1.png,640x480,2026-10-03 00:49
m1161,m1161_ev_mukuro_h01.png,ev_mukuro_h01.png,640x480,2026-10-03 00:49
m1162,m1162_ev_mukuro_hb1.png,ev_mukuro_hb1.png,640x480,2026-10-03 00:49
m1163,m1163_ev_mummy_h1.png,ev_mummy_h1.png,640x480,2026-10-03 00:49
m1164,m1164_ev_muzukiel_ha1.png,ev_muzukiel_ha1.png,640x480,2026-10-03 00:49
m1165,m1165_ev_myouhouzyorougumo_h1.png,ev_myouhouzyorougumo_h1.png,640x480,2026-10-03 00:49
m1166,m1166_ev_myuska_hb01.png,ev_myuska_hb01.png,640x480,2026-10-03 00:49
m1167,m1167_ev_nagael_h1.png,ev_nagael_h1.png,640x480,2026-10-03 00:49
m1168,m1168_ev_namako_h1.png,ev_namako_h1.png,640x480,2026-10-03 00:49
m1169,m1169_ev_namako_ha1.png,ev_namako_ha1.png,640x480,2026-10-03 00:49
m1170,m1170_ev_namazu_h1.png,ev_namazu_h1.png,640x480,2026-10-03 00:49
m1171,m1171_ev_name2_hc1.png,ev_name2_hc1.png,640x480,2026-10-03 00:49
m1172,m1172_ev_name_hb01.png,ev_name_hb01.png,640x480,2026-10-03 00:49
m1173,m1173_ev_name_s_ha1.png,ev_name_s_ha1.png,640x480,2026-10-03 00:49
m1174,m1174_ev_name_s_hb1.png,ev_name_s_hb1.png,640x480,2026-10-03 00:49
m1175,m1175_ev_name_s_hc1.png,ev_name_s_hc1.png,640x480,2026-10-03 00:49
m1176,m1176_ev_nanabi_h1.png,ev_nanabi_h1.png,640x480,2026-10-03 00:49
m1177,m1177_ev_narcubus_ha1.png,ev_narcubus_ha1.png,640x480,2026-10-03 00:49
m1178,m1178_ev_narcubus_hb1.png,ev_narcubus_hb1.png,640x480,2026-10-03 00:49
m1179,m1179_ev_narcubus_hc1.png,ev_narcubus_hc1.png,640x480,2026-10-03 00:49
m1180,m1180_ev_narcubus_hd1.png,ev_narcubus_hd1.png,640x480,2026-10-03 00:49
m1181,m1181_ev_nekogami_ha1.png,ev_nekogami_ha1.png,640x480,2026-10-03 00:49
m1182,m1182_ev_nekogami_hb1.png,ev_nekogami_hb1.png,640x480,2026-10-03 00:49
m1183,m1183_ev_nekomata_h1.png,ev_nekomata_h1.png,640x480,2026-10-03 00:49
m1184,m1184_ev_nemea_h01.png,ev_nemea_h01.png,640x480,2026-10-03 00:49
m1185,m1185_ev_nephilim_h1.png,ev_nephilim_h1.png,640x480,2026-10-03 00:49
m1186,m1186_ev_neris_ha1.png,ev_neris_ha1.png,640x480,2026-10-03 00:49
m1187,m1187_ev_neris_hab1.png,ev_neris_hab1.png,640x480,2026-10-03 00:49
m1188,m1188_ev_neris_hb01.png,ev_neris_hb01.png,640x480,2026-10-03 00:49
m1189,m1189_ev_neris_hc01.png,ev_neris_hc01.png,640x480,2026-10-03 00:49
m1190,m1190_ev_neris_iv1.png,ev_neris_iv1.png,640x480,2026-10-03 00:49
m1191,m1191_ev_nezumi_ha1.png,ev_nezumi_ha1.png,640x480,2026-10-03 00:49
m1192,m1192_ev_ningyohime_h1.png,ev_ningyohime_h1.png,640x480,2026-10-03 00:49
m1193,m1193_ev_nobisutam_ha1.png,ev_nobisutam_ha1.png,640x480,2026-10-03 00:49
m1194,m1194_ev_nureonnna_h1.png,ev_nureonnna_h1.png,640x480,2026-10-03 00:49
m1195,m1195_ev_nuruko_ha1.png,ev_nuruko_ha1.png,640x480,2026-10-03 00:49
m1196,m1196_ev_nuruko_hb1.png,ev_nuruko_hb1.png,640x480,2026-10-03 00:49
m1197,m1197_ev_nyumaou_h1.png,ev_nyumaou_h1.png,640x480,2026-10-03 00:49
m1198,m1198_ev_nyumaou_hb1.png,ev_nyumaou_hb1.png,640x480,2026-10-03 00:49
m1199,m1199_ev_ogretooth_h1.png,ev_ogretooth_h1.png,640x480,2026-10-03 00:49
m1200,m1200_ev_okami_h1.png,ev_okami_h1.png,640x480,2026-10-03 00:49
m1201,m1201_ev_okikumusi_ha1.png,ev_okikumusi_ha1.png,640x480,2026-10-03 00:49
m1202,m1202_ev_okikumusi_hb1.png,ev_okikumusi_hb1.png,640x480,2026-10-03 00:49
m1203,m1203_ev_onaho_ha1.png,ev_onaho_ha1.png,640x480,2026-10-03 00:49
m1204,m1204_ev_onmyosasori_h01.png,ev_onmyosasori_h01.png,640x480,2026-10-03 00:49
m1205,m1205_ev_onmyougobi_hb01b.png,ev_onmyougobi_hb01b.png,640x480,2026-10-03 00:49
m1206,m1206_ev_oogumo_h01.png,ev_oogumo_h01.png,640x480,2026-10-03 00:49
m1207,m1207_ev_orc_h1.png,ev_orc_h1.png,640x480,2026-10-03 00:49
m1208,m1208_ev_outerjelly_ha1.png,ev_outerjelly_ha1.png,640x480,2026-10-03 00:49
m1209,m1209_ev_outerworm_h1.png,ev_outerworm_h1.png,640x480,2026-10-03 00:49
m1210,m1210_ev_ozum_ha1.png,ev_ozum_ha1.png,640x480,2026-10-03 00:49
m1211,m1211_ev_ozum_hb1.png,ev_ozum_hb1.png,640x480,2026-10-03 00:49
m1212,m1212_ev_pabilsag_h1.png,ev_pabilsag_h1.png,640x480,2026-10-03 00:49
m1213,m1213_ev_page17_h1.png,ev_page17_h1.png,640x480,2026-10-03 00:49
m1214,m1214_ev_page257_h1.png,ev_page257_h1.png,640x480,2026-10-03 00:49
m1215,m1215_ev_page257_hb1.png,ev_page257_hb1.png,640x480,2026-10-03 00:49
m1216,m1216_ev_page65537_h1a.png,ev_page65537_h1a.png,640x480,2026-10-03 00:49
m1217,m1217_ev_page65537_hb1.png,ev_page65537_hb1.png,640x480,2026-10-03 00:49
m1218,m1218_ev_page65537_hc1.png,ev_page65537_hc1.png,640x480,2026-10-03 00:49
m1219,m1219_ev_page65537_hd1.png,ev_page65537_hd1.png,640x480,2026-10-03 00:49
m1220,m1220_ev_paizuridoll2_h1.png,ev_paizuridoll2_h1.png,640x480,2026-10-03 00:49
m1221,m1221_ev_paizuridoll_h1.png,ev_paizuridoll_h1.png,640x480,2026-10-03 00:49
m1222,m1222_ev_paizuridoll_hb1.png,ev_paizuridoll_hb1.png,640x480,2026-10-03 00:49
m1223,m1223_ev_phoenix_hb01.png,ev_phoenix_hb01.png,640x480,2026-10-03 00:49
m1224,m1224_ev_phoenixb_hc1.png,ev_phoenixb_hc1.png,640x480,2026-10-03 00:49
m1225,m1225_ev_phoenixc_hc1.png,ev_phoenixc_hc1.png,640x480,2026-10-03 00:49
m1226,m1226_ev_poseidones_ha1.png,ev_poseidones_ha1.png,640x480,2026-10-03 00:49
m1227,m1227_ev_pramia_h1.png,ev_pramia_h1.png,640x480,2026-10-03 00:49
m1228,m1228_ev_pramia_hb01.png,ev_pramia_hb01.png,640x480,2026-10-03 00:49
m1229,m1229_ev_pramia_hc01.png,ev_pramia_hc01.png,640x480,2026-10-03 00:49
m1230,m1230_ev_puruel_h1.png,ev_puruel_h1.png,640x480,2026-10-03 00:49
m1231,m1231_ev_q_5_h1.png,ev_q_5_h1.png,640x480,2026-10-03 00:49
m1232,m1232_ev_queenhapy_h1.png,ev_queenhapy_h1.png,640x480,2026-10-03 00:49
m1233,m1233_ev_queenmermaid_ha1.png,ev_queenmermaid_ha1.png,640x480,2026-10-03 00:49
m1234,m1234_ev_queenmermaid_hb1.png,ev_queenmermaid_hb1.png,640x480,2026-10-03 00:49
m1235,m1235_ev_queenmermaid_hc1.png,ev_queenmermaid_hc1.png,640x480,2026-10-03 00:49
m1236,m1236_ev_queenvanpire_ha1.png,ev_queenvanpire_ha1.png,640x480,2026-10-03 00:49
m1237,m1237_ev_queenvanpire_hc1.png,ev_queenvanpire_hc1.png,640x480,2026-10-03 00:49
m1238,m1238_ev_rafi_h1.png,ev_rafi_h1.png,640x480,2026-10-03 00:49
m1239,m1239_ev_rajara_h1.png,ev_rajara_h1.png,640x480,2026-10-03 00:49
m1240,m1240_ev_ranccubus_h1.png,ev_ranccubus_h1.png,640x480,2026-10-03 00:49
m1241,m1241_ev_ranccubus_hb1.png,ev_ranccubus_hb1.png,640x480,2026-10-03 00:49
m1242,m1242_ev_rapun_h1.png,ev_rapun_h1.png,640x480,2026-10-03 00:49
m1243,m1243_ev_ratael_h1.png,ev_ratael_h1.png,640x480,2026-10-03 00:49
m1244,m1244_ev_renccubus_hb1.png,ev_renccubus_hb1.png,640x480,2026-10-03 00:49
m1245,m1245_ev_replicant_h1.png,ev_replicant_h1.png,640x480,2026-10-03 00:49
m1246,m1246_ev_revel_h1.png,ev_revel_h1.png,640x480,2026-10-03 00:49
m1247,m1247_ev_rifaiel_ha1.png,ev_rifaiel_ha1.png,640x480,2026-10-03 00:49
m1248,m1248_ev_rifaiel_hb1.png,ev_rifaiel_hb1.png,640x480,2026-10-03 00:49
m1249,m1249_ev_rogueelf_h1.png,ev_rogueelf_h1.png,640x480,2026-10-03 00:49
m1250,m1250_ev_ropa_h1.png,ev_ropa_h1.png,640x480,2026-10-03 00:49
m1251,m1251_ev_ropa_hb1.png,ev_ropa_hb1.png,640x480,2026-10-03 00:49
m1252,m1252_ev_roseniel_h1.png,ev_roseniel_h1.png,640x480,2026-10-03 00:49
m1253,m1253_ev_rucyfina_hb1.png,ev_rucyfina_hb1.png,640x480,2026-10-03 00:49
m1254,m1254_ev_rusifinachan_h1.png,ev_rusifinachan_h1.png,640x480,2026-10-03 00:49
m1255,m1255_ev_s_akaname_ha1.png,ev_s_akaname_ha1.png,640x480,2026-10-03 00:49
m1256,m1256_ev_s_akaname_hb1.png,ev_s_akaname_hb1.png,640x480,2026-10-03 00:49
m1257,m1257_ev_s_mermaid_h1.png,ev_s_mermaid_h1.png,640x480,2026-10-03 00:49
m1258,m1258_ev_sabiriel_ha01.png,ev_sabiriel_ha01.png,640x480,2026-10-03 00:49
m1259,m1259_ev_sabiriel_hb01.png,ev_sabiriel_hb01.png,640x480,2026-10-03 00:49
m1260,m1260_ev_saboresu_h1.png,ev_saboresu_h1.png,640x480,2026-10-03 00:49
m1261,m1261_ev_saboten_h1.png,ev_saboten_h1.png,640x480,2026-10-03 00:49
m1262,m1262_ev_saki_hc01.png,ev_saki_hc01.png,640x480,2026-10-03 00:49
m1263,m1263_ev_saki_hd1.png,ev_saki_hd1.png,640x480,2026-10-03 00:49
m1264,m1264_ev_salamander_ha1.png,ev_salamander_ha1.png,640x480,2026-10-03 00:49
m1265,m1265_ev_salamander_hb1.png,ev_salamander_hb1.png,640x480,2026-10-03 00:49
m1266,m1266_ev_samael_hc1.png,ev_samael_hc1.png,640x480,2026-10-03 00:49
m1267,m1267_ev_sandw_h1.png,ev_sandw_h1.png,640x480,2026-10-03 00:49
m1268,m1268_ev_sango_h1.png,ev_sango_h1.png,640x480,2026-10-03 00:49
m1269,m1269_ev_sanki_ha01.png,ev_sanki_ha01.png,640x480,2026-10-03 00:49
m1270,m1270_ev_sanki_hb01.png,ev_sanki_hb01.png,640x480,2026-10-03 00:49
m1271,m1271_ev_sanki_hc01.png,ev_sanki_hc01.png,640x480,2026-10-03 00:49
m1272,m1272_ev_santamaria_hc1.png,ev_santamaria_hc1.png,640x480,2026-10-03 00:49
m1273,m1273_ev_santamaria_hd1.png,ev_santamaria_hd1.png,640x480,2026-10-03 00:49
m1274,m1274_ev_sara_ha1.png,ev_sara_ha1.png,640x480,2026-10-03 00:49
m1275,m1275_ev_sara_hb1.png,ev_sara_hb1.png,640x480,2026-10-03 00:49
m1276,m1276_ev_saraevil_ha1.png,ev_saraevil_ha1.png,640x480,2026-10-03 00:49
m1277,m1277_ev_saraevil_hb0.png,ev_saraevil_hb0.png,640x480,2026-10-03 00:49
m1278,m1278_ev_sasori_h1.png,ev_sasori_h1.png,640x480,2026-10-03 00:49
m1279,m1279_ev_sasori_hb1.png,ev_sasori_hb1.png,640x480,2026-10-03 00:49
m1280,m1280_ev_satan_h01.png,ev_satan_h01.png,640x480,2026-10-03 00:49
m1281,m1281_ev_satanachia_h1.png,ev_satanachia_h1.png,640x480,2026-10-03 00:49
m1282,m1282_ev_scylla_h0.png,ev_scylla_h0.png,640x480,2026-10-03 00:49
m1283,m1283_ev_scyllad_ha1.png,ev_scyllad_ha1.png,640x480,2026-10-03 00:49
m1284,m1284_ev_scyllad_hb1.png,ev_scyllad_hb1.png,640x480,2026-10-03 00:49
m1285,m1285_ev_seaanemone_h1.png,ev_seaanemone_h1.png,640x480,2026-10-03 00:49
m1286,m1286_ev_sebasiel_h1.png,ev_sebasiel_h1.png,640x480,2026-10-03 00:49
m1287,m1287_ev_shadow_h1.png,ev_shadow_h1.png,640x480,2026-10-03 00:49
m1288,m1288_ev_shadowassassin_ha1.png,ev_shadowassassin_ha1.png,640x480,2026-10-03 00:49
m1289,m1289_ev_shemhaza_ha1.png,ev_shemhaza_ha1.png,640x480,2026-10-03 00:49
m1290,m1290_ev_shemhaza_hd1.png,ev_shemhaza_hd1.png,640x480,2026-10-03 00:49
m1291,m1291_ev_shinobitanuki_ha1.png,ev_shinobitanuki_ha1.png,640x480,2026-10-03 00:49
m1292,m1292_ev_shion_hb02.png,ev_shion_hb02.png,640x480,2026-10-03 00:49
m1293,m1293_ev_shirokuma_h1.png,ev_shirokuma_h1.png,640x480,2026-10-03 00:49
m1294,m1294_ev_shirom_hb1.png,ev_shirom_hb1.png,640x480,2026-10-03 00:49
m1295,m1295_ev_shoutmata_ha1.png,ev_shoutmata_ha1.png,640x480,2026-10-03 00:49
m1296,m1296_ev_sigurd_ha1.png,ev_sigurd_ha1.png,640x480,2026-10-03 00:49
m1297,m1297_ev_sinigami_ha1.png,ev_sinigami_ha1.png,640x480,2026-10-03 00:49
m1298,m1298_ev_sinigami_hb1.png,ev_sinigami_hb1.png,640x480,2026-10-03 00:49
m1299,m1299_ev_sinkiro_h1.png,ev_sinkiro_h1.png,640x480,2026-10-03 00:49
m1300,m1300_ev_sirohebisama_ha1.png,ev_sirohebisama_ha1.png,640x480,2026-10-03 00:49
m1301,m1301_ev_sirohebisama_hb1.png,ev_sirohebisama_hb1.png,640x480,2026-10-03 00:49
m1302,m1302_ev_sirousagi_ha01.png,ev_sirousagi_ha01.png,640x480,2026-10-03 00:49
m1303,m1303_ev_sisccubus_h01.png,ev_sisccubus_h01.png,640x480,2026-10-03 00:49
m1304,m1304_ev_sisel_ha1.png,ev_sisel_ha1.png,640x480,2026-10-03 00:49
m1305,m1305_ev_sisterlamia_h1.png,ev_sisterlamia_h1.png,640x480,2026-10-03 00:49
m1306,m1306_ev_sisterlamia_hc1.png,ev_sisterlamia_hc1.png,640x480,2026-10-03 00:49
m1307,m1307_ev_sisterlamia_hd1.png,ev_sisterlamia_hd1.png,640x480,2026-10-03 00:49
m1308,m1308_ev_sisterlamia_he1.png,ev_sisterlamia_he1.png,640x480,2026-10-03 00:49
m1309,m1309_ev_slime_h1.png,ev_slime_h1.png,640x480,2026-10-03 00:49
m1310,m1310_ev_slime_hb1.png,ev_slime_hb1.png,640x480,2026-10-03 00:49
m1311,m1311_ev_slimelord_ha1.png,ev_slimelord_ha1.png,640x480,2026-10-03 00:49
m1312,m1312_ev_slimeprin_h1.png,ev_slimeprin_h1.png,640x480,2026-10-03 00:49
m1313,m1313_ev_sphinx_h1.png,ev_sphinx_h1.png,640x480,2026-10-03 00:49
m1314,m1314_ev_sphinx_hb1.png,ev_sphinx_hb1.png,640x480,2026-10-03 00:49
m1315,m1315_ev_sphinx_hd1.png,ev_sphinx_hd1.png,640x480,2026-10-03 00:49
m1316,m1316_ev_starma_h1.png,ev_starma_h1.png,640x480,2026-10-03 00:49
m1317,m1317_ev_stein2_hb1.png,ev_stein2_hb1.png,640x480,2026-10-03 00:49
m1318,m1318_ev_stein2_hc1.png,ev_stein2_hc1.png,640x480,2026-10-03 00:49
m1319,m1319_ev_stein_hsa1.png,ev_stein_hsa1.png,640x480,2026-10-03 00:49
m1320,m1320_ev_stein_hsf1.png,ev_stein_hsf1.png,640x480,2026-10-03 00:49
m1321,m1321_ev_succubus_ha1.png,ev_succubus_ha1.png,640x480,2026-10-03 00:49
m1322,m1322_ev_succubus_hb1.png,ev_succubus_hb1.png,640x480,2026-10-03 00:49
m1323,m1323_ev_succubus_hc1.png,ev_succubus_hc1.png,640x480,2026-10-03 00:49
m1324,m1324_ev_succubus_hd1.png,ev_succubus_hd1.png,640x480,2026-10-03 00:49
m1325,m1325_ev_succubuses_ha01.png,ev_succubuses_ha01.png,640x480,2026-10-03 00:49
m1326,m1326_ev_succubuses_hb01.png,ev_succubuses_hb01.png,640x480,2026-10-03 00:49
m1327,m1327_ev_succubusj_h1.png,ev_succubusj_h1.png,640x480,2026-10-03 00:49
m1328,m1328_ev_succubusm_h1.png,ev_succubusm_h1.png,640x480,2026-10-03 00:49
m1329,m1329_ev_succubusq_h1.png,ev_succubusq_h1.png,640x480,2026-10-03 00:49
m1330,m1330_ev_suckvore_h1.png,ev_suckvore_h1.png,640x480,2026-10-03 00:49
m1331,m1331_ev_suckvore_hb1.png,ev_suckvore_hb1.png,640x480,2026-10-03 00:49
m1332,m1332_ev_suckvore_hc1.png,ev_suckvore_hc1.png,640x480,2026-10-03 00:49
m1333,m1333_ev_suika_h1.png,ev_suika_h1.png,640x480,2026-10-03 00:49
m1334,m1334_ev_suzume_h1.png,ev_suzume_h1.png,640x480,2026-10-03 00:49
m1335,m1335_ev_sylph_hb1.png,ev_sylph_hb1.png,640x480,2026-10-03 00:49
m1336,m1336_ev_tamamo_h1.png,ev_tamamo_h1.png,640x480,2026-10-03 00:49
m1337,m1337_ev_tamamo_hb1.png,ev_tamamo_hb1.png,640x480,2026-10-03 00:49
m1338,m1338_ev_tamamo_hd01.png,ev_tamamo_hd01.png,640x480,2026-10-03 00:49
m1339,m1339_ev_tamamo_he01.png,ev_tamamo_he01.png,640x480,2026-10-03 00:49
m1340,m1340_ev_tao_ha1.png,ev_tao_ha1.png,640x480,2026-10-03 00:49
m1341,m1341_ev_tao_hb1.png,ev_tao_hb1.png,640x480,2026-10-03 00:49
m1342,m1342_ev_taran_h1.png,ev_taran_h1.png,640x480,2026-10-03 00:49
m1343,m1343_ev_tarsa_h1.png,ev_tarsa_h1.png,640x480,2026-10-03 00:49
m1344,m1344_ev_tatunoko_k_h1.png,ev_tatunoko_k_h1.png,640x480,2026-10-03 00:49
m1345,m1345_ev_tatunoko_k_hb1.png,ev_tatunoko_k_hb1.png,640x480,2026-10-03 00:49
m1346,m1346_ev_tennyo_h1.png,ev_tennyo_h1.png,640x480,2026-10-03 00:49
m1347,m1347_ev_testarossa_h1.png,ev_testarossa_h1.png,640x480,2026-10-03 00:49
m1348,m1348_ev_tezcatlipoca_h01.png,ev_tezcatlipoca_h01.png,640x480,2026-10-03 00:49
m1349,m1349_ev_tezcatlipoca_hb1.png,ev_tezcatlipoca_hb1.png,640x480,2026-10-03 00:49
m1350,m1350_ev_tiamat_ha1.png,ev_tiamat_ha1.png,640x480,2026-10-03 00:49
m1351,m1351_ev_tiamat_hd1.png,ev_tiamat_hd1.png,640x480,2026-10-03 00:49
m1352,m1352_ev_tiamat_he1.png,ev_tiamat_he1.png,640x480,2026-10-03 00:49
m1353,m1353_ev_tiamat_hf1.png,ev_tiamat_hf1.png,640x480,2026-10-03 00:49
m1354,m1354_ev_tonberi_h1.png,ev_tonberi_h1.png,640x480,2026-10-03 00:49
m1355,m1355_ev_tora_h1.png,ev_tora_h1.png,640x480,2026-10-03 00:49
m1356,m1356_ev_trickfairy_h1.png,ev_trickfairy_h1.png,640x480,2026-10-03 00:49
m1357,m1357_ev_trinity_ha1.png,ev_trinity_ha1.png,640x480,2026-10-03 00:49
m1358,m1358_ev_trinity_hb1.png,ev_trinity_hb1.png,640x480,2026-10-03 00:49
m1359,m1359_ev_TT_ha1.png,ev_TT_ha1.png,640x480,2026-10-03 00:49
m1360,m1360_ev_TT_hb1.png,ev_TT_hb1.png,640x480,2026-10-03 00:49
m1361,m1361_ev_tukuyomi_h1.png,ev_tukuyomi_h1.png,640x480,2026-10-03 00:49
m1362,m1362_ev_typhon_h1.png,ev_typhon_h1.png,640x480,2026-10-03 00:49
m1363,m1363_ev_u_scylla_h01.png,ev_u_scylla_h01.png,640x480,2026-10-03 00:49
m1364,m1364_ev_umiusi_k_h1.png,ev_umiusi_k_h1.png,640x480,2026-10-03 00:49
m1365,m1365_ev_umiusi_k_hb1.png,ev_umiusi_k_hb1.png,640x480,2026-10-03 00:49
m1366,m1366_ev_undine_ha1.png,ev_undine_ha1.png,640x480,2026-10-03 00:49
m1367,m1367_ev_undine_hb1.png,ev_undine_hb1.png,640x480,2026-10-03 00:49
m1368,m1368_ev_unknown1_h1.png,ev_unknown1_h1.png,640x480,2026-10-03 00:49
m1369,m1369_ev_unknown2_h1.png,ev_unknown2_h1.png,640x480,2026-10-03 00:49
m1370,m1370_ev_unknown3_h1.png,ev_unknown3_h1.png,640x480,2026-10-03 00:49
m1371,m1371_ev_uranus_h1.png,ev_uranus_h1.png,640x480,2026-10-03 00:49
m1372,m1372_ev_usagi_ha1.png,ev_usagi_ha1.png,640x480,2026-10-03 00:49
m1373,m1373_ev_usagi_hb1.png,ev_usagi_hb1.png,640x480,2026-10-03 00:49
m1374,m1374_ev_usagi_hc1.png,ev_usagi_hc1.png,640x480,2026-10-03 00:49
m1375,m1375_ev_utubo_h1.png,ev_utubo_h1.png,640x480,2026-10-03 00:49
m1376,m1376_ev_valkyrie_ha1.png,ev_valkyrie_ha1.png,640x480,2026-10-03 00:49
m1377,m1377_ev_valkyrie_hb1.png,ev_valkyrie_hb1.png,640x480,2026-10-03 00:49
m1378,m1378_ev_vampire_h1.png,ev_vampire_h1.png,640x480,2026-10-03 00:49
m1379,m1379_ev_vellraune_ha01.png,ev_vellraune_ha01.png,640x480,2026-10-03 00:49
m1380,m1380_ev_vellraune_hc1.png,ev_vellraune_hc1.png,640x480,2026-10-03 00:49
m1381,m1381_ev_vendetta_ha1.png,ev_vendetta_ha1.png,640x480,2026-10-03 00:49
m1382,m1382_ev_vendetta_hb1.png,ev_vendetta_hb1.png,640x480,2026-10-03 00:49
m1383,m1383_ev_vgirl_h1.png,ev_vgirl_h1.png,640x480,2026-10-03 00:49
m1384,m1384_ev_vgirl_hc01.png,ev_vgirl_hc01.png,640x480,2026-10-03 00:49
m1385,m1385_ev_vgirl_hf1.png,ev_vgirl_hf1.png,640x480,2026-10-03 00:49
m1386,m1386_ev_vinum_h1.png,ev_vinum_h1.png,640x480,2026-10-03 00:49
m1387,m1387_ev_vitae_h01.png,ev_vitae_h01.png,640x480,2026-10-03 00:49
m1388,m1388_ev_vouivre_ha1.png,ev_vouivre_ha1.png,640x480,2026-10-03 00:49
m1389,m1389_ev_vouivre_hb1.png,ev_vouivre_hb1.png,640x480,2026-10-03 00:49
m1390,m1390_ev_w_hapy_h1.png,ev_w_hapy_h1.png,640x480,2026-10-03 00:49
m1391,m1391_ev_w_hapy_ha1.png,ev_w_hapy_ha1.png,640x480,2026-10-03 00:49
m1392,m1392_ev_wakame_h1.png,ev_wakame_h1.png,640x480,2026-10-03 00:49
m1393,m1393_ev_wakame_hb1.png,ev_wakame_hb1.png,640x480,2026-10-03 00:49
m1394,m1394_ev_wakame_hc1.png,ev_wakame_hc1.png,640x480,2026-10-03 00:49
m1395,m1395_ev_wani_h01.png,ev_wani_h01.png,640x480,2026-10-03 00:49
m1396,m1396_ev_warmer_ha1.png,ev_warmer_ha1.png,640x480,2026-10-03 00:49
m1397,m1397_ev_warmer_hb1.png,ev_warmer_hb1.png,640x480,2026-10-03 00:49
m1398,m1398_ev_whiteyel_h1.png,ev_whiteyel_h1.png,640x480,2026-10-03 00:49
m1399,m1399_ev_witchs2_ha0.png,ev_witchs2_ha0.png,640x480,2026-10-03 00:49
m1400,m1400_ev_witchs2_hb0.png,ev_witchs2_hb0.png,640x480,2026-10-03 00:49
m1401,m1401_ev_witchs_ha01.png,ev_witchs_ha01.png,640x480,2026-10-03 00:49
m1402,m1402_ev_witchs_hb1.png,ev_witchs_hb1.png,640x480,2026-10-03 00:49
m1403,m1403_ev_witchs_hc1.png,ev_witchs_hc1.png,640x480,2026-10-03 00:49
m1404,m1404_ev_witchs_hd1.png,ev_witchs_hd1.png,640x480,2026-10-03 00:49
m1405,m1405_ev_witchs_he1.png,ev_witchs_he1.png,640x480,2026-10-03 00:49
m1406,m1406_ev_witchs_hf1.png,ev_witchs_hf1.png,640x480,2026-10-03 00:49
m1407,m1407_ev_witchs_hg1.png,ev_witchs_hg1.png,640x480,2026-10-03 00:49
m1408,m1408_ev_witchs_hh1.png,ev_witchs_hh1.png,640x480,2026-10-03 00:49
m1409,m1409_ev_witchs_hi1.png,ev_witchs_hi1.png,640x480,2026-10-03 00:49
m1410,m1410_ev_witchs_hj1.png,ev_witchs_hj1.png,640x480,2026-10-03 00:49
m1411,m1411_ev_witchs_hk1.png,ev_witchs_hk1.png,640x480,2026-10-03 00:49
m1412,m1412_ev_worlddrown_h1.png,ev_worlddrown_h1.png,640x480,2026-10-03 00:49
m1413,m1413_ev_wormv_h1.png,ev_wormv_h1.png,640x480,2026-10-03 00:49
m1414,m1414_ev_XX-7_ha1.png,ev_XX-7_ha1.png,640x480,2026-10-03 00:49
m1415,m1415_ev_XX-7_hb1.png,ev_XX-7_hb1.png,640x480,2026-10-03 00:49
m1416,m1416_ev_yamatanooroti_h01.png,ev_yamatanooroti_h01.png,640x480,2026-10-03 00:49
m1417,m1417_ev_yamatanooroti_hb1.png,ev_yamatanooroti_hb1.png,640x480,2026-10-03 00:49
m1418,m1418_ev_yomotu_h1.png,ev_yomotu_h1.png,640x480,2026-10-03 00:49
m1419,m1419_ev_yougan_h1.png,ev_yougan_h1.png,640x480,2026-10-03 00:49
m1420,m1420_ev_youki_ha1.png,ev_youki_ha1.png,640x480,2026-10-03 00:49
m1421,m1421_ev_youki_hb1.png,ev_youki_hb1.png,640x480,2026-10-03 00:49
m1422,m1422_ev_youki_hc1.png,ev_youki_hc1.png,640x480,2026-10-03 00:49
m1423,m1423_ev_youko_h1.png,ev_youko_h1.png,640x480,2026-10-03 00:49
m1424,m1424_ev_youkosan_h1.png,ev_youkosan_h1.png,640x480,2026-10-03 00:49
m1425,m1425_ev_yukionna_h1.png,ev_yukionna_h1.png,640x480,2026-10-03 00:49
m1426,m1426_ev_yukionna_hb1.png,ev_yukionna_hb1.png,640x480,2026-10-03 00:49
m1427,m1427_ev_zenki_h1.png,ev_zenki_h1.png,640x480,2026-10-03 00:49
m1428,m1428_ev_zigen_kenzoku2_h1.png,ev_zigen_kenzoku2_h1.png,640x480,2026-10-03 00:49
m1429,m1429_ev_zigen_kenzoku_ha1.png,ev_zigen_kenzoku_ha1.png,640x480,2026-10-03 00:49
m1430,m1430_ev_zigen_kenzoku_hb1.png,ev_zigen_kenzoku_hb1.png,640x480,2026-10-03 00:49
m1431,m1431_ev_zinitauros_h1.png,ev_zinitauros_h1.png,640x480,2026-10-03 00:49
m1432,m1432_ev_zyakotuonna_h1.png,ev_zyakotuonna_h1.png,640x480,2026-10-03 00:49
m1433,m1433_ev_zylphe_h01.png,ev_zylphe_h01.png,640x480,2026-10-03 00:49
m1434,m1434_ev_zyoutanuki_hb1.png,ev_zyoutanuki_hb1.png,640x480,2026-10-03 00:49
m1435,m1435_iv_ahe.png,iv_ahe.png,1505x454,2026-10-03 00:49
m1436,m1436_iv_apiro_ragos1.png,iv_apiro_ragos1.png,640x480,2026-10-03 00:49
m1437,m1437_iv_brackhole.png,iv_brackhole.png,400x400,2026-10-03 00:49
m1438,m1438_iv_brain.png,iv_brain.png,640x480,2026-10-03 00:49
m1439,m1439_iv_chaos1.png,iv_chaos1.png,640x480,2026-10-03 00:49
m1440,m1440_iv_collabo_emb.png,iv_collabo_emb.png,640x480,2026-10-03 00:49
m1441,m1441_iv_gabriera1.png,iv_gabriera1.png,640x480,2026-10-03 00:49
m1442,m1442_iv_gate1.png,iv_gate1.png,640x480,2026-10-03 00:49
m1443,m1443_iv_gband_a1.png,iv_gband_a1.png,640x480,2026-10-03 00:49
m1444,m1444_iv_granberia1.png,iv_granberia1.png,640x480,2026-10-03 00:49
m1445,m1445_iv_iceybozb.png,iv_iceybozb.png,640x480,2026-10-03 00:49
m1446,m1446_iv_idea_rukas1.png,iv_idea_rukas1.png,640x480,2026-10-03 00:49
m1447,m1447_iv_kagetumugi_c1.png,iv_kagetumugi_c1.png,640x480,2026-10-03 00:49
m1448,m1448_iv_megamigun.png,iv_megamigun.png,640x480,2026-10-03 00:49
m1449,m1449_iv_metatosanda1.png,iv_metatosanda1.png,640x480,2026-10-03 00:49
m1450,m1450_iv_neris1.png,iv_neris1.png,640x480,2026-10-03 00:49
m1451,m1451_iv_plant_ha1.png,iv_plant_ha1.png,640x480,2026-10-03 00:49
m1452,m1452_iv_plant_hb1.png,iv_plant_hb1.png,640x480,2026-10-03 00:49
m1453,m1453_iv_plant_hc1.png,iv_plant_hc1.png,640x480,2026-10-03 00:49
m1454,m1454_iv_plant_hd1.png,iv_plant_hd1.png,640x480,2026-10-03 00:49
m1455,m1455_iv_plant_hd4sx.png,iv_plant_hd4sx.png,640x480,2026-10-03 00:49
m1456,m1456_iv_plant_hd6sx.png,iv_plant_hd6sx.png,640x480,2026-10-03 00:49
m1457,m1457_iv_plant_he1.png,iv_plant_he1.png,640x480,2026-10-03 00:49
m1458,m1458_iv_replicant.png,iv_replicant.png,640x480,2026-10-03 00:49
m1459,m1459_iv_rukab1.png,iv_rukab1.png,640x480,2026-10-03 00:49
m1460,m1460_iv_zigensinsyokusya1.png,iv_zigensinsyokusya1.png,640x480,2026-10-03 00:49
m1461,m1461_iv_zyasingun.png,iv_zyasingun.png,640x480,2026-10-03 00:49
