MOD,ファイル,場面,経路,責め手,当たる項目,今の絶頂の書き方(語の数),字数,scenと一致した行
N1_Host_MOD_v4,CSV/Card\Host_master.txt,@敗北_btl_m1,バトル,レン,ところてん→メスイキ・メスの才能,射精2／ところてん系1／メスイキ系0,7576,24/138
N1_Host_MOD_v4,CSV/Card\Host_master.txt,@敗北_btl_m2,バトル,レン,ところてん→メスイキ・乳首では出さない(射精の語あり 要確認)・メスの才能・体のメス化,射精2／ところてん系1／メスイキ系3,7650,19/128
N1_Host_MOD_v4,CSV/Card\Host_master.txt,@敗北_btl_m3,バトル,レン,ところてん→メスイキ・メスの才能・体のメス化・逆アナルの射精,射精5／ところてん系4／メスイキ系1,7897,13/130
N1_Host_MOD_v4,CSV/Card\Host_master.txt,@敗北_btl_e1,バトル,ヒナタ,ところてん→メスイキ・乳首では出さない(射精の語あり 要確認)・メスの才能・体のメス化,射精4／ところてん系2／メスイキ系0,7527,14/117
N1_Host_MOD_v4,CSV/Card\Host_master.txt,@敗北_btl_e2,バトル,ユウ,ところてん→メスイキ・乳首では出さない(射精の語あり 要確認)・メスの才能・体のメス化,射精3／ところてん系0／メスイキ系0,7532,33/164
N1_Host_MOD_v4,CSV/Card\Host_master.txt,@敗北_btl_e3,バトル,ソラ,ところてん→メスイキ・メスの才能,射精4／ところてん系5／メスイキ系0,7653,32/174
N1_Host_MOD_v4,CSV/Card\Host_master.txt,@敗北_btl_boss,バトル,暁,ところてん→メスイキ・乳首では出さない(射精の語あり 要確認)・メスの才能・体のメス化,射精13／ところてん系2／メスイキ系1,7742,8/115
N1_Host_MOD_v4,CSV/Card\Host_master.txt,@敗北_onani_m1,オナニー,レン,乳首では出さない(射精の語あり 要確認)・メスの才能・体のメス化,射精1／ところてん系2／メスイキ系1,7516,21/135
N1_Host_MOD_v4,CSV/Card\Host_master.txt,@敗北_onani_m2,オナニー,レン,ところてん→メスイキ・乳首では出さない(射精の語あり 要確認)・メスの才能・体のメス化,射精1／ところてん系1／メスイキ系2,7402,21/115
N1_Host_MOD_v4,CSV/Card\Host_master.txt,@敗北_onani_m3,オナニー,レン,ところてん→メスイキ・メスの才能,射精4／ところてん系2／メスイキ系0,7693,15/125
N1_Host_MOD_v4,CSV/Card\Host_master.txt,@敗北_onani_e1,オナニー,ヒナタ,乳首では出さない(射精の語あり 要確認)・メスの才能・体のメス化・ぱふぱふ,射精5／ところてん系1／メスイキ系1,7400,17/112
N1_Host_MOD_v4,CSV/Card\Host_master.txt,@敗北_onani_e2,オナニー,ユウ,ところてん→メスイキ・乳首では出さない(射精の語あり 要確認)・メスの才能・体のメス化,射精1／ところてん系1／メスイキ系2,7428,33/155
N1_Host_MOD_v4,CSV/Card\Host_master.txt,@敗北_onani_e3,オナニー,ソラ,ところてん→メスイキ・メスの才能,射精2／ところてん系4／メスイキ系0,7445,35/173
N1_Host_MOD_v4,CSV/Card\Host_master.txt,@敗北_onani_boss,オナニー,暁,ところてん→メスイキ・乳首では出さない(射精の語あり 要確認)・メスの才能・体のメス化,射精5／ところてん系1／メスイキ系2,7574,6/109
N1_Host_MOD_v4,CSV/Card\Host_master.txt,@敗北_inochi_m1,命乞い,レン,ところてん→メスイキ・メスの才能,射精1／ところてん系1／メスイキ系1,7196,24/143
N1_Host_MOD_v4,CSV/Card\Host_master.txt,@敗北_inochi_m2,命乞い,レン,ところてん→メスイキ・乳首では出さない(射精の語あり 要確認)・メスの才能・体のメス化,射精2／ところてん系0／メスイキ系1,7204,12/114
N1_Host_MOD_v4,CSV/Card\Host_master.txt,@敗北_inochi_m3,命乞い,レン,ところてん→メスイキ・メスの才能,射精3／ところてん系0／メスイキ系1,7755,19/124
N1_Host_MOD_v4,CSV/Card\Host_master.txt,@敗北_inochi_e1,命乞い,ヒナタ,ところてん→メスイキ・乳首では出さない(射精の語あり 要確認)・メスの才能・体のメス化・ぱふぱふ,射精5／ところてん系1／メスイキ系0,7375,19/113
N1_Host_MOD_v4,CSV/Card\Host_master.txt,@敗北_inochi_e2,命乞い,ユウ,ところてん→メスイキ・乳首では出さない(射精の語あり 要確認)・メスの才能・体のメス化・アナル舐め,射精1／ところてん系1／メスイキ系0,7377,36/151
N1_Host_MOD_v4,CSV/Card\Host_master.txt,@敗北_inochi_e3,命乞い,ソラ,ところてん→メスイキ・メスの才能,射精4／ところてん系7／メスイキ系0,7577,41/176
N1_Host_MOD_v4,CSV/Card\Host_master.txt,@敗北_inochi_boss,命乞い,暁,ところてん→メスイキ・乳首では出さない(射精の語あり 要確認)・メスの才能・体のメス化,射精7／ところてん系1／メスイキ系2,7343,3/103
N1_Host_MOD_v4,CSV/Card\Host_master.txt,@敗北_onedari_m1,おねだり,レン,ところてん→メスイキ・メスの才能,射精2／ところてん系0／メスイキ系0,7808,22/141
N1_Host_MOD_v4,CSV/Card\Host_master.txt,@敗北_onedari_m2,おねだり,レン,ところてん→メスイキ・乳首では出さない(射精の語あり 要確認)・メスの才能・体のメス化,射精1／ところてん系0／メスイキ系3,7296,26/114
N1_Host_MOD_v4,CSV/Card\Host_master.txt,@敗北_onedari_m3,おねだり,レン,ところてん→メスイキ・メスの才能,射精4／ところてん系3／メスイキ系1,8067,15/130
N1_Host_MOD_v4,CSV/Card\Host_master.txt,@敗北_onedari_e1,おねだり,ヒナタ,ところてん→メスイキ・乳首では出さない(射精の語あり 要確認)・メスの才能・体のメス化,射精3／ところてん系0／メスイキ系0,7531,24/124
N1_Host_MOD_v4,CSV/Card\Host_master.txt,@敗北_onedari_e2,おねだり,ユウ,ところてん→メスイキ・乳首では出さない(射精の語あり 要確認)・メスの才能・体のメス化,射精2／ところてん系1／メスイキ系0,7358,38/145
N1_Host_MOD_v4,CSV/Card\Host_master.txt,@敗北_onedari_e3,おねだり,ソラ,ところてん→メスイキ・メスの才能,射精3／ところてん系8／メスイキ系0,7510,26/160
N1_Host_MOD_v4,CSV/Card\Host_master.txt,@敗北_onedari_boss,おねだり,暁,ところてん→メスイキ・乳首では出さない(射精の語あり 要確認)・メスの才能・体のメス化,射精7／ところてん系1／メスイキ系1,7385,14/108
N2_Circle_MOD_v4,CSV/Card\Circle_master.txt,@敗北_btl_m1,バトル,ハルカ,ところてん→メスイキ・メスの才能,射精2／ところてん系0／メスイキ系1,7319,37/146
N2_Circle_MOD_v4,CSV/Card\Circle_master.txt,@敗北_btl_m2,バトル,ハルカ,乳首では出さない(射精の語あり 要確認)・メスの才能・体のメス化,射精2／ところてん系0／メスイキ系0,7494,34/149
N2_Circle_MOD_v4,CSV/Card\Circle_master.txt,@敗北_btl_m3,バトル,ハルカ,ところてん→メスイキ・メスの才能,射精4／ところてん系2／メスイキ系1,7546,23/128
N2_Circle_MOD_v4,CSV/Card\Circle_master.txt,@敗北_btl_e1,バトル,ミオ,乳首では出さない(射精の語あり 要確認)・メスの才能・体のメス化,射精7／ところてん系0／メスイキ系1,7532,22/129
N2_Circle_MOD_v4,CSV/Card\Circle_master.txt,@敗北_btl_e2,バトル,ツバサ,メスの才能,射精4／ところてん系3／メスイキ系0,7780,35/156
N2_Circle_MOD_v4,CSV/Card\Circle_master.txt,@敗北_btl_e3,バトル,カイト,ところてん→メスイキ・メスの才能,射精4／ところてん系1／メスイキ系1,7751,40/171
N2_Circle_MOD_v4,CSV/Card\Circle_master.txt,@敗北_btl_boss,バトル,シズク,ところてん→メスイキ・メスの才能・アナル舐め,射精3／ところてん系0／メスイキ系0,7812,23/135
N2_Circle_MOD_v4,CSV/Card\Circle_master.txt,@敗北_onani_m1,オナニー,ハルカ,メスの才能,射精3／ところてん系0／メスイキ系0,7036,21/133
N2_Circle_MOD_v4,CSV/Card\Circle_master.txt,@敗北_onani_m2,オナニー,ハルカ,乳首では出さない(射精の語あり 要確認)・メスの才能・体のメス化,射精2／ところてん系0／メスイキ系0,7263,40/141
N2_Circle_MOD_v4,CSV/Card\Circle_master.txt,@敗北_onani_m3,オナニー,ハルカ,ところてん→メスイキ・メスの才能,射精2／ところてん系0／メスイキ系1,7352,37/123
N2_Circle_MOD_v4,CSV/Card\Circle_master.txt,@敗北_onani_e1,オナニー,ミオ,乳首では出さない(射精の語あり 要確認)・メスの才能・体のメス化,射精3／ところてん系1／メスイキ系1,7356,21/127
N2_Circle_MOD_v4,CSV/Card\Circle_master.txt,@敗北_onani_e2,オナニー,ツバサ,乳首では出さない(射精の語あり 要確認)・メスの才能・体のメス化,射精2／ところてん系0／メスイキ系1,7429,36/156
N2_Circle_MOD_v4,CSV/Card\Circle_master.txt,@敗北_onani_e3,オナニー,カイト,ところてん→メスイキ・メスの才能,射精1／ところてん系1／メスイキ系1,7370,42/170
N2_Circle_MOD_v4,CSV/Card\Circle_master.txt,@敗北_onani_boss,オナニー,シズク,ところてん→メスイキ・メスの才能,射精2／ところてん系0／メスイキ系0,7466,36/141
N2_Circle_MOD_v4,CSV/Card\Circle_master.txt,@敗北_inochi_m1,命乞い,ハルカ,ところてん→メスイキ・メスの才能,射精3／ところてん系1／メスイキ系0,6955,34/140
N2_Circle_MOD_v4,CSV/Card\Circle_master.txt,@敗北_inochi_m2,命乞い,ハルカ,乳首では出さない(射精の語あり 要確認)・メスの才能・体のメス化,射精2／ところてん系0／メスイキ系0,7313,40/149
N2_Circle_MOD_v4,CSV/Card\Circle_master.txt,@敗北_inochi_m3,命乞い,ハルカ,ところてん→メスイキ・メスの才能,射精2／ところてん系1／メスイキ系0,7293,32/122
N2_Circle_MOD_v4,CSV/Card\Circle_master.txt,@敗北_inochi_e1,命乞い,ミオ,乳首では出さない(射精の語あり 要確認)・メスの才能・体のメス化,射精5／ところてん系2／メスイキ系1,7321,26/125
N2_Circle_MOD_v4,CSV/Card\Circle_master.txt,@敗北_inochi_e2,命乞い,ツバサ,乳首では出さない(射精の語あり 要確認)・メスの才能・体のメス化,射精1／ところてん系0／メスイキ系1,7287,45/161
N2_Circle_MOD_v4,CSV/Card\Circle_master.txt,@敗北_inochi_e3,命乞い,カイト,ところてん→メスイキ・メスの才能,射精2／ところてん系0／メスイキ系0,7410,29/160
N2_Circle_MOD_v4,CSV/Card\Circle_master.txt,@敗北_inochi_boss,命乞い,シズク,ところてん→メスイキ・メスの才能,射精1／ところてん系1／メスイキ系0,7503,28/139
N2_Circle_MOD_v4,CSV/Card\Circle_master.txt,@敗北_onedari_m1,おねだり,ハルカ,ところてん→メスイキ・メスの才能・体のメス化,射精3／ところてん系0／メスイキ系1,6848,34/137
N2_Circle_MOD_v4,CSV/Card\Circle_master.txt,@敗北_onedari_m2,おねだり,ハルカ,乳首では出さない(射精の語あり 要確認)・メスの才能・体のメス化,射精2／ところてん系0／メスイキ系0,7199,38/141
N2_Circle_MOD_v4,CSV/Card\Circle_master.txt,@敗北_onedari_m3,おねだり,ハルカ,ところてん→メスイキ・メスの才能,射精3／ところてん系1／メスイキ系0,7306,51/133
N2_Circle_MOD_v4,CSV/Card\Circle_master.txt,@敗北_onedari_e1,おねだり,ミオ,乳首では出さない(射精の語あり 要確認)・メスの才能・体のメス化,射精5／ところてん系0／メスイキ系1,7384,23/130
N2_Circle_MOD_v4,CSV/Card\Circle_master.txt,@敗北_onedari_e2,おねだり,ツバサ,乳首では出さない(射精の語あり 要確認)・メスの才能・体のメス化,射精3／ところてん系0／メスイキ系1,7381,39/152
N2_Circle_MOD_v4,CSV/Card\Circle_master.txt,@敗北_onedari_e3,おねだり,カイト,ところてん→メスイキ・メスの才能,射精3／ところてん系0／メスイキ系1,7301,42/167
N2_Circle_MOD_v4,CSV/Card\Circle_master.txt,@敗北_onedari_boss,おねだり,シズク,ところてん→メスイキ・メスの才能,射精1／ところてん系0／メスイキ系0,7460,30/131
N3_Inma_MOD_v4,CSV/Card\Inma_master.txt,@敗北_btl_m1,バトル,リリム,ところてん→メスイキ・乳首では出さない(射精の語あり 要確認)・メスの才能・体のメス化,射精5／ところてん系1／メスイキ系0,8127,26/156
N3_Inma_MOD_v4,CSV/Card\Inma_master.txt,@敗北_btl_m2,バトル,リリム,（当たらない）,射精2／ところてん系3／メスイキ系1,7684,35/163
N3_Inma_MOD_v4,CSV/Card\Inma_master.txt,@敗北_btl_m3,バトル,リリム,ところてん→メスイキ・メスの才能,射精5／ところてん系1／メスイキ系0,8019,19/159
N3_Inma_MOD_v4,CSV/Card\Inma_master.txt,@敗北_btl_e1,バトル,ナギ,ところてん→メスイキ・乳首では出さない(射精の語あり 要確認)・メスの才能・体のメス化,射精2／ところてん系3／メスイキ系1,7565,46/154
N3_Inma_MOD_v4,CSV/Card\Inma_master.txt,@敗北_btl_e2,バトル,ルカ,乳首では出さない(射精の語あり 要確認)・メスの才能・体のメス化,射精2／ところてん系0／メスイキ系1,7846,14/134
N3_Inma_MOD_v4,CSV/Card\Inma_master.txt,@敗北_btl_e3,バトル,ピオ,（当たらない）,射精3／ところてん系3／メスイキ系0,7456,34/162
N3_Inma_MOD_v4,CSV/Card\Inma_master.txt,@敗北_btl_boss,バトル,ヴァル,ところてん→メスイキ・メスの才能,射精3／ところてん系1／メスイキ系0,7904,20/169
N3_Inma_MOD_v4,CSV/Card\Inma_master.txt,@敗北_onani_m1,オナニー,リリム,ところてん→メスイキ・乳首では出さない(射精の語あり 要確認)・メスの才能・体のメス化,射精4／ところてん系1／メスイキ系0,7607,24/146
N3_Inma_MOD_v4,CSV/Card\Inma_master.txt,@敗北_onani_m2,オナニー,リリム,（当たらない）,射精2／ところてん系4／メスイキ系0,7473,54/159
N3_Inma_MOD_v4,CSV/Card\Inma_master.txt,@敗北_onani_m3,オナニー,リリム,ところてん→メスイキ・メスの才能,射精1／ところてん系0／メスイキ系1,7647,16/149
N3_Inma_MOD_v4,CSV/Card\Inma_master.txt,@敗北_onani_e1,オナニー,ナギ,乳首では出さない(射精の語あり 要確認)・メスの才能・体のメス化,射精2／ところてん系0／メスイキ系0,7352,54/154
N3_Inma_MOD_v4,CSV/Card\Inma_master.txt,@敗北_onani_e2,オナニー,ルカ,乳首では出さない(射精の語あり 要確認)・メスの才能・体のメス化,射精1／ところてん系1／メスイキ系1,7485,26/135
N3_Inma_MOD_v4,CSV/Card\Inma_master.txt,@敗北_onani_e3,オナニー,ピオ,（当たらない）,射精2／ところてん系2／メスイキ系0,7451,37/158
N3_Inma_MOD_v4,CSV/Card\Inma_master.txt,@敗北_onani_boss,オナニー,ヴァル,ところてん→メスイキ・メスの才能,射精4／ところてん系4／メスイキ系1,7538,40/162
N3_Inma_MOD_v4,CSV/Card\Inma_master.txt,@敗北_inochi_m1,命乞い,リリム,ところてん→メスイキ・乳首では出さない(射精の語あり 要確認)・メスの才能・体のメス化,射精5／ところてん系1／メスイキ系0,7558,26/135
N3_Inma_MOD_v4,CSV/Card\Inma_master.txt,@敗北_inochi_m2,命乞い,リリム,（当たらない）,射精3／ところてん系0／メスイキ系1,7382,40/155
N3_Inma_MOD_v4,CSV/Card\Inma_master.txt,@敗北_inochi_m3,命乞い,リリム,ところてん→メスイキ・メスの才能,射精3／ところてん系2／メスイキ系0,7542,19/148
N3_Inma_MOD_v4,CSV/Card\Inma_master.txt,@敗北_inochi_e1,命乞い,ナギ,乳首では出さない(射精の語あり 要確認)・メスの才能・体のメス化,射精2／ところてん系1／メスイキ系1,7468,53/148
N3_Inma_MOD_v4,CSV/Card\Inma_master.txt,@敗北_inochi_e2,命乞い,ルカ,ところてん→メスイキ(メスイキの語あり)・メスの才能・体のメス化,射精0／ところてん系0／メスイキ系1,7758,15/132
N3_Inma_MOD_v4,CSV/Card\Inma_master.txt,@敗北_inochi_e3,命乞い,ピオ,（当たらない）,射精5／ところてん系4／メスイキ系1,7389,29/151
N3_Inma_MOD_v4,CSV/Card\Inma_master.txt,@敗北_inochi_boss,命乞い,ヴァル,ところてん→メスイキ・メスの才能,射精2／ところてん系1／メスイキ系1,7564,39/159
N3_Inma_MOD_v4,CSV/Card\Inma_master.txt,@敗北_onedari_m1,おねだり,リリム,ところてん→メスイキ・乳首では出さない(射精の語あり 要確認)・メスの才能・体のメス化,射精4／ところてん系0／メスイキ系1,7316,23/140
N3_Inma_MOD_v4,CSV/Card\Inma_master.txt,@敗北_onedari_m2,おねだり,リリム,（当たらない）,射精2／ところてん系1／メスイキ系0,7477,58/174
N3_Inma_MOD_v4,CSV/Card\Inma_master.txt,@敗北_onedari_m3,おねだり,リリム,ところてん→メスイキ・メスの才能,射精3／ところてん系1／メスイキ系0,7690,16/151
N3_Inma_MOD_v4,CSV/Card\Inma_master.txt,@敗北_onedari_e1,おねだり,ナギ,乳首では出さない(射精の語あり 要確認)・メスの才能・体のメス化,射精2／ところてん系1／メスイキ系1,7332,50/151
N3_Inma_MOD_v4,CSV/Card\Inma_master.txt,@敗北_onedari_e2,おねだり,ルカ,乳首では出さない(射精の語あり 要確認)・メスの才能・体のメス化,射精2／ところてん系1／メスイキ系0,7521,30/144
N3_Inma_MOD_v4,CSV/Card\Inma_master.txt,@敗北_onedari_e3,おねだり,ピオ,（当たらない）,射精2／ところてん系1／メスイキ系0,7409,30/158
N3_Inma_MOD_v4,CSV/Card\Inma_master.txt,@敗北_onedari_boss,おねだり,ヴァル,ところてん→メスイキ・メスの才能,射精4／ところてん系0／メスイキ系0,7540,28/156
N4_Android_MOD_v4,CSV/Card\Android_master.txt,@敗北_btl_m1,バトル,NX-00,ところてん→メスイキ・乳首では出さない(射精の語あり 要確認)・メスの才能・体のメス化,射精4／ところてん系2／メスイキ系0,7498,29/151
N4_Android_MOD_v4,CSV/Card\Android_master.txt,@敗北_btl_m2,バトル,NX-00,乳首では出さない(射精の語あり 要確認)・メスの才能・体のメス化,射精4／ところてん系3／メスイキ系1,7446,18/156
N4_Android_MOD_v4,CSV/Card\Android_master.txt,@敗北_btl_m3,バトル,NX-00,ところてん→メスイキ・メスの才能,射精5／ところてん系1／メスイキ系1,7605,23/151
N4_Android_MOD_v4,CSV/Card\Android_master.txt,@敗北_btl_e1,バトル,検査ユニット,ところてん→メスイキ・乳首では出さない(射精の語あり 要確認)・メスの才能・体のメス化,射精6／ところてん系1／メスイキ系0,7672,22/149
N4_Android_MOD_v4,CSV/Card\Android_master.txt,@敗北_btl_e2,バトル,搾精ユニット,ところてん→メスイキ・乳首では出さない(射精の語あり 要確認)・メスの才能・体のメス化,射精7／ところてん系3／メスイキ系0,7417,38/135
N4_Android_MOD_v4,CSV/Card\Android_master.txt,@敗北_btl_e3,バトル,洗脳ユニット,ところてん→メスイキ・メスの才能,射精5／ところてん系1／メスイキ系0,7885,35/147
N4_Android_MOD_v4,CSV/Card\Android_master.txt,@敗北_btl_boss,バトル,中央制御ユニット,ところてん→メスイキ・乳首では出さない(射精の語あり 要確認)・メスの才能・体のメス化・ペニバンの書き分け,射精6／ところてん系1／メスイキ系0,7826,25/141
N4_Android_MOD_v4,CSV/Card\Android_master.txt,@敗北_onani_m1,オナニー,NX-00,ところてん→メスイキ・乳首では出さない(射精の語あり 要確認)・メスの才能・体のメス化,射精2／ところてん系0／メスイキ系0,7255,28/143
N4_Android_MOD_v4,CSV/Card\Android_master.txt,@敗北_onani_m2,オナニー,NX-00,乳首では出さない(射精の語あり 要確認)・メスの才能・体のメス化,射精3／ところてん系2／メスイキ系0,7240,24/150
N4_Android_MOD_v4,CSV/Card\Android_master.txt,@敗北_onani_m3,オナニー,NX-00,ところてん→メスイキ・メスの才能,射精6／ところてん系2／メスイキ系2,7452,22/135
N4_Android_MOD_v4,CSV/Card\Android_master.txt,@敗北_onani_e1,オナニー,検査ユニット,ところてん→メスイキ・乳首では出さない(射精の語あり 要確認)・メスの才能・体のメス化,射精3／ところてん系1／メスイキ系0,7590,28/153
N4_Android_MOD_v4,CSV/Card\Android_master.txt,@敗北_onani_e2,オナニー,搾精ユニット,ところてん→メスイキ・メスの才能,射精8／ところてん系2／メスイキ系0,7314,48/130
N4_Android_MOD_v4,CSV/Card\Android_master.txt,@敗北_onani_e3,オナニー,洗脳ユニット,メスの才能,射精4／ところてん系1／メスイキ系0,7494,34/133
N4_Android_MOD_v4,CSV/Card\Android_master.txt,@敗北_onani_boss,オナニー,中央制御ユニット,ところてん→メスイキ・メスの才能・体のメス化・ペニバンの書き分け,射精2／ところてん系3／メスイキ系0,7431,23/127
N4_Android_MOD_v4,CSV/Card\Android_master.txt,@敗北_inochi_m1,命乞い,NX-00,ところてん→メスイキ・乳首では出さない(射精の語あり 要確認)・メスの才能・体のメス化,射精1／ところてん系3／メスイキ系1,7264,49/157
N4_Android_MOD_v4,CSV/Card\Android_master.txt,@敗北_inochi_m2,命乞い,NX-00,乳首では出さない(射精の語あり 要確認)・メスの才能・体のメス化,射精4／ところてん系3／メスイキ系0,7022,30/156
N4_Android_MOD_v4,CSV/Card\Android_master.txt,@敗北_inochi_m3,命乞い,NX-00,ところてん→メスイキ・メスの才能,射精5／ところてん系2／メスイキ系1,7538,31/141
N4_Android_MOD_v4,CSV/Card\Android_master.txt,@敗北_inochi_e1,命乞い,検査ユニット,ところてん→メスイキ・乳首では出さない(射精の語あり 要確認)・メスの才能・体のメス化,射精4／ところてん系1／メスイキ系0,7440,35/149
N4_Android_MOD_v4,CSV/Card\Android_master.txt,@敗北_inochi_e2,命乞い,搾精ユニット,ところてん→メスイキ・乳首では出さない(射精の語あり 要確認)・メスの才能・体のメス化,射精5／ところてん系2／メスイキ系3,7234,54/136
N4_Android_MOD_v4,CSV/Card\Android_master.txt,@敗北_inochi_e3,命乞い,洗脳ユニット,メスの才能,射精4／ところてん系0／メスイキ系0,7471,40/130
N4_Android_MOD_v4,CSV/Card\Android_master.txt,@敗北_inochi_boss,命乞い,中央制御ユニット,ところてん→メスイキ・乳首では出さない(射精の語あり 要確認)・メスの才能・体のメス化・ペニバンの書き分け,射精5／ところてん系0／メスイキ系0,7398,30/139
N4_Android_MOD_v4,CSV/Card\Android_master.txt,@敗北_onedari_m1,おねだり,NX-00,ところてん→メスイキ・乳首では出さない(射精の語あり 要確認)・メスの才能・体のメス化,射精1／ところてん系0／メスイキ系0,7281,38/155
N4_Android_MOD_v4,CSV/Card\Android_master.txt,@敗北_onedari_m2,おねだり,NX-00,乳首では出さない(射精の語あり 要確認)・メスの才能・体のメス化,射精4／ところてん系1／メスイキ系0,6914,39/157
N4_Android_MOD_v4,CSV/Card\Android_master.txt,@敗北_onedari_m3,おねだり,NX-00,ところてん→メスイキ・メスの才能,射精3／ところてん系0／メスイキ系0,7502,35/156
N4_Android_MOD_v4,CSV/Card\Android_master.txt,@敗北_onedari_e1,おねだり,検査ユニット,ところてん→メスイキ・乳首では出さない(射精の語あり 要確認)・メスの才能・体のメス化,射精7／ところてん系1／メスイキ系1,7451,43/163
N4_Android_MOD_v4,CSV/Card\Android_master.txt,@敗北_onedari_e2,おねだり,搾精ユニット,ところてん→メスイキ・乳首では出さない(射精の語あり 要確認)・メスの才能・体のメス化,射精5／ところてん系7／メスイキ系1,7230,57/145
N4_Android_MOD_v4,CSV/Card\Android_master.txt,@敗北_onedari_e3,おねだり,洗脳ユニット,ところてん→メスイキ・メスの才能,射精4／ところてん系1／メスイキ系0,7410,51/140
N4_Android_MOD_v4,CSV/Card\Android_master.txt,@敗北_onedari_boss,おねだり,中央制御ユニット,ところてん→メスイキ・メスの才能・体のメス化・ペニバンの書き分け,射精5／ところてん系2／メスイキ系0,7394,36/136
N5_Witch_MOD_v4,CSV/Card\Witch_master.txt,@敗北_btl_m1,バトル,ミルティ,（当たらない）,射精5／ところてん系2／メスイキ系0,7652,30/113
N5_Witch_MOD_v4,CSV/Card\Witch_master.txt,@敗北_btl_m2,バトル,ミルティ,体のメス化,射精5／ところてん系0／メスイキ系0,7666,32/147
N5_Witch_MOD_v4,CSV/Card\Witch_master.txt,@敗北_btl_m3,バトル,ミルティ,ところてん→メスイキ・乳首では出さない(射精の語あり 要確認)・メスの才能・体のメス化,射精4／ところてん系1／メスイキ系2,7323,26/136
N5_Witch_MOD_v4,CSV/Card\Witch_master.txt,@敗北_btl_e1,バトル,ポーラ,乳首では出さない(射精の語あり 要確認)・メスの才能・体のメス化,射精6／ところてん系2／メスイキ系0,7795,36/147
N5_Witch_MOD_v4,CSV/Card\Witch_master.txt,@敗北_btl_e2,バトル,ドール,乳首では出さない(射精の語あり 要確認)・メスの才能・体のメス化,射精6／ところてん系3／メスイキ系0,7737,42/168
N5_Witch_MOD_v4,CSV/Card\Witch_master.txt,@敗北_btl_e3,バトル,スモーカ,乳首では出さない(射精の語あり 要確認)・メスの才能・体のメス化,射精2／ところてん系1／メスイキ系1,7654,43/150
N5_Witch_MOD_v4,CSV/Card\Witch_master.txt,@敗北_btl_boss,バトル,オルガ,ところてん→メスイキ・メスの才能・体のメス化,射精1／ところてん系1／メスイキ系0,7869,18/140
N5_Witch_MOD_v4,CSV/Card\Witch_master.txt,@敗北_onani_m1,オナニー,ミルティ,乳首では出さない(射精の語あり 要確認)・メスの才能・体のメス化,射精3／ところてん系1／メスイキ系0,7452,27/114
N5_Witch_MOD_v4,CSV/Card\Witch_master.txt,@敗北_onani_m2,オナニー,ミルティ,乳首では出さない(射精の語あり 要確認)・メスの才能・体のメス化,射精3／ところてん系0／メスイキ系0,7287,34/142
N5_Witch_MOD_v4,CSV/Card\Witch_master.txt,@敗北_onani_m3,オナニー,ミルティ,ところてん→メスイキ・乳首では出さない(射精の語あり 要確認)・メスの才能・体のメス化,射精1／ところてん系0／メスイキ系2,7180,26/133
N5_Witch_MOD_v4,CSV/Card\Witch_master.txt,@敗北_onani_e1,オナニー,ポーラ,乳首では出さない(射精の語あり 要確認)・メスの才能・体のメス化,射精5／ところてん系3／メスイキ系0,7478,34/139
N5_Witch_MOD_v4,CSV/Card\Witch_master.txt,@敗北_onani_e2,オナニー,ドール,乳首では出さない(射精の語あり 要確認)・メスの才能・体のメス化,射精4／ところてん系0／メスイキ系0,7517,47/154
N5_Witch_MOD_v4,CSV/Card\Witch_master.txt,@敗北_onani_e3,オナニー,スモーカ,体のメス化,射精2／ところてん系0／メスイキ系0,7470,50/144
N5_Witch_MOD_v4,CSV/Card\Witch_master.txt,@敗北_onani_boss,オナニー,オルガ,ところてん→メスイキ・メスの才能・体のメス化,射精2／ところてん系2／メスイキ系0,7671,39/158
N5_Witch_MOD_v4,CSV/Card\Witch_master.txt,@敗北_inochi_m1,命乞い,ミルティ,乳首では出さない(射精の語あり 要確認)・メスの才能・体のメス化,射精2／ところてん系0／メスイキ系0,7301,42/115
N5_Witch_MOD_v4,CSV/Card\Witch_master.txt,@敗北_inochi_m2,命乞い,ミルティ,体のメス化,射精2／ところてん系0／メスイキ系0,7124,39/144
N5_Witch_MOD_v4,CSV/Card\Witch_master.txt,@敗北_inochi_m3,命乞い,ミルティ,ところてん→メスイキ・乳首では出さない(射精の語あり 要確認)・メスの才能・体のメス化,射精1／ところてん系2／メスイキ系1,7008,16/131
N5_Witch_MOD_v4,CSV/Card\Witch_master.txt,@敗北_inochi_e1,命乞い,ポーラ,乳首では出さない(射精の語あり 要確認)・メスの才能・体のメス化,射精5／ところてん系1／メスイキ系0,7358,32/142
N5_Witch_MOD_v4,CSV/Card\Witch_master.txt,@敗北_inochi_e2,命乞い,ドール,乳首では出さない(射精の語あり 要確認)・メスの才能・体のメス化,射精3／ところてん系0／メスイキ系0,7451,47/155
N5_Witch_MOD_v4,CSV/Card\Witch_master.txt,@敗北_inochi_e3,命乞い,スモーカ,乳首では出さない(射精の語あり 要確認)・メスの才能・体のメス化,射精2／ところてん系2／メスイキ系1,7455,41/140
N5_Witch_MOD_v4,CSV/Card\Witch_master.txt,@敗北_inochi_boss,命乞い,オルガ,ところてん→メスイキ・メスの才能・体のメス化,射精1／ところてん系0／メスイキ系0,7624,33/144
N5_Witch_MOD_v4,CSV/Card\Witch_master.txt,@敗北_onedari_m1,おねだり,ミルティ,ところてん→メスイキ・メスの才能,射精4／ところてん系0／メスイキ系0,7481,43/118
N5_Witch_MOD_v4,CSV/Card\Witch_master.txt,@敗北_onedari_m2,おねだり,ミルティ,体のメス化,射精3／ところてん系1／メスイキ系0,7173,38/152
N5_Witch_MOD_v4,CSV/Card\Witch_master.txt,@敗北_onedari_m3,おねだり,ミルティ,ところてん→メスイキ・乳首では出さない(射精の語あり 要確認)・メスの才能・体のメス化,射精1／ところてん系0／メスイキ系1,6929,28/130
N5_Witch_MOD_v4,CSV/Card\Witch_master.txt,@敗北_onedari_e1,おねだり,ポーラ,乳首では出さない(射精の語あり 要確認)・メスの才能・体のメス化,射精5／ところてん系0／メスイキ系0,7285,29/143
N5_Witch_MOD_v4,CSV/Card\Witch_master.txt,@敗北_onedari_e2,おねだり,ドール,体のメス化,射精5／ところてん系1／メスイキ系0,7442,57/166
N5_Witch_MOD_v4,CSV/Card\Witch_master.txt,@敗北_onedari_e3,おねだり,スモーカ,乳首では出さない(射精の語あり 要確認)・メスの才能・体のメス化,射精2／ところてん系2／メスイキ系1,7441,32/140
N5_Witch_MOD_v4,CSV/Card\Witch_master.txt,@敗北_onedari_boss,おねだり,オルガ,ところてん→メスイキ・メスの才能,射精1／ところてん系1／メスイキ系0,7490,22/158
N6_Puppet_MOD_v4,Picture/Card\Puppet_master.txt,@敗北_btl_m1,バトル,ドロテア,乳首では出さない(射精の語あり 要確認)・メスの才能・体のメス化,射精2／ところてん系3／メスイキ系0,7332,30/139
N6_Puppet_MOD_v4,Picture/Card\Puppet_master.txt,@敗北_btl_m2,バトル,ドロテア,乳首では出さない(射精の語あり 要確認)・メスの才能・体のメス化,射精3／ところてん系2／メスイキ系0,7508,40/146
N6_Puppet_MOD_v4,Picture/Card\Puppet_master.txt,@敗北_btl_m3,バトル,ドロテア,乳首では出さない(射精の語あり 要確認)・メスの才能・体のメス化,射精4／ところてん系1／メスイキ系0,7402,43/140
N6_Puppet_MOD_v4,Picture/Card\Puppet_master.txt,@敗北_btl_e1,バトル,イト,ところてん→メスイキ・乳首では出さない(射精の語あり 要確認)・メスの才能・体のメス化,射精3／ところてん系1／メスイキ系1,7458,41/161
N6_Puppet_MOD_v4,Picture/Card\Puppet_master.txt,@敗北_btl_e2,バトル,ネル,乳首では出さない(射精の語あり 要確認)・メスの才能・体のメス化,射精5／ところてん系1／メスイキ系0,7630,18/117
N6_Puppet_MOD_v4,Picture/Card\Puppet_master.txt,@敗北_btl_e3,バトル,リラ,乳首では出さない(射精の語あり 要確認)・メスの才能・体のメス化,射精3／ところてん系0／メスイキ系0,7458,32/128
N6_Puppet_MOD_v4,Picture/Card\Puppet_master.txt,@敗北_btl_boss,バトル,エリス,ところてん→メスイキ・メスの才能,射精2／ところてん系1／メスイキ系0,7367,25/138
N6_Puppet_MOD_v4,Picture/Card\Puppet_master.txt,@敗北_onani_m1,オナニー,ドロテア,乳首では出さない(射精の語あり 要確認)・メスの才能・体のメス化,射精6／ところてん系2／メスイキ系0,7227,30/133
N6_Puppet_MOD_v4,Picture/Card\Puppet_master.txt,@敗北_onani_m2,オナニー,ドロテア,乳首では出さない(射精の語あり 要確認)・メスの才能・体のメス化,射精5／ところてん系1／メスイキ系0,7156,44/135
N6_Puppet_MOD_v4,Picture/Card\Puppet_master.txt,@敗北_onani_m3,オナニー,ドロテア,乳首では出さない(射精の語あり 要確認)・メスの才能・体のメス化,射精1／ところてん系0／メスイキ系0,7248,33/131
N6_Puppet_MOD_v4,Picture/Card\Puppet_master.txt,@敗北_onani_e1,オナニー,イト,ところてん→メスイキ・乳首では出さない(射精の語あり 要確認)・メスの才能・体のメス化,射精1／ところてん系2／メスイキ系1,7366,58/163
N6_Puppet_MOD_v4,Picture/Card\Puppet_master.txt,@敗北_onani_e2,オナニー,ネル,乳首では出さない(射精の語あり 要確認)・メスの才能・体のメス化,射精3／ところてん系0／メスイキ系0,7278,26/109
N6_Puppet_MOD_v4,Picture/Card\Puppet_master.txt,@敗北_onani_e3,オナニー,リラ,ところてん→メスイキ・乳首では出さない(射精の語あり 要確認)・メスの才能・体のメス化,射精2／ところてん系0／メスイキ系0,7409,25/127
N6_Puppet_MOD_v4,Picture/Card\Puppet_master.txt,@敗北_onani_boss,オナニー,エリス,ところてん→メスイキ・メスの才能,射精2／ところてん系1／メスイキ系0,7274,21/137
N6_Puppet_MOD_v4,Picture/Card\Puppet_master.txt,@敗北_inochi_m1,命乞い,ドロテア,乳首では出さない(射精の語あり 要確認)・メスの才能・体のメス化,射精5／ところてん系3／メスイキ系0,7271,38/142
N6_Puppet_MOD_v4,Picture/Card\Puppet_master.txt,@敗北_inochi_m2,命乞い,ドロテア,乳首では出さない(射精の語あり 要確認)・メスの才能・体のメス化,射精5／ところてん系3／メスイキ系0,7210,42/147
N6_Puppet_MOD_v4,Picture/Card\Puppet_master.txt,@敗北_inochi_m3,命乞い,ドロテア,乳首では出さない(射精の語あり 要確認)・メスの才能・体のメス化,射精2／ところてん系2／メスイキ系0,7305,44/137
N6_Puppet_MOD_v4,Picture/Card\Puppet_master.txt,@敗北_inochi_e1,命乞い,イト,ところてん→メスイキ・乳首では出さない(射精の語あり 要確認)・メスの才能・体のメス化,射精3／ところてん系1／メスイキ系2,7512,53/165
N6_Puppet_MOD_v4,Picture/Card\Puppet_master.txt,@敗北_inochi_e2,命乞い,ネル,乳首では出さない(射精の語あり 要確認)・メスの才能・体のメス化,射精2／ところてん系0／メスイキ系0,7254,35/112
N6_Puppet_MOD_v4,Picture/Card\Puppet_master.txt,@敗北_inochi_e3,命乞い,リラ,乳首では出さない(射精の語あり 要確認)・メスの才能・体のメス化,射精2／ところてん系3／メスイキ系0,7348,27/117
N6_Puppet_MOD_v4,Picture/Card\Puppet_master.txt,@敗北_inochi_boss,命乞い,エリス,ところてん→メスイキ・乳首では出さない(射精の語あり 要確認)・メスの才能・体のメス化,射精4／ところてん系1／メスイキ系0,7252,25/134
N6_Puppet_MOD_v4,Picture/Card\Puppet_master.txt,@敗北_onedari_m1,おねだり,ドロテア,乳首では出さない(射精の語あり 要確認)・メスの才能・体のメス化,射精2／ところてん系1／メスイキ系0,7140,42/138
N6_Puppet_MOD_v4,Picture/Card\Puppet_master.txt,@敗北_onedari_m2,おねだり,ドロテア,乳首では出さない(射精の語あり 要確認)・メスの才能・体のメス化,射精3／ところてん系0／メスイキ系0,7049,43/148
N6_Puppet_MOD_v4,Picture/Card\Puppet_master.txt,@敗北_onedari_m3,おねだり,ドロテア,乳首では出さない(射精の語あり 要確認)・メスの才能・体のメス化,射精2／ところてん系3／メスイキ系0,7415,35/135
N6_Puppet_MOD_v4,Picture/Card\Puppet_master.txt,@敗北_onedari_e1,おねだり,イト,ところてん→メスイキ・乳首では出さない(射精の語あり 要確認)・メスの才能・体のメス化,射精1／ところてん系1／メスイキ系1,7400,57/168
N6_Puppet_MOD_v4,Picture/Card\Puppet_master.txt,@敗北_onedari_e2,おねだり,ネル,乳首では出さない(射精の語あり 要確認)・メスの才能・体のメス化,射精5／ところてん系0／メスイキ系0,7208,41/123
N6_Puppet_MOD_v4,Picture/Card\Puppet_master.txt,@敗北_onedari_e3,おねだり,リラ,乳首では出さない(射精の語あり 要確認)・メスの才能・体のメス化,射精2／ところてん系0／メスイキ系0,7266,38/127
N6_Puppet_MOD_v4,Picture/Card\Puppet_master.txt,@敗北_onedari_boss,おねだり,エリス,ところてん→メスイキ・メスの才能・体のメス化,射精1／ところてん系0／メスイキ系0,7072,25/135
N7_Inmon_MOD_v4,CSV/Card\Inmon_master.txt,@敗北_btl_m1,バトル,ヴェルミナ,乳首では出さない(射精の語あり 要確認)・メスの才能・体のメス化,射精2／ところてん系2／メスイキ系0,7649,29/165
N7_Inmon_MOD_v4,CSV/Card\Inmon_master.txt,@敗北_btl_m2,バトル,ヴェルミナ,乳首では出さない(射精の語あり 要確認)・メスの才能・体のメス化,射精3／ところてん系2／メスイキ系1,7477,13/133
N7_Inmon_MOD_v4,CSV/Card\Inmon_master.txt,@敗北_btl_m3,バトル,ヴェルミナ,ところてん→メスイキ・乳首では出さない(射精の語あり 要確認)・メスの才能・体のメス化,射精3／ところてん系3／メスイキ系0,7577,7/127
N7_Inmon_MOD_v4,CSV/Card\Inmon_master.txt,@敗北_btl_e1,バトル,ベニ,乳首では出さない(射精の語あり 要確認)・メスの才能・体のメス化,射精5／ところてん系2／メスイキ系3,7679,17/130
N7_Inmon_MOD_v4,CSV/Card\Inmon_master.txt,@敗北_btl_e2,バトル,シオン,乳首では出さない(射精の語あり 要確認)・メスの才能・体のメス化,射精6／ところてん系3／メスイキ系0,7901,53/158
N7_Inmon_MOD_v4,CSV/Card\Inmon_master.txt,@敗北_btl_e3,バトル,リツ,ところてん→メスイキ・メスの才能,射精1／ところてん系0／メスイキ系1,7551,25/145
N7_Inmon_MOD_v4,CSV/Card\Inmon_master.txt,@敗北_btl_boss,バトル,セレス,ところてん→メスイキ・乳首では出さない(射精の語あり 要確認)・メスの才能・体のメス化・ぱふぱふ,射精4／ところてん系0／メスイキ系1,7621,31/163
N7_Inmon_MOD_v4,CSV/Card\Inmon_master.txt,@敗北_onani_m1,オナニー,ヴェルミナ,（当たらない）,射精3／ところてん系2／メスイキ系0,7456,36/159
N7_Inmon_MOD_v4,CSV/Card\Inmon_master.txt,@敗北_onani_m2,オナニー,ヴェルミナ,乳首では出さない(射精の語あり 要確認)・メスの才能・体のメス化,射精1／ところてん系1／メスイキ系1,7358,22/133
N7_Inmon_MOD_v4,CSV/Card\Inmon_master.txt,@敗北_onani_m3,オナニー,ヴェルミナ,ところてん→メスイキ・メスの才能,射精2／ところてん系1／メスイキ系0,7500,16/128
N7_Inmon_MOD_v4,CSV/Card\Inmon_master.txt,@敗北_onani_e1,オナニー,ベニ,乳首では出さない(射精の語あり 要確認)・メスの才能・体のメス化,射精3／ところてん系0／メスイキ系1,7486,19/130
N7_Inmon_MOD_v4,CSV/Card\Inmon_master.txt,@敗北_onani_e2,オナニー,シオン,（当たらない）,射精4／ところてん系0／メスイキ系1,7097,49/149
N7_Inmon_MOD_v4,CSV/Card\Inmon_master.txt,@敗北_onani_e3,オナニー,リツ,ところてん→メスイキ(メスイキの語あり)・メスの才能,射精0／ところてん系0／メスイキ系1,7472,30/143
N7_Inmon_MOD_v4,CSV/Card\Inmon_master.txt,@敗北_onani_boss,オナニー,セレス,ところてん→メスイキ・乳首では出さない(射精の語あり 要確認)・メスの才能・体のメス化,射精2／ところてん系0／メスイキ系1,7642,40/176
N7_Inmon_MOD_v4,CSV/Card\Inmon_master.txt,@敗北_inochi_m1,命乞い,ヴェルミナ,乳首では出さない(射精の語あり 要確認)・メスの才能・体のメス化,射精5／ところてん系0／メスイキ系0,7443,27/156
N7_Inmon_MOD_v4,CSV/Card\Inmon_master.txt,@敗北_inochi_m2,命乞い,ヴェルミナ,乳首では出さない(射精の語あり 要確認)・メスの才能・体のメス化,射精2／ところてん系1／メスイキ系1,7382,17/129
N7_Inmon_MOD_v4,CSV/Card\Inmon_master.txt,@敗北_inochi_m3,命乞い,ヴェルミナ,ところてん→メスイキ・メスの才能,射精3／ところてん系3／メスイキ系0,7399,17/120
N7_Inmon_MOD_v4,CSV/Card\Inmon_master.txt,@敗北_inochi_e1,命乞い,ベニ,乳首では出さない(射精の語あり 要確認)・メスの才能・体のメス化,射精4／ところてん系0／メスイキ系1,7484,17/131
N7_Inmon_MOD_v4,CSV/Card\Inmon_master.txt,@敗北_inochi_e2,命乞い,シオン,（当たらない）,射精4／ところてん系4／メスイキ系0,7182,64/146
N7_Inmon_MOD_v4,CSV/Card\Inmon_master.txt,@敗北_inochi_e3,命乞い,リツ,ところてん→メスイキ(メスイキの語あり)・メスの才能,射精0／ところてん系0／メスイキ系1,7390,43/147
N7_Inmon_MOD_v4,CSV/Card\Inmon_master.txt,@敗北_inochi_boss,命乞い,セレス,ところてん→メスイキ・メスの才能・ぱふぱふ,射精2／ところてん系1／メスイキ系1,7412,39/167
N7_Inmon_MOD_v4,CSV/Card\Inmon_master.txt,@敗北_onedari_m1,おねだり,ヴェルミナ,乳首では出さない(射精の語あり 要確認)・メスの才能・体のメス化,射精3／ところてん系0／メスイキ系0,7334,29/158
N7_Inmon_MOD_v4,CSV/Card\Inmon_master.txt,@敗北_onedari_m2,おねだり,ヴェルミナ,乳首では出さない(射精の語あり 要確認)・メスの才能・体のメス化,射精2／ところてん系0／メスイキ系1,7401,37/145
N7_Inmon_MOD_v4,CSV/Card\Inmon_master.txt,@敗北_onedari_m3,おねだり,ヴェルミナ,ところてん→メスイキ・メスの才能,射精4／ところてん系0／メスイキ系0,7381,32/129
N7_Inmon_MOD_v4,CSV/Card\Inmon_master.txt,@敗北_onedari_e1,おねだり,ベニ,乳首では出さない(射精の語あり 要確認)・メスの才能・体のメス化,射精3／ところてん系1／メスイキ系0,7452,31/143
N7_Inmon_MOD_v4,CSV/Card\Inmon_master.txt,@敗北_onedari_e2,おねだり,シオン,（当たらない）,射精5／ところてん系0／メスイキ系1,7097,59/140
N7_Inmon_MOD_v4,CSV/Card\Inmon_master.txt,@敗北_onedari_e3,おねだり,リツ,ところてん→メスイキ(メスイキの語あり)・メスの才能,射精0／ところてん系0／メスイキ系1,7437,32/147
N7_Inmon_MOD_v4,CSV/Card\Inmon_master.txt,@敗北_onedari_boss,おねだり,セレス,ところてん→メスイキ・乳首では出さない(射精の語あり 要確認)・メスの才能・体のメス化,射精3／ところてん系0／メスイキ系1,7279,48/179
N8_Esthe_MOD_v4,CSV/Card\Esthe_master.txt,@敗北_btl_m1,バトル,ルミナ,メスの才能・体のメス化,射精0／ところてん系1／メスイキ系0,7371,53/162
N8_Esthe_MOD_v4,CSV/Card\Esthe_master.txt,@敗北_btl_m2,バトル,ルミナ,体のメス化,射精1／ところてん系1／メスイキ系2,7392,38/136
N8_Esthe_MOD_v4,CSV/Card\Esthe_master.txt,@敗北_btl_m3,バトル,ルミナ,体のメス化,射精3／ところてん系1／メスイキ系0,7457,27/127
N8_Esthe_MOD_v4,CSV/Card\Esthe_master.txt,@敗北_btl_e1,バトル,ノア,ところてん→メスイキ・メスの才能・体のメス化,射精1／ところてん系3／メスイキ系0,7444,21/146
N8_Esthe_MOD_v4,CSV/Card\Esthe_master.txt,@敗北_btl_e2,バトル,ミント,体のメス化,射精3／ところてん系0／メスイキ系0,7272,53/136
N8_Esthe_MOD_v4,CSV/Card\Esthe_master.txt,@敗北_btl_e3,バトル,リコ,体のメス化,射精5／ところてん系0／メスイキ系0,7620,61/153
N8_Esthe_MOD_v4,CSV/Card\Esthe_master.txt,@敗北_btl_boss,バトル,ヴィオラ,ところてん→メスイキ・メスの才能,射精2／ところてん系2／メスイキ系1,7974,51/190
N8_Esthe_MOD_v4,CSV/Card\Esthe_master.txt,@敗北_onani_m1,オナニー,ルミナ,メスの才能・体のメス化,射精0／ところてん系0／メスイキ系0,7178,52/153
N8_Esthe_MOD_v4,CSV/Card\Esthe_master.txt,@敗北_onani_m2,オナニー,ルミナ,乳首では出さない(射精の語あり 要確認)・メスの才能・体のメス化,射精2／ところてん系1／メスイキ系0,7168,39/130
N8_Esthe_MOD_v4,CSV/Card\Esthe_master.txt,@敗北_onani_m3,オナニー,ルミナ,（当たらない）,射精1／ところてん系0／メスイキ系0,7243,34/126
N8_Esthe_MOD_v4,CSV/Card\Esthe_master.txt,@敗北_onani_e1,オナニー,ノア,ところてん→メスイキ・メスの才能,射精3／ところてん系1／メスイキ系1,7362,21/138
N8_Esthe_MOD_v4,CSV/Card\Esthe_master.txt,@敗北_onani_e2,オナニー,ミント,体のメス化,射精3／ところてん系0／メスイキ系0,7188,55/140
N8_Esthe_MOD_v4,CSV/Card\Esthe_master.txt,@敗北_onani_e3,オナニー,リコ,体のメス化,射精3／ところてん系0／メスイキ系0,7315,55/138
N8_Esthe_MOD_v4,CSV/Card\Esthe_master.txt,@敗北_onani_boss,オナニー,ヴィオラ,ところてん→メスイキ・メスの才能,射精2／ところてん系2／メスイキ系2,7430,50/177
N8_Esthe_MOD_v4,CSV/Card\Esthe_master.txt,@敗北_inochi_m1,命乞い,ルミナ,メスの才能・体のメス化,射精0／ところてん系1／メスイキ系0,7108,58/158
N8_Esthe_MOD_v4,CSV/Card\Esthe_master.txt,@敗北_inochi_m2,命乞い,ルミナ,体のメス化,射精2／ところてん系0／メスイキ系1,7205,40/132
N8_Esthe_MOD_v4,CSV/Card\Esthe_master.txt,@敗北_inochi_m3,命乞い,ルミナ,（当たらない）,射精1／ところてん系0／メスイキ系0,7292,38/132
N8_Esthe_MOD_v4,CSV/Card\Esthe_master.txt,@敗北_inochi_e1,命乞い,ノア,ところてん→メスイキ・メスの才能・体のメス化,射精3／ところてん系3／メスイキ系0,7422,29/146
N8_Esthe_MOD_v4,CSV/Card\Esthe_master.txt,@敗北_inochi_e2,命乞い,ミント,（当たらない）,射精3／ところてん系1／メスイキ系0,7191,61/138
N8_Esthe_MOD_v4,CSV/Card\Esthe_master.txt,@敗北_inochi_e3,命乞い,リコ,体のメス化,射精3／ところてん系1／メスイキ系2,7385,67/145
N8_Esthe_MOD_v4,CSV/Card\Esthe_master.txt,@敗北_inochi_boss,命乞い,ヴィオラ,ところてん→メスイキ・メスの才能,射精1／ところてん系0／メスイキ系1,7428,52/178
N8_Esthe_MOD_v4,CSV/Card\Esthe_master.txt,@敗北_onedari_m1,おねだり,ルミナ,メスの才能・体のメス化,射精0／ところてん系0／メスイキ系0,7128,71/165
N8_Esthe_MOD_v4,CSV/Card\Esthe_master.txt,@敗北_onedari_m2,おねだり,ルミナ,乳首では出さない(射精の語あり 要確認)・メスの才能・体のメス化,射精2／ところてん系0／メスイキ系1,7200,44/137
N8_Esthe_MOD_v4,CSV/Card\Esthe_master.txt,@敗北_onedari_m3,おねだり,ルミナ,体のメス化,射精1／ところてん系0／メスイキ系0,7126,40/129
N8_Esthe_MOD_v4,CSV/Card\Esthe_master.txt,@敗北_onedari_e1,おねだり,ノア,ところてん→メスイキ・メスの才能・体のメス化,射精2／ところてん系6／メスイキ系1,7342,43/160
N8_Esthe_MOD_v4,CSV/Card\Esthe_master.txt,@敗北_onedari_e2,おねだり,ミント,乳首では出さない(射精の語あり 要確認)・メスの才能・体のメス化,射精3／ところてん系1／メスイキ系0,7132,62/137
N8_Esthe_MOD_v4,CSV/Card\Esthe_master.txt,@敗北_onedari_e3,おねだり,リコ,体のメス化,射精2／ところてん系0／メスイキ系2,7345,57/143
N8_Esthe_MOD_v4,CSV/Card\Esthe_master.txt,@敗北_onedari_boss,おねだり,ヴィオラ,ところてん→メスイキ・メスの才能,射精1／ところてん系3／メスイキ系3,7313,66/184
N9_Clinic_MOD_v4,CSV/Card\Clinic_master.txt,@敗北_btl_m1,バトル,ミヤビ,ところてん→メスイキ・メスの才能,射精9／ところてん系1／メスイキ系0,7571,31/151
N9_Clinic_MOD_v4,CSV/Card\Clinic_master.txt,@敗北_btl_m2,バトル,ミヤビ,ところてん→メスイキ・メスの才能,射精13／ところてん系8／メスイキ系2,7401,35/146
N9_Clinic_MOD_v4,CSV/Card\Clinic_master.txt,@敗北_btl_m3,バトル,ミヤビ,ところてん→メスイキ・メスの才能,射精10／ところてん系5／メスイキ系2,8218,24/151
N9_Clinic_MOD_v4,CSV/Card\Clinic_master.txt,@敗北_btl_e1,バトル,アヤ,ところてん→メスイキ・乳首では出さない(射精の語あり 要確認)・メスの才能・体のメス化,射精4／ところてん系1／メスイキ系1,7422,37/140
N9_Clinic_MOD_v4,CSV/Card\Clinic_master.txt,@敗北_btl_e2,バトル,レン,ところてん→メスイキ・乳首では出さない(射精の語あり 要確認)・メスの才能・体のメス化,射精10／ところてん系2／メスイキ系0,7559,41/154
N9_Clinic_MOD_v4,CSV/Card\Clinic_master.txt,@敗北_btl_e3,バトル,ミサ,ところてん→メスイキ・メスの才能,射精4／ところてん系2／メスイキ系0,7711,31/143
N9_Clinic_MOD_v4,CSV/Card\Clinic_master.txt,@敗北_btl_boss,バトル,カズハ,ところてん→メスイキ・メスの才能,射精7／ところてん系5／メスイキ系0,7702,40/147
N9_Clinic_MOD_v4,CSV/Card\Clinic_master.txt,@敗北_onani_m1,オナニー,ミヤビ,ところてん→メスイキ・メスの才能,射精5／ところてん系1／メスイキ系0,7494,30/136
N9_Clinic_MOD_v4,CSV/Card\Clinic_master.txt,@敗北_onani_m2,オナニー,ミヤビ,ところてん→メスイキ・メスの才能,射精11／ところてん系5／メスイキ系2,7310,46/143
N9_Clinic_MOD_v4,CSV/Card\Clinic_master.txt,@敗北_onani_m3,オナニー,ミヤビ,ところてん→メスイキ・メスの才能,射精7／ところてん系5／メスイキ系2,7228,34/129
N9_Clinic_MOD_v4,CSV/Card\Clinic_master.txt,@敗北_onani_e1,オナニー,アヤ,ところてん→メスイキ・乳首では出さない(射精の語あり 要確認)・メスの才能・体のメス化,射精6／ところてん系2／メスイキ系1,7269,44/139
N9_Clinic_MOD_v4,CSV/Card\Clinic_master.txt,@敗北_onani_e2,オナニー,レン,ところてん→メスイキ・乳首では出さない(射精の語あり 要確認)・メスの才能・体のメス化,射精6／ところてん系0／メスイキ系0,7243,56/148
N9_Clinic_MOD_v4,CSV/Card\Clinic_master.txt,@敗北_onani_e3,オナニー,ミサ,ところてん→メスイキ・メスの才能,射精3／ところてん系2／メスイキ系0,7264,29/145
N9_Clinic_MOD_v4,CSV/Card\Clinic_master.txt,@敗北_onani_boss,オナニー,カズハ,ところてん→メスイキ・メスの才能,射精4／ところてん系4／メスイキ系1,7388,40/137
N9_Clinic_MOD_v4,CSV/Card\Clinic_master.txt,@敗北_inochi_m1,命乞い,ミヤビ,ところてん→メスイキ・メスの才能,射精9／ところてん系2／メスイキ系0,7368,34/141
N9_Clinic_MOD_v4,CSV/Card\Clinic_master.txt,@敗北_inochi_m2,命乞い,ミヤビ,ところてん→メスイキ・メスの才能,射精8／ところてん系5／メスイキ系2,7230,50/154
N9_Clinic_MOD_v4,CSV/Card\Clinic_master.txt,@敗北_inochi_m3,命乞い,ミヤビ,ところてん→メスイキ・乳首では出さない(射精の語あり 要確認)・メスの才能・体のメス化,射精7／ところてん系3／メスイキ系2,7296,32/130
N9_Clinic_MOD_v4,CSV/Card\Clinic_master.txt,@敗北_inochi_e1,命乞い,アヤ,ところてん→メスイキ・乳首では出さない(射精の語あり 要確認)・メスの才能・体のメス化,射精3／ところてん系0／メスイキ系2,7344,51/135
N9_Clinic_MOD_v4,CSV/Card\Clinic_master.txt,@敗北_inochi_e2,命乞い,レン,ところてん→メスイキ・乳首では出さない(射精の語あり 要確認)・メスの才能・体のメス化,射精15／ところてん系1／メスイキ系0,7267,45/147
N9_Clinic_MOD_v4,CSV/Card\Clinic_master.txt,@敗北_inochi_e3,命乞い,ミサ,ところてん→メスイキ・メスの才能,射精2／ところてん系0／メスイキ系1,7357,38/148
N9_Clinic_MOD_v4,CSV/Card\Clinic_master.txt,@敗北_inochi_boss,命乞い,カズハ,ところてん→メスイキ・メスの才能,射精4／ところてん系1／メスイキ系4,7491,53/155
N9_Clinic_MOD_v4,CSV/Card\Clinic_master.txt,@敗北_onedari_m1,おねだり,ミヤビ,ところてん→メスイキ・メスの才能,射精6／ところてん系3／メスイキ系0,7469,41/155
N9_Clinic_MOD_v4,CSV/Card\Clinic_master.txt,@敗北_onedari_m2,おねだり,ミヤビ,ところてん→メスイキ・メスの才能,射精8／ところてん系7／メスイキ系3,7221,43/151
N9_Clinic_MOD_v4,CSV/Card\Clinic_master.txt,@敗北_onedari_m3,おねだり,ミヤビ,ところてん→メスイキ・乳首では出さない(射精の語あり 要確認)・メスの才能・体のメス化,射精8／ところてん系3／メスイキ系3,7316,30/137
N9_Clinic_MOD_v4,CSV/Card\Clinic_master.txt,@敗北_onedari_e1,おねだり,アヤ,ところてん→メスイキ・乳首では出さない(射精の語あり 要確認)・メスの才能・体のメス化,射精6／ところてん系0／メスイキ系1,7241,47/136
N9_Clinic_MOD_v4,CSV/Card\Clinic_master.txt,@敗北_onedari_e2,おねだり,レン,ところてん→メスイキ・乳首では出さない(射精の語あり 要確認)・メスの才能・体のメス化,射精11／ところてん系1／メスイキ系1,7104,64/146
N9_Clinic_MOD_v4,CSV/Card\Clinic_master.txt,@敗北_onedari_e3,おねだり,ミサ,ところてん→メスイキ・メスの才能,射精3／ところてん系1／メスイキ系2,7161,50/151
N9_Clinic_MOD_v4,CSV/Card\Clinic_master.txt,@敗北_onedari_boss,おねだり,カズハ,ところてん→メスイキ・メスの才能,射精6／ところてん系4／メスイキ系2,7524,48/150
N10_Lab_MOD_v4,CSV/Card\Lab_master.txt,@敗北_btl_m1,バトル,シオリ,ところてん→メスイキ・乳首では出さない(射精の語あり 要確認)・メスの才能・体のメス化,射精10／ところてん系1／メスイキ系0,7362,52/149
N10_Lab_MOD_v4,CSV/Card\Lab_master.txt,@敗北_btl_m2,バトル,シオリ,ところてん→メスイキ・乳首では出さない(射精の語あり 要確認)・メスの才能・体のメス化,射精9／ところてん系4／メスイキ系0,7580,43/166
N10_Lab_MOD_v4,CSV/Card\Lab_master.txt,@敗北_btl_m3,バトル,シオリ,ところてん→メスイキ・乳首では出さない(射精の語あり 要確認)・メスの才能・体のメス化,射精12／ところてん系3／メスイキ系0,7518,78/218
N10_Lab_MOD_v4,CSV/Card\Lab_master.txt,@敗北_btl_e1,バトル,ミナセ,ところてん→メスイキ・乳首では出さない(射精の語あり 要確認)・メスの才能・体のメス化,射精4／ところてん系3／メスイキ系1,7464,23/141
N10_Lab_MOD_v4,CSV/Card\Lab_master.txt,@敗北_btl_e2,バトル,クロエ,ところてん→メスイキ・メスの才能,射精3／ところてん系1／メスイキ系0,7472,28/105
N10_Lab_MOD_v4,CSV/Card\Lab_master.txt,@敗北_btl_e3,バトル,ハク,ところてん→メスイキ・メスの才能,射精4／ところてん系7／メスイキ系1,7392,26/113
N10_Lab_MOD_v4,CSV/Card\Lab_master.txt,@敗北_btl_boss,バトル,LX01,ところてん→メスイキ・乳首では出さない(射精の語あり 要確認)・メスの才能・体のメス化,射精6／ところてん系1／メスイキ系1,7427,30/134
N10_Lab_MOD_v4,CSV/Card\Lab_master.txt,@敗北_onani_m1,オナニー,シオリ,乳首では出さない(射精の語あり 要確認)・メスの才能・体のメス化,射精5／ところてん系0／メスイキ系0,7255,49/139
N10_Lab_MOD_v4,CSV/Card\Lab_master.txt,@敗北_onani_m2,オナニー,シオリ,ところてん→メスイキ・乳首では出さない(射精の語あり 要確認)・メスの才能・体のメス化,射精4／ところてん系2／メスイキ系2,7319,53/170
N10_Lab_MOD_v4,CSV/Card\Lab_master.txt,@敗北_onani_m3,オナニー,シオリ,ところてん→メスイキ・乳首では出さない(射精の語あり 要確認)・メスの才能・体のメス化,射精7／ところてん系0／メスイキ系0,7375,69/198
N10_Lab_MOD_v4,CSV/Card\Lab_master.txt,@敗北_onani_e1,オナニー,ミナセ,ところてん→メスイキ・乳首では出さない(射精の語あり 要確認)・メスの才能・体のメス化,射精3／ところてん系0／メスイキ系1,7520,36/141
N10_Lab_MOD_v4,CSV/Card\Lab_master.txt,@敗北_onani_e2,オナニー,クロエ,ところてん→メスイキ・乳首では出さない(射精の語あり 要確認)・メスの才能・体のメス化,射精1／ところてん系0／メスイキ系2,7247,25/104
N10_Lab_MOD_v4,CSV/Card\Lab_master.txt,@敗北_onani_e3,オナニー,ハク,ところてん→メスイキ・メスの才能,射精6／ところてん系5／メスイキ系0,7211,35/118
N10_Lab_MOD_v4,CSV/Card\Lab_master.txt,@敗北_onani_boss,オナニー,LX01,ところてん→メスイキ・乳首では出さない(射精の語あり 要確認)・メスの才能・体のメス化,射精4／ところてん系1／メスイキ系0,7311,25/124
N10_Lab_MOD_v4,CSV/Card\Lab_master.txt,@敗北_inochi_m1,命乞い,シオリ,ところてん→メスイキ・乳首では出さない(射精の語あり 要確認)・メスの才能・体のメス化,射精6／ところてん系1／メスイキ系0,7192,50/138
N10_Lab_MOD_v4,CSV/Card\Lab_master.txt,@敗北_inochi_m2,命乞い,シオリ,ところてん→メスイキ・乳首では出さない(射精の語あり 要確認)・メスの才能・体のメス化,射精5／ところてん系1／メスイキ系2,7352,58/173
N10_Lab_MOD_v4,CSV/Card\Lab_master.txt,@敗北_inochi_m3,命乞い,シオリ,ところてん→メスイキ・メスの才能,射精8／ところてん系1／メスイキ系0,7318,85/209
N10_Lab_MOD_v4,CSV/Card\Lab_master.txt,@敗北_inochi_e1,命乞い,ミナセ,ところてん→メスイキ・乳首では出さない(射精の語あり 要確認)・メスの才能・体のメス化,射精3／ところてん系0／メスイキ系1,7433,17/132
N10_Lab_MOD_v4,CSV/Card\Lab_master.txt,@敗北_inochi_e2,命乞い,クロエ,ところてん→メスイキ・乳首では出さない(射精の語あり 要確認)・メスの才能・体のメス化,射精2／ところてん系0／メスイキ系1,7195,34/103
N10_Lab_MOD_v4,CSV/Card\Lab_master.txt,@敗北_inochi_e3,命乞い,ハク,ところてん→メスイキ・メスの才能,射精4／ところてん系3／メスイキ系0,7232,43/122
N10_Lab_MOD_v4,CSV/Card\Lab_master.txt,@敗北_inochi_boss,命乞い,シオリ,ところてん→メスイキ・乳首では出さない(射精の語あり 要確認)・メスの才能・体のメス化,射精7／ところてん系1／メスイキ系0,7270,31/122
N10_Lab_MOD_v4,CSV/Card\Lab_master.txt,@敗北_onedari_m1,おねだり,シオリ,ところてん→メスイキ・乳首では出さない(射精の語あり 要確認)・メスの才能・体のメス化,射精6／ところてん系1／メスイキ系0,7183,67/147
N10_Lab_MOD_v4,CSV/Card\Lab_master.txt,@敗北_onedari_m2,おねだり,シオリ,ところてん→メスイキ・乳首では出さない(射精の語あり 要確認)・メスの才能・体のメス化,射精6／ところてん系3／メスイキ系0,7315,49/175
N10_Lab_MOD_v4,CSV/Card\Lab_master.txt,@敗北_onedari_m3,おねだり,シオリ,ところてん→メスイキ・乳首では出さない(射精の語あり 要確認)・メスの才能・体のメス化,射精7／ところてん系1／メスイキ系0,7406,64/200
N10_Lab_MOD_v4,CSV/Card\Lab_master.txt,@敗北_onedari_e1,おねだり,ミナセ,ところてん→メスイキ・乳首では出さない(射精の語あり 要確認)・メスの才能・体のメス化,射精3／ところてん系1／メスイキ系1,7441,34/140
N10_Lab_MOD_v4,CSV/Card\Lab_master.txt,@敗北_onedari_e2,おねだり,クロエ,ところてん→メスイキ・メスの才能,射精3／ところてん系1／メスイキ系1,7291,31/101
N10_Lab_MOD_v4,CSV/Card\Lab_master.txt,@敗北_onedari_e3,おねだり,ハク,ところてん→メスイキ・メスの才能,射精4／ところてん系3／メスイキ系0,7162,33/120
N10_Lab_MOD_v4,CSV/Card\Lab_master.txt,@敗北_onedari_boss,おねだり,LX01,ところてん→メスイキ・乳首では出さない(射精の語あり 要確認)・メスの才能・体のメス化,射精8／ところてん系1／メスイキ系0,7303,34/139
N11_Slime_MOD_v4,CSV/Card\Slime_master.txt,@敗北_btl_m1,バトル,ジュレア,乳首では出さない(射精の語あり 要確認)・メスの才能・体のメス化,射精2／ところてん系3／メスイキ系1,7522,16/130
N11_Slime_MOD_v4,CSV/Card\Slime_master.txt,@敗北_btl_m2,バトル,ジュレア,ところてん→メスイキ・メスの才能,射精3／ところてん系0／メスイキ系2,7850,12/131
N11_Slime_MOD_v4,CSV/Card\Slime_master.txt,@敗北_btl_m3,バトル,ジュレア,乳首では出さない(射精の語あり 要確認)・メスの才能・体のメス化・ぱふぱふ,射精5／ところてん系5／メスイキ系0,7832,23/134
N11_Slime_MOD_v4,CSV/Card\Slime_master.txt,@敗北_btl_e1,バトル,アオ,乳首では出さない(射精の語あり 要確認)・メスの才能・体のメス化,射精2／ところてん系1／メスイキ系0,7534,25/133
N11_Slime_MOD_v4,CSV/Card\Slime_master.txt,@敗北_btl_e2,バトル,アカ,ところてん→メスイキ・メスの才能,射精5／ところてん系2／メスイキ系0,7536,29/134
N11_Slime_MOD_v4,CSV/Card\Slime_master.txt,@敗北_btl_e3,バトル,モモ,ところてん→メスイキ・メスの才能,射精4／ところてん系2／メスイキ系0,7688,35/160
N11_Slime_MOD_v4,CSV/Card\Slime_master.txt,@敗北_btl_boss,バトル,ヴィスカ,ところてん→メスイキ・メスの才能,射精5／ところてん系2／メスイキ系0,7625,1/111
N11_Slime_MOD_v4,CSV/Card\Slime_master.txt,@敗北_onani_m1,オナニー,ジュレア,（当たらない）,射精2／ところてん系0／メスイキ系3,7389,28/127
N11_Slime_MOD_v4,CSV/Card\Slime_master.txt,@敗北_onani_m2,オナニー,ジュレア,ところてん→メスイキ・メスの才能,射精2／ところてん系4／メスイキ系1,7715,16/132
N11_Slime_MOD_v4,CSV/Card\Slime_master.txt,@敗北_onani_m3,オナニー,ジュレア,ところてん→メスイキ・乳首では出さない(射精の語あり 要確認)・メスの才能・体のメス化,射精2／ところてん系2／メスイキ系1,7614,26/134
N11_Slime_MOD_v4,CSV/Card\Slime_master.txt,@敗北_onani_e1,オナニー,アオ,乳首では出さない(射精の語あり 要確認)・メスの才能・体のメス化,射精2／ところてん系1／メスイキ系0,7232,24/133
N11_Slime_MOD_v4,CSV/Card\Slime_master.txt,@敗北_onani_e2,オナニー,アカ,（当たらない）,射精3／ところてん系0／メスイキ系0,7408,43/133
N11_Slime_MOD_v4,CSV/Card\Slime_master.txt,@敗北_onani_e3,オナニー,モモ,（当たらない）,射精3／ところてん系0／メスイキ系2,7469,49/160
N11_Slime_MOD_v4,CSV/Card\Slime_master.txt,@敗北_onani_boss,オナニー,ヴィスカ,ところてん→メスイキ・メスの才能,射精2／ところてん系1／メスイキ系1,7509,10/110
N11_Slime_MOD_v4,CSV/Card\Slime_master.txt,@敗北_inochi_m1,命乞い,ジュレア,（当たらない）,射精2／ところてん系6／メスイキ系1,7223,32/130
N11_Slime_MOD_v4,CSV/Card\Slime_master.txt,@敗北_inochi_m2,命乞い,ジュレア,ところてん→メスイキ・メスの才能,射精2／ところてん系1／メスイキ系2,7656,21/133
N11_Slime_MOD_v4,CSV/Card\Slime_master.txt,@敗北_inochi_m3,命乞い,ジュレア,ところてん→メスイキ・乳首では出さない(射精の語あり 要確認)・メスの才能・体のメス化,射精3／ところてん系0／メスイキ系0,7697,28/136
N11_Slime_MOD_v4,CSV/Card\Slime_master.txt,@敗北_inochi_e1,命乞い,アオ,乳首では出さない(射精の語あり 要確認)・メスの才能・体のメス化,射精2／ところてん系3／メスイキ系0,7399,35/142
N11_Slime_MOD_v4,CSV/Card\Slime_master.txt,@敗北_inochi_e2,命乞い,アカ,ところてん→メスイキ・メスの才能,射精4／ところてん系1／メスイキ系1,7510,30/125
N11_Slime_MOD_v4,CSV/Card\Slime_master.txt,@敗北_inochi_e3,命乞い,モモ,ところてん→メスイキ・メスの才能・ぱふぱふ,射精3／ところてん系2／メスイキ系1,7583,45/160
N11_Slime_MOD_v4,CSV/Card\Slime_master.txt,@敗北_inochi_boss,命乞い,ヴィスカ,ところてん→メスイキ・メスの才能,射精3／ところてん系1／メスイキ系2,7455,14/116
N11_Slime_MOD_v4,CSV/Card\Slime_master.txt,@敗北_onedari_m1,おねだり,ジュレア,乳首では出さない(射精の語あり 要確認)・メスの才能・体のメス化,射精1／ところてん系0／メスイキ系1,7220,26/130
N11_Slime_MOD_v4,CSV/Card\Slime_master.txt,@敗北_onedari_m2,おねだり,ジュレア,ところてん→メスイキ・メスの才能,射精3／ところてん系2／メスイキ系2,7660,27/136
N11_Slime_MOD_v4,CSV/Card\Slime_master.txt,@敗北_onedari_m3,おねだり,ジュレア,乳首では出さない(射精の語あり 要確認)・メスの才能・体のメス化,射精3／ところてん系1／メスイキ系0,7627,36/136
N11_Slime_MOD_v4,CSV/Card\Slime_master.txt,@敗北_onedari_e1,おねだり,アオ,乳首では出さない(射精の語あり 要確認)・メスの才能・体のメス化,射精2／ところてん系1／メスイキ系0,7356,28/140
N11_Slime_MOD_v4,CSV/Card\Slime_master.txt,@敗北_onedari_e2,おねだり,アカ,ところてん→メスイキ・メスの才能,射精3／ところてん系0／メスイキ系2,7415,30/131
N11_Slime_MOD_v4,CSV/Card\Slime_master.txt,@敗北_onedari_e3,おねだり,モモ,ところてん→メスイキ・メスの才能,射精3／ところてん系2／メスイキ系1,7540,40/153
N11_Slime_MOD_v4,CSV/Card\Slime_master.txt,@敗北_onedari_boss,おねだり,ヴィスカ,ところてん→メスイキ・メスの才能,射精3／ところてん系4／メスイキ系1,7527,6/124
N12_Salon_MOD_v4,CSV/Card\Salon_master.txt,@敗北_btl_m1,バトル,カレン,メスの才能・体のメス化,射精0／ところてん系2／メスイキ系0,8092,51/150
N12_Salon_MOD_v4,CSV/Card\Salon_master.txt,@敗北_btl_m2,バトル,カレン,メスの才能・体のメス化,射精0／ところてん系1／メスイキ系0,7457,25/124
N12_Salon_MOD_v4,CSV/Card\Salon_master.txt,@敗北_btl_m3,バトル,カレン,乳首では出さない(射精の語あり 要確認)・メスの才能・体のメス化,射精3／ところてん系8／メスイキ系3,7596,32/147
N12_Salon_MOD_v4,CSV/Card\Salon_master.txt,@敗北_btl_e1,バトル,エマ,乳首では出さない(射精の語あり 要確認)・メスの才能・体のメス化,射精1／ところてん系0／メスイキ系0,7425,39/147
N12_Salon_MOD_v4,CSV/Card\Salon_master.txt,@敗北_btl_e2,バトル,ココ,乳首では出さない(射精の語あり 要確認)・メスの才能・体のメス化,射精2／ところてん系4／メスイキ系0,7325,35/148
N12_Salon_MOD_v4,CSV/Card\Salon_master.txt,@敗北_btl_e3,バトル,ルル,メスの才能・体のメス化,射精0／ところてん系1／メスイキ系0,7704,13/136
N12_Salon_MOD_v4,CSV/Card\Salon_master.txt,@敗北_btl_boss,バトル,セラ,乳首では出さない(射精の語あり 要確認)・メスの才能・体のメス化,射精2／ところてん系4／メスイキ系0,7550,15/124
N12_Salon_MOD_v4,CSV/Card\Salon_master.txt,@敗北_onani_m1,オナニー,カレン,メスの才能・体のメス化,射精0／ところてん系0／メスイキ系0,7428,46/129
N12_Salon_MOD_v4,CSV/Card\Salon_master.txt,@敗北_onani_m2,オナニー,カレン,メスの才能・体のメス化,射精0／ところてん系1／メスイキ系0,7342,36/120
N12_Salon_MOD_v4,CSV/Card\Salon_master.txt,@敗北_onani_m3,オナニー,カレン,乳首では出さない(射精の語あり 要確認)・メスの才能・体のメス化,射精1／ところてん系0／メスイキ系3,7301,55/147
N12_Salon_MOD_v4,CSV/Card\Salon_master.txt,@敗北_onani_e1,オナニー,エマ,乳首では出さない(射精の語あり 要確認)・メスの才能・体のメス化,射精1／ところてん系0／メスイキ系0,7424,38/140
N12_Salon_MOD_v4,CSV/Card\Salon_master.txt,@敗北_onani_e2,オナニー,ココ,メスの才能・体のメス化,射精0／ところてん系1／メスイキ系0,7171,35/136
N12_Salon_MOD_v4,CSV/Card\Salon_master.txt,@敗北_onani_e3,オナニー,ルル,メスの才能・体のメス化,射精0／ところてん系1／メスイキ系0,7276,32/130
N12_Salon_MOD_v4,CSV/Card\Salon_master.txt,@敗北_onani_boss,オナニー,セラ,乳首では出さない(射精の語あり 要確認)・メスの才能・体のメス化,射精2／ところてん系1／メスイキ系0,7284,20/125
N12_Salon_MOD_v4,CSV/Card\Salon_master.txt,@敗北_inochi_m1,命乞い,カレン,メスの才能・体のメス化,射精0／ところてん系2／メスイキ系0,7269,51/122
N12_Salon_MOD_v4,CSV/Card\Salon_master.txt,@敗北_inochi_m2,命乞い,カレン,乳首では出さない(射精の語あり 要確認)・メスの才能・体のメス化,射精2／ところてん系4／メスイキ系0,7270,40/119
N12_Salon_MOD_v4,CSV/Card\Salon_master.txt,@敗北_inochi_m3,命乞い,カレン,メスの才能・体のメス化,射精0／ところてん系4／メスイキ系2,7348,48/145
N12_Salon_MOD_v4,CSV/Card\Salon_master.txt,@敗北_inochi_e1,命乞い,エマ,乳首では出さない(射精の語あり 要確認)・メスの才能・体のメス化,射精1／ところてん系0／メスイキ系0,7350,56/148
N12_Salon_MOD_v4,CSV/Card\Salon_master.txt,@敗北_inochi_e2,命乞い,ココ,乳首では出さない(射精の語あり 要確認)・メスの才能・体のメス化,射精1／ところてん系3／メスイキ系0,7283,46/139
N12_Salon_MOD_v4,CSV/Card\Salon_master.txt,@敗北_inochi_e3,命乞い,ルル,メスの才能・体のメス化,射精0／ところてん系1／メスイキ系0,7280,40/131
N12_Salon_MOD_v4,CSV/Card\Salon_master.txt,@敗北_inochi_boss,命乞い,セラ,乳首では出さない(射精の語あり 要確認)・メスの才能・体のメス化,射精3／ところてん系3／メスイキ系0,7427,18/122
N12_Salon_MOD_v4,CSV/Card\Salon_master.txt,@敗北_onedari_m1,おねだり,カレン,メスの才能・体のメス化,射精0／ところてん系2／メスイキ系0,7190,43/134
N12_Salon_MOD_v4,CSV/Card\Salon_master.txt,@敗北_onedari_m2,おねだり,カレン,メスの才能・体のメス化,射精0／ところてん系0／メスイキ系0,7239,45/126
N12_Salon_MOD_v4,CSV/Card\Salon_master.txt,@敗北_onedari_m3,おねだり,カレン,乳首では出さない(射精の語あり 要確認)・メスの才能・体のメス化,射精1／ところてん系5／メスイキ系0,7443,50/155
N12_Salon_MOD_v4,CSV/Card\Salon_master.txt,@敗北_onedari_e1,おねだり,エマ,乳首では出さない(射精の語あり 要確認)・メスの才能・体のメス化,射精1／ところてん系0／メスイキ系0,7232,63/149
N12_Salon_MOD_v4,CSV/Card\Salon_master.txt,@敗北_onedari_e2,おねだり,ココ,メスの才能・体のメス化,射精0／ところてん系0／メスイキ系0,7244,56/148
N12_Salon_MOD_v4,CSV/Card\Salon_master.txt,@敗北_onedari_e3,おねだり,ルル,メスの才能・体のメス化,射精0／ところてん系1／メスイキ系0,7213,55/142
N12_Salon_MOD_v4,CSV/Card\Salon_master.txt,@敗北_onedari_boss,おねだり,セラ,乳首では出さない(射精の語あり 要確認)・メスの才能・体のメス化,射精1／ところてん系1／メスイキ系0,7320,26/123
N13_CrossCafe_MOD_v4,CSV/Card\CrossCafe_master.txt,@敗北_btl_m1,バトル,マリア,乳首では出さない(射精の語あり 要確認)・メスの才能・体のメス化,射精4／ところてん系0／メスイキ系0,7458,34/134
N13_CrossCafe_MOD_v4,CSV/Card\CrossCafe_master.txt,@敗北_btl_m2,バトル,マリア,乳首では出さない(射精の語あり 要確認)・メスの才能・体のメス化,射精3／ところてん系1／メスイキ系1,7601,39/149
N13_CrossCafe_MOD_v4,CSV/Card\CrossCafe_master.txt,@敗北_btl_m3,バトル,マリア,乳首では出さない(射精の語あり 要確認)・メスの才能・体のメス化,射精2／ところてん系1／メスイキ系0,7608,19/136
N13_CrossCafe_MOD_v4,CSV/Card\CrossCafe_master.txt,@敗北_btl_e1,バトル,ユイ,体のメス化,射精5／ところてん系1／メスイキ系0,7506,29/132
N13_CrossCafe_MOD_v4,CSV/Card\CrossCafe_master.txt,@敗北_btl_e2,バトル,リン,乳首では出さない(射精の語あり 要確認)・メスの才能・体のメス化,射精4／ところてん系2／メスイキ系0,7489,19/129
N13_CrossCafe_MOD_v4,CSV/Card\CrossCafe_master.txt,@敗北_btl_e3,バトル,ノゾミ,ところてん→メスイキ・メスの才能・体のメス化,射精3／ところてん系2／メスイキ系0,7804,41/152
N13_CrossCafe_MOD_v4,CSV/Card\CrossCafe_master.txt,@敗北_btl_boss,バトル,ミレイ,ところてん→メスイキ・メスの才能・体のメス化・ペニバンの書き分け・顔面騎乗,射精3／ところてん系0／メスイキ系0,7474,23/130
N13_CrossCafe_MOD_v4,CSV/Card\CrossCafe_master.txt,@敗北_onani_m1,オナニー,マリア,乳首では出さない(射精の語あり 要確認)・メスの才能・体のメス化,射精3／ところてん系0／メスイキ系0,7270,29/123
N13_CrossCafe_MOD_v4,CSV/Card\CrossCafe_master.txt,@敗北_onani_m2,オナニー,マリア,乳首では出さない(射精の語あり 要確認)・メスの才能・体のメス化,射精3／ところてん系2／メスイキ系0,7413,36/139
N13_CrossCafe_MOD_v4,CSV/Card\CrossCafe_master.txt,@敗北_onani_m3,オナニー,マリア,乳首では出さない(射精の語あり 要確認)・メスの才能・体のメス化,射精3／ところてん系0／メスイキ系0,7509,41/139
N13_CrossCafe_MOD_v4,CSV/Card\CrossCafe_master.txt,@敗北_onani_e1,オナニー,ユイ,乳首では出さない(射精の語あり 要確認)・メスの才能・体のメス化,射精2／ところてん系1／メスイキ系1,7345,29/133
N13_CrossCafe_MOD_v4,CSV/Card\CrossCafe_master.txt,@敗北_onani_e2,オナニー,リン,乳首では出さない(射精の語あり 要確認)・メスの才能・体のメス化,射精3／ところてん系0／メスイキ系0,7338,22/125
N13_CrossCafe_MOD_v4,CSV/Card\CrossCafe_master.txt,@敗北_onani_e3,オナニー,ノゾミ,乳首では出さない(射精の語あり 要確認)・メスの才能・体のメス化,射精3／ところてん系0／メスイキ系2,7286,33/136
N13_CrossCafe_MOD_v4,CSV/Card\CrossCafe_master.txt,@敗北_onani_boss,オナニー,ミレイ,ところてん→メスイキ・メスの才能・体のメス化・ペニバンの書き分け,射精4／ところてん系0／メスイキ系0,7497,27/132
N13_CrossCafe_MOD_v4,CSV/Card\CrossCafe_master.txt,@敗北_inochi_m1,命乞い,マリア,乳首では出さない(射精の語あり 要確認)・メスの才能・体のメス化,射精2／ところてん系0／メスイキ系0,7294,20/126
N13_CrossCafe_MOD_v4,CSV/Card\CrossCafe_master.txt,@敗北_inochi_m2,命乞い,マリア,乳首では出さない(射精の語あり 要確認)・メスの才能・体のメス化,射精2／ところてん系0／メスイキ系1,7386,44/148
N13_CrossCafe_MOD_v4,CSV/Card\CrossCafe_master.txt,@敗北_inochi_m3,命乞い,マリア,乳首では出さない(射精の語あり 要確認)・メスの才能・体のメス化,射精2／ところてん系0／メスイキ系0,7398,34/140
N13_CrossCafe_MOD_v4,CSV/Card\CrossCafe_master.txt,@敗北_inochi_e1,命乞い,ユイ,体のメス化,射精2／ところてん系0／メスイキ系0,7374,25/131
N13_CrossCafe_MOD_v4,CSV/Card\CrossCafe_master.txt,@敗北_inochi_e2,命乞い,リン,乳首では出さない(射精の語あり 要確認)・メスの才能・体のメス化,射精3／ところてん系1／メスイキ系0,7420,28/136
N13_CrossCafe_MOD_v4,CSV/Card\CrossCafe_master.txt,@敗北_inochi_e3,命乞い,ノゾミ,ところてん→メスイキ・メスの才能・体のメス化,射精4／ところてん系0／メスイキ系0,7441,43/136
N13_CrossCafe_MOD_v4,CSV/Card\CrossCafe_master.txt,@敗北_inochi_boss,命乞い,ミレイ,ところてん→メスイキ・メスの才能・体のメス化・ペニバンの書き分け,射精3／ところてん系3／メスイキ系0,7333,38/126
N13_CrossCafe_MOD_v4,CSV/Card\CrossCafe_master.txt,@敗北_onedari_m1,おねだり,マリア,乳首では出さない(射精の語あり 要確認)・メスの才能・体のメス化,射精2／ところてん系1／メスイキ系1,7291,31/137
N13_CrossCafe_MOD_v4,CSV/Card\CrossCafe_master.txt,@敗北_onedari_m2,おねだり,マリア,乳首では出さない(射精の語あり 要確認)・メスの才能・体のメス化,射精2／ところてん系1／メスイキ系1,7466,47/152
N13_CrossCafe_MOD_v4,CSV/Card\CrossCafe_master.txt,@敗北_onedari_m3,おねだり,マリア,乳首では出さない(射精の語あり 要確認)・メスの才能・体のメス化,射精2／ところてん系0／メスイキ系0,7416,39/149
N13_CrossCafe_MOD_v4,CSV/Card\CrossCafe_master.txt,@敗北_onedari_e1,おねだり,ユイ,乳首では出さない(射精の語あり 要確認)・メスの才能・体のメス化,射精2／ところてん系0／メスイキ系1,7223,34/135
N13_CrossCafe_MOD_v4,CSV/Card\CrossCafe_master.txt,@敗北_onedari_e2,おねだり,リン,乳首では出さない(射精の語あり 要確認)・メスの才能・体のメス化,射精3／ところてん系1／メスイキ系0,7257,29/135
N13_CrossCafe_MOD_v4,CSV/Card\CrossCafe_master.txt,@敗北_onedari_e3,おねだり,ノゾミ,ところてん→メスイキ・乳首では出さない(射精の語あり 要確認)・メスの才能・体のメス化,射精3／ところてん系0／メスイキ系0,7417,44/148
N13_CrossCafe_MOD_v4,CSV/Card\CrossCafe_master.txt,@敗北_onedari_boss,おねだり,ミレイ,ところてん→メスイキ・メスの才能・体のメス化・ペニバンの書き分け,射精3／ところてん系2／メスイキ系0,7362,43/140
N14_Idol_MOD_v4,CSV/Card\Idol_master.txt,@敗北_btl_m1,バトル,ナナ,体のメス化,射精5／ところてん系0／メスイキ系0,7518,54/138
N14_Idol_MOD_v4,CSV/Card\Idol_master.txt,@敗北_btl_m2,バトル,ナナ,乳首では出さない(射精の語あり 要確認)・メスの才能・体のメス化,射精6／ところてん系0／メスイキ系0,7450,33/123
N14_Idol_MOD_v4,CSV/Card\Idol_master.txt,@敗北_btl_m3,バトル,ナナ,体のメス化,射精3／ところてん系1／メスイキ系0,7659,35/143
N14_Idol_MOD_v4,CSV/Card\Idol_master.txt,@敗北_btl_e1,バトル,アキ,ところてん→メスイキ・乳首では出さない(射精の語あり 要確認)・メスの才能・体のメス化,射精2／ところてん系1／メスイキ系0,7459,52/135
N14_Idol_MOD_v4,CSV/Card\Idol_master.txt,@敗北_btl_e2,バトル,サヤ,乳首では出さない(射精の語あり 要確認)・メスの才能・体のメス化,射精6／ところてん系2／メスイキ系0,7377,45/124
N14_Idol_MOD_v4,CSV/Card\Idol_master.txt,@敗北_btl_e3,バトル,レイ,体のメス化,射精6／ところてん系3／メスイキ系0,7741,45/134
N14_Idol_MOD_v4,CSV/Card\Idol_master.txt,@敗北_btl_boss,バトル,カンナ,ところてん→メスイキ・メスの才能・体のメス化・ペニバンの書き分け,射精3／ところてん系3／メスイキ系0,8216,26/146
N14_Idol_MOD_v4,CSV/Card\Idol_master.txt,@敗北_onani_m1,オナニー,ナナ,体のメス化,射精3／ところてん系0／メスイキ系0,7259,46/129
N14_Idol_MOD_v4,CSV/Card\Idol_master.txt,@敗北_onani_m2,オナニー,ナナ,乳首では出さない(射精の語あり 要確認)・メスの才能・体のメス化,射精3／ところてん系0／メスイキ系0,7193,37/123
N14_Idol_MOD_v4,CSV/Card\Idol_master.txt,@敗北_onani_m3,オナニー,ナナ,体のメス化,射精2／ところてん系0／メスイキ系0,7341,38/130
N14_Idol_MOD_v4,CSV/Card\Idol_master.txt,@敗北_onani_e1,オナニー,アキ,乳首では出さない(射精の語あり 要確認)・メスの才能・体のメス化,射精1／ところてん系0／メスイキ系0,7340,41/118
N14_Idol_MOD_v4,CSV/Card\Idol_master.txt,@敗北_onani_e2,オナニー,サヤ,乳首では出さない(射精の語あり 要確認)・メスの才能・体のメス化,射精3／ところてん系0／メスイキ系0,7225,41/124
N14_Idol_MOD_v4,CSV/Card\Idol_master.txt,@敗北_onani_e3,オナニー,レイ,体のメス化,射精4／ところてん系1／メスイキ系0,7424,35/122
N14_Idol_MOD_v4,CSV/Card\Idol_master.txt,@敗北_onani_boss,オナニー,カンナ,ところてん→メスイキ・メスの才能・体のメス化・ペニバンの書き分け,射精3／ところてん系2／メスイキ系0,7621,29/129
N14_Idol_MOD_v4,CSV/Card\Idol_master.txt,@敗北_inochi_m1,命乞い,ナナ,体のメス化,射精3／ところてん系0／メスイキ系0,7310,51/131
N14_Idol_MOD_v4,CSV/Card\Idol_master.txt,@敗北_inochi_m2,命乞い,ナナ,乳首では出さない(射精の語あり 要確認)・メスの才能・体のメス化,射精5／ところてん系0／メスイキ系0,7322,47/131
N14_Idol_MOD_v4,CSV/Card\Idol_master.txt,@敗北_inochi_m3,命乞い,ナナ,体のメス化,射精3／ところてん系1／メスイキ系0,7480,26/133
N14_Idol_MOD_v4,CSV/Card\Idol_master.txt,@敗北_inochi_e1,命乞い,アキ,ところてん→メスイキ・メスの才能・体のメス化,射精3／ところてん系0／メスイキ系0,7440,48/123
N14_Idol_MOD_v4,CSV/Card\Idol_master.txt,@敗北_inochi_e2,命乞い,サヤ,乳首では出さない(射精の語あり 要確認)・メスの才能・体のメス化,射精3／ところてん系0／メスイキ系0,7269,38/119
N14_Idol_MOD_v4,CSV/Card\Idol_master.txt,@敗北_inochi_e3,命乞い,レイ,体のメス化,射精5／ところてん系1／メスイキ系0,7311,40/124
N14_Idol_MOD_v4,CSV/Card\Idol_master.txt,@敗北_inochi_boss,命乞い,カンナ,ところてん→メスイキ・メスの才能・体のメス化・ペニバンの書き分け,射精3／ところてん系3／メスイキ系0,7519,33/131
N14_Idol_MOD_v4,CSV/Card\Idol_master.txt,@敗北_onedari_m1,おねだり,ナナ,体のメス化,射精3／ところてん系1／メスイキ系0,7382,47/135
N14_Idol_MOD_v4,CSV/Card\Idol_master.txt,@敗北_onedari_m2,おねだり,ナナ,乳首では出さない(射精の語あり 要確認)・メスの才能・体のメス化,射精3／ところてん系1／メスイキ系0,7305,41/140
N14_Idol_MOD_v4,CSV/Card\Idol_master.txt,@敗北_onedari_m3,おねだり,ナナ,体のメス化,射精4／ところてん系1／メスイキ系0,7427,33/131
N14_Idol_MOD_v4,CSV/Card\Idol_master.txt,@敗北_onedari_e1,おねだり,アキ,ところてん→メスイキ・乳首では出さない(射精の語あり 要確認)・メスの才能・体のメス化,射精2／ところてん系0／メスイキ系0,7392,42/126
N14_Idol_MOD_v4,CSV/Card\Idol_master.txt,@敗北_onedari_e2,おねだり,サヤ,乳首では出さない(射精の語あり 要確認)・メスの才能・体のメス化,射精3／ところてん系1／メスイキ系0,7250,36/121
N14_Idol_MOD_v4,CSV/Card\Idol_master.txt,@敗北_onedari_e3,おねだり,レイ,体のメス化,射精4／ところてん系2／メスイキ系0,7253,37/124
N14_Idol_MOD_v4,CSV/Card\Idol_master.txt,@敗北_onedari_boss,おねだり,カンナ,ところてん→メスイキ・メスの才能・体のメス化・ペニバンの書き分け,射精3／ところてん系1／メスイキ系0,7551,30/132
N15_Dorm_MOD_v4,CSV/Card\Dorm_master.txt,@敗北_btl_m1,バトル,サクラ,体のメス化,射精5／ところてん系0／メスイキ系0,7567,37/120
N15_Dorm_MOD_v4,CSV/Card\Dorm_master.txt,@敗北_btl_m2,バトル,サクラ,体のメス化,射精5／ところてん系1／メスイキ系0,7587,41/144
N15_Dorm_MOD_v4,CSV/Card\Dorm_master.txt,@敗北_btl_m3,バトル,サクラ,乳首では出さない(射精の語あり 要確認)・メスの才能・体のメス化,射精3／ところてん系0／メスイキ系0,7495,38/129
N15_Dorm_MOD_v4,CSV/Card\Dorm_master.txt,@敗北_btl_e1,バトル,ハナ,乳首では出さない(射精の語あり 要確認)・メスの才能・体のメス化,射精3／ところてん系0／メスイキ系0,7741,50/164
N15_Dorm_MOD_v4,CSV/Card\Dorm_master.txt,@敗北_btl_e2,バトル,マナ,体のメス化,射精5／ところてん系0／メスイキ系0,7763,36/124
N15_Dorm_MOD_v4,CSV/Card\Dorm_master.txt,@敗北_btl_e3,バトル,サキ,ところてん→メスイキ・メスの才能・体のメス化・ペニバンの書き分け,射精4／ところてん系2／メスイキ系0,8750,37/147
N15_Dorm_MOD_v4,CSV/Card\Dorm_master.txt,@敗北_btl_boss,バトル,ミズキ,ところてん→メスイキ・乳首では出さない(射精の語あり 要確認)・メスの才能・体のメス化,射精4／ところてん系3／メスイキ系0,8222,28/130
N15_Dorm_MOD_v4,CSV/Card\Dorm_master.txt,@敗北_onani_m1,オナニー,サクラ,乳首では出さない(射精の語あり 要確認)・メスの才能・体のメス化,射精3／ところてん系0／メスイキ系0,7337,35/115
N15_Dorm_MOD_v4,CSV/Card\Dorm_master.txt,@敗北_onani_m2,オナニー,サクラ,乳首では出さない(射精の語あり 要確認)・メスの才能・体のメス化,射精4／ところてん系1／メスイキ系0,7584,45/154
N15_Dorm_MOD_v4,CSV/Card\Dorm_master.txt,@敗北_onani_m3,オナニー,サクラ,乳首では出さない(射精の語あり 要確認)・メスの才能・体のメス化,射精4／ところてん系0／メスイキ系0,7283,30/129
N15_Dorm_MOD_v4,CSV/Card\Dorm_master.txt,@敗北_onani_e1,オナニー,ハナ,乳首では出さない(射精の語あり 要確認)・メスの才能・体のメス化,射精2／ところてん系0／メスイキ系1,7337,38/148
N15_Dorm_MOD_v4,CSV/Card\Dorm_master.txt,@敗北_onani_e2,オナニー,マナ,乳首では出さない(射精の語あり 要確認)・メスの才能・体のメス化,射精4／ところてん系0／メスイキ系0,7288,32/120
N15_Dorm_MOD_v4,CSV/Card\Dorm_master.txt,@敗北_onani_e3,オナニー,サキ,ところてん→メスイキ・メスの才能・体のメス化・ペニバンの書き分け,射精3／ところてん系2／メスイキ系0,7552,29/121
N15_Dorm_MOD_v4,CSV/Card\Dorm_master.txt,@敗北_onani_boss,オナニー,ミズキ,ところてん→メスイキ・乳首では出さない(射精の語あり 要確認)・メスの才能・体のメス化,射精4／ところてん系1／メスイキ系0,7555,28/122
N15_Dorm_MOD_v4,CSV/Card\Dorm_master.txt,@敗北_inochi_m1,命乞い,サクラ,メスの才能,射精3／ところてん系0／メスイキ系0,7349,37/116
N15_Dorm_MOD_v4,CSV/Card\Dorm_master.txt,@敗北_inochi_m2,命乞い,サクラ,乳首では出さない(射精の語あり 要確認)・メスの才能・体のメス化,射精3／ところてん系0／メスイキ系0,7331,35/136
N15_Dorm_MOD_v4,CSV/Card\Dorm_master.txt,@敗北_inochi_m3,命乞い,サクラ,乳首では出さない(射精の語あり 要確認)・メスの才能・体のメス化,射精3／ところてん系0／メスイキ系0,7399,43/135
N15_Dorm_MOD_v4,CSV/Card\Dorm_master.txt,@敗北_inochi_e1,命乞い,ハナ,乳首では出さない(射精の語あり 要確認)・メスの才能・体のメス化,射精3／ところてん系1／メスイキ系0,7379,33/135
N15_Dorm_MOD_v4,CSV/Card\Dorm_master.txt,@敗北_inochi_e2,命乞い,マナ,体のメス化,射精3／ところてん系1／メスイキ系0,7332,33/120
N15_Dorm_MOD_v4,CSV/Card\Dorm_master.txt,@敗北_inochi_e3,命乞い,サキ,ところてん→メスイキ・メスの才能・体のメス化・ペニバンの書き分け,射精2／ところてん系0／メスイキ系0,7410,26/113
N15_Dorm_MOD_v4,CSV/Card\Dorm_master.txt,@敗北_inochi_boss,命乞い,ミズキ,ところてん→メスイキ・乳首では出さない(射精の語あり 要確認)・メスの才能・体のメス化,射精4／ところてん系1／メスイキ系0,7412,34/122
N15_Dorm_MOD_v4,CSV/Card\Dorm_master.txt,@敗北_onedari_m1,おねだり,サクラ,乳首では出さない(射精の語あり 要確認)・メスの才能・体のメス化,射精3／ところてん系0／メスイキ系0,7316,41/119
N15_Dorm_MOD_v4,CSV/Card\Dorm_master.txt,@敗北_onedari_m2,おねだり,サクラ,乳首では出さない(射精の語あり 要確認)・メスの才能・体のメス化,射精6／ところてん系1／メスイキ系0,7459,54/152
N15_Dorm_MOD_v4,CSV/Card\Dorm_master.txt,@敗北_onedari_m3,おねだり,サクラ,乳首では出さない(射精の語あり 要確認)・メスの才能・体のメス化,射精3／ところてん系0／メスイキ系0,7312,49/142
N15_Dorm_MOD_v4,CSV/Card\Dorm_master.txt,@敗北_onedari_e1,おねだり,ハナ,乳首では出さない(射精の語あり 要確認)・メスの才能・体のメス化,射精3／ところてん系0／メスイキ系0,7333,50/146
N15_Dorm_MOD_v4,CSV/Card\Dorm_master.txt,@敗北_onedari_e2,おねだり,マナ,体のメス化,射精4／ところてん系0／メスイキ系0,7317,35/121
N15_Dorm_MOD_v4,CSV/Card\Dorm_master.txt,@敗北_onedari_e3,おねだり,サキ,ところてん→メスイキ・メスの才能・体のメス化・ペニバンの書き分け,射精2／ところてん系0／メスイキ系0,7473,24/115
N15_Dorm_MOD_v4,CSV/Card\Dorm_master.txt,@敗北_onedari_boss,おねだり,ミズキ,ところてん→メスイキ・乳首では出さない(射精の語あり 要確認)・メスの才能・体のメス化,射精5／ところてん系2／メスイキ系0,7485,30/119
N16_Alraune_MOD,CSV/Card\Alraune_master.txt,@敗北_btl_m1,バトル,自分,乳首では出さない(射精の語あり 要確認)・メスの才能・体のメス化,射精6／ところてん系3／メスイキ系0,7262,0/80
N16_Alraune_MOD,CSV/Card\Alraune_master.txt,@敗北_btl_m2,バトル,自分,ところてん→メスイキ・乳首では出さない(射精の語あり 要確認)・メスの才能・体のメス化,射精5／ところてん系6／メスイキ系0,7571,0/84
N16_Alraune_MOD,CSV/Card\Alraune_master.txt,@敗北_btl_m3,バトル,自分,ところてん→メスイキ・乳首では出さない(射精の語あり 要確認)・メスの才能・体のメス化,射精4／ところてん系1／メスイキ系0,7551,0/83
N16_Alraune_MOD,CSV/Card\Alraune_master.txt,@敗北_btl_e1,バトル,アイビー,ところてん→メスイキ・乳首では出さない(射精の語あり 要確認)・メスの才能・体のメス化,射精6／ところてん系2／メスイキ系0,7737,0/90
N16_Alraune_MOD,CSV/Card\Alraune_master.txt,@敗北_btl_e2,バトル,ポレン,（当たらない）,射精6／ところてん系0／メスイキ系0,7767,0/95
N16_Alraune_MOD,CSV/Card\Alraune_master.txt,@敗北_btl_e3,バトル,ネペンテ,ところてん→メスイキ・乳首では出さない(射精の語あり 要確認)・メスの才能・体のメス化・アナル舐め,射精3／ところてん系6／メスイキ系0,7687,0/92
N16_Alraune_MOD,CSV/Card\Alraune_master.txt,@敗北_btl_boss,バトル,ユグ,ところてん→メスイキ・乳首では出さない(射精の語あり 要確認)・メスの才能・体のメス化,射精5／ところてん系2／メスイキ系0,7697,0/73
N16_Alraune_MOD,CSV/Card\Alraune_master.txt,@敗北_onani_m1,オナニー,自分,乳首では出さない(射精の語あり 要確認)・メスの才能・体のメス化,射精3／ところてん系2／メスイキ系0,7165,0/74
N16_Alraune_MOD,CSV/Card\Alraune_master.txt,@敗北_onani_m2,オナニー,自分,ところてん→メスイキ・乳首では出さない(射精の語あり 要確認)・メスの才能・体のメス化,射精6／ところてん系6／メスイキ系0,7464,0/82
N16_Alraune_MOD,CSV/Card\Alraune_master.txt,@敗北_onani_m3,オナニー,自分,ところてん→メスイキ・乳首では出さない(射精の語あり 要確認)・メスの才能・体のメス化,射精3／ところてん系2／メスイキ系0,7554,0/85
N16_Alraune_MOD,CSV/Card\Alraune_master.txt,@敗北_onani_e1,オナニー,アイビー,ところてん→メスイキ・乳首では出さない(射精の語あり 要確認)・メスの才能・体のメス化,射精5／ところてん系2／メスイキ系1,7428,0/87
N16_Alraune_MOD,CSV/Card\Alraune_master.txt,@敗北_onani_e2,オナニー,ポレン,メスの才能,射精3／ところてん系2／メスイキ系0,7541,0/88
N16_Alraune_MOD,CSV/Card\Alraune_master.txt,@敗北_onani_e3,オナニー,ネペンテ,ところてん→メスイキ・乳首では出さない(射精の語あり 要確認)・メスの才能・体のメス化・アナル舐め,射精3／ところてん系4／メスイキ系0,7411,0/94
N16_Alraune_MOD,CSV/Card\Alraune_master.txt,@敗北_onani_boss,オナニー,ユグ,ところてん→メスイキ・乳首では出さない(射精の語あり 要確認)・メスの才能・体のメス化,射精3／ところてん系4／メスイキ系1,7499,0/73
N16_Alraune_MOD,CSV/Card\Alraune_master.txt,@敗北_inochi_m1,命乞い,自分,乳首では出さない(射精の語あり 要確認)・メスの才能・体のメス化,射精3／ところてん系4／メスイキ系0,7124,0/76
N16_Alraune_MOD,CSV/Card\Alraune_master.txt,@敗北_inochi_m2,命乞い,自分,ところてん→メスイキ・乳首では出さない(射精の語あり 要確認)・メスの才能・体のメス化,射精5／ところてん系3／メスイキ系0,7408,0/82
N16_Alraune_MOD,CSV/Card\Alraune_master.txt,@敗北_inochi_m3,命乞い,自分,ところてん→メスイキ・乳首では出さない(射精の語あり 要確認)・メスの才能・体のメス化,射精3／ところてん系1／メスイキ系0,7486,0/83
N16_Alraune_MOD,CSV/Card\Alraune_master.txt,@敗北_inochi_e1,命乞い,アイビー,ところてん→メスイキ・乳首では出さない(射精の語あり 要確認)・メスの才能・体のメス化,射精5／ところてん系1／メスイキ系0,7409,0/89
N16_Alraune_MOD,CSV/Card\Alraune_master.txt,@敗北_inochi_e2,命乞い,ポレン,（当たらない）,射精3／ところてん系1／メスイキ系0,7488,0/82
N16_Alraune_MOD,CSV/Card\Alraune_master.txt,@敗北_inochi_e3,命乞い,ネペンテ,ところてん→メスイキ・乳首では出さない(射精の語あり 要確認)・メスの才能・体のメス化・アナル舐め,射精3／ところてん系8／メスイキ系0,7454,0/88
N16_Alraune_MOD,CSV/Card\Alraune_master.txt,@敗北_inochi_boss,命乞い,ユグ,ところてん→メスイキ・乳首では出さない(射精の語あり 要確認)・メスの才能・体のメス化,射精3／ところてん系3／メスイキ系0,7471,0/71
N16_Alraune_MOD,CSV/Card\Alraune_master.txt,@敗北_onedari_m1,おねだり,自分,乳首では出さない(射精の語あり 要確認)・メスの才能・体のメス化,射精4／ところてん系0／メスイキ系0,7035,0/74
N16_Alraune_MOD,CSV/Card\Alraune_master.txt,@敗北_onedari_m2,おねだり,自分,ところてん→メスイキ・乳首では出さない(射精の語あり 要確認)・メスの才能・体のメス化,射精4／ところてん系5／メスイキ系0,7695,0/84
N16_Alraune_MOD,CSV/Card\Alraune_master.txt,@敗北_onedari_m3,おねだり,自分,ところてん→メスイキ・乳首では出さない(射精の語あり 要確認)・メスの才能・体のメス化,射精4／ところてん系0／メスイキ系0,7429,0/85
N16_Alraune_MOD,CSV/Card\Alraune_master.txt,@敗北_onedari_e1,おねだり,アイビー,ところてん→メスイキ・乳首では出さない(射精の語あり 要確認)・メスの才能・体のメス化,射精6／ところてん系1／メスイキ系0,7411,0/92
N16_Alraune_MOD,CSV/Card\Alraune_master.txt,@敗北_onedari_e2,おねだり,ポレン,（当たらない）,射精5／ところてん系2／メスイキ系0,7494,0/91
N16_Alraune_MOD,CSV/Card\Alraune_master.txt,@敗北_onedari_e3,おねだり,ネペンテ,ところてん→メスイキ・乳首では出さない(射精の語あり 要確認)・メスの才能・体のメス化・アナル舐め,射精3／ところてん系3／メスイキ系0,7340,0/89
N16_Alraune_MOD,CSV/Card\Alraune_master.txt,@敗北_onedari_boss,おねだり,ユグ,ところてん→メスイキ・乳首では出さない(射精の語あり 要確認)・メスの才能・体のメス化,射精3／ところてん系2／メスイキ系0,7388,0/71
N17_Scylla_MOD,CSV/Card\Scylla_master.txt,@敗北_btl_m1,バトル,自分,乳首では出さない(射精の語あり 要確認)・メスの才能・体のメス化,射精7／ところてん系0／メスイキ系0,7772,5/103
N17_Scylla_MOD,CSV/Card\Scylla_master.txt,@敗北_btl_m2,バトル,自分,乳首では出さない(射精の語あり 要確認)・メスの才能・体のメス化,射精7／ところてん系2／メスイキ系0,8088,10/107
N17_Scylla_MOD,CSV/Card\Scylla_master.txt,@敗北_btl_m3,バトル,自分,ところてん→メスイキ・乳首では出さない(射精の語あり 要確認)・メスの才能・体のメス化,射精4／ところてん系1／メスイキ系0,7954,12/104
N17_Scylla_MOD,CSV/Card\Scylla_master.txt,@敗北_btl_e1,バトル,セイレ,乳首では出さない(射精の語あり 要確認)・メスの才能・体のメス化,射精2／ところてん系3／メスイキ系0,7553,15/88
N17_Scylla_MOD,CSV/Card\Scylla_master.txt,@敗北_btl_e2,バトル,アネモ,ところてん→メスイキ・乳首では出さない(射精の語あり 要確認)・メスの才能・体のメス化,射精4／ところてん系0／メスイキ系0,7968,11/97
N17_Scylla_MOD,CSV/Card\Scylla_master.txt,@敗北_btl_e3,バトル,メドゥ,ところてん→メスイキ・乳首では出さない(射精の語あり 要確認)・メスの才能・体のメス化,射精5／ところてん系4／メスイキ系0,7658,25/101
N17_Scylla_MOD,CSV/Card\Scylla_master.txt,@敗北_btl_boss,バトル,クラーケ,ところてん→メスイキ・乳首では出さない(射精の語あり 要確認)・メスの才能・体のメス化・逆アナルの射精,射精4／ところてん系1／メスイキ系0,7983,20/103
N17_Scylla_MOD,CSV/Card\Scylla_master.txt,@敗北_onani_m1,オナニー,自分,乳首では出さない(射精の語あり 要確認)・メスの才能・体のメス化,射精6／ところてん系2／メスイキ系0,7886,14/104
N17_Scylla_MOD,CSV/Card\Scylla_master.txt,@敗北_onani_m2,オナニー,自分,乳首では出さない(射精の語あり 要確認)・メスの才能・体のメス化,射精6／ところてん系1／メスイキ系0,7761,10/99
N17_Scylla_MOD,CSV/Card\Scylla_master.txt,@敗北_onani_m3,オナニー,自分,ところてん→メスイキ・乳首では出さない(射精の語あり 要確認)・メスの才能・体のメス化,射精5／ところてん系2／メスイキ系0,7611,6/91
N17_Scylla_MOD,CSV/Card\Scylla_master.txt,@敗北_onani_e1,オナニー,セイレ,（当たらない）,射精3／ところてん系2／メスイキ系0,7461,11/85
N17_Scylla_MOD,CSV/Card\Scylla_master.txt,@敗北_onani_e2,オナニー,アネモ,ところてん→メスイキ・乳首では出さない(射精の語あり 要確認)・メスの才能・体のメス化,射精4／ところてん系1／メスイキ系0,8243,11/97
N17_Scylla_MOD,CSV/Card\Scylla_master.txt,@敗北_onani_e3,オナニー,メドゥ,ところてん→メスイキ・乳首では出さない(射精の語あり 要確認)・メスの才能・体のメス化,射精4／ところてん系2／メスイキ系0,7966,26/101
N17_Scylla_MOD,CSV/Card\Scylla_master.txt,@敗北_onani_boss,オナニー,クラーケ,ところてん→メスイキ・メスの才能・体のメス化・逆アナルの射精,射精3／ところてん系2／メスイキ系0,8370,11/98
N17_Scylla_MOD,CSV/Card\Scylla_master.txt,@敗北_inochi_m1,命乞い,自分,乳首では出さない(射精の語あり 要確認)・メスの才能・体のメス化,射精4／ところてん系0／メスイキ系0,7436,13/103
N17_Scylla_MOD,CSV/Card\Scylla_master.txt,@敗北_inochi_m2,命乞い,自分,乳首では出さない(射精の語あり 要確認)・メスの才能・体のメス化・ぱふぱふ,射精8／ところてん系0／メスイキ系0,7629,10/103
N17_Scylla_MOD,CSV/Card\Scylla_master.txt,@敗北_inochi_m3,命乞い,自分,ところてん→メスイキ・乳首では出さない(射精の語あり 要確認)・メスの才能・体のメス化,射精5／ところてん系0／メスイキ系0,7811,15/100
N17_Scylla_MOD,CSV/Card\Scylla_master.txt,@敗北_inochi_e1,命乞い,セイレ,（当たらない）,射精2／ところてん系0／メスイキ系0,7307,19/82
N17_Scylla_MOD,CSV/Card\Scylla_master.txt,@敗北_inochi_e2,命乞い,アネモ,ところてん→メスイキ・乳首では出さない(射精の語あり 要確認)・メスの才能・体のメス化,射精3／ところてん系0／メスイキ系0,7788,12/85
N17_Scylla_MOD,CSV/Card\Scylla_master.txt,@敗北_inochi_e3,命乞い,メドゥ,ところてん→メスイキ・乳首では出さない(射精の語あり 要確認)・メスの才能・体のメス化,射精6／ところてん系4／メスイキ系0,7583,28/99
N17_Scylla_MOD,CSV/Card\Scylla_master.txt,@敗北_inochi_boss,命乞い,クラーケ,ところてん→メスイキ・乳首では出さない(射精の語あり 要確認)・メスの才能・体のメス化・逆アナルの射精・ぱふぱふ,射精4／ところてん系0／メスイキ系0,8033,16/96
N17_Scylla_MOD,CSV/Card\Scylla_master.txt,@敗北_onedari_m1,おねだり,自分,乳首では出さない(射精の語あり 要確認)・メスの才能・体のメス化,射精6／ところてん系1／メスイキ系0,7409,15/106
N17_Scylla_MOD,CSV/Card\Scylla_master.txt,@敗北_onedari_m2,おねだり,自分,乳首では出さない(射精の語あり 要確認)・メスの才能・体のメス化,射精7／ところてん系1／メスイキ系0,7633,13/104
N17_Scylla_MOD,CSV/Card\Scylla_master.txt,@敗北_onedari_m3,おねだり,自分,ところてん→メスイキ・乳首では出さない(射精の語あり 要確認)・メスの才能・体のメス化,射精4／ところてん系1／メスイキ系0,7574,8/96
N17_Scylla_MOD,CSV/Card\Scylla_master.txt,@敗北_onedari_e1,おねだり,セイレ,（当たらない）,射精2／ところてん系1／メスイキ系0,7433,19/90
N17_Scylla_MOD,CSV/Card\Scylla_master.txt,@敗北_onedari_e2,おねだり,アネモ,ところてん→メスイキ・乳首では出さない(射精の語あり 要確認)・メスの才能・体のメス化,射精3／ところてん系0／メスイキ系0,7663,14/93
N17_Scylla_MOD,CSV/Card\Scylla_master.txt,@敗北_onedari_e3,おねだり,メドゥ,ところてん→メスイキ・乳首では出さない(射精の語あり 要確認)・メスの才能・体のメス化,射精5／ところてん系4／メスイキ系0,7626,24/103
N17_Scylla_MOD,CSV/Card\Scylla_master.txt,@敗北_onedari_boss,おねだり,クラーケ,ところてん→メスイキ・乳首では出さない(射精の語あり 要確認)・メスの才能・体のメス化・逆アナルの射精,射精4／ところてん系2／メスイキ系0,7792,16/94
N18_Lamia_MOD,CSV/Card\Lamia_master.txt,@敗北_btl_m1,バトル,シェスカ,ところてん→メスイキ・メスの才能・アナル舐め,射精6／ところてん系1／メスイキ系0,7440,0/104
N18_Lamia_MOD,CSV/Card\Lamia_master.txt,@敗北_btl_m2,バトル,シェスカ,ところてん→メスイキ・乳首では出さない(射精の語あり 要確認)・メスの才能・体のメス化・アナル舐め,射精6／ところてん系2／メスイキ系0,8113,0/89
N18_Lamia_MOD,CSV/Card\Lamia_master.txt,@敗北_btl_m3,バトル,シェスカ,ところてん→メスイキ・メスの才能・体のメス化・逆アナルの射精・アナル舐め,射精4／ところてん系0／メスイキ系0,7508,0/95
N18_Lamia_MOD,CSV/Card\Lamia_master.txt,@敗北_btl_e1,バトル,ヴィペラ,乳首では出さない(射精の語あり 要確認)・メスの才能・体のメス化,射精4／ところてん系0／メスイキ系0,7821,0/88
N18_Lamia_MOD,CSV/Card\Lamia_master.txt,@敗北_btl_e2,バトル,コブラ,ところてん→メスイキ・メスの才能,射精6／ところてん系0／メスイキ系0,7951,0/95
N18_Lamia_MOD,CSV/Card\Lamia_master.txt,@敗北_btl_e3,バトル,リングァ,ところてん→メスイキ・乳首では出さない(射精の語あり 要確認)・メスの才能・体のメス化・アナル舐め,射精2／ところてん系3／メスイキ系0,8232,0/89
N18_Lamia_MOD,CSV/Card\Lamia_master.txt,@敗北_btl_boss,バトル,ウロボラ,ところてん→メスイキ・乳首では出さない(射精の語あり 要確認)・メスの才能・体のメス化,射精1／ところてん系1／メスイキ系0,7773,0/83
N18_Lamia_MOD,CSV/Card\Lamia_master.txt,@敗北_onani_m1,オナニー,シェスカ,ところてん→メスイキ・メスの才能・アナル舐め,射精3／ところてん系3／メスイキ系0,7748,0/98
N18_Lamia_MOD,CSV/Card\Lamia_master.txt,@敗北_onani_m2,オナニー,シェスカ,ところてん→メスイキ・乳首では出さない(射精の語あり 要確認)・メスの才能・体のメス化・アナル舐め,射精4／ところてん系0／メスイキ系0,8042,0/83
N18_Lamia_MOD,CSV/Card\Lamia_master.txt,@敗北_onani_m3,オナニー,シェスカ,ところてん→メスイキ・メスの才能・体のメス化・逆アナルの射精,射精4／ところてん系0／メスイキ系0,7790,0/92
N18_Lamia_MOD,CSV/Card\Lamia_master.txt,@敗北_onani_e1,オナニー,ヴィペラ,乳首では出さない(射精の語あり 要確認)・メスの才能・体のメス化,射精3／ところてん系0／メスイキ系0,7717,0/79
N18_Lamia_MOD,CSV/Card\Lamia_master.txt,@敗北_onani_e2,オナニー,コブラ,ところてん→メスイキ・メスの才能,射精4／ところてん系1／メスイキ系0,7797,0/88
N18_Lamia_MOD,CSV/Card\Lamia_master.txt,@敗北_onani_e3,オナニー,リングァ,ところてん→メスイキ・乳首では出さない(射精の語あり 要確認)・メスの才能・体のメス化・アナル舐め,射精2／ところてん系0／メスイキ系0,7791,0/90
N18_Lamia_MOD,CSV/Card\Lamia_master.txt,@敗北_onani_boss,オナニー,ウロボラ,ところてん→メスイキ・乳首では出さない(射精の語あり 要確認)・メスの才能・体のメス化・アナル舐め,射精1／ところてん系1／メスイキ系0,7461,0/78
N18_Lamia_MOD,CSV/Card\Lamia_master.txt,@敗北_inochi_m1,命乞い,シェスカ,ところてん→メスイキ・メスの才能・アナル舐め,射精3／ところてん系2／メスイキ系0,7531,0/97
N18_Lamia_MOD,CSV/Card\Lamia_master.txt,@敗北_inochi_m2,命乞い,シェスカ,ところてん→メスイキ・乳首では出さない(射精の語あり 要確認)・メスの才能・体のメス化・アナル舐め,射精3／ところてん系3／メスイキ系0,7957,0/78
N18_Lamia_MOD,CSV/Card\Lamia_master.txt,@敗北_inochi_m3,命乞い,シェスカ,ところてん→メスイキ・メスの才能・体のメス化・逆アナルの射精・アナル舐め,射精5／ところてん系0／メスイキ系0,7561,0/91
N18_Lamia_MOD,CSV/Card\Lamia_master.txt,@敗北_inochi_e1,命乞い,ヴィペラ,乳首では出さない(射精の語あり 要確認)・メスの才能・体のメス化,射精4／ところてん系1／メスイキ系0,7564,0/68
N18_Lamia_MOD,CSV/Card\Lamia_master.txt,@敗北_inochi_e2,命乞い,コブラ,ところてん→メスイキ・メスの才能,射精3／ところてん系0／メスイキ系0,7738,0/84
N18_Lamia_MOD,CSV/Card\Lamia_master.txt,@敗北_inochi_e3,命乞い,リングァ,ところてん→メスイキ・乳首では出さない(射精の語あり 要確認)・メスの才能・体のメス化・アナル舐め,射精2／ところてん系2／メスイキ系0,7819,0/93
N18_Lamia_MOD,CSV/Card\Lamia_master.txt,@敗北_inochi_boss,命乞い,ウロボラ,ところてん→メスイキ・メスの才能・体のメス化・アナル舐め,射精0／ところてん系1／メスイキ系0,7378,0/85
N18_Lamia_MOD,CSV/Card\Lamia_master.txt,@敗北_onedari_m1,おねだり,シェスカ,ところてん→メスイキ・メスの才能・アナル舐め,射精3／ところてん系1／メスイキ系0,7509,0/104
N18_Lamia_MOD,CSV/Card\Lamia_master.txt,@敗北_onedari_m2,おねだり,シェスカ,ところてん→メスイキ・乳首では出さない(射精の語あり 要確認)・メスの才能・体のメス化・アナル舐め,射精3／ところてん系1／メスイキ系0,7741,0/85
N18_Lamia_MOD,CSV/Card\Lamia_master.txt,@敗北_onedari_m3,おねだり,シェスカ,ところてん→メスイキ・メスの才能・体のメス化・逆アナルの射精・アナル舐め,射精4／ところてん系0／メスイキ系0,7560,0/89
N18_Lamia_MOD,CSV/Card\Lamia_master.txt,@敗北_onedari_e1,おねだり,ヴィペラ,乳首では出さない(射精の語あり 要確認)・メスの才能・体のメス化,射精3／ところてん系0／メスイキ系0,7761,0/83
N18_Lamia_MOD,CSV/Card\Lamia_master.txt,@敗北_onedari_e2,おねだり,コブラ,ところてん→メスイキ・メスの才能,射精3／ところてん系0／メスイキ系0,7660,0/82
N18_Lamia_MOD,CSV/Card\Lamia_master.txt,@敗北_onedari_e3,おねだり,リングァ,ところてん→メスイキ・乳首では出さない(射精の語あり 要確認)・メスの才能・体のメス化・アナル舐め,射精3／ところてん系2／メスイキ系0,7737,0/93
N18_Lamia_MOD,CSV/Card\Lamia_master.txt,@敗北_onedari_boss,おねだり,ウロボラ,ところてん→メスイキ・乳首では出さない(射精の語あり 要確認)・メスの才能・体のメス化・アナル舐め,射精1／ところてん系3／メスイキ系0,7485,0/86
N19_Twins_MOD,CSV/Card\Twins_master.txt,@敗北_btl_m1,バトル,ララ,乳首では出さない(射精の語あり 要確認)・メスの才能・体のメス化,射精3／ところてん系1／メスイキ系0,7700,0/108
N19_Twins_MOD,CSV/Card\Twins_master.txt,@敗北_btl_m2,バトル,リリ,ところてん→メスイキ・乳首では出さない(射精の語あり 要確認)・メスの才能・体のメス化・アナル舐め,射精3／ところてん系1／メスイキ系0,7477,0/101
N19_Twins_MOD,CSV/Card\Twins_master.txt,@敗北_btl_m3,バトル,リリ,ところてん→メスイキ・乳首では出さない(射精の語あり 要確認)・メスの才能・体のメス化・ぱふぱふ,射精4／ところてん系1／メスイキ系1,8097,0/94
N19_Twins_MOD,CSV/Card\Twins_master.txt,@敗北_btl_e1,バトル,ミルク,乳首では出さない(射精の語あり 要確認)・メスの才能・体のメス化,射精3／ところてん系1／メスイキ系1,7388,0/108
N19_Twins_MOD,CSV/Card\Twins_master.txt,@敗北_btl_e2,バトル,ノクト,ところてん→メスイキ・メスの才能,射精8／ところてん系1／メスイキ系0,7490,0/109
N19_Twins_MOD,CSV/Card\Twins_master.txt,@敗北_btl_e3,バトル,ピクシ,ところてん→メスイキ・メスの才能,射精5／ところてん系3／メスイキ系0,7990,0/98
N19_Twins_MOD,CSV/Card\Twins_master.txt,@敗北_btl_boss,バトル,ノクス,ところてん→メスイキ・乳首では出さない(射精の語あり 要確認)・メスの才能・体のメス化,射精3／ところてん系3／メスイキ系0,7856,0/100
N19_Twins_MOD,CSV/Card\Twins_master.txt,@敗北_onani_m1,オナニー,ララ,乳首では出さない(射精の語あり 要確認)・メスの才能・体のメス化,射精3／ところてん系1／メスイキ系0,7439,0/110
N19_Twins_MOD,CSV/Card\Twins_master.txt,@敗北_onani_m2,オナニー,ララ,ところてん→メスイキ・乳首では出さない(射精の語あり 要確認)・メスの才能・体のメス化・アナル舐め,射精2／ところてん系0／メスイキ系0,7422,0/105
N19_Twins_MOD,CSV/Card\Twins_master.txt,@敗北_onani_m3,オナニー,ララ,ところてん→メスイキ・乳首では出さない(射精の語あり 要確認)・メスの才能・体のメス化,射精3／ところてん系2／メスイキ系1,7532,0/93
N19_Twins_MOD,CSV/Card\Twins_master.txt,@敗北_onani_e1,オナニー,ミルク,乳首では出さない(射精の語あり 要確認)・メスの才能・体のメス化,射精3／ところてん系0／メスイキ系0,7319,0/106
N19_Twins_MOD,CSV/Card\Twins_master.txt,@敗北_onani_e2,オナニー,ノクト,ところてん→メスイキ・メスの才能,射精5／ところてん系2／メスイキ系0,7255,0/100
N19_Twins_MOD,CSV/Card\Twins_master.txt,@敗北_onani_e3,オナニー,ピクシ,ところてん→メスイキ・メスの才能,射精4／ところてん系0／メスイキ系0,7699,0/92
N19_Twins_MOD,CSV/Card\Twins_master.txt,@敗北_onani_boss,オナニー,ノクス,ところてん→メスイキ・乳首では出さない(射精の語あり 要確認)・メスの才能・体のメス化,射精3／ところてん系0／メスイキ系0,7593,0/93
N19_Twins_MOD,CSV/Card\Twins_master.txt,@敗北_inochi_m1,命乞い,リリ,乳首では出さない(射精の語あり 要確認)・メスの才能・体のメス化,射精3／ところてん系0／メスイキ系0,7480,0/106
N19_Twins_MOD,CSV/Card\Twins_master.txt,@敗北_inochi_m2,命乞い,リリ,ところてん→メスイキ・乳首では出さない(射精の語あり 要確認)・メスの才能・体のメス化,射精6／ところてん系1／メスイキ系0,7482,0/91
N19_Twins_MOD,CSV/Card\Twins_master.txt,@敗北_inochi_m3,命乞い,リリ,ところてん→メスイキ・乳首では出さない(射精の語あり 要確認)・メスの才能・体のメス化,射精7／ところてん系4／メスイキ系0,7856,0/97
N19_Twins_MOD,CSV/Card\Twins_master.txt,@敗北_inochi_e1,命乞い,ミルク,乳首では出さない(射精の語あり 要確認)・メスの才能・体のメス化,射精3／ところてん系1／メスイキ系0,7743,0/105
N19_Twins_MOD,CSV/Card\Twins_master.txt,@敗北_inochi_e2,命乞い,ノクト,ところてん→メスイキ・メスの才能,射精2／ところてん系1／メスイキ系1,7954,0/103
N19_Twins_MOD,CSV/Card\Twins_master.txt,@敗北_inochi_e3,命乞い,ピクシ,ところてん→メスイキ・メスの才能,射精4／ところてん系1／メスイキ系0,7630,0/96
N19_Twins_MOD,CSV/Card\Twins_master.txt,@敗北_inochi_boss,命乞い,ノクス,ところてん→メスイキ・乳首では出さない(射精の語あり 要確認)・メスの才能・体のメス化,射精3／ところてん系0／メスイキ系0,7556,0/95
N19_Twins_MOD,CSV/Card\Twins_master.txt,@敗北_onedari_m1,おねだり,ララ,乳首では出さない(射精の語あり 要確認)・メスの才能・体のメス化,射精3／ところてん系1／メスイキ系0,7319,0/105
N19_Twins_MOD,CSV/Card\Twins_master.txt,@敗北_onedari_m2,おねだり,リリ,ところてん→メスイキ・乳首では出さない(射精の語あり 要確認)・メスの才能・体のメス化・アナル舐め,射精4／ところてん系0／メスイキ系0,7441,0/89
N19_Twins_MOD,CSV/Card\Twins_master.txt,@敗北_onedari_m3,おねだり,リリ,ところてん→メスイキ・乳首では出さない(射精の語あり 要確認)・メスの才能・体のメス化,射精6／ところてん系4／メスイキ系0,7393,0/97
N19_Twins_MOD,CSV/Card\Twins_master.txt,@敗北_onedari_e1,おねだり,ミルク,乳首では出さない(射精の語あり 要確認)・メスの才能・体のメス化,射精2／ところてん系0／メスイキ系2,7404,0/105
N19_Twins_MOD,CSV/Card\Twins_master.txt,@敗北_onedari_e2,おねだり,ノクト,ところてん→メスイキ・メスの才能,射精5／ところてん系1／メスイキ系1,7588,0/100
N19_Twins_MOD,CSV/Card\Twins_master.txt,@敗北_onedari_e3,おねだり,ピクシ,ところてん→メスイキ・メスの才能,射精5／ところてん系1／メスイキ系0,7474,0/101
N19_Twins_MOD,CSV/Card\Twins_master.txt,@敗北_onedari_boss,おねだり,ノクス,ところてん→メスイキ・乳首では出さない(射精の語あり 要確認)・メスの才能・体のメス化,射精3／ところてん系1／メスイキ系0,7620,0/103
N20_Vampire_MOD,CSV/Card\Vampire_master.txt,@敗北_btl_m1,バトル,ノクティア,乳首では出さない(射精の語あり 要確認)・メスの才能・体のメス化,射精4／ところてん系3／メスイキ系0,7531,0/99
N20_Vampire_MOD,CSV/Card\Vampire_master.txt,@敗北_btl_m2,バトル,ノクティア,乳首では出さない(射精の語あり 要確認)・メスの才能・体のメス化,射精3／ところてん系2／メスイキ系1,7662,0/106
N20_Vampire_MOD,CSV/Card\Vampire_master.txt,@敗北_btl_m3,バトル,ノクティア,ところてん→メスイキ・メスの才能,射精5／ところてん系1／メスイキ系0,7562,0/132
N20_Vampire_MOD,CSV/Card\Vampire_master.txt,@敗北_btl_e1,バトル,リリア,ところてん→メスイキ・メスの才能・アナル舐め,射精4／ところてん系2／メスイキ系0,7864,0/106
N20_Vampire_MOD,CSV/Card\Vampire_master.txt,@敗北_btl_e2,バトル,ピピ,ところてん→メスイキ・乳首では出さない(射精の語あり 要確認)・メスの才能・体のメス化,射精3／ところてん系1／メスイキ系1,7607,0/108
N20_Vampire_MOD,CSV/Card\Vampire_master.txt,@敗北_btl_e3,バトル,セレス,ところてん→メスイキ・メスの才能,射精6／ところてん系5／メスイキ系0,7735,0/106
N20_Vampire_MOD,CSV/Card\Vampire_master.txt,@敗北_btl_boss,バトル,ヴァレンシア,ところてん→メスイキ・乳首では出さない(射精の語あり 要確認)・メスの才能・体のメス化,射精5／ところてん系2／メスイキ系0,7866,0/123
N20_Vampire_MOD,CSV/Card\Vampire_master.txt,@敗北_onani_m1,オナニー,ノクティア,乳首では出さない(射精の語あり 要確認)・メスの才能・体のメス化,射精3／ところてん系2／メスイキ系0,7391,0/102
N20_Vampire_MOD,CSV/Card\Vampire_master.txt,@敗北_onani_m2,オナニー,ノクティア,ところてん→メスイキ・乳首では出さない(射精の語あり 要確認)・メスの才能・体のメス化,射精2／ところてん系2／メスイキ系1,7202,0/104
N20_Vampire_MOD,CSV/Card\Vampire_master.txt,@敗北_onani_m3,オナニー,ノクティア,ところてん→メスイキ・乳首では出さない(射精の語あり 要確認)・メスの才能・体のメス化・逆アナルの射精,射精3／ところてん系1／メスイキ系2,7843,0/125
N20_Vampire_MOD,CSV/Card\Vampire_master.txt,@敗北_onani_e1,オナニー,リリア,ところてん→メスイキ・メスの才能・アナル舐め,射精2／ところてん系2／メスイキ系0,7488,0/99
N20_Vampire_MOD,CSV/Card\Vampire_master.txt,@敗北_onani_e2,オナニー,ピピ,乳首では出さない(射精の語あり 要確認)・メスの才能・体のメス化,射精2／ところてん系1／メスイキ系1,7271,0/104
N20_Vampire_MOD,CSV/Card\Vampire_master.txt,@敗北_onani_e3,オナニー,セレス,ところてん→メスイキ・メスの才能,射精6／ところてん系8／メスイキ系0,7670,0/103
N20_Vampire_MOD,CSV/Card\Vampire_master.txt,@敗北_onani_boss,オナニー,ヴァレンシア,ところてん→メスイキ・乳首では出さない(射精の語あり 要確認)・メスの才能・体のメス化,射精4／ところてん系0／メスイキ系0,7399,0/107
N20_Vampire_MOD,CSV/Card\Vampire_master.txt,@敗北_inochi_m1,命乞い,ノクティア,ぱふぱふ,射精4／ところてん系1／メスイキ系0,7196,0/97
N20_Vampire_MOD,CSV/Card\Vampire_master.txt,@敗北_inochi_m2,命乞い,ノクティア,乳首では出さない(射精の語あり 要確認)・メスの才能・体のメス化,射精3／ところてん系1／メスイキ系1,7067,0/101
N20_Vampire_MOD,CSV/Card\Vampire_master.txt,@敗北_inochi_m3,命乞い,ノクティア,ところてん→メスイキ・メスの才能・体のメス化・逆アナルの射精,射精3／ところてん系0／メスイキ系0,7518,0/131
N20_Vampire_MOD,CSV/Card\Vampire_master.txt,@敗北_inochi_e1,命乞い,リリア,ところてん→メスイキ・メスの才能・アナル舐め,射精3／ところてん系1／メスイキ系0,7378,0/102
N20_Vampire_MOD,CSV/Card\Vampire_master.txt,@敗北_inochi_e2,命乞い,ピピ,乳首では出さない(射精の語あり 要確認)・メスの才能・体のメス化,射精2／ところてん系1／メスイキ系1,7232,0/107
N20_Vampire_MOD,CSV/Card\Vampire_master.txt,@敗北_inochi_e3,命乞い,セレス,ところてん→メスイキ・メスの才能,射精4／ところてん系4／メスイキ系0,7593,0/106
N20_Vampire_MOD,CSV/Card\Vampire_master.txt,@敗北_inochi_boss,命乞い,ヴァレンシア,ところてん→メスイキ・メスの才能,射精4／ところてん系0／メスイキ系0,7467,0/113
N20_Vampire_MOD,CSV/Card\Vampire_master.txt,@敗北_onedari_m1,おねだり,ノクティア,乳首では出さない(射精の語あり 要確認)・メスの才能・体のメス化,射精4／ところてん系0／メスイキ系0,7254,0/107
N20_Vampire_MOD,CSV/Card\Vampire_master.txt,@敗北_onedari_m2,おねだり,ノクティア,ところてん→メスイキ・乳首では出さない(射精の語あり 要確認)・メスの才能・体のメス化,射精3／ところてん系1／メスイキ系1,7173,0/108
N20_Vampire_MOD,CSV/Card\Vampire_master.txt,@敗北_onedari_m3,おねだり,ノクティア,ところてん→メスイキ・メスの才能・体のメス化・逆アナルの射精,射精3／ところてん系0／メスイキ系2,7617,0/122
N20_Vampire_MOD,CSV/Card\Vampire_master.txt,@敗北_onedari_e1,おねだり,リリア,ところてん→メスイキ・メスの才能・アナル舐め,射精3／ところてん系1／メスイキ系0,7363,0/99
N20_Vampire_MOD,CSV/Card\Vampire_master.txt,@敗北_onedari_e2,おねだり,ピピ,乳首では出さない(射精の語あり 要確認)・メスの才能・体のメス化,射精2／ところてん系2／メスイキ系1,7380,0/108
N20_Vampire_MOD,CSV/Card\Vampire_master.txt,@敗北_onedari_e3,おねだり,セレス,ところてん→メスイキ・メスの才能,射精4／ところてん系6／メスイキ系0,7539,0/106
N20_Vampire_MOD,CSV/Card\Vampire_master.txt,@敗北_onedari_boss,おねだり,ヴァレンシア,ところてん→メスイキ・メスの才能,射精3／ところてん系2／メスイキ系0,7509,0/112
N21_Hive_MOD,CSV/Card\Hive_master.txt,@敗北_btl_m1,バトル,アピス,ところてん→メスイキ・乳首では出さない(射精の語あり 要確認)・メスの才能・体のメス化,射精5／ところてん系4／メスイキ系0,7824,0/122
N21_Hive_MOD,CSV/Card\Hive_master.txt,@敗北_btl_m2,バトル,アピス,ところてん→メスイキ・乳首では出さない(射精の語あり 要確認)・メスの才能・体のメス化,射精7／ところてん系5／メスイキ系0,7821,0/134
N21_Hive_MOD,CSV/Card\Hive_master.txt,@敗北_btl_m3,バトル,アピス,ところてん→メスイキ・メスの才能・体のメス化・逆アナルの射精・ぱふぱふ,射精4／ところてん系1／メスイキ系0,8042,0/142
N21_Hive_MOD,CSV/Card\Hive_master.txt,@敗北_btl_e1,バトル,ビー,ところてん→メスイキ・メスの才能,射精6／ところてん系8／メスイキ系0,8003,0/143
N21_Hive_MOD,CSV/Card\Hive_master.txt,@敗北_btl_e2,バトル,ワスプ,ところてん→メスイキ・乳首では出さない(射精の語あり 要確認)・メスの才能・体のメス化,射精6／ところてん系5／メスイキ系0,8084,0/159
N21_Hive_MOD,CSV/Card\Hive_master.txt,@敗北_btl_e3,バトル,ハニー,ところてん→メスイキ・乳首では出さない(射精の語あり 要確認)・メスの才能・体のメス化・アナル舐め,射精4／ところてん系12／メスイキ系0,7561,0/131
N21_Hive_MOD,CSV/Card\Hive_master.txt,@敗北_btl_boss,バトル,メリッサ,ところてん→メスイキ・乳首では出さない(射精の語あり 要確認)・メスの才能・体のメス化,射精5／ところてん系5／メスイキ系0,9001,0/163
N21_Hive_MOD,CSV/Card\Hive_master.txt,@敗北_onani_m1,オナニー,アピス,ところてん→メスイキ・メスの才能,射精4／ところてん系5／メスイキ系0,7685,0/114
N21_Hive_MOD,CSV/Card\Hive_master.txt,@敗北_onani_m2,オナニー,アピス,ところてん→メスイキ・乳首では出さない(射精の語あり 要確認)・メスの才能・体のメス化,射精9／ところてん系3／メスイキ系0,7364,0/105
N21_Hive_MOD,CSV/Card\Hive_master.txt,@敗北_onani_m3,オナニー,アピス,ところてん→メスイキ・メスの才能・体のメス化・逆アナルの射精,射精6／ところてん系3／メスイキ系0,7899,0/126
N21_Hive_MOD,CSV/Card\Hive_master.txt,@敗北_onani_e1,オナニー,ビー,ところてん→メスイキ・メスの才能,射精6／ところてん系4／メスイキ系0,7731,0/107
N21_Hive_MOD,CSV/Card\Hive_master.txt,@敗北_onani_e2,オナニー,ワスプ,ところてん→メスイキ・乳首では出さない(射精の語あり 要確認)・メスの才能・体のメス化,射精5／ところてん系4／メスイキ系0,7521,0/140
N21_Hive_MOD,CSV/Card\Hive_master.txt,@敗北_onani_e3,オナニー,ハニー,ところてん→メスイキ・乳首では出さない(射精の語あり 要確認)・メスの才能・体のメス化・アナル舐め,射精10／ところてん系12／メスイキ系0,7640,0/132
N21_Hive_MOD,CSV/Card\Hive_master.txt,@敗北_onani_boss,オナニー,メリッサ,ところてん→メスイキ・乳首では出さない(射精の語あり 要確認)・メスの才能・体のメス化,射精4／ところてん系6／メスイキ系0,7845,0/118
N21_Hive_MOD,CSV/Card\Hive_master.txt,@敗北_inochi_m1,命乞い,アピス,ところてん→メスイキ・メスの才能,射精3／ところてん系6／メスイキ系0,7459,0/114
N21_Hive_MOD,CSV/Card\Hive_master.txt,@敗北_inochi_m2,命乞い,アピス,ところてん→メスイキ・乳首では出さない(射精の語あり 要確認)・メスの才能・体のメス化,射精3／ところてん系2／メスイキ系0,7903,0/114
N21_Hive_MOD,CSV/Card\Hive_master.txt,@敗北_inochi_m3,命乞い,アピス,ところてん→メスイキ・メスの才能・体のメス化・逆アナルの射精,射精3／ところてん系2／メスイキ系0,8524,0/129
N21_Hive_MOD,CSV/Card\Hive_master.txt,@敗北_inochi_e1,命乞い,ビー,ところてん→メスイキ・メスの才能,射精3／ところてん系6／メスイキ系0,7714,0/130
N21_Hive_MOD,CSV/Card\Hive_master.txt,@敗北_inochi_e2,命乞い,ワスプ,ところてん→メスイキ・乳首では出さない(射精の語あり 要確認)・メスの才能・体のメス化,射精5／ところてん系7／メスイキ系0,7436,0/150
N21_Hive_MOD,CSV/Card\Hive_master.txt,@敗北_inochi_e3,命乞い,ハニー,ところてん→メスイキ・乳首では出さない(射精の語あり 要確認)・メスの才能・体のメス化・アナル舐め,射精5／ところてん系12／メスイキ系0,7671,0/134
N21_Hive_MOD,CSV/Card\Hive_master.txt,@敗北_inochi_boss,命乞い,メリッサ,ところてん→メスイキ・乳首では出さない(射精の語あり 要確認)・メスの才能・体のメス化,射精4／ところてん系6／メスイキ系0,7447,0/133
N21_Hive_MOD,CSV/Card\Hive_master.txt,@敗北_onedari_m1,おねだり,アピス,ところてん→メスイキ・乳首では出さない(射精の語あり 要確認)・メスの才能・体のメス化,射精5／ところてん系5／メスイキ系0,7716,0/109
N21_Hive_MOD,CSV/Card\Hive_master.txt,@敗北_onedari_m2,おねだり,アピス,ところてん→メスイキ・乳首では出さない(射精の語あり 要確認)・メスの才能・体のメス化,射精3／ところてん系3／メスイキ系0,7558,0/112
N21_Hive_MOD,CSV/Card\Hive_master.txt,@敗北_onedari_m3,おねだり,アピス,ところてん→メスイキ・メスの才能・体のメス化・逆アナルの射精・ぱふぱふ,射精5／ところてん系3／メスイキ系0,7681,0/127
N21_Hive_MOD,CSV/Card\Hive_master.txt,@敗北_onedari_e1,おねだり,ビー,ところてん→メスイキ・メスの才能,射精4／ところてん系5／メスイキ系0,7564,0/117
N21_Hive_MOD,CSV/Card\Hive_master.txt,@敗北_onedari_e2,おねだり,ワスプ,ところてん→メスイキ・乳首では出さない(射精の語あり 要確認)・メスの才能・体のメス化,射精3／ところてん系2／メスイキ系0,7295,0/133
N21_Hive_MOD,CSV/Card\Hive_master.txt,@敗北_onedari_e3,おねだり,ハニー,ところてん→メスイキ・乳首では出さない(射精の語あり 要確認)・メスの才能・体のメス化・アナル舐め,射精5／ところてん系1／メスイキ系0,7707,0/140
N21_Hive_MOD,CSV/Card\Hive_master.txt,@敗北_onedari_boss,おねだり,メリッサ,ところてん→メスイキ・乳首では出さない(射精の語あり 要確認)・メスの才能・体のメス化,射精3／ところてん系11／メスイキ系0,7614,0/119
N22_Prison_MOD,CSV/Card\Prison_master.txt,@敗北_btl_m1,バトル,イザベル,乳首では出さない(射精の語あり 要確認)・メスの才能・体のメス化,射精7／ところてん系0／メスイキ系0,7508,0/147
N22_Prison_MOD,CSV/Card\Prison_master.txt,@敗北_btl_m2,バトル,イザベル,ところてん→メスイキ・乳首では出さない(射精の語あり 要確認)・メスの才能・体のメス化,射精5／ところてん系2／メスイキ系0,7648,0/145
N22_Prison_MOD,CSV/Card\Prison_master.txt,@敗北_btl_m3,バトル,イザベル,ところてん→メスイキ・メスの才能・体のメス化・ペニバンの書き分け,射精5／ところてん系2／メスイキ系0,7489,0/127
N22_Prison_MOD,CSV/Card\Prison_master.txt,@敗北_btl_e1,バトル,ケイ,ところてん→メスイキ・メスの才能,射精4／ところてん系3／メスイキ系0,7506,0/129
N22_Prison_MOD,CSV/Card\Prison_master.txt,@敗北_btl_e2,バトル,ドーラ,ところてん→メスイキ・乳首では出さない(射精の語あり 要確認)・メスの才能・体のメス化,射精7／ところてん系3／メスイキ系0,7930,0/125
N22_Prison_MOD,CSV/Card\Prison_master.txt,@敗北_btl_e3,バトル,ヴィオラ,乳首では出さない(射精の語あり 要確認)・メスの才能・体のメス化,射精4／ところてん系5／メスイキ系0,7539,0/114
N22_Prison_MOD,CSV/Card\Prison_master.txt,@敗北_btl_boss,バトル,マグダレーナ,ところてん→メスイキ・乳首では出さない(射精の語あり 要確認)・メスの才能・体のメス化,射精3／ところてん系7／メスイキ系0,7405,0/120
N22_Prison_MOD,CSV/Card\Prison_master.txt,@敗北_onani_m1,オナニー,イザベル,ところてん→メスイキ・乳首では出さない(射精の語あり 要確認)・メスの才能・体のメス化,射精5／ところてん系1／メスイキ系0,7398,0/144
N22_Prison_MOD,CSV/Card\Prison_master.txt,@敗北_onani_m2,オナニー,イザベル,ところてん→メスイキ・乳首では出さない(射精の語あり 要確認)・メスの才能・体のメス化,射精4／ところてん系2／メスイキ系0,8349,0/150
N22_Prison_MOD,CSV/Card\Prison_master.txt,@敗北_onani_m3,オナニー,イザベル,ところてん→メスイキ・メスの才能・体のメス化・ペニバンの書き分け,射精5／ところてん系1／メスイキ系0,7325,0/121
N22_Prison_MOD,CSV/Card\Prison_master.txt,@敗北_onani_e1,オナニー,ケイ,ところてん→メスイキ・メスの才能,射精4／ところてん系3／メスイキ系1,7298,0/118
N22_Prison_MOD,CSV/Card\Prison_master.txt,@敗北_onani_e2,オナニー,ドーラ,ところてん→メスイキ・乳首では出さない(射精の語あり 要確認)・メスの才能・体のメス化,射精3／ところてん系2／メスイキ系0,7637,0/110
N22_Prison_MOD,CSV/Card\Prison_master.txt,@敗北_onani_e3,オナニー,ヴィオラ,乳首では出さない(射精の語あり 要確認)・メスの才能・体のメス化,射精5／ところてん系5／メスイキ系0,7260,0/104
N22_Prison_MOD,CSV/Card\Prison_master.txt,@敗北_onani_boss,オナニー,マグダレーナ,ところてん→メスイキ・乳首では出さない(射精の語あり 要確認)・メスの才能・体のメス化,射精3／ところてん系2／メスイキ系0,7103,0/115
N22_Prison_MOD,CSV/Card\Prison_master.txt,@敗北_inochi_m1,命乞い,イザベル,ところてん→メスイキ・乳首では出さない(射精の語あり 要確認)・メスの才能・体のメス化,射精3／ところてん系1／メスイキ系0,7445,0/133
N22_Prison_MOD,CSV/Card\Prison_master.txt,@敗北_inochi_m2,命乞い,イザベル,ところてん→メスイキ・メスの才能,射精3／ところてん系3／メスイキ系0,7412,0/136
N22_Prison_MOD,CSV/Card\Prison_master.txt,@敗北_inochi_m3,命乞い,イザベル,ところてん→メスイキ・メスの才能・体のメス化・ペニバンの書き分け,射精4／ところてん系1／メスイキ系0,7178,0/124
N22_Prison_MOD,CSV/Card\Prison_master.txt,@敗北_inochi_e1,命乞い,ケイ,ところてん→メスイキ・メスの才能,射精2／ところてん系1／メスイキ系0,7513,0/123
N22_Prison_MOD,CSV/Card\Prison_master.txt,@敗北_inochi_e2,命乞い,ドーラ,ところてん→メスイキ・乳首では出さない(射精の語あり 要確認)・メスの才能・体のメス化,射精2／ところてん系2／メスイキ系0,7627,0/119
N22_Prison_MOD,CSV/Card\Prison_master.txt,@敗北_inochi_e3,命乞い,ヴィオラ,乳首では出さない(射精の語あり 要確認)・メスの才能・体のメス化,射精4／ところてん系4／メスイキ系0,7253,0/103
N22_Prison_MOD,CSV/Card\Prison_master.txt,@敗北_inochi_boss,命乞い,マグダレーナ,ところてん→メスイキ・乳首では出さない(射精の語あり 要確認)・メスの才能・体のメス化,射精3／ところてん系2／メスイキ系0,7038,0/112
N22_Prison_MOD,CSV/Card\Prison_master.txt,@敗北_onedari_m1,おねだり,イザベル,ところてん→メスイキ・乳首では出さない(射精の語あり 要確認)・メスの才能・体のメス化,射精3／ところてん系1／メスイキ系0,7433,0/132
N22_Prison_MOD,CSV/Card\Prison_master.txt,@敗北_onedari_m2,おねだり,イザベル,ところてん→メスイキ・乳首では出さない(射精の語あり 要確認)・メスの才能・体のメス化,射精4／ところてん系6／メスイキ系0,7467,0/140
N22_Prison_MOD,CSV/Card\Prison_master.txt,@敗北_onedari_m3,おねだり,イザベル,ところてん→メスイキ・メスの才能・体のメス化・ペニバンの書き分け,射精6／ところてん系2／メスイキ系0,7206,0/122
N22_Prison_MOD,CSV/Card\Prison_master.txt,@敗北_onedari_e1,おねだり,ケイ,ところてん→メスイキ・メスの才能,射精4／ところてん系4／メスイキ系0,7396,0/123
N22_Prison_MOD,CSV/Card\Prison_master.txt,@敗北_onedari_e2,おねだり,ドーラ,ところてん→メスイキ・乳首では出さない(射精の語あり 要確認)・メスの才能・体のメス化,射精3／ところてん系2／メスイキ系0,7608,0/123
N22_Prison_MOD,CSV/Card\Prison_master.txt,@敗北_onedari_e3,おねだり,ヴィオラ,乳首では出さない(射精の語あり 要確認)・メスの才能・体のメス化,射精4／ところてん系5／メスイキ系0,7290,0/113
N22_Prison_MOD,CSV/Card\Prison_master.txt,@敗北_onedari_boss,おねだり,マグダレーナ,ところてん→メスイキ・乳首では出さない(射精の語あり 要確認)・メスの才能・体のメス化,射精3／ところてん系6／メスイキ系0,7118,0/108
N23_Heels_MOD,CSV/Card\Heels_master.txt,@敗北_btl_m1,バトル,クラウディア,体のメス化,射精2／ところてん系1／メスイキ系0,7320,101/103
N23_Heels_MOD,CSV/Card\Heels_master.txt,@敗北_btl_m2,バトル,クラウディア,体のメス化,射精0／ところてん系2／メスイキ系0,7300,97/99
N23_Heels_MOD,CSV/Card\Heels_master.txt,@敗北_btl_m3,バトル,クラウディア,メスの才能・体のメス化・ペニバンの書き分け,射精0／ところてん系0／メスイキ系0,7330,96/99
N23_Heels_MOD,CSV/Card\Heels_master.txt,@敗北_btl_e1,バトル,ミナ,体のメス化,射精0／ところてん系2／メスイキ系0,7626,101/104
N23_Heels_MOD,CSV/Card\Heels_master.txt,@敗北_btl_e2,バトル,ザラ,メスの才能・体のメス化,射精0／ところてん系1／メスイキ系0,7302,119/122
N23_Heels_MOD,CSV/Card\Heels_master.txt,@敗北_btl_e3,バトル,リタ,体のメス化,射精0／ところてん系5／メスイキ系0,7403,105/107
N23_Heels_MOD,CSV/Card\Heels_master.txt,@敗北_btl_boss,バトル,アウグスタ,体のメス化,射精0／ところてん系3／メスイキ系0,7299,108/111
N23_Heels_MOD,CSV/Card\Heels_master.txt,@敗北_onani_m1,オナニー,クラウディア,乳首では出さない(射精の語あり 要確認)・メスの才能・体のメス化,射精3／ところてん系1／メスイキ系0,7218,99/101
N23_Heels_MOD,CSV/Card\Heels_master.txt,@敗北_onani_m2,オナニー,クラウディア,メスの才能・体のメス化,射精0／ところてん系1／メスイキ系0,7171,94/96
N23_Heels_MOD,CSV/Card\Heels_master.txt,@敗北_onani_m3,オナニー,クラウディア,メスの才能・体のメス化・ペニバンの書き分け,射精0／ところてん系2／メスイキ系0,7189,93/96
N23_Heels_MOD,CSV/Card\Heels_master.txt,@敗北_onani_e1,オナニー,ミナ,体のメス化,射精0／ところてん系0／メスイキ系0,6970,86/90
N23_Heels_MOD,CSV/Card\Heels_master.txt,@敗北_onani_e2,オナニー,ザラ,メスの才能・体のメス化,射精0／ところてん系2／メスイキ系0,7265,119/120
N23_Heels_MOD,CSV/Card\Heels_master.txt,@敗北_onani_e3,オナニー,リタ,体のメス化,射精0／ところてん系1／メスイキ系0,7161,94/96
N23_Heels_MOD,CSV/Card\Heels_master.txt,@敗北_onani_boss,オナニー,アウグスタ,体のメス化,射精0／ところてん系1／メスイキ系0,6920,94/97
N23_Heels_MOD,CSV/Card\Heels_master.txt,@敗北_inochi_m1,命乞い,クラウディア,体のメス化,射精0／ところてん系0／メスイキ系0,7327,101/102
N23_Heels_MOD,CSV/Card\Heels_master.txt,@敗北_inochi_m2,命乞い,クラウディア,体のメス化,射精0／ところてん系0／メスイキ系0,7330,106/107
N23_Heels_MOD,CSV/Card\Heels_master.txt,@敗北_inochi_m3,命乞い,クラウディア,乳首では出さない(射精の語あり 要確認)・メスの才能・体のメス化・ペニバンの書き分け,射精1／ところてん系0／メスイキ系0,7413,100/102
N23_Heels_MOD,CSV/Card\Heels_master.txt,@敗北_inochi_e1,命乞い,ミナ,体のメス化,射精0／ところてん系0／メスイキ系0,7961,119/120
N23_Heels_MOD,CSV/Card\Heels_master.txt,@敗北_inochi_e2,命乞い,ザラ,メスの才能・体のメス化,射精0／ところてん系0／メスイキ系0,7379,103/104
N23_Heels_MOD,CSV/Card\Heels_master.txt,@敗北_inochi_e3,命乞い,リタ,体のメス化,射精0／ところてん系0／メスイキ系0,7158,106/109
N23_Heels_MOD,CSV/Card\Heels_master.txt,@敗北_inochi_boss,命乞い,アウグスタ,メスの才能・体のメス化・ペニバンの書き分け,射精0／ところてん系1／メスイキ系0,7428,112/114
N23_Heels_MOD,CSV/Card\Heels_master.txt,@敗北_onedari_m1,おねだり,クラウディア,体のメス化,射精0／ところてん系1／メスイキ系0,7246,105/107
N23_Heels_MOD,CSV/Card\Heels_master.txt,@敗北_onedari_m2,おねだり,クラウディア,体のメス化,射精0／ところてん系2／メスイキ系0,7200,99/100
N23_Heels_MOD,CSV/Card\Heels_master.txt,@敗北_onedari_m3,おねだり,クラウディア,乳首では出さない(射精の語あり 要確認)・メスの才能・体のメス化・ペニバンの書き分け,射精1／ところてん系0／メスイキ系0,6938,96/99
N23_Heels_MOD,CSV/Card\Heels_master.txt,@敗北_onedari_e1,おねだり,ミナ,体のメス化,射精0／ところてん系0／メスイキ系0,6965,107/109
N23_Heels_MOD,CSV/Card\Heels_master.txt,@敗北_onedari_e2,おねだり,ザラ,メスの才能・体のメス化,射精0／ところてん系0／メスイキ系0,6997,100/101
N23_Heels_MOD,CSV/Card\Heels_master.txt,@敗北_onedari_e3,おねだり,リタ,体のメス化,射精0／ところてん系1／メスイキ系0,7236,115/116
N23_Heels_MOD,CSV/Card\Heels_master.txt,@敗北_onedari_boss,おねだり,アウグスタ,メスの才能・体のメス化・ペニバンの書き分け,射精0／ところてん系2／メスイキ系0,7273,102/105
N24_Maid_MOD,CSV/Card\Maid_master.txt,@敗北_btl_m1,バトル,シオン,メスの才能・体のメス化,射精0／ところてん系6／メスイキ系0,7446,104/106
N24_Maid_MOD,CSV/Card\Maid_master.txt,@敗北_btl_m2,バトル,シオン,メスの才能・体のメス化,射精0／ところてん系2／メスイキ系0,7440,92/94
N24_Maid_MOD,CSV/Card\Maid_master.txt,@敗北_btl_m3,バトル,シオン,メスの才能・体のメス化,射精0／ところてん系1／メスイキ系0,7073,95/98
N24_Maid_MOD,CSV/Card\Maid_master.txt,@敗北_btl_e1,バトル,コハク,メスの才能・体のメス化,射精0／ところてん系2／メスイキ系0,7411,109/111
N24_Maid_MOD,CSV/Card\Maid_master.txt,@敗北_btl_e2,バトル,ミツキ,体のメス化,射精0／ところてん系2／メスイキ系0,7188,101/103
N24_Maid_MOD,CSV/Card\Maid_master.txt,@敗北_btl_e3,バトル,ナズナ,ところてん→メスイキ・メスの才能・体のメス化・逆アナルの射精,射精0／ところてん系3／メスイキ系0,7321,102/104
N24_Maid_MOD,CSV/Card\Maid_master.txt,@敗北_btl_boss,バトル,レイン,ところてん→メスイキ・メスの才能・体のメス化,射精1／ところてん系3／メスイキ系0,7220,101/103
N24_Maid_MOD,CSV/Card\Maid_master.txt,@敗北_onani_m1,オナニー,シオン,メスの才能・体のメス化,射精0／ところてん系3／メスイキ系0,7304,107/108
N24_Maid_MOD,CSV/Card\Maid_master.txt,@敗北_onani_m2,オナニー,シオン,メスの才能・体のメス化,射精0／ところてん系2／メスイキ系0,7460,83/84
N24_Maid_MOD,CSV/Card\Maid_master.txt,@敗北_onani_m3,オナニー,シオン,ところてん→メスイキ・メスの才能・体のメス化,射精0／ところてん系2／メスイキ系0,7300,92/96
N24_Maid_MOD,CSV/Card\Maid_master.txt,@敗北_onani_e1,オナニー,コハク,メスの才能・体のメス化,射精0／ところてん系0／メスイキ系0,7485,104/106
N24_Maid_MOD,CSV/Card\Maid_master.txt,@敗北_onani_e2,オナニー,ミツキ,体のメス化,射精0／ところてん系1／メスイキ系0,7233,94/96
N24_Maid_MOD,CSV/Card\Maid_master.txt,@敗北_onani_e3,オナニー,ナズナ,ところてん→メスイキ・メスの才能・体のメス化・逆アナルの射精,射精0／ところてん系2／メスイキ系0,7387,101/102
N24_Maid_MOD,CSV/Card\Maid_master.txt,@敗北_onani_boss,オナニー,レイン,メスの才能・体のメス化,射精0／ところてん系2／メスイキ系0,7180,100/102
N24_Maid_MOD,CSV/Card\Maid_master.txt,@敗北_inochi_m1,命乞い,シオン,メスの才能・体のメス化,射精0／ところてん系2／メスイキ系0,7182,105/106
N24_Maid_MOD,CSV/Card\Maid_master.txt,@敗北_inochi_m2,命乞い,シオン,メスの才能・体のメス化,射精0／ところてん系1／メスイキ系0,7428,89/90
N24_Maid_MOD,CSV/Card\Maid_master.txt,@敗北_inochi_m3,命乞い,シオン,ところてん→メスイキ・メスの才能・体のメス化,射精0／ところてん系1／メスイキ系0,7242,101/103
N24_Maid_MOD,CSV/Card\Maid_master.txt,@敗北_inochi_e1,命乞い,コハク,メスの才能・体のメス化,射精0／ところてん系0／メスイキ系0,7501,98/99
N24_Maid_MOD,CSV/Card\Maid_master.txt,@敗北_inochi_e2,命乞い,ミツキ,体のメス化,射精0／ところてん系2／メスイキ系0,7314,95/98
N24_Maid_MOD,CSV/Card\Maid_master.txt,@敗北_inochi_e3,命乞い,ナズナ,ところてん→メスイキ・メスの才能・体のメス化,射精0／ところてん系2／メスイキ系0,7300,104/106
N24_Maid_MOD,CSV/Card\Maid_master.txt,@敗北_inochi_boss,命乞い,レイン,ところてん→メスイキ・メスの才能・体のメス化,射精0／ところてん系2／メスイキ系0,7180,96/99
N24_Maid_MOD,CSV/Card\Maid_master.txt,@敗北_onedari_m1,おねだり,シオン,メスの才能・体のメス化,射精0／ところてん系3／メスイキ系0,7301,106/108
N24_Maid_MOD,CSV/Card\Maid_master.txt,@敗北_onedari_m2,おねだり,シオン,メスの才能・体のメス化,射精0／ところてん系1／メスイキ系0,7393,88/89
N24_Maid_MOD,CSV/Card\Maid_master.txt,@敗北_onedari_m3,おねだり,シオン,メスの才能・体のメス化,射精0／ところてん系0／メスイキ系0,7219,102/106
N24_Maid_MOD,CSV/Card\Maid_master.txt,@敗北_onedari_e1,おねだり,コハク,メスの才能・体のメス化,射精0／ところてん系0／メスイキ系0,7449,110/112
N24_Maid_MOD,CSV/Card\Maid_master.txt,@敗北_onedari_e2,おねだり,ミツキ,体のメス化,射精0／ところてん系0／メスイキ系0,7244,99/104
N24_Maid_MOD,CSV/Card\Maid_master.txt,@敗北_onedari_e3,おねだり,ナズナ,メスの才能・体のメス化,射精0／ところてん系3／メスイキ系0,7308,103/105
N24_Maid_MOD,CSV/Card\Maid_master.txt,@敗北_onedari_boss,おねだり,レイン,ところてん→メスイキ・メスの才能・体のメス化,射精0／ところてん系1／メスイキ系0,7223,105/108
N25_Auction_MOD,CSV/Card\Auction_master.txt,@敗北_btl_m1,バトル,ルシアン,メスの才能・体のメス化,射精0／ところてん系1／メスイキ系0,7441,106/110
N25_Auction_MOD,CSV/Card\Auction_master.txt,@敗北_btl_m2,バトル,ルシアン,メスの才能・体のメス化,射精0／ところてん系2／メスイキ系0,7368,93/95
N25_Auction_MOD,CSV/Card\Auction_master.txt,@敗北_btl_m3,バトル,ルシアン,メスの才能・体のメス化,射精0／ところてん系1／メスイキ系0,7569,97/99
N25_Auction_MOD,CSV/Card\Auction_master.txt,@敗北_btl_e1,バトル,ユリ,ところてん→メスイキ・メスの才能・体のメス化,射精7／ところてん系1／メスイキ系0,7415,108/113
N25_Auction_MOD,CSV/Card\Auction_master.txt,@敗北_btl_e2,バトル,カナタ,ところてん→メスイキ・メスの才能・体のメス化,射精0／ところてん系2／メスイキ系0,7370,109/111
N25_Auction_MOD,CSV/Card\Auction_master.txt,@敗北_btl_e3,バトル,ミコト,メスの才能・体のメス化,射精0／ところてん系4／メスイキ系0,7210,89/94
N25_Auction_MOD,CSV/Card\Auction_master.txt,@敗北_btl_boss,バトル,セラフ,体のメス化,射精0／ところてん系4／メスイキ系0,7267,99/102
N25_Auction_MOD,CSV/Card\Auction_master.txt,@敗北_onani_m1,オナニー,ルシアン,メスの才能・体のメス化,射精0／ところてん系0／メスイキ系0,7303,103/105
N25_Auction_MOD,CSV/Card\Auction_master.txt,@敗北_onani_m2,オナニー,ルシアン,メスの才能・体のメス化,射精0／ところてん系2／メスイキ系0,7304,96/97
N25_Auction_MOD,CSV/Card\Auction_master.txt,@敗北_onani_m3,オナニー,ルシアン,メスの才能・体のメス化,射精0／ところてん系0／メスイキ系0,7243,89/92
N25_Auction_MOD,CSV/Card\Auction_master.txt,@敗北_onani_e1,オナニー,ユリ,ところてん→メスイキ・メスの才能・体のメス化,射精0／ところてん系2／メスイキ系0,7456,109/111
N25_Auction_MOD,CSV/Card\Auction_master.txt,@敗北_onani_e2,オナニー,カナタ,ところてん→メスイキ・メスの才能・体のメス化,射精0／ところてん系3／メスイキ系0,7290,112/113
N25_Auction_MOD,CSV/Card\Auction_master.txt,@敗北_onani_e3,オナニー,ミコト,メスの才能・体のメス化,射精0／ところてん系1／メスイキ系0,7222,96/97
N25_Auction_MOD,CSV/Card\Auction_master.txt,@敗北_onani_boss,オナニー,セラフ,体のメス化,射精0／ところてん系4／メスイキ系0,7290,97/99
N25_Auction_MOD,CSV/Card\Auction_master.txt,@敗北_inochi_m1,命乞い,ルシアン,メスの才能・体のメス化,射精0／ところてん系2／メスイキ系0,7445,113/115
N25_Auction_MOD,CSV/Card\Auction_master.txt,@敗北_inochi_m2,命乞い,ルシアン,メスの才能・体のメス化,射精0／ところてん系1／メスイキ系0,7508,96/97
N25_Auction_MOD,CSV/Card\Auction_master.txt,@敗北_inochi_m3,命乞い,ルシアン,メスの才能・体のメス化,射精0／ところてん系0／メスイキ系0,7268,97/100
N25_Auction_MOD,CSV/Card\Auction_master.txt,@敗北_inochi_e1,命乞い,ユリ,ところてん→メスイキ・メスの才能・体のメス化,射精1／ところてん系1／メスイキ系0,7304,108/110
N25_Auction_MOD,CSV/Card\Auction_master.txt,@敗北_inochi_e2,命乞い,カナタ,ところてん→メスイキ・メスの才能・体のメス化,射精0／ところてん系2／メスイキ系0,7384,117/118
N25_Auction_MOD,CSV/Card\Auction_master.txt,@敗北_inochi_e3,命乞い,ミコト,メスの才能・体のメス化,射精0／ところてん系1／メスイキ系0,7245,99/103
N25_Auction_MOD,CSV/Card\Auction_master.txt,@敗北_inochi_boss,命乞い,セラフ,体のメス化,射精0／ところてん系1／メスイキ系0,7177,93/95
N25_Auction_MOD,CSV/Card\Auction_master.txt,@敗北_onedari_m1,おねだり,ルシアン,メスの才能・体のメス化,射精0／ところてん系0／メスイキ系0,7321,111/112
N25_Auction_MOD,CSV/Card\Auction_master.txt,@敗北_onedari_m2,おねだり,ルシアン,メスの才能・体のメス化,射精0／ところてん系0／メスイキ系0,7260,98/99
N25_Auction_MOD,CSV/Card\Auction_master.txt,@敗北_onedari_m3,おねだり,ルシアン,メスの才能・体のメス化,射精0／ところてん系1／メスイキ系0,7162,102/104
N25_Auction_MOD,CSV/Card\Auction_master.txt,@敗北_onedari_e1,おねだり,ユリ,ところてん→メスイキ・メスの才能・体のメス化,射精4／ところてん系2／メスイキ系0,7353,110/112
N25_Auction_MOD,CSV/Card\Auction_master.txt,@敗北_onedari_e2,おねだり,カナタ,ところてん→メスイキ(メスイキの語あり)・メスの才能・体のメス化,射精0／ところてん系2／メスイキ系1,7176,116/117
N25_Auction_MOD,CSV/Card\Auction_master.txt,@敗北_onedari_e3,おねだり,ミコト,メスの才能・体のメス化,射精0／ところてん系0／メスイキ系0,7238,103/104
N25_Auction_MOD,CSV/Card\Auction_master.txt,@敗北_onedari_boss,おねだり,セラフ,体のメス化,射精0／ところてん系3／メスイキ系0,7186,94/96
N26_Kitsune_MOD,CSV/Card\Kitsune_master.txt,@敗北_btl_m1,バトル,ハクエン,乳首では出さない(射精の語あり 要確認)・メスの才能・体のメス化,射精4／ところてん系0／メスイキ系0,7565,12/101
N26_Kitsune_MOD,CSV/Card\Kitsune_master.txt,@敗北_btl_m2,バトル,ハクエン,乳首では出さない(射精の語あり 要確認)・メスの才能・体のメス化,射精7／ところてん系1／メスイキ系0,7834,19/104
N26_Kitsune_MOD,CSV/Card\Kitsune_master.txt,@敗北_btl_m3,バトル,ハクエン,ところてん→メスイキ・乳首では出さない(射精の語あり 要確認)・メスの才能・体のメス化,射精2／ところてん系3／メスイキ系0,7766,9/98
N26_Kitsune_MOD,CSV/Card\Kitsune_master.txt,@敗北_btl_e1,バトル,クダ,ところてん→メスイキ・メスの才能,射精8／ところてん系1／メスイキ系0,7861,33/132
N26_Kitsune_MOD,CSV/Card\Kitsune_master.txt,@敗北_btl_e2,バトル,シラユキ,ところてん→メスイキ・メスの才能・アナル舐め,射精6／ところてん系2／メスイキ系0,7969,16/97
N26_Kitsune_MOD,CSV/Card\Kitsune_master.txt,@敗北_btl_e3,バトル,アカネ,ところてん→メスイキ・メスの才能,射精3／ところてん系1／メスイキ系0,7962,18/122
N26_Kitsune_MOD,CSV/Card\Kitsune_master.txt,@敗北_btl_boss,バトル,ギンカ,ところてん→メスイキ・乳首では出さない(射精の語あり 要確認)・メスの才能・体のメス化・逆アナルの射精,射精5／ところてん系0／メスイキ系0,7619,23/115
N26_Kitsune_MOD,CSV/Card\Kitsune_master.txt,@敗北_onani_m1,オナニー,ハクエン,乳首では出さない(射精の語あり 要確認)・メスの才能・体のメス化,射精5／ところてん系0／メスイキ系0,7499,19/100
N26_Kitsune_MOD,CSV/Card\Kitsune_master.txt,@敗北_onani_m2,オナニー,ハクエン,乳首では出さない(射精の語あり 要確認)・メスの才能・体のメス化,射精5／ところてん系0／メスイキ系0,7606,17/98
N26_Kitsune_MOD,CSV/Card\Kitsune_master.txt,@敗北_onani_m3,オナニー,ハクエン,ところてん→メスイキ・乳首では出さない(射精の語あり 要確認)・メスの才能・体のメス化,射精1／ところてん系1／メスイキ系0,7912,12/97
N26_Kitsune_MOD,CSV/Card\Kitsune_master.txt,@敗北_onani_e1,オナニー,クダ,ところてん→メスイキ・メスの才能,射精4／ところてん系1／メスイキ系0,7486,31/130
N26_Kitsune_MOD,CSV/Card\Kitsune_master.txt,@敗北_onani_e2,オナニー,シラユキ,ところてん→メスイキ・乳首では出さない(射精の語あり 要確認)・メスの才能・体のメス化・アナル舐め,射精5／ところてん系0／メスイキ系0,7676,20/97
N26_Kitsune_MOD,CSV/Card\Kitsune_master.txt,@敗北_onani_e3,オナニー,アカネ,ところてん→メスイキ・メスの才能,射精3／ところてん系1／メスイキ系0,7612,17/115
N26_Kitsune_MOD,CSV/Card\Kitsune_master.txt,@敗北_onani_boss,オナニー,ギンカ,乳首では出さない(射精の語あり 要確認)・メスの才能・体のメス化,射精5／ところてん系0／メスイキ系0,7344,16/106
N26_Kitsune_MOD,CSV/Card\Kitsune_master.txt,@敗北_inochi_m1,命乞い,ハクエン,乳首では出さない(射精の語あり 要確認)・メスの才能・体のメス化,射精5／ところてん系0／メスイキ系0,7601,29/96
N26_Kitsune_MOD,CSV/Card\Kitsune_master.txt,@敗北_inochi_m2,命乞い,ハクエン,乳首では出さない(射精の語あり 要確認)・メスの才能・体のメス化,射精5／ところてん系1／メスイキ系0,7931,26/104
N26_Kitsune_MOD,CSV/Card\Kitsune_master.txt,@敗北_inochi_m3,命乞い,ハクエン,ところてん→メスイキ・乳首では出さない(射精の語あり 要確認)・メスの才能・体のメス化,射精2／ところてん系2／メスイキ系0,7895,13/94
N26_Kitsune_MOD,CSV/Card\Kitsune_master.txt,@敗北_inochi_e1,命乞い,クダ,ところてん→メスイキ・メスの才能,射精7／ところてん系0／メスイキ系0,7527,38/134
N26_Kitsune_MOD,CSV/Card\Kitsune_master.txt,@敗北_inochi_e2,命乞い,シラユキ,ところてん→メスイキ・メスの才能・アナル舐め,射精5／ところてん系0／メスイキ系0,7794,22/100
N26_Kitsune_MOD,CSV/Card\Kitsune_master.txt,@敗北_inochi_e3,命乞い,アカネ,ところてん→メスイキ・メスの才能,射精3／ところてん系3／メスイキ系0,7728,19/112
N26_Kitsune_MOD,CSV/Card\Kitsune_master.txt,@敗北_inochi_boss,命乞い,ギンカ,ところてん→メスイキ・乳首では出さない(射精の語あり 要確認)・メスの才能・体のメス化,射精3／ところてん系2／メスイキ系0,7518,24/111
N26_Kitsune_MOD,CSV/Card\Kitsune_master.txt,@敗北_onedari_m1,おねだり,ハクエン,乳首では出さない(射精の語あり 要確認)・メスの才能・体のメス化,射精4／ところてん系0／メスイキ系0,7554,23/95
N26_Kitsune_MOD,CSV/Card\Kitsune_master.txt,@敗北_onedari_m2,おねだり,ハクエン,乳首では出さない(射精の語あり 要確認)・メスの才能・体のメス化,射精5／ところてん系2／メスイキ系0,7692,27/104
N26_Kitsune_MOD,CSV/Card\Kitsune_master.txt,@敗北_onedari_m3,おねだり,ハクエン,ところてん→メスイキ・乳首では出さない(射精の語あり 要確認)・メスの才能・体のメス化,射精2／ところてん系3／メスイキ系0,7821,16/97
N26_Kitsune_MOD,CSV/Card\Kitsune_master.txt,@敗北_onedari_e1,おねだり,クダ,ところてん→メスイキ・メスの才能,射精10／ところてん系1／メスイキ系0,7571,34/132
N26_Kitsune_MOD,CSV/Card\Kitsune_master.txt,@敗北_onedari_e2,おねだり,シラユキ,ところてん→メスイキ・メスの才能・アナル舐め,射精5／ところてん系0／メスイキ系0,7853,22/104
N26_Kitsune_MOD,CSV/Card\Kitsune_master.txt,@敗北_onedari_e3,おねだり,アカネ,ところてん→メスイキ・乳首では出さない(射精の語あり 要確認)・メスの才能・体のメス化,射精5／ところてん系1／メスイキ系0,7569,15/118
N26_Kitsune_MOD,CSV/Card\Kitsune_master.txt,@敗北_onedari_boss,おねだり,ギンカ,ところてん→メスイキ・乳首では出さない(射精の語あり 要確認)・メスの才能・体のメス化,射精3／ところてん系0／メスイキ系0,7585,23/114
N27_Knight_MOD,CSV/Card\Knight_master.txt,@敗北_btl_m1,バトル,アルヴィン,乳首では出さない(射精の語あり 要確認)・メスの才能・体のメス化,射精6／ところてん系2／メスイキ系0,7535,0/139
N27_Knight_MOD,CSV/Card\Knight_master.txt,@敗北_btl_m2,バトル,アルヴィン,乳首では出さない(射精の語あり 要確認)・メスの才能・体のメス化,射精4／ところてん系0／メスイキ系1,7382,0/153
N27_Knight_MOD,CSV/Card\Knight_master.txt,@敗北_btl_m3,バトル,アルヴィン,ところてん→メスイキ・乳首では出さない(射精の語あり 要確認)・メスの才能・体のメス化,射精5／ところてん系2／メスイキ系0,7685,0/148
N27_Knight_MOD,CSV/Card\Knight_master.txt,@敗北_btl_e1,バトル,リオ,ところてん→メスイキ・メスの才能,射精4／ところてん系3／メスイキ系1,7806,0/149
N27_Knight_MOD,CSV/Card\Knight_master.txt,@敗北_btl_e2,バトル,エルシー,ところてん→メスイキ・メスの才能,射精13／ところてん系0／メスイキ系1,7756,0/155
N27_Knight_MOD,CSV/Card\Knight_master.txt,@敗北_btl_e3,バトル,ノエル,ところてん→メスイキ・乳首では出さない(射精の語あり 要確認)・メスの才能・体のメス化,射精3／ところてん系5／メスイキ系1,7911,0/138
N27_Knight_MOD,CSV/Card\Knight_master.txt,@敗北_btl_boss,バトル,ユリウス,ところてん→メスイキ・メスの才能,射精10／ところてん系0／メスイキ系0,7669,0/120
N27_Knight_MOD,CSV/Card\Knight_master.txt,@敗北_onani_m1,オナニー,アルヴィン,乳首では出さない(射精の語あり 要確認)・メスの才能・体のメス化,射精3／ところてん系1／メスイキ系0,7233,0/129
N27_Knight_MOD,CSV/Card\Knight_master.txt,@敗北_onani_m2,オナニー,アルヴィン,乳首では出さない(射精の語あり 要確認)・メスの才能・体のメス化,射精3／ところてん系1／メスイキ系0,7101,0/149
N27_Knight_MOD,CSV/Card\Knight_master.txt,@敗北_onani_m3,オナニー,アルヴィン,ところてん→メスイキ・乳首では出さない(射精の語あり 要確認)・メスの才能・体のメス化,射精5／ところてん系1／メスイキ系0,7591,0/144
N27_Knight_MOD,CSV/Card\Knight_master.txt,@敗北_onani_e1,オナニー,リオ,ところてん→メスイキ・メスの才能,射精4／ところてん系2／メスイキ系1,7658,0/140
N27_Knight_MOD,CSV/Card\Knight_master.txt,@敗北_onani_e2,オナニー,エルシー,（当たらない）,射精4／ところてん系0／メスイキ系0,7192,0/143
N27_Knight_MOD,CSV/Card\Knight_master.txt,@敗北_onani_e3,オナニー,ノエル,ところてん→メスイキ・乳首では出さない(射精の語あり 要確認)・メスの才能・体のメス化,射精3／ところてん系4／メスイキ系1,7263,0/139
N27_Knight_MOD,CSV/Card\Knight_master.txt,@敗北_onani_boss,オナニー,ユリウス,ところてん→メスイキ・メスの才能,射精2／ところてん系2／メスイキ系0,7554,0/117
N27_Knight_MOD,CSV/Card\Knight_master.txt,@敗北_inochi_m1,命乞い,アルヴィン,乳首では出さない(射精の語あり 要確認)・メスの才能・体のメス化,射精4／ところてん系0／メスイキ系0,7462,0/137
N27_Knight_MOD,CSV/Card\Knight_master.txt,@敗北_inochi_m2,命乞い,アルヴィン,乳首では出さない(射精の語あり 要確認)・メスの才能・体のメス化,射精3／ところてん系0／メスイキ系0,7425,0/154
N27_Knight_MOD,CSV/Card\Knight_master.txt,@敗北_inochi_m3,命乞い,アルヴィン,ところてん→メスイキ・乳首では出さない(射精の語あり 要確認)・メスの才能・体のメス化,射精7／ところてん系1／メスイキ系0,7610,0/140
N27_Knight_MOD,CSV/Card\Knight_master.txt,@敗北_inochi_e1,命乞い,リオ,ところてん→メスイキ・メスの才能,射精4／ところてん系5／メスイキ系1,7840,0/141
N27_Knight_MOD,CSV/Card\Knight_master.txt,@敗北_inochi_e2,命乞い,エルシー,ところてん→メスイキ・メスの才能,射精6／ところてん系1／メスイキ系1,7554,0/159
N27_Knight_MOD,CSV/Card\Knight_master.txt,@敗北_inochi_e3,命乞い,ノエル,ところてん→メスイキ・乳首では出さない(射精の語あり 要確認)・メスの才能・体のメス化,射精3／ところてん系3／メスイキ系1,7888,0/133
N27_Knight_MOD,CSV/Card\Knight_master.txt,@敗北_inochi_boss,命乞い,ユリウス,ところてん→メスイキ・メスの才能,射精4／ところてん系1／メスイキ系0,7653,0/112
N27_Knight_MOD,CSV/Card\Knight_master.txt,@敗北_onedari_m1,おねだり,アルヴィン,乳首では出さない(射精の語あり 要確認)・メスの才能・体のメス化,射精6／ところてん系0／メスイキ系0,7270,0/140
N27_Knight_MOD,CSV/Card\Knight_master.txt,@敗北_onedari_m2,おねだり,アルヴィン,乳首では出さない(射精の語あり 要確認)・メスの才能・体のメス化,射精3／ところてん系0／メスイキ系0,7353,0/166
N27_Knight_MOD,CSV/Card\Knight_master.txt,@敗北_onedari_m3,おねだり,アルヴィン,ところてん→メスイキ・乳首では出さない(射精の語あり 要確認)・メスの才能・体のメス化,射精5／ところてん系1／メスイキ系0,7708,0/147
N27_Knight_MOD,CSV/Card\Knight_master.txt,@敗北_onedari_e1,おねだり,リオ,ところてん→メスイキ・メスの才能,射精4／ところてん系5／メスイキ系1,7653,0/142
N27_Knight_MOD,CSV/Card\Knight_master.txt,@敗北_onedari_e2,おねだり,エルシー,ところてん→メスイキ・メスの才能,射精7／ところてん系0／メスイキ系1,7450,0/155
N27_Knight_MOD,CSV/Card\Knight_master.txt,@敗北_onedari_e3,おねだり,ノエル,ところてん→メスイキ・乳首では出さない(射精の語あり 要確認)・メスの才能・体のメス化,射精2／ところてん系4／メスイキ系1,7856,0/138
N27_Knight_MOD,CSV/Card\Knight_master.txt,@敗北_onedari_boss,おねだり,ユリウス,ところてん→メスイキ・メスの才能,射精4／ところてん系0／メスイキ系0,7713,0/112
N28_Gym_MOD,CSV/Card\Gym_master.txt,@敗北_btl_m1,バトル,ハヤテ,ところてん→メスイキ・乳首では出さない(射精の語あり 要確認)・メスの才能・体のメス化,射精3／ところてん系0／メスイキ系1,7933,23/96
N28_Gym_MOD,CSV/Card\Gym_master.txt,@敗北_btl_m2,バトル,ハヤテ,ところてん→メスイキ・メスの才能,射精3／ところてん系3／メスイキ系1,8062,23/112
N28_Gym_MOD,CSV/Card\Gym_master.txt,@敗北_btl_m3,バトル,ハヤテ,ところてん→メスイキ・乳首では出さない(射精の語あり 要確認)・メスの才能・体のメス化,射精4／ところてん系0／メスイキ系0,8418,13/102
N28_Gym_MOD,CSV/Card\Gym_master.txt,@敗北_btl_e1,バトル,アイ,ところてん→メスイキ・メスの才能,射精3／ところてん系0／メスイキ系0,7647,25/116
N28_Gym_MOD,CSV/Card\Gym_master.txt,@敗北_btl_e2,バトル,ソウ,ところてん→メスイキ・乳首では出さない(射精の語あり 要確認)・メスの才能・体のメス化,射精4／ところてん系3／メスイキ系0,7979,22/109
N28_Gym_MOD,CSV/Card\Gym_master.txt,@敗北_btl_e3,バトル,ルイ,乳首では出さない(射精の語あり 要確認)・メスの才能・体のメス化,射精6／ところてん系2／メスイキ系0,7572,25/103
N28_Gym_MOD,CSV/Card\Gym_master.txt,@敗北_btl_boss,バトル,タイガ,ところてん→メスイキ・乳首では出さない(射精の語あり 要確認)・メスの才能・体のメス化,射精5／ところてん系2／メスイキ系0,8669,18/126
N28_Gym_MOD,CSV/Card\Gym_master.txt,@敗北_onani_m1,オナニー,ハヤテ,乳首では出さない(射精の語あり 要確認)・メスの才能・体のメス化,射精3／ところてん系1／メスイキ系1,7460,22/93
N28_Gym_MOD,CSV/Card\Gym_master.txt,@敗北_onani_m2,オナニー,ハヤテ,ところてん→メスイキ・メスの才能,射精2／ところてん系0／メスイキ系2,7439,20/101
N28_Gym_MOD,CSV/Card\Gym_master.txt,@敗北_onani_m3,オナニー,ハヤテ,ところてん→メスイキ・乳首では出さない(射精の語あり 要確認)・メスの才能・体のメス化,射精4／ところてん系0／メスイキ系0,7667,11/91
N28_Gym_MOD,CSV/Card\Gym_master.txt,@敗北_onani_e1,オナニー,アイ,ところてん→メスイキ・メスの才能,射精1／ところてん系0／メスイキ系1,7431,31/110
N28_Gym_MOD,CSV/Card\Gym_master.txt,@敗北_onani_e2,オナニー,ソウ,ところてん→メスイキ・乳首では出さない(射精の語あり 要確認)・メスの才能・体のメス化,射精4／ところてん系0／メスイキ系0,7509,19/105
N28_Gym_MOD,CSV/Card\Gym_master.txt,@敗北_onani_e3,オナニー,ルイ,乳首では出さない(射精の語あり 要確認)・メスの才能・体のメス化,射精3／ところてん系2／メスイキ系0,7342,23/94
N28_Gym_MOD,CSV/Card\Gym_master.txt,@敗北_onani_boss,オナニー,タイガ,ところてん→メスイキ・乳首では出さない(射精の語あり 要確認)・メスの才能・体のメス化,射精5／ところてん系3／メスイキ系0,7664,26/110
N28_Gym_MOD,CSV/Card\Gym_master.txt,@敗北_inochi_m1,命乞い,ハヤテ,ところてん→メスイキ・乳首では出さない(射精の語あり 要確認)・メスの才能・体のメス化,射精2／ところてん系4／メスイキ系2,7420,20/86
N28_Gym_MOD,CSV/Card\Gym_master.txt,@敗北_inochi_m2,命乞い,ハヤテ,ところてん→メスイキ・メスの才能,射精2／ところてん系3／メスイキ系2,7528,24/104
N28_Gym_MOD,CSV/Card\Gym_master.txt,@敗北_inochi_m3,命乞い,ハヤテ,ところてん→メスイキ・乳首では出さない(射精の語あり 要確認)・メスの才能・体のメス化,射精4／ところてん系0／メスイキ系0,7642,18/93
N28_Gym_MOD,CSV/Card\Gym_master.txt,@敗北_inochi_e1,命乞い,アイ,ところてん→メスイキ・メスの才能,射精2／ところてん系1／メスイキ系1,7413,38/117
N28_Gym_MOD,CSV/Card\Gym_master.txt,@敗北_inochi_e2,命乞い,ソウ,ところてん→メスイキ・乳首では出さない(射精の語あり 要確認)・メスの才能・体のメス化,射精5／ところてん系2／メスイキ系0,7441,22/103
N28_Gym_MOD,CSV/Card\Gym_master.txt,@敗北_inochi_e3,命乞い,ルイ,乳首では出さない(射精の語あり 要確認)・メスの才能・体のメス化,射精4／ところてん系0／メスイキ系0,7263,35/102
N28_Gym_MOD,CSV/Card\Gym_master.txt,@敗北_inochi_boss,命乞い,タイガ,ところてん→メスイキ・乳首では出さない(射精の語あり 要確認)・メスの才能・体のメス化,射精5／ところてん系2／メスイキ系0,7618,22/107
N28_Gym_MOD,CSV/Card\Gym_master.txt,@敗北_onedari_m1,おねだり,ハヤテ,乳首では出さない(射精の語あり 要確認)・メスの才能・体のメス化,射精2／ところてん系0／メスイキ系2,7440,31/97
N28_Gym_MOD,CSV/Card\Gym_master.txt,@敗北_onedari_m2,おねだり,ハヤテ,ところてん→メスイキ・メスの才能,射精2／ところてん系0／メスイキ系2,7477,35/109
N28_Gym_MOD,CSV/Card\Gym_master.txt,@敗北_onedari_m3,おねだり,ハヤテ,ところてん→メスイキ・乳首では出さない(射精の語あり 要確認)・メスの才能・体のメス化,射精4／ところてん系1／メスイキ系0,7514,17/95
N28_Gym_MOD,CSV/Card\Gym_master.txt,@敗北_onedari_e1,おねだり,アイ,ところてん→メスイキ・メスの才能,射精2／ところてん系0／メスイキ系1,7331,36/116
N28_Gym_MOD,CSV/Card\Gym_master.txt,@敗北_onedari_e2,おねだり,ソウ,ところてん→メスイキ・乳首では出さない(射精の語あり 要確認)・メスの才能・体のメス化,射精2／ところてん系0／メスイキ系1,7583,29/107
N28_Gym_MOD,CSV/Card\Gym_master.txt,@敗北_onedari_e3,おねだり,ルイ,乳首では出さない(射精の語あり 要確認)・メスの才能・体のメス化,射精4／ところてん系0／メスイキ系0,7293,26/100
N28_Gym_MOD,CSV/Card\Gym_master.txt,@敗北_onedari_boss,おねだり,タイガ,ところてん→メスイキ・乳首では出さない(射精の語あり 要確認)・メスの才能・体のメス化,射精5／ところてん系1／メスイキ系0,7691,17/102
N29_Summoner_MOD,CSV/Card\Summoner_master.txt,@敗北_btl_m1,バトル,ルーク,ところてん→メスイキ・乳首では出さない(射精の語あり 要確認)・メスの才能・体のメス化,射精8／ところてん系1／メスイキ系0,8408,8/105
N29_Summoner_MOD,CSV/Card\Summoner_master.txt,@敗北_btl_m2,バトル,ルーク,ところてん→メスイキ・乳首では出さない(射精の語あり 要確認)・メスの才能・体のメス化,射精7／ところてん系2／メスイキ系0,8769,3/142
N29_Summoner_MOD,CSV/Card\Summoner_master.txt,@敗北_btl_m3,バトル,ルーク,ところてん→メスイキ・乳首では出さない(射精の語あり 要確認)・メスの才能・体のメス化,射精8／ところてん系5／メスイキ系0,9690,7/122
N29_Summoner_MOD,CSV/Card\Summoner_master.txt,@敗北_btl_e1,バトル,ピノ,ところてん→メスイキ・メスの才能,射精9／ところてん系2／メスイキ系0,8303,22/101
N29_Summoner_MOD,CSV/Card\Summoner_master.txt,@敗北_btl_e2,バトル,リック,ところてん→メスイキ・乳首では出さない(射精の語あり 要確認)・メスの才能・体のメス化・アナル舐め,射精2／ところてん系2／メスイキ系1,8708,19/103
N29_Summoner_MOD,CSV/Card\Summoner_master.txt,@敗北_btl_e3,バトル,エド,ところてん→メスイキ・メスの才能,射精4／ところてん系4／メスイキ系0,9261,19/108
N29_Summoner_MOD,CSV/Card\Summoner_master.txt,@敗北_btl_boss,バトル,ヴェルナー,ところてん→メスイキ・乳首では出さない(射精の語あり 要確認)・メスの才能・体のメス化,射精8／ところてん系3／メスイキ系1,9751,11/119
N29_Summoner_MOD,CSV/Card\Summoner_master.txt,@敗北_onani_m1,オナニー,ルーク,乳首では出さない(射精の語あり 要確認)・メスの才能・体のメス化,射精6／ところてん系1／メスイキ系0,7718,9/96
N29_Summoner_MOD,CSV/Card\Summoner_master.txt,@敗北_onani_m2,オナニー,ルーク,ところてん→メスイキ・乳首では出さない(射精の語あり 要確認)・メスの才能・体のメス化,射精8／ところてん系3／メスイキ系0,7739,4/128
N29_Summoner_MOD,CSV/Card\Summoner_master.txt,@敗北_onani_m3,オナニー,ルーク,ところてん→メスイキ・乳首では出さない(射精の語あり 要確認)・メスの才能・体のメス化,射精4／ところてん系3／メスイキ系0,7872,5/100
N29_Summoner_MOD,CSV/Card\Summoner_master.txt,@敗北_onani_e1,オナニー,ピノ,ところてん→メスイキ・メスの才能,射精5／ところてん系0／メスイキ系0,7575,24/90
N29_Summoner_MOD,CSV/Card\Summoner_master.txt,@敗北_onani_e2,オナニー,リック,ところてん→メスイキ・乳首では出さない(射精の語あり 要確認)・メスの才能・体のメス化・アナル舐め,射精2／ところてん系2／メスイキ系0,7698,23/93
N29_Summoner_MOD,CSV/Card\Summoner_master.txt,@敗北_onani_e3,オナニー,エド,ところてん→メスイキ・メスの才能,射精3／ところてん系2／メスイキ系0,7891,9/90
N29_Summoner_MOD,CSV/Card\Summoner_master.txt,@敗北_onani_boss,オナニー,ヴェルナー,ところてん→メスイキ・乳首では出さない(射精の語あり 要確認)・メスの才能・体のメス化,射精5／ところてん系2／メスイキ系0,7860,9/105
N29_Summoner_MOD,CSV/Card\Summoner_master.txt,@敗北_inochi_m1,命乞い,ルーク,乳首では出さない(射精の語あり 要確認)・メスの才能・体のメス化,射精6／ところてん系1／メスイキ系0,7545,17/96
N29_Summoner_MOD,CSV/Card\Summoner_master.txt,@敗北_inochi_m2,命乞い,ルーク,ところてん→メスイキ・乳首では出さない(射精の語あり 要確認)・メスの才能・体のメス化,射精6／ところてん系1／メスイキ系0,7887,9/135
N29_Summoner_MOD,CSV/Card\Summoner_master.txt,@敗北_inochi_m3,命乞い,ルーク,ところてん→メスイキ・乳首では出さない(射精の語あり 要確認)・メスの才能・体のメス化,射精5／ところてん系3／メスイキ系0,7682,20/105
N29_Summoner_MOD,CSV/Card\Summoner_master.txt,@敗北_inochi_e1,命乞い,ピノ,ところてん→メスイキ・メスの才能,射精4／ところてん系0／メスイキ系0,7668,23/93
N29_Summoner_MOD,CSV/Card\Summoner_master.txt,@敗北_inochi_e2,命乞い,リック,ところてん→メスイキ・乳首では出さない(射精の語あり 要確認)・メスの才能・体のメス化・アナル舐め,射精3／ところてん系3／メスイキ系0,7555,26/92
N29_Summoner_MOD,CSV/Card\Summoner_master.txt,@敗北_inochi_e3,命乞い,エド,ところてん→メスイキ・メスの才能,射精3／ところてん系3／メスイキ系0,7879,20/94
N29_Summoner_MOD,CSV/Card\Summoner_master.txt,@敗北_inochi_boss,命乞い,ヴェルナー,ところてん→メスイキ・乳首では出さない(射精の語あり 要確認)・メスの才能・体のメス化,射精5／ところてん系1／メスイキ系0,7616,16/101
N29_Summoner_MOD,CSV/Card\Summoner_master.txt,@敗北_onedari_m1,おねだり,ルーク,乳首では出さない(射精の語あり 要確認)・メスの才能・体のメス化,射精3／ところてん系0／メスイキ系0,7645,11/97
N29_Summoner_MOD,CSV/Card\Summoner_master.txt,@敗北_onedari_m2,おねだり,ルーク,ところてん→メスイキ・乳首では出さない(射精の語あり 要確認)・メスの才能・体のメス化,射精7／ところてん系3／メスイキ系0,7961,9/141
N29_Summoner_MOD,CSV/Card\Summoner_master.txt,@敗北_onedari_m3,おねだり,ルーク,ところてん→メスイキ・乳首では出さない(射精の語あり 要確認)・メスの才能・体のメス化,射精4／ところてん系2／メスイキ系0,7704,11/105
N29_Summoner_MOD,CSV/Card\Summoner_master.txt,@敗北_onedari_e1,おねだり,ピノ,ところてん→メスイキ・メスの才能,射精5／ところてん系0／メスイキ系0,7643,23/102
N29_Summoner_MOD,CSV/Card\Summoner_master.txt,@敗北_onedari_e2,おねだり,リック,ところてん→メスイキ・乳首では出さない(射精の語あり 要確認)・メスの才能・体のメス化・アナル舐め,射精2／ところてん系2／メスイキ系0,7722,26/95
N29_Summoner_MOD,CSV/Card\Summoner_master.txt,@敗北_onedari_e3,おねだり,エド,ところてん→メスイキ・メスの才能,射精3／ところてん系1／メスイキ系0,7790,13/89
N29_Summoner_MOD,CSV/Card\Summoner_master.txt,@敗北_onedari_boss,おねだり,ヴェルナー,ところてん→メスイキ・乳首では出さない(射精の語あり 要確認)・メスの才能・体のメス化,射精7／ところてん系2／メスイキ系0,7935,14/110
N30_Ninja_MOD,CSV/Card\Ninja_master.txt,@敗北_btl_m1,バトル,カゲロウ,乳首では出さない(射精の語あり 要確認)・メスの才能・体のメス化,射精2／ところてん系1／メスイキ系0,7422,98/99
N30_Ninja_MOD,CSV/Card\Ninja_master.txt,@敗北_btl_m2,バトル,カゲロウ,乳首では出さない(射精の語あり 要確認)・メスの才能・体のメス化,射精2／ところてん系6／メスイキ系0,7558,101/104
N30_Ninja_MOD,CSV/Card\Ninja_master.txt,@敗北_btl_m3,バトル,カゲロウ,ところてん→メスイキ・メスの才能,射精1／ところてん系3／メスイキ系0,7572,95/101
N30_Ninja_MOD,CSV/Card\Ninja_master.txt,@敗北_btl_e1,バトル,ハヤブサ,ところてん→メスイキ・メスの才能・体のメス化・ペニバンの書き分け,射精0／ところてん系4／メスイキ系0,7894,113/115
N30_Ninja_MOD,CSV/Card\Ninja_master.txt,@敗北_btl_e2,バトル,シグレ,ところてん→メスイキ・メスの才能・アナル舐め,射精2／ところてん系1／メスイキ系0,7935,92/95
N30_Ninja_MOD,CSV/Card\Ninja_master.txt,@敗北_btl_e3,バトル,ツムギ,ところてん→メスイキ・メスの才能・体のメス化・逆アナルの射精,射精6／ところてん系0／メスイキ系0,8202,108/109
N30_Ninja_MOD,CSV/Card\Ninja_master.txt,@敗北_btl_boss,バトル,オボロ,ところてん→メスイキ・乳首では出さない(射精の語あり 要確認)・メスの才能・体のメス化・逆アナルの射精,射精5／ところてん系1／メスイキ系1,8244,117/122
N30_Ninja_MOD,CSV/Card\Ninja_master.txt,@敗北_onani_m1,オナニー,カゲロウ,乳首では出さない(射精の語あり 要確認)・メスの才能・体のメス化,射精2／ところてん系3／メスイキ系0,7424,96/97
N30_Ninja_MOD,CSV/Card\Ninja_master.txt,@敗北_onani_m2,オナニー,カゲロウ,乳首では出さない(射精の語あり 要確認)・メスの才能・体のメス化,射精3／ところてん系2／メスイキ系2,7443,95/98
N30_Ninja_MOD,CSV/Card\Ninja_master.txt,@敗北_onani_m3,オナニー,カゲロウ,ところてん→メスイキ・メスの才能・体のメス化・逆アナルの射精・ぱふぱふ,射精4／ところてん系1／メスイキ系0,7775,92/97
N30_Ninja_MOD,CSV/Card\Ninja_master.txt,@敗北_onani_e1,オナニー,ハヤブサ,ところてん→メスイキ・メスの才能・体のメス化・ペニバンの書き分け,射精0／ところてん系0／メスイキ系0,7625,108/110
N30_Ninja_MOD,CSV/Card\Ninja_master.txt,@敗北_onani_e2,オナニー,シグレ,ところてん→メスイキ・メスの才能・アナル舐め,射精1／ところてん系0／メスイキ系0,7781,92/93
N30_Ninja_MOD,CSV/Card\Ninja_master.txt,@敗北_onani_e3,オナニー,ツムギ,ところてん→メスイキ・メスの才能,射精3／ところてん系2／メスイキ系0,7898,107/108
N30_Ninja_MOD,CSV/Card\Ninja_master.txt,@敗北_onani_boss,オナニー,オボロ,ところてん→メスイキ・乳首では出さない(射精の語あり 要確認)・メスの才能・体のメス化,射精4／ところてん系0／メスイキ系1,7564,107/109
N30_Ninja_MOD,CSV/Card\Ninja_master.txt,@敗北_inochi_m1,命乞い,カゲロウ,乳首では出さない(射精の語あり 要確認)・メスの才能・体のメス化・ぱふぱふ(匂いなし),射精2／ところてん系0／メスイキ系0,7349,103/104
N30_Ninja_MOD,CSV/Card\Ninja_master.txt,@敗北_inochi_m2,命乞い,カゲロウ,乳首では出さない(射精の語あり 要確認)・メスの才能・体のメス化,射精3／ところてん系1／メスイキ系2,7463,98/102
N30_Ninja_MOD,CSV/Card\Ninja_master.txt,@敗北_inochi_m3,命乞い,カゲロウ,ところてん→メスイキ・メスの才能,射精3／ところてん系2／メスイキ系0,7737,99/102
N30_Ninja_MOD,CSV/Card\Ninja_master.txt,@敗北_inochi_e1,命乞い,ハヤブサ,ところてん→メスイキ・メスの才能・体のメス化・ペニバンの書き分け,射精0／ところてん系2／メスイキ系0,7631,111/112
N30_Ninja_MOD,CSV/Card\Ninja_master.txt,@敗北_inochi_e2,命乞い,シグレ,ところてん→メスイキ・メスの才能・アナル舐め,射精1／ところてん系1／メスイキ系0,7687,89/91
N30_Ninja_MOD,CSV/Card\Ninja_master.txt,@敗北_inochi_e3,命乞い,ツムギ,ところてん→メスイキ・メスの才能,射精3／ところてん系0／メスイキ系0,7897,105/107
N30_Ninja_MOD,CSV/Card\Ninja_master.txt,@敗北_inochi_boss,命乞い,オボロ,ところてん→メスイキ・乳首では出さない(射精の語あり 要確認)・メスの才能・体のメス化,射精3／ところてん系0／メスイキ系1,7523,117/118
N30_Ninja_MOD,CSV/Card\Ninja_master.txt,@敗北_onedari_m1,おねだり,カゲロウ,乳首では出さない(射精の語あり 要確認)・メスの才能・体のメス化,射精2／ところてん系1／メスイキ系0,7253,106/107
N30_Ninja_MOD,CSV/Card\Ninja_master.txt,@敗北_onedari_m2,おねだり,カゲロウ,乳首では出さない(射精の語あり 要確認)・メスの才能・体のメス化,射精4／ところてん系1／メスイキ系1,7464,104/105
N30_Ninja_MOD,CSV/Card\Ninja_master.txt,@敗北_onedari_m3,おねだり,カゲロウ,ところてん→メスイキ・乳首では出さない(射精の語あり 要確認)・メスの才能・体のメス化,射精4／ところてん系1／メスイキ系0,7579,101/103
N30_Ninja_MOD,CSV/Card\Ninja_master.txt,@敗北_onedari_e1,おねだり,ハヤブサ,ところてん→メスイキ・メスの才能・体のメス化・ペニバンの書き分け,射精0／ところてん系1／メスイキ系0,7592,112/113
N30_Ninja_MOD,CSV/Card\Ninja_master.txt,@敗北_onedari_e2,おねだり,シグレ,ところてん→メスイキ・メスの才能・アナル舐め,射精0／ところてん系0／メスイキ系0,7576,90/92
N30_Ninja_MOD,CSV/Card\Ninja_master.txt,@敗北_onedari_e3,おねだり,ツムギ,ところてん→メスイキ・メスの才能,射精3／ところてん系4／メスイキ系0,7698,105/107
N30_Ninja_MOD,CSV/Card\Ninja_master.txt,@敗北_onedari_boss,おねだり,オボロ,ところてん→メスイキ・乳首では出さない(射精の語あり 要確認)・メスの才能・体のメス化・逆アナルの射精,射精3／ところてん系0／メスイキ系1,7550,112/116
N31_Onsen_MOD,CSV/Card\Onsen_master.txt,@敗北_btl_m1,バトル,ミヤコ,乳首では出さない(射精の語あり 要確認)・メスの才能・体のメス化,射精3／ところてん系3／メスイキ系0,7381,131/132
N31_Onsen_MOD,CSV/Card\Onsen_master.txt,@敗北_btl_m2,バトル,ミヤコ,乳首では出さない(射精の語あり 要確認)・メスの才能・体のメス化,射精3／ところてん系2／メスイキ系0,7255,145/146
N31_Onsen_MOD,CSV/Card\Onsen_master.txt,@敗北_btl_m3,バトル,ミヤコ,ところてん→メスイキ・乳首では出さない(射精の語あり 要確認)・メスの才能・体のメス化・ペニバンの書き分け,射精5／ところてん系2／メスイキ系0,7631,150/153
N31_Onsen_MOD,CSV/Card\Onsen_master.txt,@敗北_btl_e1,バトル,ハル,ところてん→メスイキ・乳首では出さない(射精の語あり 要確認)・メスの才能・体のメス化,射精2／ところてん系3／メスイキ系0,7297,133/134
N31_Onsen_MOD,CSV/Card\Onsen_master.txt,@敗北_btl_e2,バトル,ツバキ,ところてん→メスイキ・メスの才能,射精4／ところてん系8／メスイキ系1,7253,147/148
N31_Onsen_MOD,CSV/Card\Onsen_master.txt,@敗北_btl_e3,バトル,コウ,ところてん→メスイキ・乳首では出さない(射精の語あり 要確認)・メスの才能・体のメス化,射精3／ところてん系4／メスイキ系0,7213,124/125
N31_Onsen_MOD,CSV/Card\Onsen_master.txt,@敗北_btl_boss,バトル,セツ,ところてん→メスイキ・乳首では出さない(射精の語あり 要確認)・メスの才能・体のメス化・ペニバンの書き分け,射精4／ところてん系2／メスイキ系0,7782,146/148
N31_Onsen_MOD,CSV/Card\Onsen_master.txt,@敗北_onani_m1,オナニー,ミヤコ,乳首では出さない(射精の語あり 要確認)・メスの才能・体のメス化,射精6／ところてん系4／メスイキ系0,7363,119/120
N31_Onsen_MOD,CSV/Card\Onsen_master.txt,@敗北_onani_m2,オナニー,ミヤコ,乳首では出さない(射精の語あり 要確認)・メスの才能・体のメス化,射精3／ところてん系1／メスイキ系0,7204,130/131
N31_Onsen_MOD,CSV/Card\Onsen_master.txt,@敗北_onani_m3,オナニー,ミヤコ,ところてん→メスイキ・乳首では出さない(射精の語あり 要確認)・メスの才能・体のメス化・ペニバンの書き分け,射精3／ところてん系2／メスイキ系0,7200,131/134
N31_Onsen_MOD,CSV/Card\Onsen_master.txt,@敗北_onani_e1,オナニー,ハル,ところてん→メスイキ・乳首では出さない(射精の語あり 要確認)・メスの才能・体のメス化,射精2／ところてん系0／メスイキ系0,7097,122/123
N31_Onsen_MOD,CSV/Card\Onsen_master.txt,@敗北_onani_e2,オナニー,ツバキ,ところてん→メスイキ・メスの才能,射精3／ところてん系1／メスイキ系0,7153,152/153
N31_Onsen_MOD,CSV/Card\Onsen_master.txt,@敗北_onani_e3,オナニー,コウ,ところてん→メスイキ・乳首では出さない(射精の語あり 要確認)・メスの才能・体のメス化,射精3／ところてん系1／メスイキ系0,7143,120/121
N31_Onsen_MOD,CSV/Card\Onsen_master.txt,@敗北_onani_boss,オナニー,セツ,ところてん→メスイキ・乳首では出さない(射精の語あり 要確認)・メスの才能・体のメス化・ペニバンの書き分け,射精3／ところてん系3／メスイキ系1,7242,136/138
N31_Onsen_MOD,CSV/Card\Onsen_master.txt,@敗北_inochi_m1,命乞い,ミヤコ,乳首では出さない(射精の語あり 要確認)・メスの才能・体のメス化,射精3／ところてん系0／メスイキ系0,7262,123/124
N31_Onsen_MOD,CSV/Card\Onsen_master.txt,@敗北_inochi_m2,命乞い,ミヤコ,乳首では出さない(射精の語あり 要確認)・メスの才能・体のメス化・ぱふぱふ,射精3／ところてん系0／メスイキ系0,7209,129/130
N31_Onsen_MOD,CSV/Card\Onsen_master.txt,@敗北_inochi_m3,命乞い,ミヤコ,ところてん→メスイキ・乳首では出さない(射精の語あり 要確認)・メスの才能・体のメス化・ペニバンの書き分け,射精5／ところてん系1／メスイキ系0,7247,140/143
N31_Onsen_MOD,CSV/Card\Onsen_master.txt,@敗北_inochi_e1,命乞い,ハル,ところてん→メスイキ・乳首では出さない(射精の語あり 要確認)・メスの才能・体のメス化,射精2／ところてん系2／メスイキ系0,7076,123/124
N31_Onsen_MOD,CSV/Card\Onsen_master.txt,@敗北_inochi_e2,命乞い,ツバキ,ところてん→メスイキ・メスの才能,射精3／ところてん系1／メスイキ系0,7027,138/139
N31_Onsen_MOD,CSV/Card\Onsen_master.txt,@敗北_inochi_e3,命乞い,コウ,ところてん→メスイキ・乳首では出さない(射精の語あり 要確認)・メスの才能・体のメス化,射精1／ところてん系0／メスイキ系0,7141,120/121
N31_Onsen_MOD,CSV/Card\Onsen_master.txt,@敗北_inochi_boss,命乞い,セツ,ところてん→メスイキ・乳首では出さない(射精の語あり 要確認)・メスの才能・体のメス化・ペニバンの書き分け,射精3／ところてん系3／メスイキ系1,7163,141/143
N31_Onsen_MOD,CSV/Card\Onsen_master.txt,@敗北_onedari_m1,おねだり,ミヤコ,乳首では出さない(射精の語あり 要確認)・メスの才能・体のメス化,射精3／ところてん系3／メスイキ系0,7231,117/118
N31_Onsen_MOD,CSV/Card\Onsen_master.txt,@敗北_onedari_m2,おねだり,ミヤコ,乳首では出さない(射精の語あり 要確認)・メスの才能・体のメス化,射精3／ところてん系0／メスイキ系0,7044,119/120
N31_Onsen_MOD,CSV/Card\Onsen_master.txt,@敗北_onedari_m3,おねだり,ミヤコ,ところてん→メスイキ・乳首では出さない(射精の語あり 要確認)・メスの才能・体のメス化・ペニバンの書き分け,射精3／ところてん系2／メスイキ系0,7147,131/134
N31_Onsen_MOD,CSV/Card\Onsen_master.txt,@敗北_onedari_e1,おねだり,ハル,ところてん→メスイキ・乳首では出さない(射精の語あり 要確認)・メスの才能・体のメス化,射精2／ところてん系1／メスイキ系0,7022,129/130
N31_Onsen_MOD,CSV/Card\Onsen_master.txt,@敗北_onedari_e2,おねだり,ツバキ,ところてん→メスイキ・メスの才能,射精7／ところてん系2／メスイキ系0,7130,139/140
N31_Onsen_MOD,CSV/Card\Onsen_master.txt,@敗北_onedari_e3,おねだり,コウ,ところてん→メスイキ・乳首では出さない(射精の語あり 要確認)・メスの才能・体のメス化・ぱふぱふ,射精3／ところてん系2／メスイキ系0,7108,117/118
N31_Onsen_MOD,CSV/Card\Onsen_master.txt,@敗北_onedari_boss,おねだり,セツ,ところてん→メスイキ・乳首では出さない(射精の語あり 要確認)・メスの才能・体のメス化・ペニバンの書き分け,射精3／ところてん系4／メスイキ系1,7151,139/141
N32_Arachne_MOD,CSV/Card\Arachne_master.txt,@敗北_btl_m1,バトル,アラーネ,ところてん→メスイキ・メスの才能,射精5／ところてん系1／メスイキ系0,7276,132/133
N32_Arachne_MOD,CSV/Card\Arachne_master.txt,@敗北_btl_m2,バトル,アラーネ,ところてん→メスイキ・メスの才能,射精3／ところてん系1／メスイキ系0,7244,132/133
N32_Arachne_MOD,CSV/Card\Arachne_master.txt,@敗北_btl_m3,バトル,アラーネ,乳首では出さない(射精の語あり 要確認)・メスの才能・体のメス化,射精3／ところてん系4／メスイキ系0,7245,134/137
N32_Arachne_MOD,CSV/Card\Arachne_master.txt,@敗北_btl_e1,バトル,シルク,ところてん→メスイキ・乳首では出さない(射精の語あり 要確認)・メスの才能・体のメス化,射精5／ところてん系2／メスイキ系0,7403,129/130
N32_Arachne_MOD,CSV/Card\Arachne_master.txt,@敗北_btl_e2,バトル,ベラ,乳首では出さない(射精の語あり 要確認)・メスの才能・体のメス化,射精3／ところてん系2／メスイキ系0,7503,129/130
N32_Arachne_MOD,CSV/Card\Arachne_master.txt,@敗北_btl_e3,バトル,ヨル,メスの才能,射精5／ところてん系2／メスイキ系0,7826,145/146
N32_Arachne_MOD,CSV/Card\Arachne_master.txt,@敗北_btl_boss,バトル,ネフィラ,乳首では出さない(射精の語あり 要確認)・メスの才能・体のメス化・ぱふぱふ,射精8／ところてん系1／メスイキ系0,8763,160/162
N32_Arachne_MOD,CSV/Card\Arachne_master.txt,@敗北_onani_m1,オナニー,アラーネ,ところてん→メスイキ・メスの才能,射精3／ところてん系4／メスイキ系0,7235,127/128
N32_Arachne_MOD,CSV/Card\Arachne_master.txt,@敗北_onani_m2,オナニー,アラーネ,ところてん→メスイキ・メスの才能,射精3／ところてん系1／メスイキ系0,7055,129/130
N32_Arachne_MOD,CSV/Card\Arachne_master.txt,@敗北_onani_m3,オナニー,アラーネ,ところてん→メスイキ・乳首では出さない(射精の語あり 要確認)・メスの才能・体のメス化,射精3／ところてん系2／メスイキ系0,7075,123/125
N32_Arachne_MOD,CSV/Card\Arachne_master.txt,@敗北_onani_e1,オナニー,シルク,ところてん→メスイキ・乳首では出さない(射精の語あり 要確認)・メスの才能・体のメス化,射精3／ところてん系1／メスイキ系0,7289,128/129
N32_Arachne_MOD,CSV/Card\Arachne_master.txt,@敗北_onani_e2,オナニー,ベラ,乳首では出さない(射精の語あり 要確認)・メスの才能・体のメス化,射精4／ところてん系3／メスイキ系0,7182,125/126
N32_Arachne_MOD,CSV/Card\Arachne_master.txt,@敗北_onani_e3,オナニー,ヨル,メスの才能,射精3／ところてん系2／メスイキ系0,7318,141/142
N32_Arachne_MOD,CSV/Card\Arachne_master.txt,@敗北_onani_boss,オナニー,ネフィラ,乳首では出さない(射精の語あり 要確認)・メスの才能・体のメス化・ぱふぱふ,射精5／ところてん系1／メスイキ系0,7417,135/137
N32_Arachne_MOD,CSV/Card\Arachne_master.txt,@敗北_inochi_m1,命乞い,アラーネ,ところてん→メスイキ・メスの才能,射精4／ところてん系3／メスイキ系0,7233,128/129
N32_Arachne_MOD,CSV/Card\Arachne_master.txt,@敗北_inochi_m2,命乞い,アラーネ,メスの才能,射精4／ところてん系2／メスイキ系0,7014,128/129
N32_Arachne_MOD,CSV/Card\Arachne_master.txt,@敗北_inochi_m3,命乞い,アラーネ,乳首では出さない(射精の語あり 要確認)・メスの才能・体のメス化,射精3／ところてん系4／メスイキ系0,7047,125/128
N32_Arachne_MOD,CSV/Card\Arachne_master.txt,@敗北_inochi_e1,命乞い,シルク,ところてん→メスイキ・乳首では出さない(射精の語あり 要確認)・メスの才能・体のメス化,射精3／ところてん系1／メスイキ系0,7263,130/131
N32_Arachne_MOD,CSV/Card\Arachne_master.txt,@敗北_inochi_e2,命乞い,ベラ,（当たらない）,射精4／ところてん系1／メスイキ系0,7049,126/127
N32_Arachne_MOD,CSV/Card\Arachne_master.txt,@敗北_inochi_e3,命乞い,ヨル,メスの才能,射精5／ところてん系2／メスイキ系0,7122,136/137
N32_Arachne_MOD,CSV/Card\Arachne_master.txt,@敗北_inochi_boss,命乞い,ネフィラ,乳首では出さない(射精の語あり 要確認)・メスの才能・体のメス化・ぱふぱふ,射精5／ところてん系1／メスイキ系0,7158,136/138
N32_Arachne_MOD,CSV/Card\Arachne_master.txt,@敗北_onedari_m1,おねだり,アラーネ,ところてん→メスイキ・メスの才能,射精4／ところてん系2／メスイキ系0,7172,136/137
N32_Arachne_MOD,CSV/Card\Arachne_master.txt,@敗北_onedari_m2,おねだり,アラーネ,ところてん→メスイキ・メスの才能,射精3／ところてん系1／メスイキ系0,7162,126/127
N32_Arachne_MOD,CSV/Card\Arachne_master.txt,@敗北_onedari_m3,おねだり,アラーネ,乳首では出さない(射精の語あり 要確認)・メスの才能・体のメス化,射精3／ところてん系3／メスイキ系0,7101,124/127
N32_Arachne_MOD,CSV/Card\Arachne_master.txt,@敗北_onedari_e1,おねだり,シルク,ところてん→メスイキ・乳首では出さない(射精の語あり 要確認)・メスの才能・体のメス化,射精3／ところてん系3／メスイキ系0,7115,125/126
N32_Arachne_MOD,CSV/Card\Arachne_master.txt,@敗北_onedari_e2,おねだり,ベラ,（当たらない）,射精3／ところてん系0／メスイキ系0,7085,128/129
N32_Arachne_MOD,CSV/Card\Arachne_master.txt,@敗北_onedari_e3,おねだり,ヨル,メスの才能,射精5／ところてん系0／メスイキ系0,7087,127/128
N32_Arachne_MOD,CSV/Card\Arachne_master.txt,@敗北_onedari_boss,おねだり,ネフィラ,乳首では出さない(射精の語あり 要確認)・メスの才能・体のメス化・ぱふぱふ,射精7／ところてん系1／メスイキ系0,7143,131/133
N33_Dream_MOD,CSV/Card\Dream_master.txt,@敗北_btl_m1,バトル,ソムニア,ところてん→メスイキ・メスの才能,射精2／ところてん系4／メスイキ系0,7250,124/126
N33_Dream_MOD,CSV/Card\Dream_master.txt,@敗北_btl_m2,バトル,ソムニア,（当たらない）,射精4／ところてん系1／メスイキ系0,7814,161/162
N33_Dream_MOD,CSV/Card\Dream_master.txt,@敗北_btl_m3,バトル,ソムニア,ところてん→メスイキ・乳首では出さない(射精の語あり 要確認)・メスの才能・体のメス化・逆アナルの射精,射精6／ところてん系0／メスイキ系0,8545,169/170
N33_Dream_MOD,CSV/Card\Dream_master.txt,@敗北_btl_e1,バトル,ムウ,メスの才能・アナル舐め,射精2／ところてん系0／メスイキ系1,7484,131/132
N33_Dream_MOD,CSV/Card\Dream_master.txt,@敗北_btl_e2,バトル,メリー,乳首では出さない(射精の語あり 要確認)・メスの才能・体のメス化,射精4／ところてん系2／メスイキ系0,7903,144/145
N33_Dream_MOD,CSV/Card\Dream_master.txt,@敗北_btl_e3,バトル,ナイト,ところてん→メスイキ・メスの才能,射精3／ところてん系2／メスイキ系0,7257,131/132
N33_Dream_MOD,CSV/Card\Dream_master.txt,@敗北_btl_boss,バトル,ネムリア,ところてん→メスイキ・メスの才能・体のメス化・逆アナルの射精,射精4／ところてん系2／メスイキ系0,7530,134/136
N33_Dream_MOD,CSV/Card\Dream_master.txt,@敗北_onani_m1,オナニー,ソムニア,ところてん→メスイキ・メスの才能,射精3／ところてん系3／メスイキ系0,7296,123/124
N33_Dream_MOD,CSV/Card\Dream_master.txt,@敗北_onani_m2,オナニー,ソムニア,（当たらない）,射精4／ところてん系1／メスイキ系0,7185,149/150
N33_Dream_MOD,CSV/Card\Dream_master.txt,@敗北_onani_m3,オナニー,ソムニア,ところてん→メスイキ・乳首では出さない(射精の語あり 要確認)・メスの才能・体のメス化・逆アナルの射精,射精5／ところてん系1／メスイキ系0,7401,145/146
N33_Dream_MOD,CSV/Card\Dream_master.txt,@敗北_onani_e1,オナニー,ムウ,メスの才能,射精3／ところてん系1／メスイキ系1,7271,123/124
N33_Dream_MOD,CSV/Card\Dream_master.txt,@敗北_onani_e2,オナニー,メリー,乳首では出さない(射精の語あり 要確認)・メスの才能・体のメス化,射精3／ところてん系0／メスイキ系0,7259,130/131
N33_Dream_MOD,CSV/Card\Dream_master.txt,@敗北_onani_e3,オナニー,ナイト,ところてん→メスイキ・メスの才能,射精3／ところてん系2／メスイキ系0,7127,123/124
N33_Dream_MOD,CSV/Card\Dream_master.txt,@敗北_onani_boss,オナニー,ネムリア,ところてん→メスイキ・メスの才能,射精5／ところてん系2／メスイキ系0,7306,131/132
N33_Dream_MOD,CSV/Card\Dream_master.txt,@敗北_inochi_m1,命乞い,ソムニア,ところてん→メスイキ・メスの才能,射精3／ところてん系6／メスイキ系0,7261,120/121
N33_Dream_MOD,CSV/Card\Dream_master.txt,@敗北_inochi_m2,命乞い,ソムニア,（当たらない）,射精3／ところてん系1／メスイキ系0,7198,146/148
N33_Dream_MOD,CSV/Card\Dream_master.txt,@敗北_inochi_m3,命乞い,ソムニア,ところてん→メスイキ・乳首では出さない(射精の語あり 要確認)・メスの才能・体のメス化・逆アナルの射精,射精4／ところてん系1／メスイキ系0,7271,145/147
N33_Dream_MOD,CSV/Card\Dream_master.txt,@敗北_inochi_e1,命乞い,ムウ,メスの才能・アナル舐め,射精2／ところてん系1／メスイキ系1,7259,127/128
N33_Dream_MOD,CSV/Card\Dream_master.txt,@敗北_inochi_e2,命乞い,メリー,乳首では出さない(射精の語あり 要確認)・メスの才能・体のメス化,射精3／ところてん系1／メスイキ系0,7192,135/136
N33_Dream_MOD,CSV/Card\Dream_master.txt,@敗北_inochi_e3,命乞い,ナイト,ところてん→メスイキ・メスの才能,射精3／ところてん系2／メスイキ系0,7102,132/133
N33_Dream_MOD,CSV/Card\Dream_master.txt,@敗北_inochi_boss,命乞い,ネムリア,ところてん→メスイキ・メスの才能・体のメス化・逆アナルの射精,射精4／ところてん系2／メスイキ系0,7231,140/142
N33_Dream_MOD,CSV/Card\Dream_master.txt,@敗北_onedari_m1,おねだり,ソムニア,ところてん→メスイキ・メスの才能,射精3／ところてん系2／メスイキ系0,7171,127/128
N33_Dream_MOD,CSV/Card\Dream_master.txt,@敗北_onedari_m2,おねだり,ソムニア,（当たらない）,射精4／ところてん系2／メスイキ系0,7187,152/154
N33_Dream_MOD,CSV/Card\Dream_master.txt,@敗北_onedari_m3,おねだり,ソムニア,ところてん→メスイキ・乳首では出さない(射精の語あり 要確認)・メスの才能・体のメス化・逆アナルの射精,射精4／ところてん系0／メスイキ系0,7129,139/142
N33_Dream_MOD,CSV/Card\Dream_master.txt,@敗北_onedari_e1,おねだり,ムウ,メスの才能・アナル舐め,射精2／ところてん系0／メスイキ系1,7215,122/123
N33_Dream_MOD,CSV/Card\Dream_master.txt,@敗北_onedari_e2,おねだり,メリー,乳首では出さない(射精の語あり 要確認)・メスの才能・体のメス化,射精3／ところてん系1／メスイキ系0,7172,131/132
N33_Dream_MOD,CSV/Card\Dream_master.txt,@敗北_onedari_e3,おねだり,ナイト,ところてん→メスイキ・メスの才能,射精3／ところてん系2／メスイキ系0,7122,130/131
N33_Dream_MOD,CSV/Card\Dream_master.txt,@敗北_onedari_boss,おねだり,ネムリア,ところてん→メスイキ・メスの才能・体のメス化・逆アナルの射精,射精3／ところてん系0／メスイキ系0,7180,131/133
N34_Library_MOD,CSV/Card\Library_master.txt,@敗北_btl_m1,バトル,ヘレナ,ところてん→メスイキ・乳首では出さない(射精の語あり 要確認)・メスの才能・体のメス化,射精2／ところてん系1／メスイキ系1,7082,150/151
N34_Library_MOD,CSV/Card\Library_master.txt,@敗北_btl_m2,バトル,ヘレナ,乳首では出さない(射精の語あり 要確認)・メスの才能・体のメス化,射精3／ところてん系0／メスイキ系0,7182,132/133
N34_Library_MOD,CSV/Card\Library_master.txt,@敗北_btl_m3,バトル,ヘレナ,ところてん→メスイキ・メスの才能・体のメス化・ペニバンの書き分け,射精3／ところてん系1／メスイキ系0,7300,139/142
N34_Library_MOD,CSV/Card\Library_master.txt,@敗北_btl_e1,バトル,ルカ,乳首では出さない(射精の語あり 要確認)・メスの才能・体のメス化,射精3／ところてん系4／メスイキ系0,7264,154/155
N34_Library_MOD,CSV/Card\Library_master.txt,@敗北_btl_e2,バトル,リーフ,ところてん→メスイキ・メスの才能,射精3／ところてん系2／メスイキ系0,7142,158/159
N34_Library_MOD,CSV/Card\Library_master.txt,@敗北_btl_e3,バトル,セージ,ところてん→メスイキ・メスの才能,射精6／ところてん系4／メスイキ系1,7050,145/146
N34_Library_MOD,CSV/Card\Library_master.txt,@敗北_btl_boss,バトル,オルガ,ところてん→メスイキ・乳首では出さない(射精の語あり 要確認)・メスの才能・体のメス化・ペニバンの書き分け,射精1／ところてん系2／メスイキ系0,7649,145/148
N34_Library_MOD,CSV/Card\Library_master.txt,@敗北_onani_m1,オナニー,ヘレナ,ところてん→メスイキ・メスの才能,射精3／ところてん系0／メスイキ系0,7159,138/139
N34_Library_MOD,CSV/Card\Library_master.txt,@敗北_onani_m2,オナニー,ヘレナ,乳首では出さない(射精の語あり 要確認)・メスの才能・体のメス化,射精3／ところてん系0／メスイキ系0,7241,134/135
N34_Library_MOD,CSV/Card\Library_master.txt,@敗北_onani_m3,オナニー,ヘレナ,ところてん→メスイキ・メスの才能・体のメス化・ペニバンの書き分け,射精3／ところてん系2／メスイキ系0,7271,138/141
N34_Library_MOD,CSV/Card\Library_master.txt,@敗北_onani_e1,オナニー,ルカ,乳首では出さない(射精の語あり 要確認)・メスの才能・体のメス化,射精3／ところてん系1／メスイキ系0,7209,152/153
N34_Library_MOD,CSV/Card\Library_master.txt,@敗北_onani_e2,オナニー,リーフ,ところてん→メスイキ・メスの才能,射精3／ところてん系3／メスイキ系0,7116,150/151
N34_Library_MOD,CSV/Card\Library_master.txt,@敗北_onani_e3,オナニー,セージ,ところてん→メスイキ・メスの才能,射精2／ところてん系4／メスイキ系2,7179,146/147
N34_Library_MOD,CSV/Card\Library_master.txt,@敗北_onani_boss,オナニー,オルガ,ところてん→メスイキ・乳首では出さない(射精の語あり 要確認)・メスの才能・体のメス化・ペニバンの書き分け,射精3／ところてん系1／メスイキ系1,7369,145/147
N34_Library_MOD,CSV/Card\Library_master.txt,@敗北_inochi_m1,命乞い,ヘレナ,ところてん→メスイキ・乳首では出さない(射精の語あり 要確認)・メスの才能・体のメス化,射精2／ところてん系2／メスイキ系1,7070,140/141
N34_Library_MOD,CSV/Card\Library_master.txt,@敗北_inochi_m2,命乞い,ヘレナ,乳首では出さない(射精の語あり 要確認)・メスの才能・体のメス化,射精3／ところてん系0／メスイキ系0,7346,129/130
N34_Library_MOD,CSV/Card\Library_master.txt,@敗北_inochi_m3,命乞い,ヘレナ,ところてん→メスイキ・乳首では出さない(射精の語あり 要確認)・メスの才能・体のメス化・ペニバンの書き分け,射精2／ところてん系1／メスイキ系0,7171,133/136
N34_Library_MOD,CSV/Card\Library_master.txt,@敗北_inochi_e1,命乞い,ルカ,乳首では出さない(射精の語あり 要確認)・メスの才能・体のメス化,射精3／ところてん系5／メスイキ系0,7111,151/152
N34_Library_MOD,CSV/Card\Library_master.txt,@敗北_inochi_e2,命乞い,リーフ,ところてん→メスイキ・メスの才能,射精4／ところてん系2／メスイキ系0,7243,158/159
N34_Library_MOD,CSV/Card\Library_master.txt,@敗北_inochi_e3,命乞い,セージ,ところてん→メスイキ・メスの才能,射精3／ところてん系5／メスイキ系2,7079,127/128
N34_Library_MOD,CSV/Card\Library_master.txt,@敗北_inochi_boss,命乞い,オルガ,ところてん→メスイキ・乳首では出さない(射精の語あり 要確認)・メスの才能・体のメス化・ペニバンの書き分け,射精2／ところてん系1／メスイキ系0,7365,153/155
N34_Library_MOD,CSV/Card\Library_master.txt,@敗北_onedari_m1,おねだり,ヘレナ,ところてん→メスイキ・乳首では出さない(射精の語あり 要確認)・メスの才能・体のメス化,射精4／ところてん系1／メスイキ系1,7157,138/139
N34_Library_MOD,CSV/Card\Library_master.txt,@敗北_onedari_m2,おねだり,ヘレナ,乳首では出さない(射精の語あり 要確認)・メスの才能・体のメス化,射精3／ところてん系0／メスイキ系0,7216,131/132
N34_Library_MOD,CSV/Card\Library_master.txt,@敗北_onedari_m3,おねだり,ヘレナ,ところてん→メスイキ・メスの才能・体のメス化・ペニバンの書き分け,射精4／ところてん系0／メスイキ系0,7085,136/140
N34_Library_MOD,CSV/Card\Library_master.txt,@敗北_onedari_e1,おねだり,ルカ,乳首では出さない(射精の語あり 要確認)・メスの才能・体のメス化,射精4／ところてん系1／メスイキ系0,7119,153/154
N34_Library_MOD,CSV/Card\Library_master.txt,@敗北_onedari_e2,おねだり,リーフ,ところてん→メスイキ・メスの才能,射精3／ところてん系2／メスイキ系0,7207,154/155
N34_Library_MOD,CSV/Card\Library_master.txt,@敗北_onedari_e3,おねだり,セージ,ところてん→メスイキ・メスの才能,射精5／ところてん系2／メスイキ系1,7099,130/131
N34_Library_MOD,CSV/Card\Library_master.txt,@敗北_onedari_boss,おねだり,オルガ,ところてん→メスイキ・乳首では出さない(射精の語あり 要確認)・メスの才能・体のメス化・ペニバンの書き分け,射精2／ところてん系2／メスイキ系0,7352,150/152
N35_Angel_MOD,CSV/Card\Angel_master.txt,@敗北_btl_m1,バトル,ルシエル,乳首では出さない(射精の語あり 要確認)・メスの才能・体のメス化,射精3／ところてん系0／メスイキ系0,7731,145/146
N35_Angel_MOD,CSV/Card\Angel_master.txt,@敗北_btl_m2,バトル,ルシエル,乳首では出さない(射精の語あり 要確認)・メスの才能・体のメス化,射精3／ところてん系0／メスイキ系0,7351,136/138
N35_Angel_MOD,CSV/Card\Angel_master.txt,@敗北_btl_m3,バトル,ルシエル,メスの才能・体のメス化,射精0／ところてん系3／メスイキ系1,7352,136/139
N35_Angel_MOD,CSV/Card\Angel_master.txt,@敗北_btl_e1,バトル,ノア,乳首では出さない(射精の語あり 要確認)・メスの才能・体のメス化,射精3／ところてん系0／メスイキ系0,7241,148/149
N35_Angel_MOD,CSV/Card\Angel_master.txt,@敗北_btl_e2,バトル,セラ,ところてん→メスイキ・乳首では出さない(射精の語あり 要確認)・メスの才能・体のメス化,射精3／ところてん系3／メスイキ系1,7278,135/136
N35_Angel_MOD,CSV/Card\Angel_master.txt,@敗北_btl_e3,バトル,ベル,乳首では出さない(射精の語あり 要確認)・メスの才能・体のメス化,射精4／ところてん系1／メスイキ系0,7212,130/131
N35_Angel_MOD,CSV/Card\Angel_master.txt,@敗北_btl_boss,バトル,アザリエル,ところてん→メスイキ・乳首では出さない(射精の語あり 要確認)・メスの才能・体のメス化,射精2／ところてん系3／メスイキ系0,7316,142/144
N35_Angel_MOD,CSV/Card\Angel_master.txt,@敗北_onani_m1,オナニー,ルシエル,乳首では出さない(射精の語あり 要確認)・メスの才能・体のメス化,射精3／ところてん系0／メスイキ系0,7212,130/131
N35_Angel_MOD,CSV/Card\Angel_master.txt,@敗北_onani_m2,オナニー,ルシエル,乳首では出さない(射精の語あり 要確認)・メスの才能・体のメス化,射精3／ところてん系0／メスイキ系0,7185,132/133
N35_Angel_MOD,CSV/Card\Angel_master.txt,@敗北_onani_m3,オナニー,ルシエル,メスの才能・体のメス化,射精0／ところてん系0／メスイキ系2,7058,135/137
N35_Angel_MOD,CSV/Card\Angel_master.txt,@敗北_onani_e1,オナニー,ノア,乳首では出さない(射精の語あり 要確認)・メスの才能・体のメス化,射精3／ところてん系1／メスイキ系0,7109,146/147
N35_Angel_MOD,CSV/Card\Angel_master.txt,@敗北_onani_e2,オナニー,セラ,乳首では出さない(射精の語あり 要確認)・メスの才能・体のメス化,射精3／ところてん系2／メスイキ系1,7152,137/138
N35_Angel_MOD,CSV/Card\Angel_master.txt,@敗北_onani_e3,オナニー,ベル,乳首では出さない(射精の語あり 要確認)・メスの才能・体のメス化,射精3／ところてん系1／メスイキ系0,7091,128/129
N35_Angel_MOD,CSV/Card\Angel_master.txt,@敗北_onani_boss,オナニー,アザリエル,ところてん→メスイキ・乳首では出さない(射精の語あり 要確認)・メスの才能・体のメス化,射精4／ところてん系1／メスイキ系0,7141,135/136
N35_Angel_MOD,CSV/Card\Angel_master.txt,@敗北_inochi_m1,命乞い,ルシエル,乳首では出さない(射精の語あり 要確認)・メスの才能・体のメス化,射精3／ところてん系0／メスイキ系0,7163,136/137
N35_Angel_MOD,CSV/Card\Angel_master.txt,@敗北_inochi_m2,命乞い,ルシエル,乳首では出さない(射精の語あり 要確認)・メスの才能・体のメス化,射精3／ところてん系0／メスイキ系0,7251,138/139
N35_Angel_MOD,CSV/Card\Angel_master.txt,@敗北_inochi_m3,命乞い,ルシエル,メスの才能・体のメス化,射精0／ところてん系0／メスイキ系1,7062,128/131
N35_Angel_MOD,CSV/Card\Angel_master.txt,@敗北_inochi_e1,命乞い,ノア,乳首では出さない(射精の語あり 要確認)・メスの才能・体のメス化,射精3／ところてん系0／メスイキ系0,7146,154/155
N35_Angel_MOD,CSV/Card\Angel_master.txt,@敗北_inochi_e2,命乞い,セラ,乳首では出さない(射精の語あり 要確認)・メスの才能・体のメス化,射精1／ところてん系1／メスイキ系1,7181,133/134
N35_Angel_MOD,CSV/Card\Angel_master.txt,@敗北_inochi_e3,命乞い,ベル,乳首では出さない(射精の語あり 要確認)・メスの才能・体のメス化,射精4／ところてん系0／メスイキ系0,7052,132/133
N35_Angel_MOD,CSV/Card\Angel_master.txt,@敗北_inochi_boss,命乞い,アザリエル,ところてん→メスイキ・乳首では出さない(射精の語あり 要確認)・メスの才能・体のメス化,射精2／ところてん系2／メスイキ系0,7055,136/138
N35_Angel_MOD,CSV/Card\Angel_master.txt,@敗北_onedari_m1,おねだり,ルシエル,乳首では出さない(射精の語あり 要確認)・メスの才能・体のメス化,射精3／ところてん系0／メスイキ系0,7034,129/130
N35_Angel_MOD,CSV/Card\Angel_master.txt,@敗北_onedari_m2,おねだり,ルシエル,乳首では出さない(射精の語あり 要確認)・メスの才能・体のメス化,射精3／ところてん系0／メスイキ系0,7192,137/138
N35_Angel_MOD,CSV/Card\Angel_master.txt,@敗北_onedari_m3,おねだり,ルシエル,メスの才能・体のメス化,射精0／ところてん系0／メスイキ系1,7096,131/134
N35_Angel_MOD,CSV/Card\Angel_master.txt,@敗北_onedari_e1,おねだり,ノア,乳首では出さない(射精の語あり 要確認)・メスの才能・体のメス化,射精3／ところてん系0／メスイキ系0,7143,136/137
N35_Angel_MOD,CSV/Card\Angel_master.txt,@敗北_onedari_e2,おねだり,セラ,ところてん→メスイキ・メスの才能,射精1／ところてん系0／メスイキ系1,7247,143/144
N35_Angel_MOD,CSV/Card\Angel_master.txt,@敗北_onedari_e3,おねだり,ベル,乳首では出さない(射精の語あり 要確認)・メスの才能・体のメス化,射精4／ところてん系0／メスイキ系0,7198,135/136
N35_Angel_MOD,CSV/Card\Angel_master.txt,@敗北_onedari_boss,おねだり,アザリエル,ところてん→メスイキ・乳首では出さない(射精の語あり 要確認)・メスの才能・体のメス化,射精2／ところてん系2／メスイキ系0,7091,136/138
N36_Harem_MOD,CSV/Card\Harem_master.txt,@敗北_btl_m1,バトル,シェヘラ,乳首では出さない(射精の語あり 要確認)・メスの才能・体のメス化,射精4／ところてん系4／メスイキ系0,7292,139/140
N36_Harem_MOD,CSV/Card\Harem_master.txt,@敗北_btl_m2,バトル,シェヘラ,乳首では出さない(射精の語あり 要確認)・メスの才能・体のメス化,射精2／ところてん系11／メスイキ系0,7340,141/142
N36_Harem_MOD,CSV/Card\Harem_master.txt,@敗北_btl_m3,バトル,シェヘラ,ところてん→メスイキ・乳首では出さない(射精の語あり 要確認)・メスの才能・体のメス化・ペニバンの書き分け,射精8／ところてん系6／メスイキ系0,8218,155/159
N36_Harem_MOD,CSV/Card\Harem_master.txt,@敗北_btl_e1,バトル,ライラ,（当たらない）,射精3／ところてん系3／メスイキ系0,8611,166/167
N36_Harem_MOD,CSV/Card\Harem_master.txt,@敗北_btl_e2,バトル,ザフィ,乳首では出さない(射精の語あり 要確認)・メスの才能・体のメス化,射精5／ところてん系15／メスイキ系0,8666,160/161
N36_Harem_MOD,CSV/Card\Harem_master.txt,@敗北_btl_e3,バトル,カミル,ところてん→メスイキ・メスの才能,射精4／ところてん系11／メスイキ系0,7890,139/140
N36_Harem_MOD,CSV/Card\Harem_master.txt,@敗北_btl_boss,バトル,ナスリーン,ところてん→メスイキ(メスイキの語あり)・メスの才能・体のメス化・ペニバンの書き分け,射精0／ところてん系8／メスイキ系1,8996,157/160
N36_Harem_MOD,CSV/Card\Harem_master.txt,@敗北_onani_m1,オナニー,シェヘラ,（当たらない）,射精4／ところてん系8／メスイキ系0,7227,141/142
N36_Harem_MOD,CSV/Card\Harem_master.txt,@敗北_onani_m2,オナニー,シェヘラ,メスの才能,射精3／ところてん系7／メスイキ系0,7108,132/133
N36_Harem_MOD,CSV/Card\Harem_master.txt,@敗北_onani_m3,オナニー,シェヘラ,ところてん→メスイキ・乳首では出さない(射精の語あり 要確認)・メスの才能・体のメス化・ペニバンの書き分け,射精5／ところてん系6／メスイキ系0,7338,150/152
N36_Harem_MOD,CSV/Card\Harem_master.txt,@敗北_onani_e1,オナニー,ライラ,乳首では出さない(射精の語あり 要確認)・メスの才能・体のメス化,射精3／ところてん系3／メスイキ系0,7307,136/137
N36_Harem_MOD,CSV/Card\Harem_master.txt,@敗北_onani_e2,オナニー,ザフィ,乳首では出さない(射精の語あり 要確認)・メスの才能・体のメス化,射精3／ところてん系21／メスイキ系0,7347,133/134
N36_Harem_MOD,CSV/Card\Harem_master.txt,@敗北_onani_e3,オナニー,カミル,ところてん→メスイキ・メスの才能,射精3／ところてん系9／メスイキ系0,7214,131/133
N36_Harem_MOD,CSV/Card\Harem_master.txt,@敗北_onani_boss,オナニー,ナスリーン,メスの才能・体のメス化,射精0／ところてん系2／メスイキ系1,7288,127/128
N36_Harem_MOD,CSV/Card\Harem_master.txt,@敗北_inochi_m1,命乞い,シェヘラ,（当たらない）,射精3／ところてん系1／メスイキ系0,7206,133/134
N36_Harem_MOD,CSV/Card\Harem_master.txt,@敗北_inochi_m2,命乞い,シェヘラ,乳首では出さない(射精の語あり 要確認)・メスの才能・体のメス化,射精3／ところてん系1／メスイキ系0,7071,133/134
N36_Harem_MOD,CSV/Card\Harem_master.txt,@敗北_inochi_m3,命乞い,シェヘラ,ところてん→メスイキ・乳首では出さない(射精の語あり 要確認)・メスの才能・体のメス化・ペニバンの書き分け,射精4／ところてん系4／メスイキ系0,7405,160/162
N36_Harem_MOD,CSV/Card\Harem_master.txt,@敗北_inochi_e1,命乞い,ライラ,乳首では出さない(射精の語あり 要確認)・メスの才能・体のメス化,射精3／ところてん系3／メスイキ系0,7199,135/136
N36_Harem_MOD,CSV/Card\Harem_master.txt,@敗北_inochi_e2,命乞い,ザフィ,乳首では出さない(射精の語あり 要確認)・メスの才能・体のメス化,射精3／ところてん系8／メスイキ系0,7272,125/126
N36_Harem_MOD,CSV/Card\Harem_master.txt,@敗北_inochi_e3,命乞い,カミル,ところてん→メスイキ・メスの才能,射精4／ところてん系4／メスイキ系0,7164,130/131
N36_Harem_MOD,CSV/Card\Harem_master.txt,@敗北_inochi_boss,命乞い,ナスリーン,ところてん→メスイキ・メスの才能・体のメス化,射精0／ところてん系6／メスイキ系0,7305,132/133
N36_Harem_MOD,CSV/Card\Harem_master.txt,@敗北_onedari_m1,おねだり,シェヘラ,（当たらない）,射精4／ところてん系3／メスイキ系0,7148,133/134
N36_Harem_MOD,CSV/Card\Harem_master.txt,@敗北_onedari_m2,おねだり,シェヘラ,乳首では出さない(射精の語あり 要確認)・メスの才能・体のメス化,射精3／ところてん系2／メスイキ系0,7112,128/129
N36_Harem_MOD,CSV/Card\Harem_master.txt,@敗北_onedari_m3,おねだり,シェヘラ,ところてん→メスイキ・乳首では出さない(射精の語あり 要確認)・メスの才能・体のメス化・ペニバンの書き分け,射精4／ところてん系6／メスイキ系0,7465,159/162
N36_Harem_MOD,CSV/Card\Harem_master.txt,@敗北_onedari_e1,おねだり,ライラ,乳首では出さない(射精の語あり 要確認)・メスの才能・体のメス化,射精3／ところてん系5／メスイキ系0,7335,134/135
N36_Harem_MOD,CSV/Card\Harem_master.txt,@敗北_onedari_e2,おねだり,ザフィ,乳首では出さない(射精の語あり 要確認)・メスの才能・体のメス化,射精3／ところてん系5／メスイキ系0,7306,133/134
N36_Harem_MOD,CSV/Card\Harem_master.txt,@敗北_onedari_e3,おねだり,カミル,ところてん→メスイキ・メスの才能,射精4／ところてん系6／メスイキ系0,7133,124/125
N36_Harem_MOD,CSV/Card\Harem_master.txt,@敗北_onedari_boss,おねだり,ナスリーン,ところてん→メスイキ・メスの才能・体のメス化・ペニバンの書き分け,射精0／ところてん系2／メスイキ系0,7166,124/126
N37_Dragon_MOD,CSV/Card\Dragon_master.txt,@敗北_btl_m1,バトル,イグニス,ところてん→メスイキ・メスの才能・アナル舐め,射精5／ところてん系0／メスイキ系0,7391,134/135
N37_Dragon_MOD,CSV/Card\Dragon_master.txt,@敗北_btl_m2,バトル,イグニス,ところてん→メスイキ・メスの才能・アナル舐め,射精4／ところてん系4／メスイキ系0,7277,132/133
N37_Dragon_MOD,CSV/Card\Dragon_master.txt,@敗北_btl_m3,バトル,イグニス,乳首では出さない(射精の語あり 要確認)・メスの才能・体のメス化・アナル舐め,射精4／ところてん系0／メスイキ系0,7274,131/133
N37_Dragon_MOD,CSV/Card\Dragon_master.txt,@敗北_btl_e1,バトル,ジン,ところてん→メスイキ・乳首では出さない(射精の語あり 要確認)・メスの才能・体のメス化,射精5／ところてん系3／メスイキ系0,7141,139/140
N37_Dragon_MOD,CSV/Card\Dragon_master.txt,@敗北_btl_e2,バトル,エメ,ところてん→メスイキ・乳首では出さない(射精の語あり 要確認)・メスの才能・体のメス化,射精4／ところてん系2／メスイキ系0,8403,150/151
N37_Dragon_MOD,CSV/Card\Dragon_master.txt,@敗北_btl_e3,バトル,クロ,ところてん→メスイキ・メスの才能,射精0／ところてん系2／メスイキ系0,7667,144/145
N37_Dragon_MOD,CSV/Card\Dragon_master.txt,@敗北_btl_boss,バトル,アウルム,ところてん→メスイキ・乳首では出さない(射精の語あり 要確認)・メスの才能・体のメス化・逆アナルの射精,射精6／ところてん系2／メスイキ系1,7999,138/142
N37_Dragon_MOD,CSV/Card\Dragon_master.txt,@敗北_onani_m1,オナニー,イグニス,ところてん→メスイキ・乳首では出さない(射精の語あり 要確認)・メスの才能・体のメス化・アナル舐め,射精3／ところてん系0／メスイキ系0,7201,130/131
N37_Dragon_MOD,CSV/Card\Dragon_master.txt,@敗北_onani_m2,オナニー,イグニス,ところてん→メスイキ・メスの才能・アナル舐め,射精5／ところてん系1／メスイキ系0,7177,131/132
N37_Dragon_MOD,CSV/Card\Dragon_master.txt,@敗北_onani_m3,オナニー,イグニス,ところてん→メスイキ・乳首では出さない(射精の語あり 要確認)・メスの才能・体のメス化・アナル舐め,射精3／ところてん系0／メスイキ系0,7128,133/135
N37_Dragon_MOD,CSV/Card\Dragon_master.txt,@敗北_onani_e1,オナニー,ジン,ところてん→メスイキ・乳首では出さない(射精の語あり 要確認)・メスの才能・体のメス化,射精1／ところてん系3／メスイキ系1,7144,145/146
N37_Dragon_MOD,CSV/Card\Dragon_master.txt,@敗北_onani_e2,オナニー,エメ,ところてん→メスイキ・乳首では出さない(射精の語あり 要確認)・メスの才能・体のメス化,射精4／ところてん系0／メスイキ系0,7255,135/136
N37_Dragon_MOD,CSV/Card\Dragon_master.txt,@敗北_onani_e3,オナニー,クロ,ところてん→メスイキ(メスイキの語あり)・メスの才能,射精0／ところてん系0／メスイキ系1,7134,138/139
N37_Dragon_MOD,CSV/Card\Dragon_master.txt,@敗北_onani_boss,オナニー,アウルム,ところてん→メスイキ・乳首では出さない(射精の語あり 要確認)・メスの才能・体のメス化,射精3／ところてん系0／メスイキ系1,7142,126/127
N37_Dragon_MOD,CSV/Card\Dragon_master.txt,@敗北_inochi_m1,命乞い,イグニス,ところてん→メスイキ・メスの才能・アナル舐め,射精5／ところてん系0／メスイキ系0,7117,127/128
N37_Dragon_MOD,CSV/Card\Dragon_master.txt,@敗北_inochi_m2,命乞い,イグニス,ところてん→メスイキ・メスの才能・アナル舐め,射精3／ところてん系3／メスイキ系0,7118,133/134
N37_Dragon_MOD,CSV/Card\Dragon_master.txt,@敗北_inochi_m3,命乞い,イグニス,ところてん→メスイキ・乳首では出さない(射精の語あり 要確認)・メスの才能・体のメス化・アナル舐め,射精3／ところてん系0／メスイキ系0,7077,133/135
N37_Dragon_MOD,CSV/Card\Dragon_master.txt,@敗北_inochi_e1,命乞い,ジン,ところてん→メスイキ・乳首では出さない(射精の語あり 要確認)・メスの才能・体のメス化,射精5／ところてん系3／メスイキ系0,7123,141/142
N37_Dragon_MOD,CSV/Card\Dragon_master.txt,@敗北_inochi_e2,命乞い,エメ,ところてん→メスイキ・乳首では出さない(射精の語あり 要確認)・メスの才能・体のメス化,射精3／ところてん系0／メスイキ系0,7131,134/135
N37_Dragon_MOD,CSV/Card\Dragon_master.txt,@敗北_inochi_e3,命乞い,クロ,ところてん→メスイキ(メスイキの語あり)・メスの才能,射精0／ところてん系0／メスイキ系1,7107,142/143
N37_Dragon_MOD,CSV/Card\Dragon_master.txt,@敗北_inochi_boss,命乞い,アウルム,ところてん→メスイキ・乳首では出さない(射精の語あり 要確認)・メスの才能・体のメス化,射精3／ところてん系3／メスイキ系1,7052,124/125
N37_Dragon_MOD,CSV/Card\Dragon_master.txt,@敗北_onedari_m1,おねだり,イグニス,ところてん→メスイキ・乳首では出さない(射精の語あり 要確認)・メスの才能・体のメス化・アナル舐め,射精6／ところてん系1／メスイキ系0,7144,127/128
N37_Dragon_MOD,CSV/Card\Dragon_master.txt,@敗北_onedari_m2,おねだり,イグニス,ところてん→メスイキ・メスの才能・アナル舐め,射精3／ところてん系3／メスイキ系0,7094,124/125
N37_Dragon_MOD,CSV/Card\Dragon_master.txt,@敗北_onedari_m3,おねだり,イグニス,ところてん→メスイキ・乳首では出さない(射精の語あり 要確認)・メスの才能・体のメス化・アナル舐め,射精3／ところてん系0／メスイキ系0,7680,141/143
N37_Dragon_MOD,CSV/Card\Dragon_master.txt,@敗北_onedari_e1,おねだり,ジン,ところてん→メスイキ・メスの才能,射精4／ところてん系2／メスイキ系0,7137,140/141
N37_Dragon_MOD,CSV/Card\Dragon_master.txt,@敗北_onedari_e2,おねだり,エメ,ところてん→メスイキ・乳首では出さない(射精の語あり 要確認)・メスの才能・体のメス化,射精3／ところてん系1／メスイキ系0,7131,130/131
N37_Dragon_MOD,CSV/Card\Dragon_master.txt,@敗北_onedari_e3,おねだり,クロ,ところてん→メスイキ(メスイキの語あり)・メスの才能,射精0／ところてん系1／メスイキ系1,7133,138/139
N37_Dragon_MOD,CSV/Card\Dragon_master.txt,@敗北_onedari_boss,おねだり,アウルム,ところてん→メスイキ・乳首では出さない(射精の語あり 要確認)・メスの才能・体のメス化,射精2／ところてん系0／メスイキ系1,7180,124/126
N38_Tutor_MOD,CSV/Card\Tutor_master.txt,@敗北_btl_m1,バトル,キョウコ,乳首では出さない(射精の語あり 要確認)・メスの才能・体のメス化,射精3／ところてん系1／メスイキ系0,7654,164/165
N38_Tutor_MOD,CSV/Card\Tutor_master.txt,@敗北_btl_m2,バトル,キョウコ,乳首では出さない(射精の語あり 要確認)・メスの才能・体のメス化,射精3／ところてん系1／メスイキ系1,7436,160/161
N38_Tutor_MOD,CSV/Card\Tutor_master.txt,@敗北_btl_m3,バトル,キョウコ,ところてん→メスイキ・メスの才能・体のメス化・ペニバンの書き分け,射精7／ところてん系1／メスイキ系0,7435,138/140
N38_Tutor_MOD,CSV/Card\Tutor_master.txt,@敗北_btl_e1,バトル,ソラ,メスの才能,射精5／ところてん系3／メスイキ系0,7376,153/154
N38_Tutor_MOD,CSV/Card\Tutor_master.txt,@敗北_btl_e2,バトル,モモカ,ところてん→メスイキ・乳首では出さない(射精の語あり 要確認)・メスの才能・体のメス化,射精5／ところてん系4／メスイキ系0,8826,166/167
N38_Tutor_MOD,CSV/Card\Tutor_master.txt,@敗北_btl_e3,バトル,チアキ,ところてん→メスイキ・メスの才能,射精2／ところてん系1／メスイキ系1,7179,131/132
N38_Tutor_MOD,CSV/Card\Tutor_master.txt,@敗北_btl_boss,バトル,サエコ,ところてん→メスイキ・メスの才能・体のメス化・ペニバンの書き分け,射精6／ところてん系3／メスイキ系1,7660,143/145
N38_Tutor_MOD,CSV/Card\Tutor_master.txt,@敗北_onani_m1,オナニー,キョウコ,乳首では出さない(射精の語あり 要確認)・メスの才能・体のメス化,射精2／ところてん系1／メスイキ系0,7078,138/139
N38_Tutor_MOD,CSV/Card\Tutor_master.txt,@敗北_onani_m2,オナニー,キョウコ,乳首では出さない(射精の語あり 要確認)・メスの才能・体のメス化,射精3／ところてん系0／メスイキ系0,7220,142/143
N38_Tutor_MOD,CSV/Card\Tutor_master.txt,@敗北_onani_m3,オナニー,キョウコ,ところてん→メスイキ・乳首では出さない(射精の語あり 要確認)・メスの才能・体のメス化・ペニバンの書き分け,射精5／ところてん系4／メスイキ系0,7380,133/135
N38_Tutor_MOD,CSV/Card\Tutor_master.txt,@敗北_onani_e1,オナニー,ソラ,ところてん→メスイキ・メスの才能,射精6／ところてん系2／メスイキ系0,7359,142/143
N38_Tutor_MOD,CSV/Card\Tutor_master.txt,@敗北_onani_e2,オナニー,モモカ,ところてん→メスイキ・乳首では出さない(射精の語あり 要確認)・メスの才能・体のメス化,射精4／ところてん系1／メスイキ系0,7224,146/147
N38_Tutor_MOD,CSV/Card\Tutor_master.txt,@敗北_onani_e3,オナニー,チアキ,ところてん→メスイキ・メスの才能,射精2／ところてん系0／メスイキ系1,7270,134/135
N38_Tutor_MOD,CSV/Card\Tutor_master.txt,@敗北_onani_boss,オナニー,サエコ,ところてん→メスイキ・メスの才能・体のメス化・ペニバンの書き分け,射精8／ところてん系2／メスイキ系0,7301,142/144
N38_Tutor_MOD,CSV/Card\Tutor_master.txt,@敗北_inochi_m1,命乞い,キョウコ,乳首では出さない(射精の語あり 要確認)・メスの才能・体のメス化,射精2／ところてん系2／メスイキ系0,7093,142/143
N38_Tutor_MOD,CSV/Card\Tutor_master.txt,@敗北_inochi_m2,命乞い,キョウコ,乳首では出さない(射精の語あり 要確認)・メスの才能・体のメス化,射精3／ところてん系1／メスイキ系0,7199,138/139
N38_Tutor_MOD,CSV/Card\Tutor_master.txt,@敗北_inochi_m3,命乞い,キョウコ,ところてん→メスイキ・メスの才能・体のメス化・ペニバンの書き分け,射精7／ところてん系2／メスイキ系0,7286,133/135
N38_Tutor_MOD,CSV/Card\Tutor_master.txt,@敗北_inochi_e1,命乞い,ソラ,ところてん→メスイキ・メスの才能,射精6／ところてん系1／メスイキ系0,7176,133/134
N38_Tutor_MOD,CSV/Card\Tutor_master.txt,@敗北_inochi_e2,命乞い,モモカ,ところてん→メスイキ・乳首では出さない(射精の語あり 要確認)・メスの才能・体のメス化,射精5／ところてん系0／メスイキ系0,7339,146/147
N38_Tutor_MOD,CSV/Card\Tutor_master.txt,@敗北_inochi_e3,命乞い,チアキ,ところてん→メスイキ・メスの才能,射精2／ところてん系3／メスイキ系1,7199,133/134
N38_Tutor_MOD,CSV/Card\Tutor_master.txt,@敗北_inochi_boss,命乞い,サエコ,ところてん→メスイキ・メスの才能・体のメス化・ペニバンの書き分け,射精5／ところてん系2／メスイキ系0,7228,141/142
N38_Tutor_MOD,CSV/Card\Tutor_master.txt,@敗北_onedari_m1,おねだり,キョウコ,乳首では出さない(射精の語あり 要確認)・メスの才能・体のメス化,射精2／ところてん系0／メスイキ系0,7011,144/145
N38_Tutor_MOD,CSV/Card\Tutor_master.txt,@敗北_onedari_m2,おねだり,キョウコ,乳首では出さない(射精の語あり 要確認)・メスの才能・体のメス化,射精3／ところてん系0／メスイキ系0,7072,134/135
N38_Tutor_MOD,CSV/Card\Tutor_master.txt,@敗北_onedari_m3,おねだり,キョウコ,ところてん→メスイキ・メスの才能・体のメス化・ペニバンの書き分け,射精4／ところてん系2／メスイキ系0,7325,132/134
N38_Tutor_MOD,CSV/Card\Tutor_master.txt,@敗北_onedari_e1,おねだり,ソラ,メスの才能,射精3／ところてん系6／メスイキ系0,7246,132/133
N38_Tutor_MOD,CSV/Card\Tutor_master.txt,@敗北_onedari_e2,おねだり,モモカ,ところてん→メスイキ・乳首では出さない(射精の語あり 要確認)・メスの才能・体のメス化,射精5／ところてん系1／メスイキ系0,7278,151/152
N38_Tutor_MOD,CSV/Card\Tutor_master.txt,@敗北_onedari_e3,おねだり,チアキ,ところてん→メスイキ・メスの才能,射精2／ところてん系1／メスイキ系1,7147,130/131
N38_Tutor_MOD,CSV/Card\Tutor_master.txt,@敗北_onedari_boss,おねだり,サエコ,ところてん→メスイキ・メスの才能・体のメス化・ペニバンの書き分け,射精10／ところてん系2／メスイキ系0,7222,132/141
N39_DarkElf_MOD,CSV/Card\DarkElf_master.txt,@敗北_btl_m1,バトル,ヴェイラ,ところてん→メスイキ・乳首では出さない(射精の語あり 要確認)・メスの才能・体のメス化・アナル舐め,射精3／ところてん系3／メスイキ系0,7650,148/149
N39_DarkElf_MOD,CSV/Card\DarkElf_master.txt,@敗北_btl_m2,バトル,ヴェイラ,ところてん→メスイキ・メスの才能・アナル舐め,射精2／ところてん系5／メスイキ系1,7247,140/141
N39_DarkElf_MOD,CSV/Card\DarkElf_master.txt,@敗北_btl_m3,バトル,ヴェイラ,ところてん→メスイキ・メスの才能・体のメス化・ペニバンの書き分け・アナル舐め,射精4／ところてん系3／メスイキ系0,7266,142/143
N39_DarkElf_MOD,CSV/Card\DarkElf_master.txt,@敗北_btl_e1,バトル,ティオ,乳首では出さない(射精の語あり 要確認)・メスの才能・体のメス化,射精3／ところてん系2／メスイキ系1,7361,142/143
N39_DarkElf_MOD,CSV/Card\DarkElf_master.txt,@敗北_btl_e2,バトル,ミルテ,ところてん→メスイキ・メスの才能,射精4／ところてん系2／メスイキ系0,8174,156/157
N39_DarkElf_MOD,CSV/Card\DarkElf_master.txt,@敗北_btl_e3,バトル,ラズ,メスの才能,射精4／ところてん系1／メスイキ系0,7620,156/157
N39_DarkElf_MOD,CSV/Card\DarkElf_master.txt,@敗北_btl_boss,バトル,シルヴァナ,ところてん→メスイキ・乳首では出さない(射精の語あり 要確認)・メスの才能・体のメス化・ペニバンの書き分け,射精3／ところてん系5／メスイキ系0,7218,137/138
N39_DarkElf_MOD,CSV/Card\DarkElf_master.txt,@敗北_onani_m1,オナニー,ヴェイラ,ところてん→メスイキ・乳首では出さない(射精の語あり 要確認)・メスの才能・体のメス化,射精4／ところてん系2／メスイキ系0,7183,134/135
N39_DarkElf_MOD,CSV/Card\DarkElf_master.txt,@敗北_onani_m2,オナニー,ヴェイラ,ところてん→メスイキ・メスの才能・アナル舐め,射精2／ところてん系3／メスイキ系1,7155,142/143
N39_DarkElf_MOD,CSV/Card\DarkElf_master.txt,@敗北_onani_m3,オナニー,ヴェイラ,ところてん→メスイキ・メスの才能・体のメス化・ペニバンの書き分け・アナル舐め,射精2／ところてん系1／メスイキ系0,7284,138/139
N39_DarkElf_MOD,CSV/Card\DarkElf_master.txt,@敗北_onani_e1,オナニー,ティオ,乳首では出さない(射精の語あり 要確認)・メスの才能・体のメス化,射精3／ところてん系4／メスイキ系0,7100,138/139
N39_DarkElf_MOD,CSV/Card\DarkElf_master.txt,@敗北_onani_e2,オナニー,ミルテ,ところてん→メスイキ・メスの才能,射精5／ところてん系1／メスイキ系0,7190,140/141
N39_DarkElf_MOD,CSV/Card\DarkElf_master.txt,@敗北_onani_e3,オナニー,ラズ,メスの才能,射精6／ところてん系1／メスイキ系0,7252,148/149
N39_DarkElf_MOD,CSV/Card\DarkElf_master.txt,@敗北_onani_boss,オナニー,シルヴァナ,ところてん→メスイキ・乳首では出さない(射精の語あり 要確認)・メスの才能・体のメス化・ペニバンの書き分け,射精4／ところてん系2／メスイキ系0,7255,130/132
N39_DarkElf_MOD,CSV/Card\DarkElf_master.txt,@敗北_inochi_m1,命乞い,ヴェイラ,ところてん→メスイキ・乳首では出さない(射精の語あり 要確認)・メスの才能・体のメス化,射精3／ところてん系1／メスイキ系0,7169,137/138
N39_DarkElf_MOD,CSV/Card\DarkElf_master.txt,@敗北_inochi_m2,命乞い,ヴェイラ,ところてん→メスイキ・メスの才能・アナル舐め,射精3／ところてん系4／メスイキ系0,7159,150/151
N39_DarkElf_MOD,CSV/Card\DarkElf_master.txt,@敗北_inochi_m3,命乞い,ヴェイラ,ところてん→メスイキ・メスの才能・体のメス化・ペニバンの書き分け・アナル舐め,射精3／ところてん系3／メスイキ系0,7166,145/146
N39_DarkElf_MOD,CSV/Card\DarkElf_master.txt,@敗北_inochi_e1,命乞い,ティオ,乳首では出さない(射精の語あり 要確認)・メスの才能・体のメス化,射精3／ところてん系1／メスイキ系1,7149,138/139
N39_DarkElf_MOD,CSV/Card\DarkElf_master.txt,@敗北_inochi_e2,命乞い,ミルテ,ところてん→メスイキ・メスの才能,射精3／ところてん系2／メスイキ系0,7257,146/147
N39_DarkElf_MOD,CSV/Card\DarkElf_master.txt,@敗北_inochi_e3,命乞い,ラズ,メスの才能,射精3／ところてん系0／メスイキ系0,7223,149/150
N39_DarkElf_MOD,CSV/Card\DarkElf_master.txt,@敗北_inochi_boss,命乞い,シルヴァナ,ところてん→メスイキ・乳首では出さない(射精の語あり 要確認)・メスの才能・体のメス化・ペニバンの書き分け,射精3／ところてん系2／メスイキ系0,7217,132/135
N39_DarkElf_MOD,CSV/Card\DarkElf_master.txt,@敗北_onedari_m1,おねだり,ヴェイラ,ところてん→メスイキ・乳首では出さない(射精の語あり 要確認)・メスの才能・体のメス化,射精4／ところてん系0／メスイキ系0,7179,142/143
N39_DarkElf_MOD,CSV/Card\DarkElf_master.txt,@敗北_onedari_m2,おねだり,ヴェイラ,ところてん→メスイキ・メスの才能・アナル舐め,射精2／ところてん系5／メスイキ系1,7137,141/142
N39_DarkElf_MOD,CSV/Card\DarkElf_master.txt,@敗北_onedari_m3,おねだり,ヴェイラ,ところてん→メスイキ・メスの才能・体のメス化・ペニバンの書き分け,射精3／ところてん系1／メスイキ系0,7186,151/152
N39_DarkElf_MOD,CSV/Card\DarkElf_master.txt,@敗北_onedari_e1,おねだり,ティオ,乳首では出さない(射精の語あり 要確認)・メスの才能・体のメス化,射精3／ところてん系0／メスイキ系1,7068,135/136
N39_DarkElf_MOD,CSV/Card\DarkElf_master.txt,@敗北_onedari_e2,おねだり,ミルテ,ところてん→メスイキ・メスの才能,射精3／ところてん系1／メスイキ系0,7285,144/145
N39_DarkElf_MOD,CSV/Card\DarkElf_master.txt,@敗北_onedari_e3,おねだり,ラズ,メスの才能,射精3／ところてん系1／メスイキ系0,7286,150/151
N39_DarkElf_MOD,CSV/Card\DarkElf_master.txt,@敗北_onedari_boss,おねだり,シルヴァナ,ところてん→メスイキ・乳首では出さない(射精の語あり 要確認)・メスの才能・体のメス化・ペニバンの書き分け,射精3／ところてん系3／メスイキ系0,7157,140/141
N40_Casino_MOD,CSV/Card\Casino_master.txt,@敗北_btl_m1,バトル,ヴィクトリア,乳首では出さない(射精の語あり 要確認)・メスの才能・体のメス化,射精4／ところてん系1／メスイキ系0,7292,133/134
N40_Casino_MOD,CSV/Card\Casino_master.txt,@敗北_btl_m2,バトル,ヴィクトリア,乳首では出さない(射精の語あり 要確認)・メスの才能・体のメス化,射精3／ところてん系1／メスイキ系0,7344,131/132
N40_Casino_MOD,CSV/Card\Casino_master.txt,@敗北_btl_m3,バトル,ヴィクトリア,ところてん→メスイキ・乳首では出さない(射精の語あり 要確認)・メスの才能・体のメス化・ペニバンの書き分け,射精4／ところてん系1／メスイキ系0,7913,134/137
N40_Casino_MOD,CSV/Card\Casino_master.txt,@敗北_btl_e1,バトル,エース,ところてん→メスイキ・メスの才能,射精4／ところてん系0／メスイキ系1,7361,143/144
N40_Casino_MOD,CSV/Card\Casino_master.txt,@敗北_btl_e2,バトル,クロエ,メスの才能,射精3／ところてん系1／メスイキ系0,7311,126/127
N40_Casino_MOD,CSV/Card\Casino_master.txt,@敗北_btl_e3,バトル,シロ,ところてん→メスイキ・乳首では出さない(射精の語あり 要確認)・メスの才能・体のメス化,射精4／ところてん系3／メスイキ系0,8837,152/153
N40_Casino_MOD,CSV/Card\Casino_master.txt,@敗北_btl_boss,バトル,カサンドラ,ところてん→メスイキ・乳首では出さない(射精の語あり 要確認)・メスの才能・体のメス化・ペニバンの書き分け,射精10／ところてん系5／メスイキ系0,8059,147/149
N40_Casino_MOD,CSV/Card\Casino_master.txt,@敗北_onani_m1,オナニー,ヴィクトリア,乳首では出さない(射精の語あり 要確認)・メスの才能・体のメス化,射精3／ところてん系0／メスイキ系0,7163,136/137
N40_Casino_MOD,CSV/Card\Casino_master.txt,@敗北_onani_m2,オナニー,ヴィクトリア,メスの才能,射精5／ところてん系0／メスイキ系0,7217,121/122
N40_Casino_MOD,CSV/Card\Casino_master.txt,@敗北_onani_m3,オナニー,ヴィクトリア,ところてん→メスイキ・乳首では出さない(射精の語あり 要確認)・メスの才能・体のメス化・ペニバンの書き分け,射精3／ところてん系0／メスイキ系0,7593,132/134
N40_Casino_MOD,CSV/Card\Casino_master.txt,@敗北_onani_e1,オナニー,エース,ところてん→メスイキ・メスの才能,射精3／ところてん系1／メスイキ系1,7119,135/136
N40_Casino_MOD,CSV/Card\Casino_master.txt,@敗北_onani_e2,オナニー,クロエ,乳首では出さない(射精の語あり 要確認)・メスの才能・体のメス化,射精2／ところてん系2／メスイキ系0,7375,125/126
N40_Casino_MOD,CSV/Card\Casino_master.txt,@敗北_onani_e3,オナニー,シロ,メスの才能,射精1／ところてん系1／メスイキ系0,7296,129/130
N40_Casino_MOD,CSV/Card\Casino_master.txt,@敗北_onani_boss,オナニー,カサンドラ,ところてん→メスイキ・乳首では出さない(射精の語あり 要確認)・メスの才能・体のメス化,射精6／ところてん系1／メスイキ系0,7211,127/128
N40_Casino_MOD,CSV/Card\Casino_master.txt,@敗北_inochi_m1,命乞い,ヴィクトリア,乳首では出さない(射精の語あり 要確認)・メスの才能・体のメス化,射精4／ところてん系0／メスイキ系0,7111,128/129
N40_Casino_MOD,CSV/Card\Casino_master.txt,@敗北_inochi_m2,命乞い,ヴィクトリア,乳首では出さない(射精の語あり 要確認)・メスの才能・体のメス化,射精3／ところてん系1／メスイキ系0,7068,118/119
N40_Casino_MOD,CSV/Card\Casino_master.txt,@敗北_inochi_m3,命乞い,ヴィクトリア,ところてん→メスイキ・乳首では出さない(射精の語あり 要確認)・メスの才能・体のメス化・ペニバンの書き分け,射精3／ところてん系0／メスイキ系0,7262,128/130
N40_Casino_MOD,CSV/Card\Casino_master.txt,@敗北_inochi_e1,命乞い,エース,ところてん→メスイキ・メスの才能,射精3／ところてん系1／メスイキ系1,7188,134/135
N40_Casino_MOD,CSV/Card\Casino_master.txt,@敗北_inochi_e2,命乞い,クロエ,メスの才能,射精3／ところてん系1／メスイキ系0,7060,118/119
N40_Casino_MOD,CSV/Card\Casino_master.txt,@敗北_inochi_e3,命乞い,シロ,乳首では出さない(射精の語あり 要確認)・メスの才能・体のメス化,射精2／ところてん系1／メスイキ系0,7311,126/127
N40_Casino_MOD,CSV/Card\Casino_master.txt,@敗北_inochi_boss,命乞い,カサンドラ,ところてん→メスイキ・乳首では出さない(射精の語あり 要確認)・メスの才能・体のメス化・ペニバンの書き分け,射精6／ところてん系2／メスイキ系0,7205,133/135
N40_Casino_MOD,CSV/Card\Casino_master.txt,@敗北_onedari_m1,おねだり,ヴィクトリア,乳首では出さない(射精の語あり 要確認)・メスの才能・体のメス化,射精3／ところてん系0／メスイキ系0,7111,132/133
N40_Casino_MOD,CSV/Card\Casino_master.txt,@敗北_onedari_m2,おねだり,ヴィクトリア,乳首では出さない(射精の語あり 要確認)・メスの才能・体のメス化,射精3／ところてん系1／メスイキ系0,7089,112/113
N40_Casino_MOD,CSV/Card\Casino_master.txt,@敗北_onedari_m3,おねだり,ヴィクトリア,ところてん→メスイキ・乳首では出さない(射精の語あり 要確認)・メスの才能・体のメス化・ペニバンの書き分け,射精3／ところてん系1／メスイキ系0,7196,119/121
N40_Casino_MOD,CSV/Card\Casino_master.txt,@敗北_onedari_e1,おねだり,エース,ところてん→メスイキ・メスの才能,射精3／ところてん系0／メスイキ系1,7178,132/133
N40_Casino_MOD,CSV/Card\Casino_master.txt,@敗北_onedari_e2,おねだり,クロエ,メスの才能,射精4／ところてん系0／メスイキ系0,7115,125/126
N40_Casino_MOD,CSV/Card\Casino_master.txt,@敗北_onedari_e3,おねだり,シロ,メスの才能,射精5／ところてん系2／メスイキ系0,7116,121/122
N40_Casino_MOD,CSV/Card\Casino_master.txt,@敗北_onedari_boss,おねだり,カサンドラ,ところてん→メスイキ・乳首では出さない(射精の語あり 要確認)・メスの才能・体のメス化・ペニバンの書き分け,射精3／ところてん系2／メスイキ系0,7207,126/128
N41_Nekomata_MOD,CSV/Card\Nekomata_master.txt,@敗北_btl_m1,バトル,タマキ,乳首では出さない(射精の語あり 要確認)・メスの才能・体のメス化,射精3／ところてん系1／メスイキ系0,7580,129/130
N41_Nekomata_MOD,CSV/Card\Nekomata_master.txt,@敗北_btl_m2,バトル,タマキ,乳首では出さない(射精の語あり 要確認)・メスの才能・体のメス化,射精5／ところてん系2／メスイキ系0,7474,141/143
N41_Nekomata_MOD,CSV/Card\Nekomata_master.txt,@敗北_btl_m3,バトル,タマキ,ところてん→メスイキ・乳首では出さない(射精の語あり 要確認)・メスの才能・体のメス化・逆アナルの射精,射精4／ところてん系1／メスイキ系0,8154,146/148
N41_Nekomata_MOD,CSV/Card\Nekomata_master.txt,@敗北_btl_e1,バトル,スミ,乳首では出さない(射精の語あり 要確認)・メスの才能・体のメス化,射精3／ところてん系0／メスイキ系0,7303,157/158
N41_Nekomata_MOD,CSV/Card\Nekomata_master.txt,@敗北_btl_e2,バトル,ミケ,ところてん→メスイキ・メスの才能・アナル舐め,射精3／ところてん系0／メスイキ系0,7323,132/133
N41_Nekomata_MOD,CSV/Card\Nekomata_master.txt,@敗北_btl_e3,バトル,チャイ,ところてん→メスイキ・メスの才能・体のメス化・逆アナルの射精,射精4／ところてん系2／メスイキ系0,7637,147/149
N41_Nekomata_MOD,CSV/Card\Nekomata_master.txt,@敗北_btl_boss,バトル,オウカ,ところてん→メスイキ・乳首では出さない(射精の語あり 要確認)・メスの才能・体のメス化・逆アナルの射精,射精7／ところてん系2／メスイキ系0,7673,130/133
N41_Nekomata_MOD,CSV/Card\Nekomata_master.txt,@敗北_onani_m1,オナニー,タマキ,乳首では出さない(射精の語あり 要確認)・メスの才能・体のメス化,射精3／ところてん系1／メスイキ系0,7258,124/125
N41_Nekomata_MOD,CSV/Card\Nekomata_master.txt,@敗北_onani_m2,オナニー,タマキ,乳首では出さない(射精の語あり 要確認)・メスの才能・体のメス化,射精6／ところてん系0／メスイキ系0,7281,130/131
N41_Nekomata_MOD,CSV/Card\Nekomata_master.txt,@敗北_onani_m3,オナニー,タマキ,ところてん→メスイキ・乳首では出さない(射精の語あり 要確認)・メスの才能・体のメス化・逆アナルの射精,射精3／ところてん系1／メスイキ系0,7222,132/134
N41_Nekomata_MOD,CSV/Card\Nekomata_master.txt,@敗北_onani_e1,オナニー,スミ,乳首では出さない(射精の語あり 要確認)・メスの才能・体のメス化,射精3／ところてん系0／メスイキ系0,7172,152/153
N41_Nekomata_MOD,CSV/Card\Nekomata_master.txt,@敗北_onani_e2,オナニー,ミケ,ところてん→メスイキ・メスの才能・アナル舐め,射精3／ところてん系1／メスイキ系0,7250,140/141
N41_Nekomata_MOD,CSV/Card\Nekomata_master.txt,@敗北_onani_e3,オナニー,チャイ,ところてん→メスイキ・メスの才能,射精2／ところてん系2／メスイキ系0,7188,142/143
N41_Nekomata_MOD,CSV/Card\Nekomata_master.txt,@敗北_onani_boss,オナニー,オウカ,ところてん→メスイキ・乳首では出さない(射精の語あり 要確認)・メスの才能・体のメス化・逆アナルの射精,射精5／ところてん系0／メスイキ系0,7231,126/129
N41_Nekomata_MOD,CSV/Card\Nekomata_master.txt,@敗北_inochi_m1,命乞い,タマキ,乳首では出さない(射精の語あり 要確認)・メスの才能・体のメス化,射精3／ところてん系2／メスイキ系0,7185,122/123
N41_Nekomata_MOD,CSV/Card\Nekomata_master.txt,@敗北_inochi_m2,命乞い,タマキ,乳首では出さない(射精の語あり 要確認)・メスの才能・体のメス化,射精4／ところてん系0／メスイキ系0,7213,137/138
N41_Nekomata_MOD,CSV/Card\Nekomata_master.txt,@敗北_inochi_m3,命乞い,タマキ,ところてん→メスイキ・乳首では出さない(射精の語あり 要確認)・メスの才能・体のメス化・逆アナルの射精,射精4／ところてん系1／メスイキ系0,7148,129/131
N41_Nekomata_MOD,CSV/Card\Nekomata_master.txt,@敗北_inochi_e1,命乞い,スミ,乳首では出さない(射精の語あり 要確認)・メスの才能・体のメス化,射精3／ところてん系0／メスイキ系0,7121,139/140
N41_Nekomata_MOD,CSV/Card\Nekomata_master.txt,@敗北_inochi_e2,命乞い,ミケ,ところてん→メスイキ・メスの才能・アナル舐め,射精3／ところてん系0／メスイキ系0,7083,135/136
N41_Nekomata_MOD,CSV/Card\Nekomata_master.txt,@敗北_inochi_e3,命乞い,チャイ,ところてん→メスイキ・メスの才能・体のメス化・逆アナルの射精,射精3／ところてん系0／メスイキ系0,7177,145/146
N41_Nekomata_MOD,CSV/Card\Nekomata_master.txt,@敗北_inochi_boss,命乞い,オウカ,ところてん→メスイキ・乳首では出さない(射精の語あり 要確認)・メスの才能・体のメス化・逆アナルの射精,射精6／ところてん系0／メスイキ系0,7197,125/128
N41_Nekomata_MOD,CSV/Card\Nekomata_master.txt,@敗北_onedari_m1,おねだり,タマキ,乳首では出さない(射精の語あり 要確認)・メスの才能・体のメス化,射精3／ところてん系0／メスイキ系0,7157,131/132
N41_Nekomata_MOD,CSV/Card\Nekomata_master.txt,@敗北_onedari_m2,おねだり,タマキ,乳首では出さない(射精の語あり 要確認)・メスの才能・体のメス化,射精4／ところてん系1／メスイキ系0,7149,131/132
N41_Nekomata_MOD,CSV/Card\Nekomata_master.txt,@敗北_onedari_m3,おねだり,タマキ,ところてん→メスイキ・乳首では出さない(射精の語あり 要確認)・メスの才能・体のメス化・逆アナルの射精,射精3／ところてん系0／メスイキ系0,7112,119/121
N41_Nekomata_MOD,CSV/Card\Nekomata_master.txt,@敗北_onedari_e1,おねだり,スミ,乳首では出さない(射精の語あり 要確認)・メスの才能・体のメス化,射精3／ところてん系1／メスイキ系0,7063,152/153
N41_Nekomata_MOD,CSV/Card\Nekomata_master.txt,@敗北_onedari_e2,おねだり,ミケ,ところてん→メスイキ・メスの才能,射精3／ところてん系1／メスイキ系0,7191,140/141
N41_Nekomata_MOD,CSV/Card\Nekomata_master.txt,@敗北_onedari_e3,おねだり,チャイ,ところてん→メスイキ・メスの才能・体のメス化・逆アナルの射精,射精2／ところてん系0／メスイキ系0,7203,149/150
N41_Nekomata_MOD,CSV/Card\Nekomata_master.txt,@敗北_onedari_boss,おねだり,オウカ,ところてん→メスイキ・乳首では出さない(射精の語あり 要確認)・メスの才能・体のメス化・逆アナルの射精,射精7／ところてん系0／メスイキ系0,7207,123/126
N42_Snow_MOD,CSV/Card\Snow_master.txt,@敗北_btl_m1,バトル,シラネ,乳首では出さない(射精の語あり 要確認)・メスの才能・体のメス化,射精3／ところてん系2／メスイキ系0,7196,134/135
N42_Snow_MOD,CSV/Card\Snow_master.txt,@敗北_btl_m2,バトル,シラネ,乳首では出さない(射精の語あり 要確認)・メスの才能・体のメス化,射精3／ところてん系3／メスイキ系0,7558,136/137
N42_Snow_MOD,CSV/Card\Snow_master.txt,@敗北_btl_m3,バトル,シラネ,ところてん→メスイキ・メスの才能・体のメス化・逆アナルの射精,射精3／ところてん系2／メスイキ系0,7217,142/144
N42_Snow_MOD,CSV/Card\Snow_master.txt,@敗北_btl_e1,バトル,ユキ,ところてん→メスイキ・乳首では出さない(射精の語あり 要確認)・メスの才能・体のメス化,射精1／ところてん系3／メスイキ系0,7507,137/138
N42_Snow_MOD,CSV/Card\Snow_master.txt,@敗北_btl_e2,バトル,ツララ,ところてん→メスイキ・メスの才能,射精5／ところてん系1／メスイキ系0,7194,118/119
N42_Snow_MOD,CSV/Card\Snow_master.txt,@敗北_btl_e3,バトル,シズリ,ところてん→メスイキ・乳首では出さない(射精の語あり 要確認)・メスの才能・体のメス化・アナル舐め,射精2／ところてん系5／メスイキ系0,8466,149/150
N42_Snow_MOD,CSV/Card\Snow_master.txt,@敗北_btl_boss,バトル,フリージア,ところてん→メスイキ(メスイキの語あり)・メスの才能・体のメス化・逆アナルの射精,射精0／ところてん系2／メスイキ系1,8037,137/139
N42_Snow_MOD,CSV/Card\Snow_master.txt,@敗北_onani_m1,オナニー,シラネ,乳首では出さない(射精の語あり 要確認)・メスの才能・体のメス化,射精3／ところてん系1／メスイキ系0,7061,132/133
N42_Snow_MOD,CSV/Card\Snow_master.txt,@敗北_onani_m2,オナニー,シラネ,乳首では出さない(射精の語あり 要確認)・メスの才能・体のメス化,射精4／ところてん系1／メスイキ系0,7112,130/131
N42_Snow_MOD,CSV/Card\Snow_master.txt,@敗北_onani_m3,オナニー,シラネ,ところてん→メスイキ・メスの才能・体のメス化・逆アナルの射精,射精3／ところてん系2／メスイキ系0,7122,141/143
N42_Snow_MOD,CSV/Card\Snow_master.txt,@敗北_onani_e1,オナニー,ユキ,メスの才能・体のメス化,射精0／ところてん系1／メスイキ系0,7181,122/123
N42_Snow_MOD,CSV/Card\Snow_master.txt,@敗北_onani_e2,オナニー,ツララ,ところてん→メスイキ・メスの才能,射精3／ところてん系0／メスイキ系0,7244,126/127
N42_Snow_MOD,CSV/Card\Snow_master.txt,@敗北_onani_e3,オナニー,シズリ,メスの才能・アナル舐め,射精3／ところてん系3／メスイキ系0,7151,128/130
N42_Snow_MOD,CSV/Card\Snow_master.txt,@敗北_onani_boss,オナニー,フリージア,ところてん→メスイキ・乳首では出さない(射精の語あり 要確認)・メスの才能・体のメス化・逆アナルの射精,射精1／ところてん系2／メスイキ系1,7196,125/127
N42_Snow_MOD,CSV/Card\Snow_master.txt,@敗北_inochi_m1,命乞い,シラネ,乳首では出さない(射精の語あり 要確認)・メスの才能・体のメス化,射精3／ところてん系0／メスイキ系0,7039,139/140
N42_Snow_MOD,CSV/Card\Snow_master.txt,@敗北_inochi_m2,命乞い,シラネ,乳首では出さない(射精の語あり 要確認)・メスの才能・体のメス化,射精3／ところてん系0／メスイキ系0,7033,127/128
N42_Snow_MOD,CSV/Card\Snow_master.txt,@敗北_inochi_m3,命乞い,シラネ,ところてん→メスイキ・メスの才能・体のメス化・逆アナルの射精,射精4／ところてん系2／メスイキ系0,7027,143/145
N42_Snow_MOD,CSV/Card\Snow_master.txt,@敗北_inochi_e1,命乞い,ユキ,メスの才能・体のメス化,射精0／ところてん系1／メスイキ系0,7242,120/121
N42_Snow_MOD,CSV/Card\Snow_master.txt,@敗北_inochi_e2,命乞い,ツララ,ところてん→メスイキ・メスの才能,射精4／ところてん系2／メスイキ系0,7056,122/123
N42_Snow_MOD,CSV/Card\Snow_master.txt,@敗北_inochi_e3,命乞い,シズリ,ところてん→メスイキ・乳首では出さない(射精の語あり 要確認)・メスの才能・体のメス化・アナル舐め,射精2／ところてん系5／メスイキ系0,7110,129/130
N42_Snow_MOD,CSV/Card\Snow_master.txt,@敗北_inochi_boss,命乞い,フリージア,ところてん→メスイキ(メスイキの語あり)・メスの才能・体のメス化・逆アナルの射精,射精0／ところてん系1／メスイキ系1,7260,127/129
N42_Snow_MOD,CSV/Card\Snow_master.txt,@敗北_onedari_m1,おねだり,シラネ,乳首では出さない(射精の語あり 要確認)・メスの才能・体のメス化,射精3／ところてん系0／メスイキ系0,7051,146/147
N42_Snow_MOD,CSV/Card\Snow_master.txt,@敗北_onedari_m2,おねだり,シラネ,乳首では出さない(射精の語あり 要確認)・メスの才能・体のメス化,射精3／ところてん系2／メスイキ系0,7089,132/133
N42_Snow_MOD,CSV/Card\Snow_master.txt,@敗北_onedari_m3,おねだり,シラネ,ところてん→メスイキ・メスの才能・体のメス化・逆アナルの射精,射精3／ところてん系3／メスイキ系0,7048,142/144
N42_Snow_MOD,CSV/Card\Snow_master.txt,@敗北_onedari_e1,おねだり,ユキ,メスの才能・体のメス化,射精0／ところてん系1／メスイキ系0,7165,123/124
N42_Snow_MOD,CSV/Card\Snow_master.txt,@敗北_onedari_e2,おねだり,ツララ,ところてん→メスイキ・メスの才能,射精3／ところてん系1／メスイキ系0,7191,126/127
N42_Snow_MOD,CSV/Card\Snow_master.txt,@敗北_onedari_e3,おねだり,シズリ,メスの才能・アナル舐め,射精2／ところてん系2／メスイキ系0,7115,127/128
N42_Snow_MOD,CSV/Card\Snow_master.txt,@敗北_onedari_boss,おねだり,フリージア,ところてん→メスイキ(メスイキの語あり)・メスの才能・体のメス化・逆アナルの射精,射精0／ところてん系1／メスイキ系2,7104,124/126
N43_Oni_MOD,CSV/Card\Oni_master.txt,@敗北_btl_m1,バトル,スズカ,乳首では出さない(射精の語あり 要確認)・メスの才能・体のメス化,射精3／ところてん系0／メスイキ系0,7133,133/134
N43_Oni_MOD,CSV/Card\Oni_master.txt,@敗北_btl_m2,バトル,スズカ,乳首では出さない(射精の語あり 要確認)・メスの才能・体のメス化,射精7／ところてん系0／メスイキ系0,8584,167/168
N43_Oni_MOD,CSV/Card\Oni_master.txt,@敗北_btl_m3,バトル,スズカ,ところてん→メスイキ・乳首では出さない(射精の語あり 要確認)・メスの才能・体のメス化・逆アナルの射精,射精6／ところてん系3／メスイキ系0,7215,133/136
N43_Oni_MOD,CSV/Card\Oni_master.txt,@敗北_btl_e1,バトル,ミキ,ところてん→メスイキ・メスの才能,射精3／ところてん系2／メスイキ系0,7446,141/142
N43_Oni_MOD,CSV/Card\Oni_master.txt,@敗北_btl_e2,バトル,コウメ,乳首では出さない(射精の語あり 要確認)・メスの才能・体のメス化,射精3／ところてん系1／メスイキ系0,7258,139/140
N43_Oni_MOD,CSV/Card\Oni_master.txt,@敗北_btl_e3,バトル,サカキ,ところてん→メスイキ・メスの才能,射精1／ところてん系2／メスイキ系2,7523,134/135
N43_Oni_MOD,CSV/Card\Oni_master.txt,@敗北_btl_boss,バトル,イバラ,ところてん→メスイキ・メスの才能・体のメス化・逆アナルの射精,射精5／ところてん系2／メスイキ系0,7356,137/139
N43_Oni_MOD,CSV/Card\Oni_master.txt,@敗北_onani_m1,オナニー,スズカ,乳首では出さない(射精の語あり 要確認)・メスの才能・体のメス化,射精3／ところてん系3／メスイキ系0,7052,132/133
N43_Oni_MOD,CSV/Card\Oni_master.txt,@敗北_onani_m2,オナニー,スズカ,乳首では出さない(射精の語あり 要確認)・メスの才能・体のメス化,射精3／ところてん系0／メスイキ系0,7134,137/138
N43_Oni_MOD,CSV/Card\Oni_master.txt,@敗北_onani_m3,オナニー,スズカ,ところてん→メスイキ・乳首では出さない(射精の語あり 要確認)・メスの才能・体のメス化・逆アナルの射精,射精5／ところてん系3／メスイキ系0,7249,132/135
N43_Oni_MOD,CSV/Card\Oni_master.txt,@敗北_onani_e1,オナニー,ミキ,ところてん→メスイキ・メスの才能,射精2／ところてん系1／メスイキ系0,7182,131/132
N43_Oni_MOD,CSV/Card\Oni_master.txt,@敗北_onani_e2,オナニー,コウメ,乳首では出さない(射精の語あり 要確認)・メスの才能・体のメス化,射精3／ところてん系3／メスイキ系0,7364,144/145
N43_Oni_MOD,CSV/Card\Oni_master.txt,@敗北_onani_e3,オナニー,サカキ,ところてん→メスイキ・メスの才能,射精1／ところてん系3／メスイキ系2,7279,134/135
N43_Oni_MOD,CSV/Card\Oni_master.txt,@敗北_onani_boss,オナニー,イバラ,ところてん→メスイキ・メスの才能・体のメス化・逆アナルの射精,射精5／ところてん系0／メスイキ系0,7246,139/141
N43_Oni_MOD,CSV/Card\Oni_master.txt,@敗北_inochi_m1,命乞い,スズカ,乳首では出さない(射精の語あり 要確認)・メスの才能・体のメス化,射精3／ところてん系0／メスイキ系0,7024,135/136
N43_Oni_MOD,CSV/Card\Oni_master.txt,@敗北_inochi_m2,命乞い,スズカ,乳首では出さない(射精の語あり 要確認)・メスの才能・体のメス化,射精3／ところてん系0／メスイキ系0,7082,130/131
N43_Oni_MOD,CSV/Card\Oni_master.txt,@敗北_inochi_m3,命乞い,スズカ,ところてん→メスイキ・乳首では出さない(射精の語あり 要確認)・メスの才能・体のメス化・逆アナルの射精,射精3／ところてん系2／メスイキ系0,7218,134/136
N43_Oni_MOD,CSV/Card\Oni_master.txt,@敗北_inochi_e1,命乞い,ミキ,ところてん→メスイキ・メスの才能,射精2／ところてん系2／メスイキ系0,7194,140/141
N43_Oni_MOD,CSV/Card\Oni_master.txt,@敗北_inochi_e2,命乞い,コウメ,乳首では出さない(射精の語あり 要確認)・メスの才能・体のメス化,射精4／ところてん系2／メスイキ系0,7187,144/145
N43_Oni_MOD,CSV/Card\Oni_master.txt,@敗北_inochi_e3,命乞い,サカキ,ところてん→メスイキ・メスの才能,射精2／ところてん系3／メスイキ系2,7113,135/136
N43_Oni_MOD,CSV/Card\Oni_master.txt,@敗北_inochi_boss,命乞い,イバラ,ところてん→メスイキ・メスの才能・体のメス化・逆アナルの射精,射精5／ところてん系0／メスイキ系0,7194,134/136
N43_Oni_MOD,CSV/Card\Oni_master.txt,@敗北_onedari_m1,おねだり,スズカ,乳首では出さない(射精の語あり 要確認)・メスの才能・体のメス化,射精3／ところてん系0／メスイキ系0,7043,130/131
N43_Oni_MOD,CSV/Card\Oni_master.txt,@敗北_onedari_m2,おねだり,スズカ,乳首では出さない(射精の語あり 要確認)・メスの才能・体のメス化,射精6／ところてん系0／メスイキ系0,7058,132/133
N43_Oni_MOD,CSV/Card\Oni_master.txt,@敗北_onedari_m3,おねだり,スズカ,ところてん→メスイキ・乳首では出さない(射精の語あり 要確認)・メスの才能・体のメス化・逆アナルの射精,射精5／ところてん系2／メスイキ系0,7243,137/139
N43_Oni_MOD,CSV/Card\Oni_master.txt,@敗北_onedari_e1,おねだり,ミキ,ところてん→メスイキ・メスの才能,射精3／ところてん系2／メスイキ系0,7254,140/141
N43_Oni_MOD,CSV/Card\Oni_master.txt,@敗北_onedari_e2,おねだり,コウメ,乳首では出さない(射精の語あり 要確認)・メスの才能・体のメス化,射精3／ところてん系0／メスイキ系0,7141,141/142
N43_Oni_MOD,CSV/Card\Oni_master.txt,@敗北_onedari_e3,おねだり,サカキ,ところてん→メスイキ・メスの才能,射精1／ところてん系1／メスイキ系4,7237,141/142
N43_Oni_MOD,CSV/Card\Oni_master.txt,@敗北_onedari_boss,おねだり,イバラ,ところてん→メスイキ・メスの才能・体のメス化・逆アナルの射精,射精3／ところてん系1／メスイキ系0,7101,129/131
N44_Mimic_MOD,CSV/Card\Mimic_master.txt,@敗北_btl_m1,バトル,ラビリス,ところてん→メスイキ・メスの才能・アナル舐め,射精3／ところてん系2／メスイキ系0,8205,149/150
N44_Mimic_MOD,CSV/Card\Mimic_master.txt,@敗北_btl_m2,バトル,ラビリス,メスの才能・アナル舐め,射精6／ところてん系3／メスイキ系0,7382,149/150
N44_Mimic_MOD,CSV/Card\Mimic_master.txt,@敗北_btl_m3,バトル,ラビリス,乳首では出さない(射精の語あり 要確認)・メスの才能・体のメス化・アナル舐め,射精3／ところてん系1／メスイキ系0,7337,146/148
N44_Mimic_MOD,CSV/Card\Mimic_master.txt,@敗北_btl_e1,バトル,ミミ,ところてん→メスイキ・乳首では出さない(射精の語あり 要確認)・メスの才能・体のメス化,射精5／ところてん系0／メスイキ系0,7350,137/138
N44_Mimic_MOD,CSV/Card\Mimic_master.txt,@敗北_btl_e2,バトル,ツボミ,ところてん→メスイキ・メスの才能,射精4／ところてん系4／メスイキ系0,8230,151/152
N44_Mimic_MOD,CSV/Card\Mimic_master.txt,@敗北_btl_e3,バトル,カラ,ところてん→メスイキ・乳首では出さない(射精の語あり 要確認)・メスの才能・体のメス化,射精4／ところてん系3／メスイキ系0,8576,169/170
N44_Mimic_MOD,CSV/Card\Mimic_master.txt,@敗北_btl_boss,バトル,パンドラ,ところてん→メスイキ・メスの才能,射精3／ところてん系1／メスイキ系0,7318,124/125
N44_Mimic_MOD,CSV/Card\Mimic_master.txt,@敗北_onani_m1,オナニー,ラビリス,メスの才能,射精3／ところてん系1／メスイキ系0,7270,126/127
N44_Mimic_MOD,CSV/Card\Mimic_master.txt,@敗北_onani_m2,オナニー,ラビリス,メスの才能,射精3／ところてん系2／メスイキ系0,7218,137/138
N44_Mimic_MOD,CSV/Card\Mimic_master.txt,@敗北_onani_m3,オナニー,ラビリス,乳首では出さない(射精の語あり 要確認)・メスの才能・体のメス化・アナル舐め,射精4／ところてん系3／メスイキ系0,7223,144/146
N44_Mimic_MOD,CSV/Card\Mimic_master.txt,@敗北_onani_e1,オナニー,ミミ,乳首では出さない(射精の語あり 要確認)・メスの才能・体のメス化,射精3／ところてん系1／メスイキ系0,7191,134/135
N44_Mimic_MOD,CSV/Card\Mimic_master.txt,@敗北_onani_e2,オナニー,ツボミ,ところてん→メスイキ・メスの才能,射精3／ところてん系6／メスイキ系0,7285,126/127
N44_Mimic_MOD,CSV/Card\Mimic_master.txt,@敗北_onani_e3,オナニー,カラ,ところてん→メスイキ・乳首では出さない(射精の語あり 要確認)・メスの才能・体のメス化,射精3／ところてん系3／メスイキ系0,7263,151/152
N44_Mimic_MOD,CSV/Card\Mimic_master.txt,@敗北_onani_boss,オナニー,パンドラ,ところてん→メスイキ・メスの才能,射精0／ところてん系2／メスイキ系0,7264,125/126
N44_Mimic_MOD,CSV/Card\Mimic_master.txt,@敗北_inochi_m1,命乞い,ラビリス,メスの才能・アナル舐め,射精3／ところてん系0／メスイキ系0,7037,129/130
N44_Mimic_MOD,CSV/Card\Mimic_master.txt,@敗北_inochi_m2,命乞い,ラビリス,メスの才能・アナル舐め,射精3／ところてん系2／メスイキ系0,7315,148/149
N44_Mimic_MOD,CSV/Card\Mimic_master.txt,@敗北_inochi_m3,命乞い,ラビリス,乳首では出さない(射精の語あり 要確認)・メスの才能・体のメス化・アナル舐め,射精3／ところてん系2／メスイキ系0,7173,149/151
N44_Mimic_MOD,CSV/Card\Mimic_master.txt,@敗北_inochi_e1,命乞い,ミミ,ところてん→メスイキ・乳首では出さない(射精の語あり 要確認)・メスの才能・体のメス化,射精3／ところてん系0／メスイキ系0,7084,139/140
N44_Mimic_MOD,CSV/Card\Mimic_master.txt,@敗北_inochi_e2,命乞い,ツボミ,ところてん→メスイキ・メスの才能,射精3／ところてん系1／メスイキ系0,7056,125/126
N44_Mimic_MOD,CSV/Card\Mimic_master.txt,@敗北_inochi_e3,命乞い,カラ,ところてん→メスイキ・乳首では出さない(射精の語あり 要確認)・メスの才能・体のメス化,射精4／ところてん系1／メスイキ系0,7207,147/148
N44_Mimic_MOD,CSV/Card\Mimic_master.txt,@敗北_inochi_boss,命乞い,パンドラ,ところてん→メスイキ・メスの才能,射精4／ところてん系2／メスイキ系0,7208,127/128
N44_Mimic_MOD,CSV/Card\Mimic_master.txt,@敗北_onedari_m1,おねだり,ラビリス,メスの才能・アナル舐め,射精3／ところてん系0／メスイキ系0,7133,125/126
N44_Mimic_MOD,CSV/Card\Mimic_master.txt,@敗北_onedari_m2,おねだり,ラビリス,メスの才能・アナル舐め,射精3／ところてん系2／メスイキ系0,7319,149/150
N44_Mimic_MOD,CSV/Card\Mimic_master.txt,@敗北_onedari_m3,おねだり,ラビリス,乳首では出さない(射精の語あり 要確認)・メスの才能・体のメス化・ぱふぱふ,射精4／ところてん系2／メスイキ系0,7120,141/143
N44_Mimic_MOD,CSV/Card\Mimic_master.txt,@敗北_onedari_e1,おねだり,ミミ,ところてん→メスイキ・乳首では出さない(射精の語あり 要確認)・メスの才能・体のメス化,射精3／ところてん系0／メスイキ系0,7133,135/136
N44_Mimic_MOD,CSV/Card\Mimic_master.txt,@敗北_onedari_e2,おねだり,ツボミ,ところてん→メスイキ・メスの才能,射精3／ところてん系4／メスイキ系0,7098,131/132
N44_Mimic_MOD,CSV/Card\Mimic_master.txt,@敗北_onedari_e3,おねだり,カラ,ところてん→メスイキ・乳首では出さない(射精の語あり 要確認)・メスの才能・体のメス化,射精5／ところてん系1／メスイキ系0,7203,151/152
N44_Mimic_MOD,CSV/Card\Mimic_master.txt,@敗北_onedari_boss,おねだり,パンドラ,メスの才能,射精3／ところてん系0／メスイキ系0,7185,129/130
N45_Train_MOD,CSV/Card\Train_master.txt,@敗北_btl_m1,バトル,ミチル,乳首では出さない(射精の語あり 要確認)・メスの才能・体のメス化,射精3／ところてん系0／メスイキ系0,8001,143/144
N45_Train_MOD,CSV/Card\Train_master.txt,@敗北_btl_m2,バトル,ミチル,乳首では出さない(射精の語あり 要確認)・メスの才能・体のメス化,射精3／ところてん系0／メスイキ系0,8529,145/146
N45_Train_MOD,CSV/Card\Train_master.txt,@敗北_btl_m3,バトル,ミチル,ところてん→メスイキ・メスの才能・体のメス化・ペニバンの書き分け,射精3／ところてん系0／メスイキ系0,8842,160/162
N45_Train_MOD,CSV/Card\Train_master.txt,@敗北_btl_e1,バトル,カイ,ところてん→メスイキ・メスの才能・体のメス化,射精3／ところてん系1／メスイキ系0,8555,145/146
N45_Train_MOD,CSV/Card\Train_master.txt,@敗北_btl_e2,バトル,リコ,体のメス化,射精3／ところてん系0／メスイキ系0,8218,137/138
N45_Train_MOD,CSV/Card\Train_master.txt,@敗北_btl_e3,バトル,ハク,乳首では出さない(射精の語あり 要確認)・メスの才能・体のメス化,射精3／ところてん系1／メスイキ系0,7565,124/126
N45_Train_MOD,CSV/Card\Train_master.txt,@敗北_btl_boss,バトル,ツバメ,ところてん→メスイキ・乳首では出さない(射精の語あり 要確認)・メスの才能・体のメス化,射精1／ところてん系1／メスイキ系3,7333,129/130
N45_Train_MOD,CSV/Card\Train_master.txt,@敗北_onani_m1,オナニー,ミチル,乳首では出さない(射精の語あり 要確認)・メスの才能・体のメス化,射精3／ところてん系0／メスイキ系0,7255,131/132
N45_Train_MOD,CSV/Card\Train_master.txt,@敗北_onani_m2,オナニー,ミチル,メスの才能・体のメス化,射精3／ところてん系1／メスイキ系0,7351,122/123
N45_Train_MOD,CSV/Card\Train_master.txt,@敗北_onani_m3,オナニー,ミチル,ところてん→メスイキ・メスの才能・体のメス化・ペニバンの書き分け,射精3／ところてん系0／メスイキ系0,7246,131/133
N45_Train_MOD,CSV/Card\Train_master.txt,@敗北_onani_e1,オナニー,カイ,ところてん→メスイキ・乳首では出さない(射精の語あり 要確認)・メスの才能・体のメス化,射精3／ところてん系4／メスイキ系0,7233,123/124
N45_Train_MOD,CSV/Card\Train_master.txt,@敗北_onani_e2,オナニー,リコ,乳首では出さない(射精の語あり 要確認)・メスの才能・体のメス化,射精2／ところてん系1／メスイキ系0,7419,130/131
N45_Train_MOD,CSV/Card\Train_master.txt,@敗北_onani_e3,オナニー,ハク,乳首では出さない(射精の語あり 要確認)・メスの才能・体のメス化,射精2／ところてん系1／メスイキ系0,7307,120/122
N45_Train_MOD,CSV/Card\Train_master.txt,@敗北_onani_boss,オナニー,ツバメ,ところてん→メスイキ・乳首では出さない(射精の語あり 要確認)・メスの才能・体のメス化,射精2／ところてん系4／メスイキ系0,7222,131/132
N45_Train_MOD,CSV/Card\Train_master.txt,@敗北_inochi_m1,命乞い,ミチル,乳首では出さない(射精の語あり 要確認)・メスの才能・体のメス化,射精4／ところてん系0／メスイキ系0,7226,126/127
N45_Train_MOD,CSV/Card\Train_master.txt,@敗北_inochi_m2,命乞い,ミチル,乳首では出さない(射精の語あり 要確認)・メスの才能・体のメス化,射精3／ところてん系0／メスイキ系0,7285,125/126
N45_Train_MOD,CSV/Card\Train_master.txt,@敗北_inochi_m3,命乞い,ミチル,ところてん→メスイキ・メスの才能・体のメス化・ペニバンの書き分け,射精3／ところてん系0／メスイキ系0,7227,128/130
N45_Train_MOD,CSV/Card\Train_master.txt,@敗北_inochi_e1,命乞い,カイ,ところてん→メスイキ・メスの才能・体のメス化,射精3／ところてん系0／メスイキ系0,7202,122/123
N45_Train_MOD,CSV/Card\Train_master.txt,@敗北_inochi_e2,命乞い,リコ,体のメス化,射精3／ところてん系0／メスイキ系0,7270,120/121
N45_Train_MOD,CSV/Card\Train_master.txt,@敗北_inochi_e3,命乞い,ハク,乳首では出さない(射精の語あり 要確認)・メスの才能・体のメス化,射精3／ところてん系0／メスイキ系0,7274,125/126
N45_Train_MOD,CSV/Card\Train_master.txt,@敗北_inochi_boss,命乞い,ツバメ,ところてん→メスイキ・メスの才能・体のメス化・ペニバンの書き分け,射精1／ところてん系1／メスイキ系0,7204,133/134
N45_Train_MOD,CSV/Card\Train_master.txt,@敗北_onedari_m1,おねだり,ミチル,乳首では出さない(射精の語あり 要確認)・メスの才能・体のメス化,射精3／ところてん系1／メスイキ系0,7022,125/126
N45_Train_MOD,CSV/Card\Train_master.txt,@敗北_onedari_m2,おねだり,ミチル,メスの才能・体のメス化,射精3／ところてん系0／メスイキ系0,7205,120/121
N45_Train_MOD,CSV/Card\Train_master.txt,@敗北_onedari_m3,おねだり,ミチル,ところてん→メスイキ・メスの才能・体のメス化・ペニバンの書き分け,射精3／ところてん系0／メスイキ系0,7248,126/128
N45_Train_MOD,CSV/Card\Train_master.txt,@敗北_onedari_e1,おねだり,カイ,ところてん→メスイキ・メスの才能・体のメス化,射精3／ところてん系0／メスイキ系0,7150,123/125
N45_Train_MOD,CSV/Card\Train_master.txt,@敗北_onedari_e2,おねだり,リコ,体のメス化,射精3／ところてん系0／メスイキ系0,7563,123/124
N45_Train_MOD,CSV/Card\Train_master.txt,@敗北_onedari_e3,おねだり,ハク,乳首では出さない(射精の語あり 要確認)・メスの才能・体のメス化,射精3／ところてん系0／メスイキ系0,7217,127/128
N45_Train_MOD,CSV/Card\Train_master.txt,@敗北_onedari_boss,おねだり,ツバメ,ところてん→メスイキ・乳首では出さない(射精の語あり 要確認)・メスの才能・体のメス化・ペニバンの書き分け,射精2／ところてん系0／メスイキ系0,7315,130/131
N46_ShowPub_MOD,CSV/Card\ShowPub_master.txt,@敗北_btl_m1,バトル,レイカ,（当たらない）,射精1／ところてん系0／メスイキ系0,2964,60/61
N46_ShowPub_MOD,CSV/Card\ShowPub_master.txt,@敗北_btl_m2,バトル,レイカ,（当たらない）,射精0／ところてん系1／メスイキ系0,2915,56/57
N46_ShowPub_MOD,CSV/Card\ShowPub_master.txt,@敗北_btl_m3,バトル,レイカ,ところてん→メスイキ・メスの才能,射精1／ところてん系0／メスイキ系1,2911,54/55
N46_ShowPub_MOD,CSV/Card\ShowPub_master.txt,@敗北_btl_e1,バトル,ミラ,（当たらない）,射精0／ところてん系0／メスイキ系0,2929,56/57
N46_ShowPub_MOD,CSV/Card\ShowPub_master.txt,@敗北_btl_e2,バトル,アンナ,ところてん→メスイキ・メスの才能,射精1／ところてん系1／メスイキ系1,2865,57/58
N46_ShowPub_MOD,CSV/Card\ShowPub_master.txt,@敗北_btl_e3,バトル,カオル,乳首では出さない(射精の語あり 要確認)・メスの才能・体のメス化,射精1／ところてん系0／メスイキ系0,2867,60/61
N46_ShowPub_MOD,CSV/Card\ShowPub_master.txt,@敗北_btl_boss,バトル,ハクラン,ところてん→メスイキ・乳首では出さない(射精の語あり 要確認)・メスの才能・体のメス化,射精1／ところてん系0／メスイキ系1,2944,55/56
N46_ShowPub_MOD,CSV/Card\ShowPub_master.txt,@敗北_onani_m1,オナニー,レイカ,乳首では出さない(射精の語あり 要確認)・メスの才能・体のメス化,射精1／ところてん系0／メスイキ系0,2932,60/61
N46_ShowPub_MOD,CSV/Card\ShowPub_master.txt,@敗北_onani_m2,オナニー,レイカ,乳首では出さない(射精の語あり 要確認)・メスの才能・体のメス化,射精1／ところてん系1／メスイキ系1,2833,56/57
N46_ShowPub_MOD,CSV/Card\ShowPub_master.txt,@敗北_onani_m3,オナニー,レイカ,ところてん→メスイキ・乳首では出さない(射精の語あり 要確認)・メスの才能・体のメス化,射精1／ところてん系1／メスイキ系1,2987,57/58
N46_ShowPub_MOD,CSV/Card\ShowPub_master.txt,@敗北_onani_e1,オナニー,ミラ,（当たらない）,射精1／ところてん系0／メスイキ系0,2882,59/60
N46_ShowPub_MOD,CSV/Card\ShowPub_master.txt,@敗北_onani_e2,オナニー,アンナ,ところてん→メスイキ・メスの才能,射精1／ところてん系0／メスイキ系1,2849,58/59
N46_ShowPub_MOD,CSV/Card\ShowPub_master.txt,@敗北_onani_e3,オナニー,カオル,乳首では出さない(射精の語あり 要確認)・メスの才能・体のメス化,射精1／ところてん系0／メスイキ系1,2842,62/63
N46_ShowPub_MOD,CSV/Card\ShowPub_master.txt,@敗北_onani_boss,オナニー,ハクラン,ところてん→メスイキ・乳首では出さない(射精の語あり 要確認)・メスの才能・体のメス化,射精1／ところてん系0／メスイキ系1,2871,58/59
N46_ShowPub_MOD,CSV/Card\ShowPub_master.txt,@敗北_inochi_m1,命乞い,レイカ,（当たらない）,射精1／ところてん系0／メスイキ系1,2869,57/58
N46_ShowPub_MOD,CSV/Card\ShowPub_master.txt,@敗北_inochi_m2,命乞い,レイカ,（当たらない）,射精1／ところてん系0／メスイキ系1,2852,63/64
N46_ShowPub_MOD,CSV/Card\ShowPub_master.txt,@敗北_inochi_m3,命乞い,レイカ,ところてん→メスイキ・乳首では出さない(射精の語あり 要確認)・メスの才能・体のメス化,射精1／ところてん系0／メスイキ系1,3060,62/63
N46_ShowPub_MOD,CSV/Card\ShowPub_master.txt,@敗北_inochi_e1,命乞い,ミラ,（当たらない）,射精0／ところてん系0／メスイキ系0,2888,62/63
N46_ShowPub_MOD,CSV/Card\ShowPub_master.txt,@敗北_inochi_e2,命乞い,アンナ,ところてん→メスイキ・メスの才能,射精1／ところてん系0／メスイキ系1,2877,60/61
N46_ShowPub_MOD,CSV/Card\ShowPub_master.txt,@敗北_inochi_e3,命乞い,カオル,乳首では出さない(射精の語あり 要確認)・メスの才能・体のメス化,射精1／ところてん系0／メスイキ系1,2906,67/68
N46_ShowPub_MOD,CSV/Card\ShowPub_master.txt,@敗北_inochi_boss,命乞い,ハクラン,ところてん→メスイキ・乳首では出さない(射精の語あり 要確認)・メスの才能・体のメス化,射精1／ところてん系0／メスイキ系1,2899,58/60
N46_ShowPub_MOD,CSV/Card\ShowPub_master.txt,@敗北_onedari_m1,おねだり,レイカ,（当たらない）,射精1／ところてん系0／メスイキ系1,2833,65/67
N46_ShowPub_MOD,CSV/Card\ShowPub_master.txt,@敗北_onedari_m2,おねだり,レイカ,（当たらない）,射精1／ところてん系0／メスイキ系1,2835,62/63
N46_ShowPub_MOD,CSV/Card\ShowPub_master.txt,@敗北_onedari_m3,おねだり,レイカ,ところてん→メスイキ・乳首では出さない(射精の語あり 要確認)・メスの才能・体のメス化,射精1／ところてん系1／メスイキ系1,2842,63/64
N46_ShowPub_MOD,CSV/Card\ShowPub_master.txt,@敗北_onedari_e1,おねだり,ミラ,（当たらない）,射精0／ところてん系0／メスイキ系0,2910,64/65
N46_ShowPub_MOD,CSV/Card\ShowPub_master.txt,@敗北_onedari_e2,おねだり,アンナ,ところてん→メスイキ・メスの才能,射精1／ところてん系0／メスイキ系1,2835,66/67
N46_ShowPub_MOD,CSV/Card\ShowPub_master.txt,@敗北_onedari_e3,おねだり,カオル,乳首では出さない(射精の語あり 要確認)・メスの才能・体のメス化,射精1／ところてん系0／メスイキ系1,2845,62/64
N46_ShowPub_MOD,CSV/Card\ShowPub_master.txt,@敗北_onedari_boss,おねだり,ハクラン,ところてん→メスイキ・乳首では出さない(射精の語あり 要確認)・メスの才能・体のメス化,射精1／ところてん系0／メスイキ系1,2893,61/62
N47_Oiran_MOD,CSV/Card\Oiran_master.txt,@敗北_btl_m1,バトル,ユウガオ,（当たらない）,射精0／ところてん系1／メスイキ系0,2920,56/57
N47_Oiran_MOD,CSV/Card\Oiran_master.txt,@敗北_btl_m2,バトル,ユウガオ,（当たらない）,射精0／ところてん系0／メスイキ系0,2852,57/58
N47_Oiran_MOD,CSV/Card\Oiran_master.txt,@敗北_btl_m3,バトル,ユウガオ,ところてん→メスイキ・メスの才能・体のメス化・ペニバンの書き分け,射精0／ところてん系0／メスイキ系0,2902,56/58
N47_Oiran_MOD,CSV/Card\Oiran_master.txt,@敗北_btl_e1,バトル,コノハ,（当たらない）,射精0／ところてん系2／メスイキ系0,2928,55/56
N47_Oiran_MOD,CSV/Card\Oiran_master.txt,@敗北_btl_e2,バトル,アヤメ,ところてん→メスイキ・メスの才能,射精0／ところてん系0／メスイキ系0,2854,53/55
N47_Oiran_MOD,CSV/Card\Oiran_master.txt,@敗北_btl_e3,バトル,ヒスイ,（当たらない）,射精0／ところてん系0／メスイキ系0,2869,54/55
N47_Oiran_MOD,CSV/Card\Oiran_master.txt,@敗北_btl_boss,バトル,シロタエ,ところてん→メスイキ・メスの才能・ぱふぱふ,射精0／ところてん系0／メスイキ系0,2854,52/53
N47_Oiran_MOD,CSV/Card\Oiran_master.txt,@敗北_onani_m1,オナニー,ユウガオ,（当たらない）,射精0／ところてん系0／メスイキ系0,2870,52/53
N47_Oiran_MOD,CSV/Card\Oiran_master.txt,@敗北_onani_m2,オナニー,ユウガオ,（当たらない）,射精0／ところてん系0／メスイキ系0,2834,52/53
N47_Oiran_MOD,CSV/Card\Oiran_master.txt,@敗北_onani_m3,オナニー,ユウガオ,ところてん→メスイキ・メスの才能・体のメス化・ペニバンの書き分け,射精0／ところてん系0／メスイキ系0,2824,51/53
N47_Oiran_MOD,CSV/Card\Oiran_master.txt,@敗北_onani_e1,オナニー,コノハ,メスの才能,射精0／ところてん系0／メスイキ系0,2870,49/50
N47_Oiran_MOD,CSV/Card\Oiran_master.txt,@敗北_onani_e2,オナニー,アヤメ,ところてん→メスイキ・メスの才能,射精0／ところてん系1／メスイキ系0,2868,52/54
N47_Oiran_MOD,CSV/Card\Oiran_master.txt,@敗北_onani_e3,オナニー,ヒスイ,（当たらない）,射精0／ところてん系1／メスイキ系0,2892,52/53
N47_Oiran_MOD,CSV/Card\Oiran_master.txt,@敗北_onani_boss,オナニー,シロタエ,ところてん→メスイキ・メスの才能,射精0／ところてん系0／メスイキ系0,2917,49/50
N47_Oiran_MOD,CSV/Card\Oiran_master.txt,@敗北_inochi_m1,命乞い,ユウガオ,（当たらない）,射精0／ところてん系0／メスイキ系0,2828,53/54
N47_Oiran_MOD,CSV/Card\Oiran_master.txt,@敗北_inochi_m2,命乞い,ユウガオ,（当たらない）,射精0／ところてん系1／メスイキ系0,2831,53/54
N47_Oiran_MOD,CSV/Card\Oiran_master.txt,@敗北_inochi_m3,命乞い,ユウガオ,ところてん→メスイキ・メスの才能・体のメス化・ペニバンの書き分け,射精0／ところてん系0／メスイキ系0,2864,55/57
N47_Oiran_MOD,CSV/Card\Oiran_master.txt,@敗北_inochi_e1,命乞い,コノハ,（当たらない）,射精0／ところてん系1／メスイキ系0,2867,49/50
N47_Oiran_MOD,CSV/Card\Oiran_master.txt,@敗北_inochi_e2,命乞い,アヤメ,ところてん→メスイキ・メスの才能,射精0／ところてん系1／メスイキ系0,2821,51/52
N47_Oiran_MOD,CSV/Card\Oiran_master.txt,@敗北_inochi_e3,命乞い,ヒスイ,（当たらない）,射精0／ところてん系1／メスイキ系0,2853,54/55
N47_Oiran_MOD,CSV/Card\Oiran_master.txt,@敗北_inochi_boss,命乞い,シロタエ,ところてん→メスイキ・メスの才能・ぱふぱふ,射精0／ところてん系0／メスイキ系0,2868,53/54
N47_Oiran_MOD,CSV/Card\Oiran_master.txt,@敗北_onedari_m1,おねだり,ユウガオ,（当たらない）,射精0／ところてん系1／メスイキ系0,2828,57/58
N47_Oiran_MOD,CSV/Card\Oiran_master.txt,@敗北_onedari_m2,おねだり,ユウガオ,（当たらない）,射精0／ところてん系0／メスイキ系0,2891,56/57
N47_Oiran_MOD,CSV/Card\Oiran_master.txt,@敗北_onedari_m3,おねだり,ユウガオ,ところてん→メスイキ・メスの才能・体のメス化・ペニバンの書き分け・ぱふぱふ,射精0／ところてん系0／メスイキ系0,2862,58/60
N47_Oiran_MOD,CSV/Card\Oiran_master.txt,@敗北_onedari_e1,おねだり,コノハ,（当たらない）,射精0／ところてん系1／メスイキ系0,2920,54/55
N47_Oiran_MOD,CSV/Card\Oiran_master.txt,@敗北_onedari_e2,おねだり,アヤメ,ところてん→メスイキ・メスの才能,射精0／ところてん系1／メスイキ系0,2879,58/59
N47_Oiran_MOD,CSV/Card\Oiran_master.txt,@敗北_onedari_e3,おねだり,ヒスイ,（当たらない）,射精0／ところてん系1／メスイキ系0,2839,54/55
N47_Oiran_MOD,CSV/Card\Oiran_master.txt,@敗北_onedari_boss,おねだり,シロタエ,ところてん→メスイキ・メスの才能,射精0／ところてん系0／メスイキ系0,2847,54/55
N48_Office_MOD,CSV/Card\Office_master.txt,@敗北_btl_m1,バトル,リリアン,（当たらない）,射精0／ところてん系0／メスイキ系0,2808,54/55
N48_Office_MOD,CSV/Card\Office_master.txt,@敗北_btl_m2,バトル,リリアン,メスの才能・体のメス化,射精0／ところてん系1／メスイキ系0,2906,55/56
N48_Office_MOD,CSV/Card\Office_master.txt,@敗北_btl_m3,バトル,リリアン,ところてん→メスイキ(メスイキの語あり)・メスの才能・体のメス化・ペニバンの書き分け,射精0／ところてん系2／メスイキ系1,3074,55/58
N48_Office_MOD,CSV/Card\Office_master.txt,@敗北_btl_e1,バトル,マイ,体のメス化,射精0／ところてん系1／メスイキ系0,2806,49/50
N48_Office_MOD,CSV/Card\Office_master.txt,@敗北_btl_e2,バトル,エリカ,ところてん→メスイキ(メスイキの語あり)・メスの才能・体のメス化,射精0／ところてん系0／メスイキ系2,2872,51/52
N48_Office_MOD,CSV/Card\Office_master.txt,@敗北_btl_e3,バトル,ナツメ,ところてん→メスイキ(メスイキの語あり)・メスの才能,射精0／ところてん系1／メスイキ系1,2844,54/55
N48_Office_MOD,CSV/Card\Office_master.txt,@敗北_btl_boss,バトル,セレナ,ところてん→メスイキ(メスイキの語あり)・メスの才能・体のメス化,射精0／ところてん系1／メスイキ系1,2823,51/52
N48_Office_MOD,CSV/Card\Office_master.txt,@敗北_onani_m1,オナニー,リリアン,（当たらない）,射精0／ところてん系0／メスイキ系2,2787,50/51
N48_Office_MOD,CSV/Card\Office_master.txt,@敗北_onani_m2,オナニー,リリアン,メスの才能・体のメス化,射精0／ところてん系0／メスイキ系1,2835,53/54
N48_Office_MOD,CSV/Card\Office_master.txt,@敗北_onani_m3,オナニー,リリアン,ところてん→メスイキ(メスイキの語あり)・メスの才能・体のメス化・ペニバンの書き分け,射精0／ところてん系2／メスイキ系1,3194,55/58
N48_Office_MOD,CSV/Card\Office_master.txt,@敗北_onani_e1,オナニー,マイ,体のメス化,射精0／ところてん系0／メスイキ系0,2850,50/51
N48_Office_MOD,CSV/Card\Office_master.txt,@敗北_onani_e2,オナニー,エリカ,メスの才能・体のメス化,射精0／ところてん系0／メスイキ系1,2861,52/53
N48_Office_MOD,CSV/Card\Office_master.txt,@敗北_onani_e3,オナニー,ナツメ,ところてん→メスイキ(メスイキの語あり)・メスの才能,射精0／ところてん系1／メスイキ系1,2887,54/55
N48_Office_MOD,CSV/Card\Office_master.txt,@敗北_onani_boss,オナニー,セレナ,ところてん→メスイキ(メスイキの語あり)・メスの才能・体のメス化,射精0／ところてん系0／メスイキ系1,3074,53/54
N48_Office_MOD,CSV/Card\Office_master.txt,@敗北_inochi_m1,命乞い,リリアン,（当たらない）,射精0／ところてん系0／メスイキ系0,2894,57/58
N48_Office_MOD,CSV/Card\Office_master.txt,@敗北_inochi_m2,命乞い,リリアン,メスの才能・体のメス化,射精0／ところてん系0／メスイキ系1,2896,54/55
N48_Office_MOD,CSV/Card\Office_master.txt,@敗北_inochi_m3,命乞い,リリアン,ところてん→メスイキ(メスイキの語あり)・メスの才能・体のメス化・ペニバンの書き分け,射精0／ところてん系0／メスイキ系1,3089,58/60
N48_Office_MOD,CSV/Card\Office_master.txt,@敗北_inochi_e1,命乞い,マイ,体のメス化,射精0／ところてん系0／メスイキ系0,2847,50/51
N48_Office_MOD,CSV/Card\Office_master.txt,@敗北_inochi_e2,命乞い,エリカ,ところてん→メスイキ(メスイキの語あり)・メスの才能・体のメス化,射精0／ところてん系0／メスイキ系1,2937,53/54
N48_Office_MOD,CSV/Card\Office_master.txt,@敗北_inochi_e3,命乞い,ナツメ,ところてん→メスイキ(メスイキの語あり)・メスの才能,射精0／ところてん系0／メスイキ系1,2868,56/57
N48_Office_MOD,CSV/Card\Office_master.txt,@敗北_inochi_boss,命乞い,セレナ,ところてん→メスイキ・メスの才能・体のメス化,射精1／ところてん系3／メスイキ系1,2903,53/54
N48_Office_MOD,CSV/Card\Office_master.txt,@敗北_onedari_m1,おねだり,リリアン,（当たらない）,射精0／ところてん系1／メスイキ系0,2862,55/56
N48_Office_MOD,CSV/Card\Office_master.txt,@敗北_onedari_m2,おねだり,リリアン,メスの才能・体のメス化,射精0／ところてん系0／メスイキ系1,3096,58/59
N48_Office_MOD,CSV/Card\Office_master.txt,@敗北_onedari_m3,おねだり,リリアン,ところてん→メスイキ(メスイキの語あり)・メスの才能・体のメス化・ペニバンの書き分け,射精0／ところてん系0／メスイキ系1,3095,56/59
N48_Office_MOD,CSV/Card\Office_master.txt,@敗北_onedari_e1,おねだり,マイ,体のメス化,射精0／ところてん系1／メスイキ系0,2907,52/53
N48_Office_MOD,CSV/Card\Office_master.txt,@敗北_onedari_e2,おねだり,エリカ,ところてん→メスイキ(メスイキの語あり)・メスの才能,射精0／ところてん系0／メスイキ系1,2835,55/56
N48_Office_MOD,CSV/Card\Office_master.txt,@敗北_onedari_e3,おねだり,ナツメ,ところてん→メスイキ(メスイキの語あり)・メスの才能,射精0／ところてん系1／メスイキ系1,2868,57/58
N48_Office_MOD,CSV/Card\Office_master.txt,@敗北_onedari_boss,おねだり,セレナ,ところてん→メスイキ(メスイキの語あり)・メスの才能・体のメス化,射精0／ところてん系0／メスイキ系1,3133,57/58
N49_Lingerie_MOD,CSV/Card\Lingerie_master.txt,@敗北_btl_m1,バトル,ヴィオレ,体のメス化,射精0／ところてん系0／メスイキ系0,3029,56/57
N49_Lingerie_MOD,CSV/Card\Lingerie_master.txt,@敗北_btl_m2,バトル,ヴィオレ,メスの才能・体のメス化,射精0／ところてん系0／メスイキ系0,2913,54/55
N49_Lingerie_MOD,CSV/Card\Lingerie_master.txt,@敗北_btl_m3,バトル,ヴィオレ,ところてん→メスイキ・メスの才能・体のメス化,射精1／ところてん系0／メスイキ系0,2906,53/54
N49_Lingerie_MOD,CSV/Card\Lingerie_master.txt,@敗北_btl_e1,バトル,ルル,乳首では出さない(射精の語あり 要確認)・メスの才能・体のメス化,射精1／ところてん系0／メスイキ系0,2851,53/54
N49_Lingerie_MOD,CSV/Card\Lingerie_master.txt,@敗北_btl_e2,バトル,ジゼル,体のメス化,射精0／ところてん系0／メスイキ系1,2922,52/53
N49_Lingerie_MOD,CSV/Card\Lingerie_master.txt,@敗北_btl_e3,バトル,ノエル,ところてん→メスイキ・メスの才能・体のメス化,射精1／ところてん系1／メスイキ系0,2883,57/58
N49_Lingerie_MOD,CSV/Card\Lingerie_master.txt,@敗北_btl_boss,バトル,ベアトリス,ところてん→メスイキ・乳首では出さない(射精の語あり 要確認)・メスの才能・体のメス化,射精1／ところてん系1／メスイキ系0,2966,53/54
N49_Lingerie_MOD,CSV/Card\Lingerie_master.txt,@敗北_onani_m1,オナニー,ヴィオレ,メスの才能・体のメス化,射精0／ところてん系0／メスイキ系0,2896,53/54
N49_Lingerie_MOD,CSV/Card\Lingerie_master.txt,@敗北_onani_m2,オナニー,ヴィオレ,体のメス化,射精0／ところてん系0／メスイキ系0,2858,52/53
N49_Lingerie_MOD,CSV/Card\Lingerie_master.txt,@敗北_onani_m3,オナニー,ヴィオレ,ところてん→メスイキ・メスの才能・体のメス化,射精1／ところてん系1／メスイキ系1,2842,53/54
N49_Lingerie_MOD,CSV/Card\Lingerie_master.txt,@敗北_onani_e1,オナニー,ルル,乳首では出さない(射精の語あり 要確認)・メスの才能・体のメス化,射精1／ところてん系0／メスイキ系0,2815,50/51
N49_Lingerie_MOD,CSV/Card\Lingerie_master.txt,@敗北_onani_e2,オナニー,ジゼル,体のメス化,射精0／ところてん系0／メスイキ系0,2888,54/55
N49_Lingerie_MOD,CSV/Card\Lingerie_master.txt,@敗北_onani_e3,オナニー,ノエル,ところてん→メスイキ・メスの才能・体のメス化,射精1／ところてん系2／メスイキ系0,2813,59/60
N49_Lingerie_MOD,CSV/Card\Lingerie_master.txt,@敗北_onani_boss,オナニー,ベアトリス,ところてん→メスイキ・乳首では出さない(射精の語あり 要確認)・メスの才能・体のメス化,射精1／ところてん系1／メスイキ系0,2775,46/47
N49_Lingerie_MOD,CSV/Card\Lingerie_master.txt,@敗北_inochi_m1,命乞い,ヴィオレ,メスの才能・体のメス化,射精0／ところてん系0／メスイキ系0,2807,50/51
N49_Lingerie_MOD,CSV/Card\Lingerie_master.txt,@敗北_inochi_m2,命乞い,ヴィオレ,体のメス化,射精0／ところてん系1／メスイキ系0,2798,51/52
N49_Lingerie_MOD,CSV/Card\Lingerie_master.txt,@敗北_inochi_m3,命乞い,ヴィオレ,ところてん→メスイキ・メスの才能・体のメス化,射精1／ところてん系0／メスイキ系1,2802,51/52
N49_Lingerie_MOD,CSV/Card\Lingerie_master.txt,@敗北_inochi_e1,命乞い,ルル,乳首では出さない(射精の語あり 要確認)・メスの才能・体のメス化,射精1／ところてん系0／メスイキ系0,2825,51/52
N49_Lingerie_MOD,CSV/Card\Lingerie_master.txt,@敗北_inochi_e2,命乞い,ジゼル,体のメス化,射精0／ところてん系0／メスイキ系0,2804,54/55
N49_Lingerie_MOD,CSV/Card\Lingerie_master.txt,@敗北_inochi_e3,命乞い,ノエル,ところてん→メスイキ・メスの才能・体のメス化,射精1／ところてん系2／メスイキ系0,2750,55/56
N49_Lingerie_MOD,CSV/Card\Lingerie_master.txt,@敗北_inochi_boss,命乞い,ベアトリス,ところてん→メスイキ・メスの才能・体のメス化,射精1／ところてん系0／メスイキ系0,2852,49/50
N49_Lingerie_MOD,CSV/Card\Lingerie_master.txt,@敗北_onedari_m1,おねだり,ヴィオレ,体のメス化,射精0／ところてん系0／メスイキ系0,2775,50/51
N49_Lingerie_MOD,CSV/Card\Lingerie_master.txt,@敗北_onedari_m2,おねだり,ヴィオレ,体のメス化,射精0／ところてん系0／メスイキ系0,2814,52/53
N49_Lingerie_MOD,CSV/Card\Lingerie_master.txt,@敗北_onedari_m3,おねだり,ヴィオレ,ところてん→メスイキ・メスの才能・体のメス化,射精1／ところてん系0／メスイキ系1,2761,50/51
N49_Lingerie_MOD,CSV/Card\Lingerie_master.txt,@敗北_onedari_e1,おねだり,ルル,乳首では出さない(射精の語あり 要確認)・メスの才能・体のメス化,射精1／ところてん系1／メスイキ系0,2767,50/51
N49_Lingerie_MOD,CSV/Card\Lingerie_master.txt,@敗北_onedari_e2,おねだり,ジゼル,体のメス化,射精0／ところてん系2／メスイキ系0,2807,52/53
N49_Lingerie_MOD,CSV/Card\Lingerie_master.txt,@敗北_onedari_e3,おねだり,ノエル,ところてん→メスイキ・メスの才能・体のメス化,射精1／ところてん系2／メスイキ系0,2787,53/54
N49_Lingerie_MOD,CSV/Card\Lingerie_master.txt,@敗北_onedari_boss,おねだり,ベアトリス,ところてん→メスイキ・乳首では出さない(射精の語あり 要確認)・メスの才能・体のメス化,射精1／ところてん系0／メスイキ系0,2813,48/49
N50_GhostShip_MOD,CSV/Card\GhostShip_master.txt,@敗北_btl_m1,バトル,モルガナ,（当たらない）,射精0／ところてん系0／メスイキ系0,2865,61/62
N50_GhostShip_MOD,CSV/Card\GhostShip_master.txt,@敗北_btl_m2,バトル,モルガナ,（当たらない）,射精0／ところてん系0／メスイキ系0,2818,53/54
N50_GhostShip_MOD,CSV/Card\GhostShip_master.txt,@敗北_btl_m3,バトル,モルガナ,ところてん→メスイキ・乳首では出さない(射精の語あり 要確認)・メスの才能・体のメス化・ぱふぱふ,射精1／ところてん系2／メスイキ系0,2918,53/54
N50_GhostShip_MOD,CSV/Card\GhostShip_master.txt,@敗北_btl_e1,バトル,ローラ,（当たらない）,射精0／ところてん系0／メスイキ系0,2808,48/49
N50_GhostShip_MOD,CSV/Card\GhostShip_master.txt,@敗北_btl_e2,バトル,ジャッキー,メスの才能・体のメス化,射精0／ところてん系0／メスイキ系0,2827,51/52
N50_GhostShip_MOD,CSV/Card\GhostShip_master.txt,@敗北_btl_e3,バトル,マリン,メスの才能・体のメス化,射精0／ところてん系1／メスイキ系0,2857,50/51
N50_GhostShip_MOD,CSV/Card\GhostShip_master.txt,@敗北_btl_boss,バトル,テティス,ところてん→メスイキ・メスの才能,射精0／ところてん系1／メスイキ系0,2836,46/47
N50_GhostShip_MOD,CSV/Card\GhostShip_master.txt,@敗北_onani_m1,オナニー,モルガナ,（当たらない）,射精0／ところてん系0／メスイキ系0,2846,52/53
N50_GhostShip_MOD,CSV/Card\GhostShip_master.txt,@敗北_onani_m2,オナニー,モルガナ,（当たらない）,射精0／ところてん系0／メスイキ系0,2882,52/53
N50_GhostShip_MOD,CSV/Card\GhostShip_master.txt,@敗北_onani_m3,オナニー,モルガナ,ところてん→メスイキ・メスの才能・体のメス化,射精0／ところてん系3／メスイキ系0,3275,58/59
N50_GhostShip_MOD,CSV/Card\GhostShip_master.txt,@敗北_onani_e1,オナニー,ローラ,（当たらない）,射精0／ところてん系0／メスイキ系0,2875,53/54
N50_GhostShip_MOD,CSV/Card\GhostShip_master.txt,@敗北_onani_e2,オナニー,ジャッキー,メスの才能・体のメス化,射精0／ところてん系1／メスイキ系0,2847,51/52
N50_GhostShip_MOD,CSV/Card\GhostShip_master.txt,@敗北_onani_e3,オナニー,マリン,メスの才能・体のメス化,射精0／ところてん系2／メスイキ系0,2879,53/54
N50_GhostShip_MOD,CSV/Card\GhostShip_master.txt,@敗北_onani_boss,オナニー,テティス,ところてん→メスイキ・メスの才能,射精0／ところてん系1／メスイキ系0,2832,49/50
N50_GhostShip_MOD,CSV/Card\GhostShip_master.txt,@敗北_inochi_m1,命乞い,モルガナ,（当たらない）,射精0／ところてん系0／メスイキ系0,2825,52/53
N50_GhostShip_MOD,CSV/Card\GhostShip_master.txt,@敗北_inochi_m2,命乞い,モルガナ,（当たらない）,射精0／ところてん系2／メスイキ系0,2795,51/52
N50_GhostShip_MOD,CSV/Card\GhostShip_master.txt,@敗北_inochi_m3,命乞い,モルガナ,ところてん→メスイキ・メスの才能・体のメス化,射精0／ところてん系3／メスイキ系0,2915,53/54
N50_GhostShip_MOD,CSV/Card\GhostShip_master.txt,@敗北_inochi_e1,命乞い,ローラ,（当たらない）,射精0／ところてん系0／メスイキ系0,2830,50/51
N50_GhostShip_MOD,CSV/Card\GhostShip_master.txt,@敗北_inochi_e2,命乞い,ジャッキー,メスの才能・体のメス化・アナル舐め,射精0／ところてん系0／メスイキ系0,2830,52/53
N50_GhostShip_MOD,CSV/Card\GhostShip_master.txt,@敗北_inochi_e3,命乞い,マリン,メスの才能・体のメス化,射精0／ところてん系2／メスイキ系0,2810,50/51
N50_GhostShip_MOD,CSV/Card\GhostShip_master.txt,@敗北_inochi_boss,命乞い,テティス,ところてん→メスイキ・メスの才能,射精0／ところてん系2／メスイキ系0,2814,46/47
N50_GhostShip_MOD,CSV/Card\GhostShip_master.txt,@敗北_onedari_m1,おねだり,モルガナ,（当たらない）,射精0／ところてん系0／メスイキ系0,2799,50/51
N50_GhostShip_MOD,CSV/Card\GhostShip_master.txt,@敗北_onedari_m2,おねだり,モルガナ,（当たらない）,射精0／ところてん系0／メスイキ系0,2822,49/50
N50_GhostShip_MOD,CSV/Card\GhostShip_master.txt,@敗北_onedari_m3,おねだり,モルガナ,ところてん→メスイキ・メスの才能・体のメス化,射精0／ところてん系3／メスイキ系0,2885,52/53
N50_GhostShip_MOD,CSV/Card\GhostShip_master.txt,@敗北_onedari_e1,おねだり,ローラ,（当たらない）,射精0／ところてん系0／メスイキ系0,2811,50/51
N50_GhostShip_MOD,CSV/Card\GhostShip_master.txt,@敗北_onedari_e2,おねだり,ジャッキー,メスの才能・体のメス化,射精0／ところてん系1／メスイキ系0,2806,52/53
N50_GhostShip_MOD,CSV/Card\GhostShip_master.txt,@敗北_onedari_e3,おねだり,マリン,メスの才能・体のメス化,射精0／ところてん系0／メスイキ系0,2871,51/52
N50_GhostShip_MOD,CSV/Card\GhostShip_master.txt,@敗北_onedari_boss,おねだり,テティス,ところてん→メスイキ,射精0／ところてん系0／メスイキ系0,2787,48/49
N51_Alchemy_MOD,CSV/Card\Alchemy_master.txt,@敗北_btl_m1,バトル,パラケルシア,メスの才能・体のメス化,射精0／ところてん系1／メスイキ系1,2853,46/47
N51_Alchemy_MOD,CSV/Card\Alchemy_master.txt,@敗北_btl_m2,バトル,パラケルシア,（当たらない）,射精0／ところてん系0／メスイキ系1,3016,51/52
N51_Alchemy_MOD,CSV/Card\Alchemy_master.txt,@敗北_btl_m3,バトル,パラケルシア,ところてん→メスイキ(メスイキの語あり)・メスの才能・体のメス化・ペニバンの書き分け,射精0／ところてん系2／メスイキ系1,2838,44/46
N51_Alchemy_MOD,CSV/Card\Alchemy_master.txt,@敗北_btl_e1,バトル,ミント,ところてん→メスイキ(メスイキの語あり)・メスの才能,射精0／ところてん系1／メスイキ系1,2887,46/47
N51_Alchemy_MOD,CSV/Card\Alchemy_master.txt,@敗北_btl_e2,バトル,セリ,ところてん→メスイキ・メスの才能,射精0／ところてん系1／メスイキ系0,2860,46/47
N51_Alchemy_MOD,CSV/Card\Alchemy_master.txt,@敗北_btl_e3,バトル,ホムラ,メスの才能,射精0／ところてん系1／メスイキ系1,2843,46/48
N51_Alchemy_MOD,CSV/Card\Alchemy_master.txt,@敗北_btl_boss,バトル,ヘルメス,ところてん→メスイキ(メスイキの語あり)・メスの才能,射精0／ところてん系1／メスイキ系1,2971,48/50
N51_Alchemy_MOD,CSV/Card\Alchemy_master.txt,@敗北_onani_m1,オナニー,パラケルシア,メスの才能・体のメス化,射精0／ところてん系1／メスイキ系0,2833,47/48
N51_Alchemy_MOD,CSV/Card\Alchemy_master.txt,@敗北_onani_m2,オナニー,パラケルシア,（当たらない）,射精0／ところてん系0／メスイキ系1,2823,46/47
N51_Alchemy_MOD,CSV/Card\Alchemy_master.txt,@敗北_onani_m3,オナニー,パラケルシア,ところてん→メスイキ(メスイキの語あり)・メスの才能・体のメス化・ペニバンの書き分け,射精0／ところてん系2／メスイキ系1,2858,45/46
N51_Alchemy_MOD,CSV/Card\Alchemy_master.txt,@敗北_onani_e1,オナニー,ミント,ところてん→メスイキ・メスの才能,射精0／ところてん系1／メスイキ系0,2898,43/44
N51_Alchemy_MOD,CSV/Card\Alchemy_master.txt,@敗北_onani_e2,オナニー,セリ,ところてん→メスイキ・メスの才能,射精0／ところてん系1／メスイキ系0,2832,44/45
N51_Alchemy_MOD,CSV/Card\Alchemy_master.txt,@敗北_onani_e3,オナニー,ホムラ,ところてん→メスイキ(メスイキの語あり)・メスの才能,射精0／ところてん系0／メスイキ系1,2854,45/46
N51_Alchemy_MOD,CSV/Card\Alchemy_master.txt,@敗北_onani_boss,オナニー,ヘルメス,ところてん→メスイキ(メスイキの語あり)・メスの才能,射精0／ところてん系0／メスイキ系1,2831,45/47
N51_Alchemy_MOD,CSV/Card\Alchemy_master.txt,@敗北_inochi_m1,命乞い,パラケルシア,メスの才能・体のメス化,射精0／ところてん系0／メスイキ系1,2819,46/47
N51_Alchemy_MOD,CSV/Card\Alchemy_master.txt,@敗北_inochi_m2,命乞い,パラケルシア,（当たらない）,射精0／ところてん系0／メスイキ系1,2840,46/47
N51_Alchemy_MOD,CSV/Card\Alchemy_master.txt,@敗北_inochi_m3,命乞い,パラケルシア,ところてん→メスイキ(メスイキの語あり)・メスの才能・体のメス化・ペニバンの書き分け,射精0／ところてん系2／メスイキ系1,2835,47/48
N51_Alchemy_MOD,CSV/Card\Alchemy_master.txt,@敗北_inochi_e1,命乞い,ミント,ところてん→メスイキ(メスイキの語あり)・メスの才能,射精0／ところてん系1／メスイキ系1,2844,42/43
N51_Alchemy_MOD,CSV/Card\Alchemy_master.txt,@敗北_inochi_e2,命乞い,セリ,ところてん→メスイキ・メスの才能,射精0／ところてん系0／メスイキ系0,2840,45/46
N51_Alchemy_MOD,CSV/Card\Alchemy_master.txt,@敗北_inochi_e3,命乞い,ホムラ,（当たらない）,射精0／ところてん系0／メスイキ系1,2819,46/47
N51_Alchemy_MOD,CSV/Card\Alchemy_master.txt,@敗北_inochi_boss,命乞い,ヘルメス,ところてん→メスイキ(メスイキの語あり)・メスの才能,射精0／ところてん系1／メスイキ系1,2841,45/47
N51_Alchemy_MOD,CSV/Card\Alchemy_master.txt,@敗北_onedari_m1,おねだり,パラケルシア,メスの才能・体のメス化,射精0／ところてん系1／メスイキ系0,2925,47/48
N51_Alchemy_MOD,CSV/Card\Alchemy_master.txt,@敗北_onedari_m2,おねだり,パラケルシア,（当たらない）,射精0／ところてん系0／メスイキ系1,2826,48/49
N51_Alchemy_MOD,CSV/Card\Alchemy_master.txt,@敗北_onedari_m3,おねだり,パラケルシア,ところてん→メスイキ(メスイキの語あり)・メスの才能・体のメス化・ペニバンの書き分け,射精0／ところてん系2／メスイキ系1,2868,47/48
N51_Alchemy_MOD,CSV/Card\Alchemy_master.txt,@敗北_onedari_e1,おねだり,ミント,ところてん→メスイキ・メスの才能,射精0／ところてん系0／メスイキ系0,2875,46/47
N51_Alchemy_MOD,CSV/Card\Alchemy_master.txt,@敗北_onedari_e2,おねだり,セリ,ところてん→メスイキ・メスの才能,射精0／ところてん系0／メスイキ系0,2888,48/49
N51_Alchemy_MOD,CSV/Card\Alchemy_master.txt,@敗北_onedari_e3,おねだり,ホムラ,メスの才能,射精0／ところてん系1／メスイキ系2,2852,46/47
N51_Alchemy_MOD,CSV/Card\Alchemy_master.txt,@敗北_onedari_boss,おねだり,ヘルメス,ところてん→メスイキ(メスイキの語あり)・メスの才能,射精0／ところてん系0／メスイキ系1,2848,45/46
N52_Masque_MOD,CSV/Card\Masque_master.txt,@敗北_btl_m1,バトル,ヴェロニカ,メスの才能,射精1／ところてん系0／メスイキ系0,2968,59/60
N52_Masque_MOD,CSV/Card\Masque_master.txt,@敗北_btl_m2,バトル,ヴェロニカ,乳首では出さない(射精の語あり 要確認)・メスの才能・体のメス化・ぱふぱふ,射精1／ところてん系0／メスイキ系0,2915,54/55
N52_Masque_MOD,CSV/Card\Masque_master.txt,@敗北_btl_m3,バトル,ヴェロニカ,ところてん→メスイキ・メスの才能・体のメス化・ペニバンの書き分け,射精1／ところてん系0／メスイキ系0,3018,55/57
N52_Masque_MOD,CSV/Card\Masque_master.txt,@敗北_btl_e1,バトル,エトワール,メスの才能,射精0／ところてん系1／メスイキ系0,2930,55/56
N52_Masque_MOD,CSV/Card\Masque_master.txt,@敗北_btl_e2,バトル,ポーラ,メスの才能・体のメス化,射精0／ところてん系5／メスイキ系0,2946,55/56
N52_Masque_MOD,CSV/Card\Masque_master.txt,@敗北_btl_e3,バトル,セシル,ところてん→メスイキ・乳首では出さない(射精の語あり 要確認)・メスの才能・体のメス化,射精1／ところてん系0／メスイキ系0,2935,57/58
N52_Masque_MOD,CSV/Card\Masque_master.txt,@敗北_btl_boss,バトル,ドミナ,ところてん→メスイキ・乳首では出さない(射精の語あり 要確認)・メスの才能・体のメス化,射精1／ところてん系0／メスイキ系0,2975,54/57
N52_Masque_MOD,CSV/Card\Masque_master.txt,@敗北_onani_m1,オナニー,ヴェロニカ,乳首では出さない(射精の語あり 要確認)・メスの才能・体のメス化,射精1／ところてん系2／メスイキ系0,3028,54/55
N52_Masque_MOD,CSV/Card\Masque_master.txt,@敗北_onani_m2,オナニー,ヴェロニカ,乳首では出さない(射精の語あり 要確認)・メスの才能・体のメス化,射精1／ところてん系0／メスイキ系0,3023,53/54
N52_Masque_MOD,CSV/Card\Masque_master.txt,@敗北_onani_m3,オナニー,ヴェロニカ,ところてん→メスイキ・メスの才能・体のメス化・ペニバンの書き分け,射精1／ところてん系0／メスイキ系0,2887,50/52
N52_Masque_MOD,CSV/Card\Masque_master.txt,@敗北_onani_e1,オナニー,エトワール,メスの才能・体のメス化,射精0／ところてん系1／メスイキ系0,2953,54/55
N52_Masque_MOD,CSV/Card\Masque_master.txt,@敗北_onani_e2,オナニー,ポーラ,メスの才能・体のメス化,射精0／ところてん系1／メスイキ系0,2943,54/55
N52_Masque_MOD,CSV/Card\Masque_master.txt,@敗北_onani_e3,オナニー,セシル,ところてん→メスイキ・乳首では出さない(射精の語あり 要確認)・メスの才能・体のメス化,射精1／ところてん系1／メスイキ系0,2868,52/53
N52_Masque_MOD,CSV/Card\Masque_master.txt,@敗北_onani_boss,オナニー,ドミナ,ところてん→メスイキ・乳首では出さない(射精の語あり 要確認)・メスの才能・体のメス化,射精1／ところてん系0／メスイキ系0,2934,49/51
N52_Masque_MOD,CSV/Card\Masque_master.txt,@敗北_inochi_m1,命乞い,ヴェロニカ,（当たらない）,射精1／ところてん系0／メスイキ系0,2867,51/52
N52_Masque_MOD,CSV/Card\Masque_master.txt,@敗北_inochi_m2,命乞い,ヴェロニカ,乳首では出さない(射精の語あり 要確認)・メスの才能・体のメス化,射精1／ところてん系0／メスイキ系0,2866,50/51
N52_Masque_MOD,CSV/Card\Masque_master.txt,@敗北_inochi_m3,命乞い,ヴェロニカ,ところてん→メスイキ・メスの才能・体のメス化・ペニバンの書き分け,射精1／ところてん系1／メスイキ系0,2854,51/52
N52_Masque_MOD,CSV/Card\Masque_master.txt,@敗北_inochi_e1,命乞い,エトワール,（当たらない）,射精0／ところてん系0／メスイキ系0,2871,52/53
N52_Masque_MOD,CSV/Card\Masque_master.txt,@敗北_inochi_e2,命乞い,ポーラ,乳首では出さない(射精の語あり 要確認)・メスの才能・体のメス化,射精1／ところてん系0／メスイキ系0,2905,51/52
N52_Masque_MOD,CSV/Card\Masque_master.txt,@敗北_inochi_e3,命乞い,セシル,ところてん→メスイキ・乳首では出さない(射精の語あり 要確認)・メスの才能・体のメス化,射精1／ところてん系0／メスイキ系0,2867,53/54
N52_Masque_MOD,CSV/Card\Masque_master.txt,@敗北_inochi_boss,命乞い,ドミナ,ところてん→メスイキ・メスの才能,射精1／ところてん系0／メスイキ系0,2885,51/52
N52_Masque_MOD,CSV/Card\Masque_master.txt,@敗北_onedari_m1,おねだり,ヴェロニカ,（当たらない）,射精1／ところてん系0／メスイキ系0,2882,52/53
N52_Masque_MOD,CSV/Card\Masque_master.txt,@敗北_onedari_m2,おねだり,ヴェロニカ,乳首では出さない(射精の語あり 要確認)・メスの才能・体のメス化・ぱふぱふ,射精1／ところてん系0／メスイキ系0,2915,54/55
N52_Masque_MOD,CSV/Card\Masque_master.txt,@敗北_onedari_m3,おねだり,ヴェロニカ,ところてん→メスイキ・メスの才能・体のメス化・ペニバンの書き分け,射精1／ところてん系1／メスイキ系0,2859,49/51
N52_Masque_MOD,CSV/Card\Masque_master.txt,@敗北_onedari_e1,おねだり,エトワール,（当たらない）,射精0／ところてん系1／メスイキ系0,2886,55/56
N52_Masque_MOD,CSV/Card\Masque_master.txt,@敗北_onedari_e2,おねだり,ポーラ,乳首では出さない(射精の語あり 要確認)・メスの才能・体のメス化,射精1／ところてん系1／メスイキ系0,2940,53/54
N52_Masque_MOD,CSV/Card\Masque_master.txt,@敗北_onedari_e3,おねだり,セシル,ところてん→メスイキ・乳首では出さない(射精の語あり 要確認)・メスの才能・体のメス化,射精1／ところてん系0／メスイキ系0,2820,53/54
N52_Masque_MOD,CSV/Card\Masque_master.txt,@敗北_onedari_boss,おねだり,ドミナ,ところてん→メスイキ・乳首では出さない(射精の語あり 要確認)・メスの才能・体のメス化,射精1／ところてん系0／メスイキ系0,2926,49/50
N53_Fortune_MOD,CSV/Card\Fortune_master.txt,@敗北_btl_m1,バトル,マダム・ステラ,（当たらない）,射精0／ところてん系1／メスイキ系0,2862,54/55
N53_Fortune_MOD,CSV/Card\Fortune_master.txt,@敗北_btl_m2,バトル,マダム・ステラ,メスの才能,射精0／ところてん系0／メスイキ系1,2896,55/56
N53_Fortune_MOD,CSV/Card\Fortune_master.txt,@敗北_btl_m3,バトル,マダム・ステラ,ところてん→メスイキ・メスの才能・体のメス化,射精0／ところてん系2／メスイキ系0,2889,51/52
N53_Fortune_MOD,CSV/Card\Fortune_master.txt,@敗北_btl_e1,バトル,ティア,メスの才能・体のメス化,射精0／ところてん系0／メスイキ系0,2826,53/54
N53_Fortune_MOD,CSV/Card\Fortune_master.txt,@敗北_btl_e2,バトル,ミスズ,ところてん→メスイキ・メスの才能,射精0／ところてん系0／メスイキ系0,2871,52/53
N53_Fortune_MOD,CSV/Card\Fortune_master.txt,@敗北_btl_e3,バトル,サラ,メスの才能,射精0／ところてん系0／メスイキ系0,2833,48/49
N53_Fortune_MOD,CSV/Card\Fortune_master.txt,@敗北_btl_boss,バトル,ノクス,ところてん→メスイキ(メスイキの語あり)・メスの才能・体のメス化,射精0／ところてん系0／メスイキ系1,2852,50/51
N53_Fortune_MOD,CSV/Card\Fortune_master.txt,@敗北_onani_m1,オナニー,マダム・ステラ,（当たらない）,射精0／ところてん系1／メスイキ系0,2868,53/54
N53_Fortune_MOD,CSV/Card\Fortune_master.txt,@敗北_onani_m2,オナニー,マダム・ステラ,メスの才能,射精0／ところてん系0／メスイキ系1,2838,53/55
N53_Fortune_MOD,CSV/Card\Fortune_master.txt,@敗北_onani_m3,オナニー,マダム・ステラ,ところてん→メスイキ・メスの才能・体のメス化,射精0／ところてん系0／メスイキ系0,2823,53/54
N53_Fortune_MOD,CSV/Card\Fortune_master.txt,@敗北_onani_e1,オナニー,ティア,メスの才能・体のメス化,射精0／ところてん系0／メスイキ系0,2831,55/56
N53_Fortune_MOD,CSV/Card\Fortune_master.txt,@敗北_onani_e2,オナニー,ミスズ,ところてん→メスイキ(メスイキの語あり)・メスの才能,射精0／ところてん系0／メスイキ系1,2857,51/52
N53_Fortune_MOD,CSV/Card\Fortune_master.txt,@敗北_onani_e3,オナニー,サラ,（当たらない）,射精0／ところてん系0／メスイキ系0,2842,48/50
N53_Fortune_MOD,CSV/Card\Fortune_master.txt,@敗北_onani_boss,オナニー,ノクス,ところてん→メスイキ(メスイキの語あり)・メスの才能・体のメス化,射精0／ところてん系0／メスイキ系1,2827,50/51
N53_Fortune_MOD,CSV/Card\Fortune_master.txt,@敗北_inochi_m1,命乞い,マダム・ステラ,（当たらない）,射精0／ところてん系0／メスイキ系0,2854,59/60
N53_Fortune_MOD,CSV/Card\Fortune_master.txt,@敗北_inochi_m2,命乞い,マダム・ステラ,ところてん→メスイキ(メスイキの語あり)・メスの才能,射精0／ところてん系0／メスイキ系1,2843,56/57
N53_Fortune_MOD,CSV/Card\Fortune_master.txt,@敗北_inochi_m3,命乞い,マダム・ステラ,ところてん→メスイキ・メスの才能,射精0／ところてん系0／メスイキ系0,2858,57/58
N53_Fortune_MOD,CSV/Card\Fortune_master.txt,@敗北_inochi_e1,命乞い,ティア,メスの才能・体のメス化,射精0／ところてん系0／メスイキ系0,2867,62/63
N53_Fortune_MOD,CSV/Card\Fortune_master.txt,@敗北_inochi_e2,命乞い,ミスズ,ところてん→メスイキ(メスイキの語あり)・メスの才能,射精0／ところてん系0／メスイキ系1,2854,58/59
N53_Fortune_MOD,CSV/Card\Fortune_master.txt,@敗北_inochi_e3,命乞い,サラ,メスの才能,射精0／ところてん系0／メスイキ系0,2865,52/54
N53_Fortune_MOD,CSV/Card\Fortune_master.txt,@敗北_inochi_boss,命乞い,ノクス,ところてん→メスイキ・メスの才能・体のメス化,射精0／ところてん系0／メスイキ系0,2845,54/55
N53_Fortune_MOD,CSV/Card\Fortune_master.txt,@敗北_onedari_m1,おねだり,マダム・ステラ,（当たらない）,射精0／ところてん系0／メスイキ系0,2824,54/55
N53_Fortune_MOD,CSV/Card\Fortune_master.txt,@敗北_onedari_m2,おねだり,マダム・ステラ,ところてん→メスイキ(メスイキの語あり)・メスの才能,射精0／ところてん系1／メスイキ系1,2848,54/55
N53_Fortune_MOD,CSV/Card\Fortune_master.txt,@敗北_onedari_m3,おねだり,マダム・ステラ,メスの才能・体のメス化,射精0／ところてん系0／メスイキ系0,2821,57/58
N53_Fortune_MOD,CSV/Card\Fortune_master.txt,@敗北_onedari_e1,おねだり,ティア,メスの才能・体のメス化,射精0／ところてん系0／メスイキ系0,2818,55/56
N53_Fortune_MOD,CSV/Card\Fortune_master.txt,@敗北_onedari_e2,おねだり,ミスズ,ところてん→メスイキ(メスイキの語あり)・メスの才能,射精0／ところてん系0／メスイキ系1,2854,56/57
N53_Fortune_MOD,CSV/Card\Fortune_master.txt,@敗北_onedari_e3,おねだり,サラ,メスの才能,射精0／ところてん系0／メスイキ系0,2870,51/52
N53_Fortune_MOD,CSV/Card\Fortune_master.txt,@敗北_onedari_boss,おねだり,ノクス,ところてん→メスイキ(メスイキの語あり)・メスの才能・体のメス化,射精0／ところてん系0／メスイキ系1,2832,53/55
N54_Revue_MOD,CSV/Card\Revue_master.txt,@敗北_btl_m1,バトル,ルシア,メスの才能・体のメス化,射精0／ところてん系1／メスイキ系1,2973,55/56
N54_Revue_MOD,CSV/Card\Revue_master.txt,@敗北_btl_m2,バトル,ルシア,メスの才能・体のメス化,射精0／ところてん系0／メスイキ系0,2923,48/49
N54_Revue_MOD,CSV/Card\Revue_master.txt,@敗北_btl_m3,バトル,ルシア,ところてん→メスイキ・メスの才能・体のメス化,射精0／ところてん系1／メスイキ系0,2975,48/49
N54_Revue_MOD,CSV/Card\Revue_master.txt,@敗北_btl_e1,バトル,ミユ,メスの才能・体のメス化,射精0／ところてん系0／メスイキ系0,2910,49/50
N54_Revue_MOD,CSV/Card\Revue_master.txt,@敗北_btl_e2,バトル,レオナ,ところてん→メスイキ(メスイキの語あり)・メスの才能・体のメス化,射精0／ところてん系0／メスイキ系1,2919,49/50
N54_Revue_MOD,CSV/Card\Revue_master.txt,@敗北_btl_e3,バトル,ココ,メスの才能・体のメス化,射精0／ところてん系0／メスイキ系1,2955,50/51
N54_Revue_MOD,CSV/Card\Revue_master.txt,@敗北_btl_boss,バトル,オデット,ところてん→メスイキ(メスイキの語あり)・メスの才能・体のメス化,射精0／ところてん系1／メスイキ系1,2926,45/46
N54_Revue_MOD,CSV/Card\Revue_master.txt,@敗北_onani_m1,オナニー,ルシア,メスの才能・体のメス化,射精0／ところてん系1／メスイキ系1,2952,50/51
N54_Revue_MOD,CSV/Card\Revue_master.txt,@敗北_onani_m2,オナニー,ルシア,メスの才能・体のメス化,射精0／ところてん系1／メスイキ系1,2930,53/54
N54_Revue_MOD,CSV/Card\Revue_master.txt,@敗北_onani_m3,オナニー,ルシア,ところてん→メスイキ・メスの才能・体のメス化,射精0／ところてん系0／メスイキ系0,2924,49/50
N54_Revue_MOD,CSV/Card\Revue_master.txt,@敗北_onani_e1,オナニー,ミユ,メスの才能・体のメス化,射精0／ところてん系2／メスイキ系1,2919,51/52
N54_Revue_MOD,CSV/Card\Revue_master.txt,@敗北_onani_e2,オナニー,レオナ,ところてん→メスイキ(メスイキの語あり)・メスの才能・体のメス化,射精0／ところてん系0／メスイキ系1,2933,50/51
N54_Revue_MOD,CSV/Card\Revue_master.txt,@敗北_onani_e3,オナニー,ココ,メスの才能・体のメス化,射精0／ところてん系0／メスイキ系1,2931,46/48
N54_Revue_MOD,CSV/Card\Revue_master.txt,@敗北_onani_boss,オナニー,オデット,ところてん→メスイキ(メスイキの語あり)・メスの才能・体のメス化,射精0／ところてん系0／メスイキ系1,2922,49/50
N54_Revue_MOD,CSV/Card\Revue_master.txt,@敗北_inochi_m1,命乞い,ルシア,メスの才能・体のメス化,射精0／ところてん系2／メスイキ系1,2935,51/52
N54_Revue_MOD,CSV/Card\Revue_master.txt,@敗北_inochi_m2,命乞い,ルシア,メスの才能・体のメス化,射精0／ところてん系0／メスイキ系1,2924,52/53
N54_Revue_MOD,CSV/Card\Revue_master.txt,@敗北_inochi_m3,命乞い,ルシア,ところてん→メスイキ・メスの才能・体のメス化,射精0／ところてん系0／メスイキ系0,2932,48/49
N54_Revue_MOD,CSV/Card\Revue_master.txt,@敗北_inochi_e1,命乞い,ミユ,体のメス化,射精0／ところてん系1／メスイキ系1,2940,47/48
N54_Revue_MOD,CSV/Card\Revue_master.txt,@敗北_inochi_e2,命乞い,レオナ,ところてん→メスイキ(メスイキの語あり)・メスの才能・体のメス化,射精0／ところてん系1／メスイキ系1,2899,49/50
N54_Revue_MOD,CSV/Card\Revue_master.txt,@敗北_inochi_e3,命乞い,ココ,メスの才能・体のメス化,射精0／ところてん系0／メスイキ系1,2917,48/49
N54_Revue_MOD,CSV/Card\Revue_master.txt,@敗北_inochi_boss,命乞い,オデット,ところてん→メスイキ(メスイキの語あり)・メスの才能・体のメス化,射精0／ところてん系1／メスイキ系1,2926,45/46
N54_Revue_MOD,CSV/Card\Revue_master.txt,@敗北_onedari_m1,おねだり,ルシア,体のメス化,射精0／ところてん系1／メスイキ系1,2934,49/50
N54_Revue_MOD,CSV/Card\Revue_master.txt,@敗北_onedari_m2,おねだり,ルシア,体のメス化,射精0／ところてん系0／メスイキ系1,2919,48/49
N54_Revue_MOD,CSV/Card\Revue_master.txt,@敗北_onedari_m3,おねだり,ルシア,ところてん→メスイキ・メスの才能・体のメス化,射精0／ところてん系1／メスイキ系0,2917,49/50
N54_Revue_MOD,CSV/Card\Revue_master.txt,@敗北_onedari_e1,おねだり,ミユ,メスの才能・体のメス化,射精0／ところてん系1／メスイキ系1,2923,48/49
N54_Revue_MOD,CSV/Card\Revue_master.txt,@敗北_onedari_e2,おねだり,レオナ,ところてん→メスイキ(メスイキの語あり)・メスの才能・体のメス化,射精0／ところてん系1／メスイキ系1,2918,48/49
N54_Revue_MOD,CSV/Card\Revue_master.txt,@敗北_onedari_e3,おねだり,ココ,メスの才能・体のメス化,射精0／ところてん系1／メスイキ系1,2927,47/48
N54_Revue_MOD,CSV/Card\Revue_master.txt,@敗北_onedari_boss,おねだり,オデット,ところてん→メスイキ(メスイキの語あり)・メスの才能・体のメス化,射精0／ところてん系1／メスイキ系1,2929,48/49
N55_Studio_MOD,CSV/Card\Studio_master.txt,@敗北_btl_m1,バトル,キリエ,メスの才能,射精0／ところてん系2／メスイキ系0,3057,58/59
N55_Studio_MOD,CSV/Card\Studio_master.txt,@敗北_btl_m2,バトル,キリエ,ところてん→メスイキ・メスの才能,射精0／ところてん系0／メスイキ系0,2987,57/58
N55_Studio_MOD,CSV/Card\Studio_master.txt,@敗北_btl_m3,バトル,キリエ,ところてん→メスイキ(メスイキの語あり)・メスの才能・体のメス化,射精0／ところてん系2／メスイキ系1,2965,57/58
N55_Studio_MOD,CSV/Card\Studio_master.txt,@敗北_btl_e1,バトル,ミカ,メスの才能・体のメス化,射精0／ところてん系1／メスイキ系1,2958,53/54
N55_Studio_MOD,CSV/Card\Studio_master.txt,@敗北_btl_e2,バトル,アカリ,ところてん→メスイキ(メスイキの語あり)・メスの才能,射精0／ところてん系3／メスイキ系1,2961,52/53
N55_Studio_MOD,CSV/Card\Studio_master.txt,@敗北_btl_e3,バトル,エマ,（当たらない）,射精0／ところてん系0／メスイキ系1,2926,56/57
N55_Studio_MOD,CSV/Card\Studio_master.txt,@敗北_btl_boss,バトル,ロザリー,ところてん→メスイキ・メスの才能,射精0／ところてん系1／メスイキ系0,2945,50/51
N55_Studio_MOD,CSV/Card\Studio_master.txt,@敗北_onani_m1,オナニー,キリエ,メスの才能,射精0／ところてん系0／メスイキ系0,2935,52/53
N55_Studio_MOD,CSV/Card\Studio_master.txt,@敗北_onani_m2,オナニー,キリエ,メスの才能,射精0／ところてん系1／メスイキ系1,2925,55/56
N55_Studio_MOD,CSV/Card\Studio_master.txt,@敗北_onani_m3,オナニー,キリエ,ところてん→メスイキ(メスイキの語あり)・メスの才能・体のメス化,射精0／ところてん系0／メスイキ系1,2943,54/55
N55_Studio_MOD,CSV/Card\Studio_master.txt,@敗北_onani_e1,オナニー,ミカ,メスの才能・体のメス化,射精0／ところてん系0／メスイキ系1,2935,52/53
N55_Studio_MOD,CSV/Card\Studio_master.txt,@敗北_onani_e2,オナニー,アカリ,ところてん→メスイキ(メスイキの語あり)・メスの才能,射精0／ところてん系2／メスイキ系1,2937,49/50
N55_Studio_MOD,CSV/Card\Studio_master.txt,@敗北_onani_e3,オナニー,エマ,メスの才能・体のメス化,射精0／ところてん系0／メスイキ系1,2913,52/53
N55_Studio_MOD,CSV/Card\Studio_master.txt,@敗北_onani_boss,オナニー,ロザリー,ところてん→メスイキ(メスイキの語あり)・メスの才能,射精0／ところてん系1／メスイキ系1,2916,48/49
N55_Studio_MOD,CSV/Card\Studio_master.txt,@敗北_inochi_m1,命乞い,キリエ,メスの才能,射精0／ところてん系4／メスイキ系0,2907,54/55
N55_Studio_MOD,CSV/Card\Studio_master.txt,@敗北_inochi_m2,命乞い,キリエ,ところてん→メスイキ(メスイキの語あり)・メスの才能,射精0／ところてん系0／メスイキ系1,2911,51/52
N55_Studio_MOD,CSV/Card\Studio_master.txt,@敗北_inochi_m3,命乞い,キリエ,ところてん→メスイキ(メスイキの語あり)・メスの才能・体のメス化,射精0／ところてん系1／メスイキ系1,2893,52/53
N55_Studio_MOD,CSV/Card\Studio_master.txt,@敗北_inochi_e1,命乞い,ミカ,メスの才能・体のメス化,射精0／ところてん系0／メスイキ系1,2903,48/49
N55_Studio_MOD,CSV/Card\Studio_master.txt,@敗北_inochi_e2,命乞い,アカリ,ところてん→メスイキ(メスイキの語あり)・メスの才能,射精0／ところてん系3／メスイキ系1,2891,48/49
N55_Studio_MOD,CSV/Card\Studio_master.txt,@敗北_inochi_e3,命乞い,エマ,体のメス化,射精0／ところてん系0／メスイキ系1,2911,48/49
N55_Studio_MOD,CSV/Card\Studio_master.txt,@敗北_inochi_boss,命乞い,ロザリー,ところてん→メスイキ(メスイキの語あり)・メスの才能,射精0／ところてん系1／メスイキ系1,2909,49/50
N55_Studio_MOD,CSV/Card\Studio_master.txt,@敗北_onedari_m1,おねだり,キリエ,メスの才能・体のメス化,射精0／ところてん系1／メスイキ系0,2912,51/52
N55_Studio_MOD,CSV/Card\Studio_master.txt,@敗北_onedari_m2,おねだり,キリエ,メスの才能,射精0／ところてん系2／メスイキ系1,2901,52/53
N55_Studio_MOD,CSV/Card\Studio_master.txt,@敗北_onedari_m3,おねだり,キリエ,ところてん→メスイキ(メスイキの語あり)・メスの才能・体のメス化,射精0／ところてん系1／メスイキ系1,2887,50/51
N55_Studio_MOD,CSV/Card\Studio_master.txt,@敗北_onedari_e1,おねだり,ミカ,メスの才能・体のメス化,射精0／ところてん系0／メスイキ系1,2917,47/48
N55_Studio_MOD,CSV/Card\Studio_master.txt,@敗北_onedari_e2,おねだり,アカリ,ところてん→メスイキ(メスイキの語あり)・メスの才能,射精0／ところてん系4／メスイキ系1,2894,50/51
N55_Studio_MOD,CSV/Card\Studio_master.txt,@敗北_onedari_e3,おねだり,エマ,メスの才能・体のメス化,射精0／ところてん系2／メスイキ系1,2899,49/50
N55_Studio_MOD,CSV/Card\Studio_master.txt,@敗北_onedari_boss,おねだり,ロザリー,ところてん→メスイキ(メスイキの語あり)・メスの才能,射精0／ところてん系1／メスイキ系1,2886,46/47
N56_Luna_MOD,CSV/Card\Luna_master.txt,@敗北_btl_m1,バトル,セレーネ,メスの才能,射精2／ところてん系0／メスイキ系0,2969,58/59
N56_Luna_MOD,CSV/Card\Luna_master.txt,@敗北_btl_m2,バトル,セレーネ,（当たらない）,射精0／ところてん系0／メスイキ系1,2921,59/60
N56_Luna_MOD,CSV/Card\Luna_master.txt,@敗北_btl_m3,バトル,セレーネ,ところてん→メスイキ(メスイキの語あり)・メスの才能・体のメス化・ペニバンの書き分け,射精0／ところてん系1／メスイキ系1,2946,58/60
N56_Luna_MOD,CSV/Card\Luna_master.txt,@敗北_btl_e1,バトル,ツクヨ,メスの才能,射精0／ところてん系1／メスイキ系1,2870,57/58
N56_Luna_MOD,CSV/Card\Luna_master.txt,@敗北_btl_e2,バトル,カグヤ,メスの才能,射精2／ところてん系0／メスイキ系1,2984,60/61
N56_Luna_MOD,CSV/Card\Luna_master.txt,@敗北_btl_e3,バトル,ゲッカ,メスの才能,射精0／ところてん系1／メスイキ系1,2875,56/57
N56_Luna_MOD,CSV/Card\Luna_master.txt,@敗北_btl_boss,バトル,ルナリア,メスの才能,射精2／ところてん系1／メスイキ系0,2945,56/57
N56_Luna_MOD,CSV/Card\Luna_master.txt,@敗北_onani_m1,オナニー,セレーネ,メスの才能,射精0／ところてん系0／メスイキ系1,2937,55/56
N56_Luna_MOD,CSV/Card\Luna_master.txt,@敗北_onani_m2,オナニー,セレーネ,（当たらない）,射精0／ところてん系0／メスイキ系1,2910,57/58
N56_Luna_MOD,CSV/Card\Luna_master.txt,@敗北_onani_m3,オナニー,セレーネ,ところてん→メスイキ・メスの才能・体のメス化・ペニバンの書き分け・ぱふぱふ(匂いなし),射精2／ところてん系1／メスイキ系0,2920,57/59
N56_Luna_MOD,CSV/Card\Luna_master.txt,@敗北_onani_e1,オナニー,ツクヨ,メスの才能,射精0／ところてん系1／メスイキ系1,2897,57/58
N56_Luna_MOD,CSV/Card\Luna_master.txt,@敗北_onani_e2,オナニー,カグヤ,アナル舐め,射精0／ところてん系0／メスイキ系2,2867,54/55
N56_Luna_MOD,CSV/Card\Luna_master.txt,@敗北_onani_e3,オナニー,ゲッカ,（当たらない）,射精0／ところてん系1／メスイキ系1,2919,58/59
N56_Luna_MOD,CSV/Card\Luna_master.txt,@敗北_onani_boss,オナニー,ルナリア,メスの才能,射精2／ところてん系1／メスイキ系0,2902,56/57
N56_Luna_MOD,CSV/Card\Luna_master.txt,@敗北_inochi_m1,命乞い,セレーネ,（当たらない）,射精2／ところてん系0／メスイキ系1,2850,58/59
N56_Luna_MOD,CSV/Card\Luna_master.txt,@敗北_inochi_m2,命乞い,セレーネ,（当たらない）,射精0／ところてん系0／メスイキ系1,2885,63/64
N56_Luna_MOD,CSV/Card\Luna_master.txt,@敗北_inochi_m3,命乞い,セレーネ,ところてん→メスイキ(メスイキの語あり)・メスの才能・体のメス化・ペニバンの書き分け,射精0／ところてん系1／メスイキ系1,2901,61/63
N56_Luna_MOD,CSV/Card\Luna_master.txt,@敗北_inochi_e1,命乞い,ツクヨ,メスの才能,射精0／ところてん系1／メスイキ系1,2857,63/64
N56_Luna_MOD,CSV/Card\Luna_master.txt,@敗北_inochi_e2,命乞い,カグヤ,メスの才能,射精0／ところてん系0／メスイキ系2,2852,60/61
N56_Luna_MOD,CSV/Card\Luna_master.txt,@敗北_inochi_e3,命乞い,ゲッカ,（当たらない）,射精0／ところてん系0／メスイキ系1,2931,64/65
N56_Luna_MOD,CSV/Card\Luna_master.txt,@敗北_inochi_boss,命乞い,ルナリア,メスの才能,射精2／ところてん系1／メスイキ系0,2877,64/65
N56_Luna_MOD,CSV/Card\Luna_master.txt,@敗北_onedari_m1,おねだり,セレーネ,（当たらない）,射精2／ところてん系0／メスイキ系1,2869,64/66
N56_Luna_MOD,CSV/Card\Luna_master.txt,@敗北_onedari_m2,おねだり,セレーネ,（当たらない）,射精0／ところてん系0／メスイキ系1,2853,64/65
N56_Luna_MOD,CSV/Card\Luna_master.txt,@敗北_onedari_m3,おねだり,セレーネ,ところてん→メスイキ(メスイキの語あり)・メスの才能・体のメス化・ペニバンの書き分け・ぱふぱふ(匂いなし),射精0／ところてん系1／メスイキ系1,2869,59/61
N56_Luna_MOD,CSV/Card\Luna_master.txt,@敗北_onedari_e1,おねだり,ツクヨ,メスの才能,射精2／ところてん系1／メスイキ系1,2862,65/66
N56_Luna_MOD,CSV/Card\Luna_master.txt,@敗北_onedari_e2,おねだり,カグヤ,（当たらない）,射精0／ところてん系0／メスイキ系1,2855,65/66
N56_Luna_MOD,CSV/Card\Luna_master.txt,@敗北_onedari_e3,おねだり,ゲッカ,（当たらない）,射精0／ところてん系0／メスイキ系1,2925,65/66
N56_Luna_MOD,CSV/Card\Luna_master.txt,@敗北_onedari_boss,おねだり,ルナリア,メスの才能,射精2／ところてん系1／メスイキ系0,2943,66/67
N57_Police_MOD,CSV/Card\Police_master.txt,@敗北_btl_m1,バトル,ヒムロ,メスの才能・体のメス化,射精0／ところてん系0／メスイキ系0,2956,59/60
N57_Police_MOD,CSV/Card\Police_master.txt,@敗北_btl_m2,バトル,ヒムロ,（当たらない）,射精0／ところてん系0／メスイキ系0,2923,56/57
N57_Police_MOD,CSV/Card\Police_master.txt,@敗北_btl_m3,バトル,ヒムロ,ところてん→メスイキ(メスイキの語あり)・メスの才能・体のメス化・ペニバンの書き分け,射精0／ところてん系1／メスイキ系1,2953,52/53
N57_Police_MOD,CSV/Card\Police_master.txt,@敗北_btl_e1,バトル,ミナミ,ところてん→メスイキ・メスの才能,射精1／ところてん系0／メスイキ系0,2929,56/57
N57_Police_MOD,CSV/Card\Police_master.txt,@敗北_btl_e2,バトル,クレア,（当たらない）,射精0／ところてん系2／メスイキ系0,2912,53/54
N57_Police_MOD,CSV/Card\Police_master.txt,@敗北_btl_e3,バトル,ジュン,（当たらない）,射精0／ところてん系2／メスイキ系0,2947,58/59
N57_Police_MOD,CSV/Card\Police_master.txt,@敗北_btl_boss,バトル,アヤセ,ところてん→メスイキ・メスの才能・体のメス化,射精0／ところてん系1／メスイキ系0,3008,50/51
N57_Police_MOD,CSV/Card\Police_master.txt,@敗北_onani_m1,オナニー,ヒムロ,メスの才能・体のメス化,射精0／ところてん系2／メスイキ系0,2914,51/53
N57_Police_MOD,CSV/Card\Police_master.txt,@敗北_onani_m2,オナニー,ヒムロ,（当たらない）,射精0／ところてん系1／メスイキ系0,2880,51/52
N57_Police_MOD,CSV/Card\Police_master.txt,@敗北_onani_m3,オナニー,ヒムロ,ところてん→メスイキ(メスイキの語あり)・メスの才能・体のメス化・ペニバンの書き分け,射精0／ところてん系0／メスイキ系1,2863,54/55
N57_Police_MOD,CSV/Card\Police_master.txt,@敗北_onani_e1,オナニー,ミナミ,ところてん→メスイキ・メスの才能,射精1／ところてん系0／メスイキ系0,2899,54/55
N57_Police_MOD,CSV/Card\Police_master.txt,@敗北_onani_e2,オナニー,クレア,（当たらない）,射精0／ところてん系0／メスイキ系1,2889,49/50
N57_Police_MOD,CSV/Card\Police_master.txt,@敗北_onani_e3,オナニー,ジュン,（当たらない）,射精0／ところてん系0／メスイキ系0,2842,52/53
N57_Police_MOD,CSV/Card\Police_master.txt,@敗北_onani_boss,オナニー,アヤセ,ところてん→メスイキ・メスの才能・体のメス化,射精0／ところてん系0／メスイキ系0,2856,51/52
N57_Police_MOD,CSV/Card\Police_master.txt,@敗北_inochi_m1,命乞い,ヒムロ,メスの才能・体のメス化,射精0／ところてん系0／メスイキ系0,2887,54/55
N57_Police_MOD,CSV/Card\Police_master.txt,@敗北_inochi_m2,命乞い,ヒムロ,（当たらない）,射精0／ところてん系1／メスイキ系0,2827,48/49
N57_Police_MOD,CSV/Card\Police_master.txt,@敗北_inochi_m3,命乞い,ヒムロ,ところてん→メスイキ(メスイキの語あり)・メスの才能・体のメス化・ペニバンの書き分け,射精0／ところてん系0／メスイキ系1,2827,50/51
N57_Police_MOD,CSV/Card\Police_master.txt,@敗北_inochi_e1,命乞い,ミナミ,ところてん→メスイキ・メスの才能・体のメス化,射精1／ところてん系0／メスイキ系0,2846,51/52
N57_Police_MOD,CSV/Card\Police_master.txt,@敗北_inochi_e2,命乞い,クレア,（当たらない）,射精1／ところてん系1／メスイキ系1,2885,49/50
N57_Police_MOD,CSV/Card\Police_master.txt,@敗北_inochi_e3,命乞い,ジュン,（当たらない）,射精0／ところてん系0／メスイキ系0,2850,52/53
N57_Police_MOD,CSV/Card\Police_master.txt,@敗北_inochi_boss,命乞い,アヤセ,ところてん→メスイキ(メスイキの語あり)・メスの才能・体のメス化,射精0／ところてん系1／メスイキ系2,2833,48/49
N57_Police_MOD,CSV/Card\Police_master.txt,@敗北_onedari_m1,おねだり,ヒムロ,メスの才能・体のメス化,射精0／ところてん系0／メスイキ系0,2831,54/55
N57_Police_MOD,CSV/Card\Police_master.txt,@敗北_onedari_m2,おねだり,ヒムロ,（当たらない）,射精0／ところてん系1／メスイキ系0,2842,53/54
N57_Police_MOD,CSV/Card\Police_master.txt,@敗北_onedari_m3,おねだり,ヒムロ,ところてん→メスイキ(メスイキの語あり)・メスの才能・体のメス化・ペニバンの書き分け,射精0／ところてん系0／メスイキ系1,2825,52/53
N57_Police_MOD,CSV/Card\Police_master.txt,@敗北_onedari_e1,おねだり,ミナミ,ところてん→メスイキ・メスの才能・体のメス化,射精1／ところてん系0／メスイキ系0,2822,53/54
N57_Police_MOD,CSV/Card\Police_master.txt,@敗北_onedari_e2,おねだり,クレア,（当たらない）,射精1／ところてん系0／メスイキ系1,2840,53/54
N57_Police_MOD,CSV/Card\Police_master.txt,@敗北_onedari_e3,おねだり,ジュン,（当たらない）,射精0／ところてん系0／メスイキ系0,2843,52/53
N57_Police_MOD,CSV/Card\Police_master.txt,@敗北_onedari_boss,おねだり,アヤセ,ところてん→メスイキ・メスの才能,射精0／ところてん系0／メスイキ系0,2830,47/48
N58_Circus_MOD,CSV/Card\Circus_master.txt,@敗北_btl_m1,バトル,カリオペ,メスの才能・体のメス化,射精0／ところてん系1／メスイキ系0,2945,50/51
N58_Circus_MOD,CSV/Card\Circus_master.txt,@敗北_btl_m2,バトル,カリオペ,（当たらない）,射精3／ところてん系0／メスイキ系0,2918,49/50
N58_Circus_MOD,CSV/Card\Circus_master.txt,@敗北_btl_m3,バトル,カリオペ,ところてん→メスイキ・メスの才能,射精1／ところてん系1／メスイキ系0,2924,47/49
N58_Circus_MOD,CSV/Card\Circus_master.txt,@敗北_btl_e1,バトル,ミリ,メスの才能・体のメス化,射精0／ところてん系0／メスイキ系0,2986,52/53
N58_Circus_MOD,CSV/Card\Circus_master.txt,@敗北_btl_e2,バトル,ラン,（当たらない）,射精0／ところてん系0／メスイキ系0,2947,53/54
N58_Circus_MOD,CSV/Card\Circus_master.txt,@敗北_btl_e3,バトル,マジカ,ところてん→メスイキ・メスの才能,射精3／ところてん系0／メスイキ系0,2925,47/48
N58_Circus_MOD,CSV/Card\Circus_master.txt,@敗北_btl_boss,バトル,アリエル,メスの才能・体のメス化,射精0／ところてん系2／メスイキ系1,2955,47/48
N58_Circus_MOD,CSV/Card\Circus_master.txt,@敗北_onani_m1,オナニー,カリオペ,メスの才能・体のメス化,射精0／ところてん系0／メスイキ系0,2962,50/51
N58_Circus_MOD,CSV/Card\Circus_master.txt,@敗北_onani_m2,オナニー,カリオペ,（当たらない）,射精3／ところてん系1／メスイキ系0,3045,49/50
N58_Circus_MOD,CSV/Card\Circus_master.txt,@敗北_onani_m3,オナニー,カリオペ,ところてん→メスイキ・メスの才能,射精1／ところてん系2／メスイキ系0,2925,46/48
N58_Circus_MOD,CSV/Card\Circus_master.txt,@敗北_onani_e1,オナニー,ミリ,メスの才能・体のメス化,射精0／ところてん系2／メスイキ系0,2967,49/50
N58_Circus_MOD,CSV/Card\Circus_master.txt,@敗北_onani_e2,オナニー,ラン,（当たらない）,射精0／ところてん系0／メスイキ系0,2953,51/52
N58_Circus_MOD,CSV/Card\Circus_master.txt,@敗北_onani_e3,オナニー,マジカ,ところてん→メスイキ・メスの才能,射精3／ところてん系0／メスイキ系0,3102,53/54
N58_Circus_MOD,CSV/Card\Circus_master.txt,@敗北_onani_boss,オナニー,アリエル,メスの才能・体のメス化,射精0／ところてん系0／メスイキ系2,2956,50/51
N58_Circus_MOD,CSV/Card\Circus_master.txt,@敗北_inochi_m1,命乞い,カリオペ,メスの才能・体のメス化,射精0／ところてん系0／メスイキ系0,2954,53/54
N58_Circus_MOD,CSV/Card\Circus_master.txt,@敗北_inochi_m2,命乞い,カリオペ,（当たらない）,射精3／ところてん系0／メスイキ系0,2904,51/52
N58_Circus_MOD,CSV/Card\Circus_master.txt,@敗北_inochi_m3,命乞い,カリオペ,ところてん→メスイキ・メスの才能,射精1／ところてん系2／メスイキ系0,2922,48/50
N58_Circus_MOD,CSV/Card\Circus_master.txt,@敗北_inochi_e1,命乞い,ミリ,メスの才能・体のメス化,射精0／ところてん系1／メスイキ系0,2954,52/53
N58_Circus_MOD,CSV/Card\Circus_master.txt,@敗北_inochi_e2,命乞い,ラン,（当たらない）,射精0／ところてん系0／メスイキ系0,2968,53/54
N58_Circus_MOD,CSV/Card\Circus_master.txt,@敗北_inochi_e3,命乞い,マジカ,ところてん→メスイキ・メスの才能,射精3／ところてん系0／メスイキ系0,2944,52/53
N58_Circus_MOD,CSV/Card\Circus_master.txt,@敗北_inochi_boss,命乞い,アリエル,メスの才能・体のメス化,射精0／ところてん系0／メスイキ系2,2977,49/50
N58_Circus_MOD,CSV/Card\Circus_master.txt,@敗北_onedari_m1,おねだり,カリオペ,メスの才能・体のメス化,射精0／ところてん系2／メスイキ系0,2959,49/50
N58_Circus_MOD,CSV/Card\Circus_master.txt,@敗北_onedari_m2,おねだり,カリオペ,（当たらない）,射精3／ところてん系0／メスイキ系0,2885,49/50
N58_Circus_MOD,CSV/Card\Circus_master.txt,@敗北_onedari_m3,おねだり,カリオペ,ところてん→メスイキ・メスの才能,射精1／ところてん系1／メスイキ系0,2884,45/47
N58_Circus_MOD,CSV/Card\Circus_master.txt,@敗北_onedari_e1,おねだり,ミリ,メスの才能・体のメス化,射精0／ところてん系0／メスイキ系0,2948,54/55
N58_Circus_MOD,CSV/Card\Circus_master.txt,@敗北_onedari_e2,おねだり,ラン,（当たらない）,射精0／ところてん系0／メスイキ系0,2944,54/55
N58_Circus_MOD,CSV/Card\Circus_master.txt,@敗北_onedari_e3,おねだり,マジカ,ところてん→メスイキ・メスの才能,射精3／ところてん系0／メスイキ系0,3005,52/53
N58_Circus_MOD,CSV/Card\Circus_master.txt,@敗北_onedari_boss,おねだり,アリエル,メスの才能・体のメス化,射精0／ところてん系1／メスイキ系2,2916,50/51
N59_Candy_MOD,CSV/Card\Candy_master.txt,@敗北_btl_m1,バトル,ショコラ,メスの才能・体のメス化,射精0／ところてん系0／メスイキ系1,2926,55/56
N59_Candy_MOD,CSV/Card\Candy_master.txt,@敗北_btl_m2,バトル,ショコラ,（当たらない）,射精0／ところてん系1／メスイキ系1,2893,54/55
N59_Candy_MOD,CSV/Card\Candy_master.txt,@敗北_btl_m3,バトル,ショコラ,ところてん→メスイキ(メスイキの語あり)・メスの才能・体のメス化・ペニバンの書き分け,射精0／ところてん系0／メスイキ系1,2966,53/55
N59_Candy_MOD,CSV/Card\Candy_master.txt,@敗北_btl_e1,バトル,マカロン,ところてん→メスイキ(メスイキの語あり)・メスの才能,射精0／ところてん系0／メスイキ系1,2902,51/52
N59_Candy_MOD,CSV/Card\Candy_master.txt,@敗北_btl_e2,バトル,アメリ,ところてん→メスイキ(メスイキの語あり)・メスの才能,射精0／ところてん系2／メスイキ系1,2974,55/57
N59_Candy_MOD,CSV/Card\Candy_master.txt,@敗北_btl_e3,バトル,クッキー,体のメス化,射精0／ところてん系1／メスイキ系0,2973,53/54
N59_Candy_MOD,CSV/Card\Candy_master.txt,@敗北_btl_boss,バトル,カラメラ,ところてん→メスイキ(メスイキの語あり)・メスの才能・体のメス化,射精0／ところてん系0／メスイキ系1,2927,51/52
N59_Candy_MOD,CSV/Card\Candy_master.txt,@敗北_onani_m1,オナニー,ショコラ,メスの才能・体のメス化,射精0／ところてん系0／メスイキ系1,2965,54/55
N59_Candy_MOD,CSV/Card\Candy_master.txt,@敗北_onani_m2,オナニー,ショコラ,（当たらない）,射精0／ところてん系0／メスイキ系1,2880,55/56
N59_Candy_MOD,CSV/Card\Candy_master.txt,@敗北_onani_m3,オナニー,ショコラ,ところてん→メスイキ(メスイキの語あり)・メスの才能・体のメス化・ペニバンの書き分け,射精0／ところてん系0／メスイキ系1,2924,53/56
N59_Candy_MOD,CSV/Card\Candy_master.txt,@敗北_onani_e1,オナニー,マカロン,ところてん→メスイキ(メスイキの語あり)・メスの才能,射精0／ところてん系1／メスイキ系1,2929,54/55
N59_Candy_MOD,CSV/Card\Candy_master.txt,@敗北_onani_e2,オナニー,アメリ,ところてん→メスイキ(メスイキの語あり)・メスの才能,射精0／ところてん系0／メスイキ系1,2899,57/58
N59_Candy_MOD,CSV/Card\Candy_master.txt,@敗北_onani_e3,オナニー,クッキー,体のメス化,射精0／ところてん系1／メスイキ系0,2903,54/55
N59_Candy_MOD,CSV/Card\Candy_master.txt,@敗北_onani_boss,オナニー,カラメラ,ところてん→メスイキ(メスイキの語あり)・メスの才能・体のメス化,射精0／ところてん系0／メスイキ系1,2912,51/52
N59_Candy_MOD,CSV/Card\Candy_master.txt,@敗北_inochi_m1,命乞い,ショコラ,メスの才能・体のメス化,射精0／ところてん系0／メスイキ系1,2951,55/56
N59_Candy_MOD,CSV/Card\Candy_master.txt,@敗北_inochi_m2,命乞い,ショコラ,（当たらない）,射精0／ところてん系0／メスイキ系1,2907,64/65
N59_Candy_MOD,CSV/Card\Candy_master.txt,@敗北_inochi_m3,命乞い,ショコラ,ところてん→メスイキ(メスイキの語あり)・メスの才能・体のメス化・ペニバンの書き分け,射精0／ところてん系1／メスイキ系1,2917,53/55
N59_Candy_MOD,CSV/Card\Candy_master.txt,@敗北_inochi_e1,命乞い,マカロン,ところてん→メスイキ(メスイキの語あり)・メスの才能,射精0／ところてん系1／メスイキ系1,2986,54/55
N59_Candy_MOD,CSV/Card\Candy_master.txt,@敗北_inochi_e2,命乞い,アメリ,ところてん→メスイキ(メスイキの語あり)・メスの才能,射精0／ところてん系0／メスイキ系1,2888,55/56
N59_Candy_MOD,CSV/Card\Candy_master.txt,@敗北_inochi_e3,命乞い,クッキー,（当たらない）,射精0／ところてん系1／メスイキ系0,2878,55/56
N59_Candy_MOD,CSV/Card\Candy_master.txt,@敗北_inochi_boss,命乞い,カラメラ,ところてん→メスイキ(メスイキの語あり)・メスの才能・体のメス化,射精0／ところてん系1／メスイキ系1,2928,52/53
N59_Candy_MOD,CSV/Card\Candy_master.txt,@敗北_onedari_m1,おねだり,ショコラ,メスの才能・体のメス化,射精0／ところてん系0／メスイキ系1,2863,57/58
N59_Candy_MOD,CSV/Card\Candy_master.txt,@敗北_onedari_m2,おねだり,ショコラ,（当たらない）,射精0／ところてん系0／メスイキ系1,2911,59/60
N59_Candy_MOD,CSV/Card\Candy_master.txt,@敗北_onedari_m3,おねだり,ショコラ,ところてん→メスイキ(メスイキの語あり)・メスの才能・体のメス化・ペニバンの書き分け,射精0／ところてん系0／メスイキ系1,2918,54/59
N59_Candy_MOD,CSV/Card\Candy_master.txt,@敗北_onedari_e1,おねだり,マカロン,ところてん→メスイキ(メスイキの語あり)・メスの才能,射精0／ところてん系1／メスイキ系1,2901,59/60
N59_Candy_MOD,CSV/Card\Candy_master.txt,@敗北_onedari_e2,おねだり,アメリ,ところてん→メスイキ(メスイキの語あり)・メスの才能,射精0／ところてん系1／メスイキ系1,2868,59/61
N59_Candy_MOD,CSV/Card\Candy_master.txt,@敗北_onedari_e3,おねだり,クッキー,（当たらない）,射精0／ところてん系1／メスイキ系0,2887,56/58
N59_Candy_MOD,CSV/Card\Candy_master.txt,@敗北_onedari_boss,おねだり,カラメラ,ところてん→メスイキ(メスイキの語あり)・メスの才能・体のメス化,射精0／ところてん系1／メスイキ系1,2889,56/57
N60_Starship_MOD,CSV/Card\Starship_master.txt,@敗北_btl_m1,バトル,アストレア,乳首では出さない(射精の語あり 要確認)・メスの才能・体のメス化,射精1／ところてん系0／メスイキ系0,2903,55/56
N60_Starship_MOD,CSV/Card\Starship_master.txt,@敗北_btl_m2,バトル,アストレア,乳首では出さない(射精の語あり 要確認)・メスの才能・体のメス化,射精1／ところてん系0／メスイキ系0,2888,55/56
N60_Starship_MOD,CSV/Card\Starship_master.txt,@敗北_btl_m3,バトル,アストレア,ところてん→メスイキ・メスの才能,射精1／ところてん系2／メスイキ系0,2872,53/55
N60_Starship_MOD,CSV/Card\Starship_master.txt,@敗北_btl_e1,バトル,ノヴァ,ところてん→メスイキ・メスの才能,射精4／ところてん系2／メスイキ系0,2926,54/55
N60_Starship_MOD,CSV/Card\Starship_master.txt,@敗北_btl_e2,バトル,リゲル,乳首では出さない(射精の語あり 要確認)・メスの才能・体のメス化,射精1／ところてん系0／メスイキ系0,2941,54/55
N60_Starship_MOD,CSV/Card\Starship_master.txt,@敗北_btl_e3,バトル,イリス,乳首では出さない(射精の語あり 要確認)・メスの才能・体のメス化,射精2／ところてん系1／メスイキ系0,2929,54/55
N60_Starship_MOD,CSV/Card\Starship_master.txt,@敗北_btl_boss,バトル,ヴェガ,ところてん→メスイキ・メスの才能,射精1／ところてん系1／メスイキ系0,3009,55/56
N60_Starship_MOD,CSV/Card\Starship_master.txt,@敗北_onani_m1,オナニー,アストレア,乳首では出さない(射精の語あり 要確認)・メスの才能・体のメス化・ぱふぱふ(匂いなし),射精1／ところてん系0／メスイキ系0,3010,55/56
N60_Starship_MOD,CSV/Card\Starship_master.txt,@敗北_onani_m2,オナニー,アストレア,乳首では出さない(射精の語あり 要確認)・メスの才能・体のメス化,射精1／ところてん系1／メスイキ系0,2899,54/55
N60_Starship_MOD,CSV/Card\Starship_master.txt,@敗北_onani_m3,オナニー,アストレア,ところてん→メスイキ・メスの才能,射精1／ところてん系1／メスイキ系0,2896,51/53
N60_Starship_MOD,CSV/Card\Starship_master.txt,@敗北_onani_e1,オナニー,ノヴァ,ところてん→メスイキ・メスの才能,射精2／ところてん系2／メスイキ系0,2907,53/54
N60_Starship_MOD,CSV/Card\Starship_master.txt,@敗北_onani_e2,オナニー,リゲル,乳首では出さない(射精の語あり 要確認)・メスの才能・体のメス化,射精1／ところてん系0／メスイキ系0,2894,51/53
N60_Starship_MOD,CSV/Card\Starship_master.txt,@敗北_onani_e3,オナニー,イリス,乳首では出さない(射精の語あり 要確認)・メスの才能・体のメス化,射精1／ところてん系1／メスイキ系0,2889,51/52
N60_Starship_MOD,CSV/Card\Starship_master.txt,@敗北_onani_boss,オナニー,ヴェガ,ところてん→メスイキ・乳首では出さない(射精の語あり 要確認)・メスの才能・体のメス化,射精1／ところてん系1／メスイキ系0,2913,56/57
N60_Starship_MOD,CSV/Card\Starship_master.txt,@敗北_inochi_m1,命乞い,アストレア,乳首では出さない(射精の語あり 要確認)・メスの才能・体のメス化,射精1／ところてん系0／メスイキ系0,2860,53/54
N60_Starship_MOD,CSV/Card\Starship_master.txt,@敗北_inochi_m2,命乞い,アストレア,（当たらない）,射精1／ところてん系0／メスイキ系0,2895,56/57
N60_Starship_MOD,CSV/Card\Starship_master.txt,@敗北_inochi_m3,命乞い,アストレア,ところてん→メスイキ・メスの才能,射精1／ところてん系1／メスイキ系0,2853,55/57
N60_Starship_MOD,CSV/Card\Starship_master.txt,@敗北_inochi_e1,命乞い,ノヴァ,ところてん→メスイキ・メスの才能,射精4／ところてん系2／メスイキ系0,2864,53/54
N60_Starship_MOD,CSV/Card\Starship_master.txt,@敗北_inochi_e2,命乞い,リゲル,乳首では出さない(射精の語あり 要確認)・メスの才能・体のメス化,射精1／ところてん系0／メスイキ系0,2916,53/54
N60_Starship_MOD,CSV/Card\Starship_master.txt,@敗北_inochi_e3,命乞い,イリス,乳首では出さない(射精の語あり 要確認)・メスの才能・体のメス化,射精1／ところてん系1／メスイキ系0,2881,55/56
N60_Starship_MOD,CSV/Card\Starship_master.txt,@敗北_inochi_boss,命乞い,ヴェガ,ところてん→メスイキ・メスの才能,射精1／ところてん系1／メスイキ系0,2880,52/53
N60_Starship_MOD,CSV/Card\Starship_master.txt,@敗北_onedari_m1,おねだり,アストレア,乳首では出さない(射精の語あり 要確認)・メスの才能・体のメス化,射精1／ところてん系0／メスイキ系0,2876,57/58
N60_Starship_MOD,CSV/Card\Starship_master.txt,@敗北_onedari_m2,おねだり,アストレア,（当たらない）,射精1／ところてん系0／メスイキ系0,2937,58/59
N60_Starship_MOD,CSV/Card\Starship_master.txt,@敗北_onedari_m3,おねだり,アストレア,ところてん→メスイキ・メスの才能,射精1／ところてん系1／メスイキ系0,2853,54/56
N60_Starship_MOD,CSV/Card\Starship_master.txt,@敗北_onedari_e1,おねだり,ノヴァ,ところてん→メスイキ・メスの才能,射精3／ところてん系2／メスイキ系0,2904,60/61
N60_Starship_MOD,CSV/Card\Starship_master.txt,@敗北_onedari_e2,おねだり,リゲル,乳首では出さない(射精の語あり 要確認)・メスの才能・体のメス化,射精1／ところてん系0／メスイキ系0,2908,57/58
N60_Starship_MOD,CSV/Card\Starship_master.txt,@敗北_onedari_e3,おねだり,イリス,乳首では出さない(射精の語あり 要確認)・メスの才能・体のメス化,射精1／ところてん系1／メスイキ系0,2939,61/62
N60_Starship_MOD,CSV/Card\Starship_master.txt,@敗北_onedari_boss,おねだり,ヴェガ,ところてん→メスイキ・乳首では出さない(射精の語あり 要確認)・メスの才能・体のメス化,射精1／ところてん系1／メスイキ系0,2884,60/62
N61_Konoha_MOD,CSV/Card\Konoha_master.txt,@敗北_btl_m1,バトル,コノハ,乳首では出さない(射精の語あり 要確認)・メスの才能・体のメス化,射精8／ところてん系3／メスイキ系0,3707,81/82
N61_Konoha_MOD,CSV/Card\Konoha_master.txt,@敗北_btl_m2,バトル,コノハ,ぱふぱふ,射精3／ところてん系0／メスイキ系0,3654,79/80
N61_Konoha_MOD,CSV/Card\Konoha_master.txt,@敗北_btl_m3,バトル,コノハ,乳首では出さない(射精の語あり 要確認)・メスの才能・体のメス化,射精5／ところてん系1／メスイキ系0,3664,81/82
N61_Konoha_MOD,CSV/Card\Konoha_master.txt,@敗北_btl_e1,バトル,サキュバスメイド,アナル舐め,射精4／ところてん系0／メスイキ系0,3648,83/84
N61_Konoha_MOD,CSV/Card\Konoha_master.txt,@敗北_btl_e2,バトル,サムライガール,（当たらない）,射精2／ところてん系2／メスイキ系0,3632,85/86
N61_Konoha_MOD,CSV/Card\Konoha_master.txt,@敗北_btl_e3,バトル,ヒワ,乳首では出さない(射精の語あり 要確認)・メスの才能・体のメス化,射精2／ところてん系1／メスイキ系0,3690,83/84
N61_Konoha_MOD,CSV/Card\Konoha_master.txt,@敗北_btl_boss,バトル,シズク,乳首では出さない(射精の語あり 要確認)・メスの才能・体のメス化・ぱふぱふ,射精2／ところてん系1／メスイキ系0,3632,78/79
N61_Konoha_MOD,CSV/Card\Konoha_master.txt,@敗北_onani_m1,オナニー,コノハ,乳首では出さない(射精の語あり 要確認)・メスの才能・体のメス化,射精3／ところてん系1／メスイキ系0,3652,81/83
N61_Konoha_MOD,CSV/Card\Konoha_master.txt,@敗北_onani_m2,オナニー,コノハ,ぱふぱふ,射精4／ところてん系1／メスイキ系0,3620,80/81
N61_Konoha_MOD,CSV/Card\Konoha_master.txt,@敗北_onani_m3,オナニー,コノハ,乳首では出さない(射精の語あり 要確認)・メスの才能・体のメス化,射精2／ところてん系1／メスイキ系0,3634,83/84
N61_Konoha_MOD,CSV/Card\Konoha_master.txt,@敗北_onani_e1,オナニー,サキュバスメイド,（当たらない）,射精2／ところてん系0／メスイキ系0,3642,78/79
N61_Konoha_MOD,CSV/Card\Konoha_master.txt,@敗北_onani_e2,オナニー,サムライガール,乳首では出さない(射精の語あり 要確認)・メスの才能・体のメス化,射精2／ところてん系1／メスイキ系0,3636,81/82
N61_Konoha_MOD,CSV/Card\Konoha_master.txt,@敗北_onani_e3,オナニー,ヒワ,乳首では出さない(射精の語あり 要確認)・メスの才能・体のメス化,射精2／ところてん系1／メスイキ系0,3625,78/80
N61_Konoha_MOD,CSV/Card\Konoha_master.txt,@敗北_onani_boss,オナニー,シズク,乳首では出さない(射精の語あり 要確認)・メスの才能・体のメス化・ぱふぱふ,射精2／ところてん系1／メスイキ系0,3838,79/80
N61_Konoha_MOD,CSV/Card\Konoha_master.txt,@敗北_inochi_m1,命乞い,コノハ,乳首では出さない(射精の語あり 要確認)・メスの才能・体のメス化,射精1／ところてん系2／メスイキ系0,3782,82/83
N61_Konoha_MOD,CSV/Card\Konoha_master.txt,@敗北_inochi_m2,命乞い,コノハ,ぱふぱふ,射精1／ところてん系1／メスイキ系0,3723,79/80
N61_Konoha_MOD,CSV/Card\Konoha_master.txt,@敗北_inochi_m3,命乞い,コノハ,乳首では出さない(射精の語あり 要確認)・メスの才能・体のメス化,射精4／ところてん系0／メスイキ系0,3690,83/84
N61_Konoha_MOD,CSV/Card\Konoha_master.txt,@敗北_inochi_e1,命乞い,サキュバスメイド,（当たらない）,射精0／ところてん系1／メスイキ系0,3706,81/82
N61_Konoha_MOD,CSV/Card\Konoha_master.txt,@敗北_inochi_e2,命乞い,サムライガール,（当たらない）,射精2／ところてん系1／メスイキ系0,3672,80/81
N61_Konoha_MOD,CSV/Card\Konoha_master.txt,@敗北_inochi_e3,命乞い,ヒワ,乳首では出さない(射精の語あり 要確認)・メスの才能・体のメス化,射精2／ところてん系0／メスイキ系0,3670,77/78
N61_Konoha_MOD,CSV/Card\Konoha_master.txt,@敗北_inochi_boss,命乞い,シズク,乳首では出さない(射精の語あり 要確認)・メスの才能・体のメス化・ぱふぱふ,射精2／ところてん系1／メスイキ系0,3668,78/79
N61_Konoha_MOD,CSV/Card\Konoha_master.txt,@敗北_onedari_m1,おねだり,コノハ,メスの才能・体のメス化・ぱふぱふ,射精0／ところてん系2／メスイキ系0,3656,78/79
N61_Konoha_MOD,CSV/Card\Konoha_master.txt,@敗北_onedari_m2,おねだり,コノハ,ぱふぱふ,射精2／ところてん系0／メスイキ系0,3663,78/79
N61_Konoha_MOD,CSV/Card\Konoha_master.txt,@敗北_onedari_m3,おねだり,コノハ,乳首では出さない(射精の語あり 要確認)・メスの才能・体のメス化・ぱふぱふ(匂いなし),射精1／ところてん系0／メスイキ系0,3645,80/81
N61_Konoha_MOD,CSV/Card\Konoha_master.txt,@敗北_onedari_e1,おねだり,サキュバスメイド,（当たらない）,射精0／ところてん系0／メスイキ系0,3670,75/76
N61_Konoha_MOD,CSV/Card\Konoha_master.txt,@敗北_onedari_e2,おねだり,サムライガール,（当たらない）,射精2／ところてん系0／メスイキ系0,3648,78/79
N61_Konoha_MOD,CSV/Card\Konoha_master.txt,@敗北_onedari_e3,おねだり,ヒワ,乳首では出さない(射精の語あり 要確認)・メスの才能・体のメス化,射精1／ところてん系0／メスイキ系0,3652,77/78
N61_Konoha_MOD,CSV/Card\Konoha_master.txt,@敗北_onedari_boss,おねだり,シズク,乳首では出さない(射精の語あり 要確認)・メスの才能・体のメス化・ぱふぱふ,射精1／ところてん系1／メスイキ系0,3655,76/77
N62_Eruru_MOD,CSV/Card\Eruru_master.txt,@敗北_btl_m1,バトル,エルル,（当たらない）,射精4／ところてん系0／メスイキ系0,3653,81/82
N62_Eruru_MOD,CSV/Card\Eruru_master.txt,@敗北_btl_m2,バトル,エルル,（当たらない）,射精3／ところてん系1／メスイキ系0,3672,84/85
N62_Eruru_MOD,CSV/Card\Eruru_master.txt,@敗北_btl_m3,バトル,エルル,乳首では出さない(射精の語あり 要確認)・メスの才能・体のメス化,射精4／ところてん系0／メスイキ系0,3634,80/81
N62_Eruru_MOD,CSV/Card\Eruru_master.txt,@敗北_btl_e1,バトル,生意気キャロル,ぱふぱふ,射精2／ところてん系1／メスイキ系0,3630,82/83
N62_Eruru_MOD,CSV/Card\Eruru_master.txt,@敗北_btl_e2,バトル,マリベル,乳首では出さない(射精の語あり 要確認)・メスの才能・体のメス化,射精4／ところてん系1／メスイキ系0,3591,81/82
N62_Eruru_MOD,CSV/Card\Eruru_master.txt,@敗北_btl_e3,バトル,ティナ,体のメス化,射精0／ところてん系2／メスイキ系0,3634,89/90
N62_Eruru_MOD,CSV/Card\Eruru_master.txt,@敗北_btl_boss,バトル,怪盗サキュバス,メスの才能・体のメス化,射精0／ところてん系1／メスイキ系0,3572,80/81
N62_Eruru_MOD,CSV/Card\Eruru_master.txt,@敗北_onani_m1,オナニー,エルル,乳首では出さない(射精の語あり 要確認)・メスの才能・体のメス化,射精5／ところてん系2／メスイキ系0,3548,79/80
N62_Eruru_MOD,CSV/Card\Eruru_master.txt,@敗北_onani_m2,オナニー,エルル,（当たらない）,射精1／ところてん系1／メスイキ系0,3553,81/82
N62_Eruru_MOD,CSV/Card\Eruru_master.txt,@敗北_onani_m3,オナニー,エルル,乳首では出さない(射精の語あり 要確認)・メスの才能・体のメス化,射精2／ところてん系1／メスイキ系0,3520,79/80
N62_Eruru_MOD,CSV/Card\Eruru_master.txt,@敗北_onani_e1,オナニー,生意気キャロル,ぱふぱふ,射精3／ところてん系0／メスイキ系0,3610,83/84
N62_Eruru_MOD,CSV/Card\Eruru_master.txt,@敗北_onani_e2,オナニー,マリベル,乳首では出さない(射精の語あり 要確認)・メスの才能・体のメス化,射精5／ところてん系1／メスイキ系0,3581,86/87
N62_Eruru_MOD,CSV/Card\Eruru_master.txt,@敗北_onani_e3,オナニー,ティナ,（当たらない）,射精3／ところてん系1／メスイキ系0,3541,83/84
N62_Eruru_MOD,CSV/Card\Eruru_master.txt,@敗北_onani_boss,オナニー,怪盗サキュバス,メスの才能・体のメス化,射精0／ところてん系0／メスイキ系0,3552,79/80
N62_Eruru_MOD,CSV/Card\Eruru_master.txt,@敗北_inochi_m1,命乞い,エルル,（当たらない）,射精4／ところてん系0／メスイキ系0,3778,81/82
N62_Eruru_MOD,CSV/Card\Eruru_master.txt,@敗北_inochi_m2,命乞い,エルル,（当たらない）,射精3／ところてん系2／メスイキ系0,3707,78/79
N62_Eruru_MOD,CSV/Card\Eruru_master.txt,@敗北_inochi_m3,命乞い,エルル,乳首では出さない(射精の語あり 要確認)・メスの才能・体のメス化,射精1／ところてん系0／メスイキ系0,3683,74/75
N62_Eruru_MOD,CSV/Card\Eruru_master.txt,@敗北_inochi_e1,命乞い,生意気キャロル,ぱふぱふ,射精2／ところてん系1／メスイキ系0,3681,78/79
N62_Eruru_MOD,CSV/Card\Eruru_master.txt,@敗北_inochi_e2,命乞い,マリベル,乳首では出さない(射精の語あり 要確認)・メスの才能・体のメス化,射精1／ところてん系1／メスイキ系0,3734,78/79
N62_Eruru_MOD,CSV/Card\Eruru_master.txt,@敗北_inochi_e3,命乞い,ティナ,体のメス化,射精2／ところてん系0／メスイキ系0,3663,75/76
N62_Eruru_MOD,CSV/Card\Eruru_master.txt,@敗北_inochi_boss,命乞い,怪盗サキュバス,メスの才能・体のメス化,射精0／ところてん系0／メスイキ系0,3650,73/74
N62_Eruru_MOD,CSV/Card\Eruru_master.txt,@敗北_onedari_m1,おねだり,エルル,（当たらない）,射精3／ところてん系1／メスイキ系0,3655,72/73
N62_Eruru_MOD,CSV/Card\Eruru_master.txt,@敗北_onedari_m2,おねだり,エルル,（当たらない）,射精1／ところてん系1／メスイキ系0,3695,80/81
N62_Eruru_MOD,CSV/Card\Eruru_master.txt,@敗北_onedari_m3,おねだり,エルル,乳首では出さない(射精の語あり 要確認)・メスの才能・体のメス化,射精1／ところてん系1／メスイキ系0,3662,72/73
N62_Eruru_MOD,CSV/Card\Eruru_master.txt,@敗北_onedari_e1,おねだり,生意気キャロル,ぱふぱふ,射精5／ところてん系2／メスイキ系0,3676,77/78
N62_Eruru_MOD,CSV/Card\Eruru_master.txt,@敗北_onedari_e2,おねだり,マリベル,メスの才能・体のメス化,射精0／ところてん系1／メスイキ系0,3647,74/75
N62_Eruru_MOD,CSV/Card\Eruru_master.txt,@敗北_onedari_e3,おねだり,ティナ,（当たらない）,射精0／ところてん系0／メスイキ系0,3680,75/76
N62_Eruru_MOD,CSV/Card\Eruru_master.txt,@敗北_onedari_boss,おねだり,怪盗サキュバス,乳首では出さない(射精の語あり 要確認)・メスの才能・体のメス化,射精1／ところてん系1／メスイキ系0,3658,73/74
N63_Exam_MOD,CSV/Card\Exam_master.txt,@敗北_btl_m1,バトル,試験官,（当たらない）,射精3／ところてん系0／メスイキ系0,3880,91/92
N63_Exam_MOD,CSV/Card\Exam_master.txt,@敗北_btl_m2,バトル,試験官,乳首では出さない(射精の語あり 要確認)・メスの才能・体のメス化,射精3／ところてん系2／メスイキ系0,3846,88/89
N63_Exam_MOD,CSV/Card\Exam_master.txt,@敗北_btl_m3,バトル,試験官,（当たらない）,射精3／ところてん系0／メスイキ系0,3852,91/92
N63_Exam_MOD,CSV/Card\Exam_master.txt,@敗北_btl_e1,バトル,アーチャー,乳首では出さない(射精の語あり 要確認)・メスの才能・体のメス化,射精3／ところてん系2／メスイキ系0,3833,84/85
N63_Exam_MOD,CSV/Card\Exam_master.txt,@敗北_btl_e2,バトル,大剣使いの守護傭兵,ぱふぱふ,射精3／ところてん系1／メスイキ系0,3859,86/87
N63_Exam_MOD,CSV/Card\Exam_master.txt,@敗北_btl_e3,バトル,ミント,体のメス化,射精6／ところてん系2／メスイキ系0,3812,86/87
N63_Exam_MOD,CSV/Card\Exam_master.txt,@敗北_btl_boss,バトル,サキュバススナイパー,乳首では出さない(射精の語あり 要確認)・メスの才能・体のメス化,射精4／ところてん系0／メスイキ系0,3791,86/87
N63_Exam_MOD,CSV/Card\Exam_master.txt,@敗北_onani_m1,オナニー,試験官,乳首では出さない(射精の語あり 要確認)・メスの才能・体のメス化,射精5／ところてん系1／メスイキ系0,3807,83/84
N63_Exam_MOD,CSV/Card\Exam_master.txt,@敗北_onani_m2,オナニー,試験官,乳首では出さない(射精の語あり 要確認)・メスの才能・体のメス化,射精1／ところてん系0／メスイキ系0,3806,85/86
N63_Exam_MOD,CSV/Card\Exam_master.txt,@敗北_onani_m3,オナニー,試験官,乳首では出さない(射精の語あり 要確認)・メスの才能・体のメス化・アナル舐め,射精6／ところてん系2／メスイキ系0,3820,83/84
N63_Exam_MOD,CSV/Card\Exam_master.txt,@敗北_onani_e1,オナニー,アーチャー,乳首では出さない(射精の語あり 要確認)・メスの才能・体のメス化,射精4／ところてん系1／メスイキ系0,3807,84/85
N63_Exam_MOD,CSV/Card\Exam_master.txt,@敗北_onani_e2,オナニー,大剣使いの守護傭兵,ぱふぱふ,射精3／ところてん系2／メスイキ系0,3846,87/88
N63_Exam_MOD,CSV/Card\Exam_master.txt,@敗北_onani_e3,オナニー,ミント,体のメス化,射精8／ところてん系0／メスイキ系0,3845,86/87
N63_Exam_MOD,CSV/Card\Exam_master.txt,@敗北_onani_boss,オナニー,サキュバススナイパー,乳首では出さない(射精の語あり 要確認)・メスの才能・体のメス化,射精3／ところてん系0／メスイキ系0,3823,85/86
N63_Exam_MOD,CSV/Card\Exam_master.txt,@敗北_inochi_m1,命乞い,試験官,（当たらない）,射精2／ところてん系0／メスイキ系0,3868,87/88
N63_Exam_MOD,CSV/Card\Exam_master.txt,@敗北_inochi_m2,命乞い,試験官,乳首では出さない(射精の語あり 要確認)・メスの才能・体のメス化,射精3／ところてん系2／メスイキ系0,3848,85/86
N63_Exam_MOD,CSV/Card\Exam_master.txt,@敗北_inochi_m3,命乞い,試験官,（当たらない）,射精2／ところてん系0／メスイキ系0,3846,85/86
N63_Exam_MOD,CSV/Card\Exam_master.txt,@敗北_inochi_e1,命乞い,アーチャー,乳首では出さない(射精の語あり 要確認)・メスの才能・体のメス化,射精1／ところてん系1／メスイキ系0,3844,85/86
N63_Exam_MOD,CSV/Card\Exam_master.txt,@敗北_inochi_e2,命乞い,大剣使いの守護傭兵,ぱふぱふ,射精4／ところてん系1／メスイキ系0,3838,83/84
N63_Exam_MOD,CSV/Card\Exam_master.txt,@敗北_inochi_e3,命乞い,ミント,体のメス化,射精6／ところてん系1／メスイキ系0,3825,82/83
N63_Exam_MOD,CSV/Card\Exam_master.txt,@敗北_inochi_boss,命乞い,サキュバススナイパー,乳首では出さない(射精の語あり 要確認)・メスの才能・体のメス化,射精2／ところてん系1／メスイキ系0,3846,86/87
N63_Exam_MOD,CSV/Card\Exam_master.txt,@敗北_onedari_m1,おねだり,試験官,（当たらない）,射精4／ところてん系1／メスイキ系0,3826,83/84
N63_Exam_MOD,CSV/Card\Exam_master.txt,@敗北_onedari_m2,おねだり,試験官,乳首では出さない(射精の語あり 要確認)・メスの才能・体のメス化,射精2／ところてん系0／メスイキ系0,3829,87/88
N63_Exam_MOD,CSV/Card\Exam_master.txt,@敗北_onedari_m3,おねだり,試験官,（当たらない）,射精1／ところてん系1／メスイキ系0,3852,85/86
N63_Exam_MOD,CSV/Card\Exam_master.txt,@敗北_onedari_e1,おねだり,アーチャー,乳首では出さない(射精の語あり 要確認)・メスの才能・体のメス化,射精2／ところてん系2／メスイキ系0,3820,85/86
N63_Exam_MOD,CSV/Card\Exam_master.txt,@敗北_onedari_e2,おねだり,大剣使いの守護傭兵,ぱふぱふ,射精4／ところてん系1／メスイキ系0,3827,83/84
N63_Exam_MOD,CSV/Card\Exam_master.txt,@敗北_onedari_e3,おねだり,ミント,体のメス化,射精3／ところてん系1／メスイキ系0,3821,84/85
N63_Exam_MOD,CSV/Card\Exam_master.txt,@敗北_onedari_boss,おねだり,サキュバススナイパー,乳首では出さない(射精の語あり 要確認)・メスの才能・体のメス化,射精1／ところてん系0／メスイキ系0,3821,83/84
N64_Sister_MOD,CSV/Card\Sister_master.txt,@敗北_btl_m1,バトル,シスター,ぱふぱふ(匂いなし),射精1／ところてん系0／メスイキ系0,3871,89/90
N64_Sister_MOD,CSV/Card\Sister_master.txt,@敗北_btl_m2,バトル,シスター,ぱふぱふ,射精2／ところてん系0／メスイキ系0,3941,86/87
N64_Sister_MOD,CSV/Card\Sister_master.txt,@敗北_btl_m3,バトル,シスター,ところてん→メスイキ・メスの才能・体のメス化,射精0／ところてん系5／メスイキ系0,3971,89/90
N64_Sister_MOD,CSV/Card\Sister_master.txt,@敗北_btl_e1,バトル,パイズリ処刑人,乳首では出さない(射精の語あり 要確認)・メスの才能・体のメス化,射精1／ところてん系1／メスイキ系0,3852,82/83
N64_Sister_MOD,CSV/Card\Sister_master.txt,@敗北_btl_e2,バトル,ぱふぱふ処刑人,ぱふぱふ,射精0／ところてん系1／メスイキ系0,3945,86/87
N64_Sister_MOD,CSV/Card\Sister_master.txt,@敗北_btl_e3,バトル,クレリック,メスの才能・体のメス化,射精0／ところてん系0／メスイキ系0,3906,84/85
N64_Sister_MOD,CSV/Card\Sister_master.txt,@敗北_btl_boss,バトル,イージス,乳首では出さない(射精の語あり 要確認)・メスの才能・体のメス化・ぱふぱふ(匂いなし),射精1／ところてん系0／メスイキ系0,3925,89/90
N64_Sister_MOD,CSV/Card\Sister_master.txt,@敗北_onani_m1,オナニー,シスター,（当たらない）,射精0／ところてん系0／メスイキ系0,3853,84/85
N64_Sister_MOD,CSV/Card\Sister_master.txt,@敗北_onani_m2,オナニー,シスター,ぱふぱふ,射精0／ところてん系0／メスイキ系0,3866,84/85
N64_Sister_MOD,CSV/Card\Sister_master.txt,@敗北_onani_m3,オナニー,シスター,ところてん→メスイキ・メスの才能,射精0／ところてん系2／メスイキ系0,3917,84/85
N64_Sister_MOD,CSV/Card\Sister_master.txt,@敗北_onani_e1,オナニー,パイズリ処刑人,メスの才能・体のメス化,射精0／ところてん系1／メスイキ系0,3883,78/79
N64_Sister_MOD,CSV/Card\Sister_master.txt,@敗北_onani_e2,オナニー,ぱふぱふ処刑人,ぱふぱふ,射精0／ところてん系1／メスイキ系0,3904,85/86
N64_Sister_MOD,CSV/Card\Sister_master.txt,@敗北_onani_e3,オナニー,クレリック,メスの才能・体のメス化,射精0／ところてん系1／メスイキ系0,3893,85/86
N64_Sister_MOD,CSV/Card\Sister_master.txt,@敗北_onani_boss,オナニー,イージス,メスの才能・体のメス化,射精0／ところてん系1／メスイキ系0,3902,85/86
N64_Sister_MOD,CSV/Card\Sister_master.txt,@敗北_inochi_m1,命乞い,シスター,（当たらない）,射精3／ところてん系1／メスイキ系0,3856,82/83
N64_Sister_MOD,CSV/Card\Sister_master.txt,@敗北_inochi_m2,命乞い,シスター,乳首では出さない(射精の語あり 要確認)・メスの才能・体のメス化・ぱふぱふ,射精2／ところてん系0／メスイキ系0,3855,86/87
N64_Sister_MOD,CSV/Card\Sister_master.txt,@敗北_inochi_m3,命乞い,シスター,ところてん→メスイキ・乳首では出さない(射精の語あり 要確認)・メスの才能・体のメス化,射精3／ところてん系2／メスイキ系0,3870,84/86
N64_Sister_MOD,CSV/Card\Sister_master.txt,@敗北_inochi_e1,命乞い,パイズリ処刑人,乳首では出さない(射精の語あり 要確認)・メスの才能・体のメス化,射精3／ところてん系0／メスイキ系0,3879,78/79
N64_Sister_MOD,CSV/Card\Sister_master.txt,@敗北_inochi_e2,命乞い,ぱふぱふ処刑人,ぱふぱふ,射精3／ところてん系3／メスイキ系0,3851,79/80
N64_Sister_MOD,CSV/Card\Sister_master.txt,@敗北_inochi_e3,命乞い,クレリック,乳首では出さない(射精の語あり 要確認)・メスの才能・体のメス化,射精1／ところてん系0／メスイキ系0,3870,81/82
N64_Sister_MOD,CSV/Card\Sister_master.txt,@敗北_inochi_boss,命乞い,イージス,乳首では出さない(射精の語あり 要確認)・メスの才能・体のメス化,射精3／ところてん系1／メスイキ系0,3820,80/81
N64_Sister_MOD,CSV/Card\Sister_master.txt,@敗北_onedari_m1,おねだり,シスター,（当たらない）,射精1／ところてん系1／メスイキ系0,3832,80/81
N64_Sister_MOD,CSV/Card\Sister_master.txt,@敗北_onedari_m2,おねだり,シスター,ぱふぱふ,射精3／ところてん系0／メスイキ系0,3817,77/78
N64_Sister_MOD,CSV/Card\Sister_master.txt,@敗北_onedari_m3,おねだり,シスター,ところてん→メスイキ・乳首では出さない(射精の語あり 要確認)・メスの才能・体のメス化,射精1／ところてん系1／メスイキ系0,3870,81/83
N64_Sister_MOD,CSV/Card\Sister_master.txt,@敗北_onedari_e1,おねだり,パイズリ処刑人,乳首では出さない(射精の語あり 要確認)・メスの才能・体のメス化,射精2／ところてん系0／メスイキ系0,3864,75/76
N64_Sister_MOD,CSV/Card\Sister_master.txt,@敗北_onedari_e2,おねだり,ぱふぱふ処刑人,ぱふぱふ,射精1／ところてん系2／メスイキ系0,3845,77/78
N64_Sister_MOD,CSV/Card\Sister_master.txt,@敗北_onedari_e3,おねだり,クレリック,乳首では出さない(射精の語あり 要確認)・メスの才能・体のメス化,射精4／ところてん系0／メスイキ系0,3829,77/78
N64_Sister_MOD,CSV/Card\Sister_master.txt,@敗北_onedari_boss,おねだり,イージス,乳首では出さない(射精の語あり 要確認)・メスの才能・体のメス化,射精1／ところてん系1／メスイキ系0,3835,79/80
N65_Flower_MOD,CSV/Card\Flower_master.txt,@敗北_btl_m1,バトル,フラワー,乳首では出さない(射精の語あり 要確認)・メスの才能・体のメス化,射精2／ところてん系1／メスイキ系0,3935,94/95
N65_Flower_MOD,CSV/Card\Flower_master.txt,@敗北_btl_m2,バトル,フラワー,乳首では出さない(射精の語あり 要確認)・メスの才能・体のメス化,射精4／ところてん系2／メスイキ系0,3940,91/92
N65_Flower_MOD,CSV/Card\Flower_master.txt,@敗北_btl_m3,バトル,フラワー,体のメス化,射精1／ところてん系0／メスイキ系0,3885,86/87
N65_Flower_MOD,CSV/Card\Flower_master.txt,@敗北_btl_e1,バトル,キノコレディ,乳首では出さない(射精の語あり 要確認)・メスの才能・体のメス化・ぱふぱふ,射精1／ところてん系2／メスイキ系0,3948,85/86
N65_Flower_MOD,CSV/Card\Flower_master.txt,@敗北_btl_e2,バトル,モリー,ところてん→メスイキ・メスの才能,射精2／ところてん系4／メスイキ系0,3958,81/82
N65_Flower_MOD,CSV/Card\Flower_master.txt,@敗北_btl_e3,バトル,ルル,体のメス化,射精1／ところてん系1／メスイキ系0,3894,86/87
N65_Flower_MOD,CSV/Card\Flower_master.txt,@敗北_btl_boss,バトル,モレル,ところてん→メスイキ・乳首では出さない(射精の語あり 要確認)・メスの才能・体のメス化・ぱふぱふ,射精1／ところてん系1／メスイキ系0,3966,80/81
N65_Flower_MOD,CSV/Card\Flower_master.txt,@敗北_onani_m1,オナニー,フラワー,乳首では出さない(射精の語あり 要確認)・メスの才能・体のメス化,射精1／ところてん系1／メスイキ系0,3871,83/84
N65_Flower_MOD,CSV/Card\Flower_master.txt,@敗北_onani_m2,オナニー,フラワー,（当たらない）,射精3／ところてん系1／メスイキ系0,3875,80/81
N65_Flower_MOD,CSV/Card\Flower_master.txt,@敗北_onani_m3,オナニー,フラワー,（当たらない）,射精1／ところてん系0／メスイキ系0,3912,82/83
N65_Flower_MOD,CSV/Card\Flower_master.txt,@敗北_onani_e1,オナニー,キノコレディ,顔面騎乗・ぱふぱふ,射精2／ところてん系0／メスイキ系0,3850,81/82
N65_Flower_MOD,CSV/Card\Flower_master.txt,@敗北_onani_e2,オナニー,モリー,ところてん→メスイキ・メスの才能,射精1／ところてん系4／メスイキ系0,3835,80/81
N65_Flower_MOD,CSV/Card\Flower_master.txt,@敗北_onani_e3,オナニー,ルル,（当たらない）,射精1／ところてん系0／メスイキ系0,3855,83/84
N65_Flower_MOD,CSV/Card\Flower_master.txt,@敗北_onani_boss,オナニー,モレル,ところてん→メスイキ・乳首では出さない(射精の語あり 要確認)・メスの才能・体のメス化・ぱふぱふ,射精1／ところてん系0／メスイキ系0,3885,76/77
N65_Flower_MOD,CSV/Card\Flower_master.txt,@敗北_inochi_m1,命乞い,フラワー,（当たらない）,射精6／ところてん系0／メスイキ系0,3839,89/90
N65_Flower_MOD,CSV/Card\Flower_master.txt,@敗北_inochi_m2,命乞い,フラワー,乳首では出さない(射精の語あり 要確認)・メスの才能・体のメス化,射精5／ところてん系3／メスイキ系0,3839,84/85
N65_Flower_MOD,CSV/Card\Flower_master.txt,@敗北_inochi_m3,命乞い,フラワー,（当たらない）,射精2／ところてん系1／メスイキ系0,3835,85/86
N65_Flower_MOD,CSV/Card\Flower_master.txt,@敗北_inochi_e1,命乞い,キノコレディ,ぱふぱふ,射精5／ところてん系1／メスイキ系0,3809,85/86
N65_Flower_MOD,CSV/Card\Flower_master.txt,@敗北_inochi_e2,命乞い,モリー,ところてん→メスイキ・メスの才能,射精4／ところてん系2／メスイキ系0,3820,79/80
N65_Flower_MOD,CSV/Card\Flower_master.txt,@敗北_inochi_e3,命乞い,ルル,体のメス化,射精3／ところてん系2／メスイキ系0,3803,84/85
N65_Flower_MOD,CSV/Card\Flower_master.txt,@敗北_inochi_boss,命乞い,モレル,ところてん→メスイキ・乳首では出さない(射精の語あり 要確認)・メスの才能・体のメス化・ぱふぱふ,射精4／ところてん系1／メスイキ系0,3829,78/79
N65_Flower_MOD,CSV/Card\Flower_master.txt,@敗北_onedari_m1,おねだり,フラワー,（当たらない）,射精6／ところてん系0／メスイキ系0,3801,86/87
N65_Flower_MOD,CSV/Card\Flower_master.txt,@敗北_onedari_m2,おねだり,フラワー,乳首では出さない(射精の語あり 要確認)・メスの才能・体のメス化,射精3／ところてん系2／メスイキ系0,3785,82/83
N65_Flower_MOD,CSV/Card\Flower_master.txt,@敗北_onedari_m3,おねだり,フラワー,（当たらない）,射精1／ところてん系0／メスイキ系0,3775,83/84
N65_Flower_MOD,CSV/Card\Flower_master.txt,@敗北_onedari_e1,おねだり,キノコレディ,ぱふぱふ,射精2／ところてん系1／メスイキ系0,3779,83/84
N65_Flower_MOD,CSV/Card\Flower_master.txt,@敗北_onedari_e2,おねだり,モリー,ところてん→メスイキ・メスの才能,射精5／ところてん系1／メスイキ系0,3789,80/81
N65_Flower_MOD,CSV/Card\Flower_master.txt,@敗北_onedari_e3,おねだり,ルル,体のメス化・アナル舐め,射精2／ところてん系2／メスイキ系0,3797,82/83
N65_Flower_MOD,CSV/Card\Flower_master.txt,@敗北_onedari_boss,おねだり,モレル,ところてん→メスイキ・乳首では出さない(射精の語あり 要確認)・メスの才能・体のメス化・ぱふぱふ,射精4／ところてん系0／メスイキ系0,3850,80/81
N66_Tavern_MOD,CSV/Card\Tavern_master.txt,@敗北_btl_m1,バトル,ミレーヌ,体のメス化,射精3／ところてん系2／メスイキ系0,4036,89/90
N66_Tavern_MOD,CSV/Card\Tavern_master.txt,@敗北_btl_m2,バトル,ミレーヌ,体のメス化・ぱふぱふ,射精3／ところてん系1／メスイキ系0,3926,88/89
N66_Tavern_MOD,CSV/Card\Tavern_master.txt,@敗北_btl_m3,バトル,ミレーヌ,乳首では出さない(射精の語あり 要確認)・メスの才能・体のメス化,射精1／ところてん系2／メスイキ系0,3884,93/94
N66_Tavern_MOD,CSV/Card\Tavern_master.txt,@敗北_btl_e1,バトル,カクテルフェアリー・グレープ,体のメス化,射精3／ところてん系2／メスイキ系0,3913,87/88
N66_Tavern_MOD,CSV/Card\Tavern_master.txt,@敗北_btl_e2,バトル,カクテルフェアリー・シトラス,乳首では出さない(射精の語あり 要確認)・メスの才能・体のメス化,射精2／ところてん系1／メスイキ系0,3883,86/87
N66_Tavern_MOD,CSV/Card\Tavern_master.txt,@敗北_btl_e3,バトル,ベティ,体のメス化,射精1／ところてん系1／メスイキ系0,4001,87/88
N66_Tavern_MOD,CSV/Card\Tavern_master.txt,@敗北_btl_boss,バトル,踊り子サキュバス,乳首では出さない(射精の語あり 要確認)・メスの才能・体のメス化,射精1／ところてん系1／メスイキ系0,3861,83/84
N66_Tavern_MOD,CSV/Card\Tavern_master.txt,@敗北_onani_m1,オナニー,ミレーヌ,体のメス化,射精1／ところてん系2／メスイキ系0,3931,84/85
N66_Tavern_MOD,CSV/Card\Tavern_master.txt,@敗北_onani_m2,オナニー,ミレーヌ,体のメス化・ぱふぱふ,射精1／ところてん系2／メスイキ系0,3865,85/86
N66_Tavern_MOD,CSV/Card\Tavern_master.txt,@敗北_onani_m3,オナニー,ミレーヌ,乳首では出さない(射精の語あり 要確認)・メスの才能・体のメス化,射精1／ところてん系1／メスイキ系0,3883,86/87
N66_Tavern_MOD,CSV/Card\Tavern_master.txt,@敗北_onani_e1,オナニー,カクテルフェアリー・グレープ,体のメス化,射精1／ところてん系2／メスイキ系0,3866,86/87
N66_Tavern_MOD,CSV/Card\Tavern_master.txt,@敗北_onani_e2,オナニー,カクテルフェアリー・シトラス,乳首では出さない(射精の語あり 要確認)・メスの才能・体のメス化,射精1／ところてん系0／メスイキ系0,3878,88/89
N66_Tavern_MOD,CSV/Card\Tavern_master.txt,@敗北_onani_e3,オナニー,ベティ,体のメス化,射精1／ところてん系2／メスイキ系0,3851,83/84
N66_Tavern_MOD,CSV/Card\Tavern_master.txt,@敗北_onani_boss,オナニー,踊り子サキュバス,乳首では出さない(射精の語あり 要確認)・メスの才能・体のメス化,射精1／ところてん系1／メスイキ系0,3854,84/85
N66_Tavern_MOD,CSV/Card\Tavern_master.txt,@敗北_inochi_m1,命乞い,ミレーヌ,体のメス化,射精2／ところてん系0／メスイキ系0,3852,84/85
N66_Tavern_MOD,CSV/Card\Tavern_master.txt,@敗北_inochi_m2,命乞い,ミレーヌ,体のメス化・ぱふぱふ,射精4／ところてん系0／メスイキ系0,3830,83/84
N66_Tavern_MOD,CSV/Card\Tavern_master.txt,@敗北_inochi_m3,命乞い,ミレーヌ,乳首では出さない(射精の語あり 要確認)・メスの才能・体のメス化,射精3／ところてん系1／メスイキ系0,3821,87/88
N66_Tavern_MOD,CSV/Card\Tavern_master.txt,@敗北_inochi_e1,命乞い,カクテルフェアリー・グレープ,体のメス化,射精1／ところてん系3／メスイキ系0,3848,86/87
N66_Tavern_MOD,CSV/Card\Tavern_master.txt,@敗北_inochi_e2,命乞い,カクテルフェアリー・シトラス,乳首では出さない(射精の語あり 要確認)・メスの才能・体のメス化,射精4／ところてん系1／メスイキ系0,3840,82/83
N66_Tavern_MOD,CSV/Card\Tavern_master.txt,@敗北_inochi_e3,命乞い,ベティ,体のメス化,射精1／ところてん系0／メスイキ系0,3825,84/85
N66_Tavern_MOD,CSV/Card\Tavern_master.txt,@敗北_inochi_boss,命乞い,踊り子サキュバス,乳首では出さない(射精の語あり 要確認)・メスの才能・体のメス化,射精1／ところてん系0／メスイキ系0,3816,84/85
N66_Tavern_MOD,CSV/Card\Tavern_master.txt,@敗北_onedari_m1,おねだり,ミレーヌ,体のメス化,射精1／ところてん系1／メスイキ系0,3815,79/80
N66_Tavern_MOD,CSV/Card\Tavern_master.txt,@敗北_onedari_m2,おねだり,ミレーヌ,体のメス化・ぱふぱふ,射精4／ところてん系4／メスイキ系0,3809,77/78
N66_Tavern_MOD,CSV/Card\Tavern_master.txt,@敗北_onedari_m3,おねだり,ミレーヌ,乳首では出さない(射精の語あり 要確認)・メスの才能・体のメス化,射精2／ところてん系0／メスイキ系0,3814,81/82
N66_Tavern_MOD,CSV/Card\Tavern_master.txt,@敗北_onedari_e1,おねだり,カクテルフェアリー・グレープ,体のメス化,射精1／ところてん系3／メスイキ系0,3795,81/82
N66_Tavern_MOD,CSV/Card\Tavern_master.txt,@敗北_onedari_e2,おねだり,カクテルフェアリー・シトラス,乳首では出さない(射精の語あり 要確認)・メスの才能・体のメス化,射精2／ところてん系1／メスイキ系0,3761,80/81
N66_Tavern_MOD,CSV/Card\Tavern_master.txt,@敗北_onedari_e3,おねだり,ベティ,体のメス化,射精1／ところてん系1／メスイキ系0,3751,83/84
N66_Tavern_MOD,CSV/Card\Tavern_master.txt,@敗北_onedari_boss,おねだり,踊り子サキュバス,乳首では出さない(射精の語あり 要確認)・メスの才能・体のメス化,射精3／ところてん系1／メスイキ系0,3779,80/81
N67_Octa_MOD,CSV/Card\Octa_master.txt,@敗北_btl_m1,バトル,オクタ,（当たらない）,射精1／ところてん系1／メスイキ系0,3887,82/83
N67_Octa_MOD,CSV/Card\Octa_master.txt,@敗北_btl_m2,バトル,オクタ,乳首では出さない(射精の語あり 要確認)・メスの才能・体のメス化,射精3／ところてん系0／メスイキ系0,3840,83/84
N67_Octa_MOD,CSV/Card\Octa_master.txt,@敗北_btl_m3,バトル,オクタ,（当たらない）,射精1／ところてん系2／メスイキ系0,3804,80/81
N67_Octa_MOD,CSV/Card\Octa_master.txt,@敗北_btl_e1,バトル,ジェリーフィッシュ,乳首では出さない(射精の語あり 要確認)・メスの才能・体のメス化,射精1／ところてん系0／メスイキ系0,3839,79/80
N67_Octa_MOD,CSV/Card\Octa_master.txt,@敗北_btl_e2,バトル,水着サキュバス,（当たらない）,射精1／ところてん系1／メスイキ系0,3779,78/79
N67_Octa_MOD,CSV/Card\Octa_master.txt,@敗北_btl_e3,バトル,ミオ,乳首では出さない(射精の語あり 要確認)・メスの才能・体のメス化,射精1／ところてん系1／メスイキ系0,3783,77/78
N67_Octa_MOD,CSV/Card\Octa_master.txt,@敗北_btl_boss,バトル,オクトパスレディ,ところてん→メスイキ,射精4／ところてん系1／メスイキ系0,3822,76/77
N67_Octa_MOD,CSV/Card\Octa_master.txt,@敗北_onani_m1,オナニー,オクタ,乳首では出さない(射精の語あり 要確認)・メスの才能・体のメス化,射精1／ところてん系3／メスイキ系0,3809,78/79
N67_Octa_MOD,CSV/Card\Octa_master.txt,@敗北_onani_m2,オナニー,オクタ,乳首では出さない(射精の語あり 要確認)・メスの才能・体のメス化,射精1／ところてん系0／メスイキ系0,3809,77/78
N67_Octa_MOD,CSV/Card\Octa_master.txt,@敗北_onani_m3,オナニー,オクタ,乳首では出さない(射精の語あり 要確認)・メスの才能・体のメス化,射精1／ところてん系1／メスイキ系0,3797,78/79
N67_Octa_MOD,CSV/Card\Octa_master.txt,@敗北_onani_e1,オナニー,ジェリーフィッシュ,乳首では出さない(射精の語あり 要確認)・メスの才能・体のメス化,射精1／ところてん系1／メスイキ系0,3771,78/79
N67_Octa_MOD,CSV/Card\Octa_master.txt,@敗北_onani_e2,オナニー,水着サキュバス,（当たらない）,射精1／ところてん系2／メスイキ系0,3766,76/77
N67_Octa_MOD,CSV/Card\Octa_master.txt,@敗北_onani_e3,オナニー,ミオ,乳首では出さない(射精の語あり 要確認)・メスの才能・体のメス化,射精3／ところてん系2／メスイキ系0,3808,76/77
N67_Octa_MOD,CSV/Card\Octa_master.txt,@敗北_onani_boss,オナニー,オクトパスレディ,ところてん→メスイキ・メスの才能,射精3／ところてん系0／メスイキ系0,3808,79/80
N67_Octa_MOD,CSV/Card\Octa_master.txt,@敗北_inochi_m1,命乞い,オクタ,（当たらない）,射精1／ところてん系1／メスイキ系0,3847,90/91
N67_Octa_MOD,CSV/Card\Octa_master.txt,@敗北_inochi_m2,命乞い,オクタ,乳首では出さない(射精の語あり 要確認)・メスの才能・体のメス化,射精1／ところてん系2／メスイキ系0,3852,85/86
N67_Octa_MOD,CSV/Card\Octa_master.txt,@敗北_inochi_m3,命乞い,オクタ,（当たらない）,射精1／ところてん系3／メスイキ系0,3835,87/88
N67_Octa_MOD,CSV/Card\Octa_master.txt,@敗北_inochi_e1,命乞い,ジェリーフィッシュ,メスの才能・体のメス化,射精0／ところてん系2／メスイキ系0,3837,84/85
N67_Octa_MOD,CSV/Card\Octa_master.txt,@敗北_inochi_e2,命乞い,水着サキュバス,（当たらない）,射精2／ところてん系2／メスイキ系0,3841,87/88
N67_Octa_MOD,CSV/Card\Octa_master.txt,@敗北_inochi_e3,命乞い,ミオ,乳首では出さない(射精の語あり 要確認)・メスの才能・体のメス化,射精2／ところてん系0／メスイキ系0,3823,82/83
N67_Octa_MOD,CSV/Card\Octa_master.txt,@敗北_inochi_boss,命乞い,オクトパスレディ,ところてん→メスイキ,射精3／ところてん系2／メスイキ系0,3820,83/84
N67_Octa_MOD,CSV/Card\Octa_master.txt,@敗北_onedari_m1,おねだり,オクタ,（当たらない）,射精1／ところてん系2／メスイキ系0,3839,86/87
N67_Octa_MOD,CSV/Card\Octa_master.txt,@敗北_onedari_m2,おねだり,オクタ,乳首では出さない(射精の語あり 要確認)・メスの才能・体のメス化,射精3／ところてん系2／メスイキ系0,3842,87/88
N67_Octa_MOD,CSV/Card\Octa_master.txt,@敗北_onedari_m3,おねだり,オクタ,（当たらない）,射精1／ところてん系1／メスイキ系0,3835,86/87
N67_Octa_MOD,CSV/Card\Octa_master.txt,@敗北_onedari_e1,おねだり,ジェリーフィッシュ,乳首では出さない(射精の語あり 要確認)・メスの才能・体のメス化,射精1／ところてん系1／メスイキ系0,3831,87/88
N67_Octa_MOD,CSV/Card\Octa_master.txt,@敗北_onedari_e2,おねだり,水着サキュバス,（当たらない）,射精1／ところてん系0／メスイキ系0,3836,84/85
N67_Octa_MOD,CSV/Card\Octa_master.txt,@敗北_onedari_e3,おねだり,ミオ,乳首では出さない(射精の語あり 要確認)・メスの才能・体のメス化,射精1／ところてん系0／メスイキ系0,3820,80/81
N67_Octa_MOD,CSV/Card\Octa_master.txt,@敗北_onedari_boss,おねだり,オクトパスレディ,メスの才能,射精1／ところてん系0／メスイキ系0,3894,86/87
N68_Patra_MOD,CSV/Card\Patra_master.txt,@敗北_btl_m1,バトル,パトラ,（当たらない）,射精5／ところてん系0／メスイキ系0,3778,87/88
N68_Patra_MOD,CSV/Card\Patra_master.txt,@敗北_btl_m2,バトル,パトラ,（当たらない）,射精4／ところてん系3／メスイキ系0,3767,86/87
N68_Patra_MOD,CSV/Card\Patra_master.txt,@敗北_btl_m3,バトル,パトラ,乳首では出さない(射精の語あり 要確認)・メスの才能・体のメス化,射精5／ところてん系1／メスイキ系0,3777,81/82
N68_Patra_MOD,CSV/Card\Patra_master.txt,@敗北_btl_e1,バトル,ツインスネイク,乳首では出さない(射精の語あり 要確認)・メスの才能・体のメス化,射精4／ところてん系0／メスイキ系0,3750,87/88
N68_Patra_MOD,CSV/Card\Patra_master.txt,@敗北_btl_e2,バトル,ポイズンラミア,（当たらない）,射精6／ところてん系1／メスイキ系0,3771,86/87
N68_Patra_MOD,CSV/Card\Patra_master.txt,@敗北_btl_e3,バトル,サディーヤ,（当たらない）,射精4／ところてん系1／メスイキ系0,3764,95/96
N68_Patra_MOD,CSV/Card\Patra_master.txt,@敗北_btl_boss,バトル,コブラ娘,ところてん→メスイキ・メスの才能,射精4／ところてん系0／メスイキ系0,3766,83/84
N68_Patra_MOD,CSV/Card\Patra_master.txt,@敗北_onani_m1,オナニー,パトラ,（当たらない）,射精3／ところてん系0／メスイキ系0,3751,81/82
N68_Patra_MOD,CSV/Card\Patra_master.txt,@敗北_onani_m2,オナニー,パトラ,（当たらない）,射精5／ところてん系1／メスイキ系0,3751,78/79
N68_Patra_MOD,CSV/Card\Patra_master.txt,@敗北_onani_m3,オナニー,パトラ,乳首では出さない(射精の語あり 要確認)・メスの才能・体のメス化,射精3／ところてん系1／メスイキ系0,3747,82/83
N68_Patra_MOD,CSV/Card\Patra_master.txt,@敗北_onani_e1,オナニー,ツインスネイク,乳首では出さない(射精の語あり 要確認)・メスの才能・体のメス化,射精4／ところてん系1／メスイキ系0,3735,85/86
N68_Patra_MOD,CSV/Card\Patra_master.txt,@敗北_onani_e2,オナニー,ポイズンラミア,（当たらない）,射精5／ところてん系1／メスイキ系0,3728,81/82
N68_Patra_MOD,CSV/Card\Patra_master.txt,@敗北_onani_e3,オナニー,サディーヤ,（当たらない）,射精4／ところてん系2／メスイキ系0,3729,91/92
N68_Patra_MOD,CSV/Card\Patra_master.txt,@敗北_onani_boss,オナニー,コブラ娘,ところてん→メスイキ・メスの才能,射精3／ところてん系0／メスイキ系0,3743,80/81
N68_Patra_MOD,CSV/Card\Patra_master.txt,@敗北_inochi_m1,命乞い,パトラ,（当たらない）,射精3／ところてん系1／メスイキ系0,3848,84/85
N68_Patra_MOD,CSV/Card\Patra_master.txt,@敗北_inochi_m2,命乞い,パトラ,（当たらない）,射精4／ところてん系3／メスイキ系0,3873,87/88
N68_Patra_MOD,CSV/Card\Patra_master.txt,@敗北_inochi_m3,命乞い,パトラ,乳首では出さない(射精の語あり 要確認)・メスの才能・体のメス化,射精5／ところてん系1／メスイキ系0,3846,85/86
N68_Patra_MOD,CSV/Card\Patra_master.txt,@敗北_inochi_e1,命乞い,ツインスネイク,乳首では出さない(射精の語あり 要確認)・メスの才能・体のメス化,射精4／ところてん系1／メスイキ系0,3833,85/86
N68_Patra_MOD,CSV/Card\Patra_master.txt,@敗北_inochi_e2,命乞い,ポイズンラミア,ぱふぱふ,射精6／ところてん系0／メスイキ系0,3818,83/84
N68_Patra_MOD,CSV/Card\Patra_master.txt,@敗北_inochi_e3,命乞い,サディーヤ,（当たらない）,射精2／ところてん系1／メスイキ系0,3834,96/97
N68_Patra_MOD,CSV/Card\Patra_master.txt,@敗北_inochi_boss,命乞い,コブラ娘,メスの才能,射精3／ところてん系1／メスイキ系0,3820,81/82
N68_Patra_MOD,CSV/Card\Patra_master.txt,@敗北_onedari_m1,おねだり,パトラ,（当たらない）,射精3／ところてん系1／メスイキ系0,3826,84/85
N68_Patra_MOD,CSV/Card\Patra_master.txt,@敗北_onedari_m2,おねだり,パトラ,（当たらない）,射精6／ところてん系1／メスイキ系0,3837,86/87
N68_Patra_MOD,CSV/Card\Patra_master.txt,@敗北_onedari_m3,おねだり,パトラ,乳首では出さない(射精の語あり 要確認)・メスの才能・体のメス化,射精2／ところてん系1／メスイキ系0,3822,81/82
N68_Patra_MOD,CSV/Card\Patra_master.txt,@敗北_onedari_e1,おねだり,ツインスネイク,乳首では出さない(射精の語あり 要確認)・メスの才能・体のメス化,射精2／ところてん系0／メスイキ系0,3823,84/85
N68_Patra_MOD,CSV/Card\Patra_master.txt,@敗北_onedari_e2,おねだり,ポイズンラミア,（当たらない）,射精7／ところてん系1／メスイキ系0,3829,83/84
N68_Patra_MOD,CSV/Card\Patra_master.txt,@敗北_onedari_e3,おねだり,パトラ,（当たらない）,射精3／ところてん系1／メスイキ系0,3821,93/94
N68_Patra_MOD,CSV/Card\Patra_master.txt,@敗北_onedari_boss,おねだり,コブラ娘,メスの才能,射精3／ところてん系0／メスイキ系0,3836,81/82
N69_Cammy_MOD,CSV/Card\Cammy_master.txt,@敗北_btl_m1,バトル,キャミー,（当たらない）,射精1／ところてん系1／メスイキ系0,3996,82/84
N69_Cammy_MOD,CSV/Card\Cammy_master.txt,@敗北_btl_m2,バトル,キャミー,メスの才能,射精1／ところてん系2／メスイキ系0,3986,87/88
N69_Cammy_MOD,CSV/Card\Cammy_master.txt,@敗北_btl_m3,バトル,キャミー,（当たらない）,射精2／ところてん系0／メスイキ系0,3946,91/92
N69_Cammy_MOD,CSV/Card\Cammy_master.txt,@敗北_btl_e1,バトル,酔いどれバニー,（当たらない）,射精3／ところてん系2／メスイキ系0,3948,90/91
N69_Cammy_MOD,CSV/Card\Cammy_master.txt,@敗北_btl_e2,バトル,爆乳バニー,ぱふぱふ,射精1／ところてん系1／メスイキ系0,3948,83/84
N69_Cammy_MOD,CSV/Card\Cammy_master.txt,@敗北_btl_e3,バトル,クラブ,乳首では出さない(射精の語あり 要確認)・メスの才能・体のメス化,射精4／ところてん系1／メスイキ系0,3953,95/96
N69_Cammy_MOD,CSV/Card\Cammy_master.txt,@敗北_btl_boss,バトル,宝石サキュバス,乳首では出さない(射精の語あり 要確認)・メスの才能・体のメス化,射精1／ところてん系0／メスイキ系0,3932,83/84
N69_Cammy_MOD,CSV/Card\Cammy_master.txt,@敗北_onani_m1,オナニー,キャミー,乳首では出さない(射精の語あり 要確認)・メスの才能・体のメス化,射精3／ところてん系2／メスイキ系0,3900,79/80
N69_Cammy_MOD,CSV/Card\Cammy_master.txt,@敗北_onani_m2,オナニー,キャミー,（当たらない）,射精1／ところてん系3／メスイキ系0,3843,82/83
N69_Cammy_MOD,CSV/Card\Cammy_master.txt,@敗北_onani_m3,オナニー,キャミー,乳首では出さない(射精の語あり 要確認)・メスの才能・体のメス化・ぱふぱふ,射精2／ところてん系0／メスイキ系0,3877,79/80
N69_Cammy_MOD,CSV/Card\Cammy_master.txt,@敗北_onani_e1,オナニー,酔いどれバニー,（当たらない）,射精3／ところてん系2／メスイキ系0,3833,83/84
N69_Cammy_MOD,CSV/Card\Cammy_master.txt,@敗北_onani_e2,オナニー,爆乳バニー,メスの才能・ぱふぱふ,射精2／ところてん系0／メスイキ系0,3854,82/83
N69_Cammy_MOD,CSV/Card\Cammy_master.txt,@敗北_onani_e3,オナニー,クラブ,乳首では出さない(射精の語あり 要確認)・メスの才能・体のメス化,射精7／ところてん系1／メスイキ系0,3874,85/87
N69_Cammy_MOD,CSV/Card\Cammy_master.txt,@敗北_onani_boss,オナニー,宝石サキュバス,乳首では出さない(射精の語あり 要確認)・メスの才能・体のメス化,射精1／ところてん系1／メスイキ系0,3841,78/79
N69_Cammy_MOD,CSV/Card\Cammy_master.txt,@敗北_inochi_m1,命乞い,キャミー,（当たらない）,射精5／ところてん系1／メスイキ系0,3880,81/82
N69_Cammy_MOD,CSV/Card\Cammy_master.txt,@敗北_inochi_m2,命乞い,キャミー,乳首では出さない(射精の語あり 要確認)・メスの才能・体のメス化,射精4／ところてん系2／メスイキ系0,3826,81/82
N69_Cammy_MOD,CSV/Card\Cammy_master.txt,@敗北_inochi_m3,命乞い,キャミー,（当たらない）,射精3／ところてん系0／メスイキ系0,3868,81/82
N69_Cammy_MOD,CSV/Card\Cammy_master.txt,@敗北_inochi_e1,命乞い,酔いどれバニー,（当たらない）,射精3／ところてん系1／メスイキ系0,3843,84/85
N69_Cammy_MOD,CSV/Card\Cammy_master.txt,@敗北_inochi_e2,命乞い,爆乳バニー,ぱふぱふ,射精1／ところてん系2／メスイキ系0,3832,81/82
N69_Cammy_MOD,CSV/Card\Cammy_master.txt,@敗北_inochi_e3,命乞い,クラブ,乳首では出さない(射精の語あり 要確認)・メスの才能・体のメス化,射精10／ところてん系0／メスイキ系0,3813,84/85
N69_Cammy_MOD,CSV/Card\Cammy_master.txt,@敗北_inochi_boss,命乞い,宝石サキュバス,乳首では出さない(射精の語あり 要確認)・メスの才能・体のメス化,射精3／ところてん系0／メスイキ系0,3818,80/81
N69_Cammy_MOD,CSV/Card\Cammy_master.txt,@敗北_onedari_m1,おねだり,キャミー,（当たらない）,射精3／ところてん系0／メスイキ系0,3831,79/80
N69_Cammy_MOD,CSV/Card\Cammy_master.txt,@敗北_onedari_m2,おねだり,キャミー,（当たらない）,射精2／ところてん系2／メスイキ系0,3835,83/84
N69_Cammy_MOD,CSV/Card\Cammy_master.txt,@敗北_onedari_m3,おねだり,キャミー,（当たらない）,射精4／ところてん系0／メスイキ系0,3787,77/78
N69_Cammy_MOD,CSV/Card\Cammy_master.txt,@敗北_onedari_e1,おねだり,酔いどれバニー,（当たらない）,射精1／ところてん系1／メスイキ系0,3801,83/84
N69_Cammy_MOD,CSV/Card\Cammy_master.txt,@敗北_onedari_e2,おねだり,爆乳バニー,ぱふぱふ,射精3／ところてん系1／メスイキ系0,3788,81/82
N69_Cammy_MOD,CSV/Card\Cammy_master.txt,@敗北_onedari_e3,おねだり,クラブ,乳首では出さない(射精の語あり 要確認)・メスの才能・体のメス化,射精8／ところてん系1／メスイキ系0,3800,85/86
N69_Cammy_MOD,CSV/Card\Cammy_master.txt,@敗北_onedari_boss,おねだり,宝石サキュバス,乳首では出さない(射精の語あり 要確認)・メスの才能・体のメス化,射精2／ところてん系0／メスイキ系0,3824,83/84
N70_Neneko_MOD,CSV/Card\Neneko_master.txt,@敗北_btl_m1,バトル,ネネコ,体のメス化・顔面騎乗,射精3／ところてん系1／メスイキ系0,3873,81/82
N70_Neneko_MOD,CSV/Card\Neneko_master.txt,@敗北_btl_m2,バトル,ネネコ,（当たらない）,射精3／ところてん系0／メスイキ系0,3869,80/81
N70_Neneko_MOD,CSV/Card\Neneko_master.txt,@敗北_btl_m3,バトル,ネネコ,乳首では出さない(射精の語あり 要確認)・メスの才能・体のメス化,射精1／ところてん系3／メスイキ系0,3843,80/81
N70_Neneko_MOD,CSV/Card\Neneko_master.txt,@敗北_btl_e1,バトル,煙猫,（当たらない）,射精2／ところてん系0／メスイキ系0,3837,76/77
N70_Neneko_MOD,CSV/Card\Neneko_master.txt,@敗北_btl_e2,バトル,妖狐,（当たらない）,射精3／ところてん系1／メスイキ系0,3838,77/78
N70_Neneko_MOD,CSV/Card\Neneko_master.txt,@敗北_btl_e3,バトル,ミケコ,（当たらない）,射精1／ところてん系2／メスイキ系0,3833,75/76
N70_Neneko_MOD,CSV/Card\Neneko_master.txt,@敗北_btl_boss,バトル,猫又,乳首では出さない(射精の語あり 要確認)・メスの才能・体のメス化,射精1／ところてん系1／メスイキ系0,3847,79/80
N70_Neneko_MOD,CSV/Card\Neneko_master.txt,@敗北_onani_m1,オナニー,ネネコ,体のメス化・顔面騎乗,射精2／ところてん系0／メスイキ系0,3827,80/81
N70_Neneko_MOD,CSV/Card\Neneko_master.txt,@敗北_onani_m2,オナニー,ネネコ,ぱふぱふ(匂いなし),射精1／ところてん系2／メスイキ系0,3823,77/78
N70_Neneko_MOD,CSV/Card\Neneko_master.txt,@敗北_onani_m3,オナニー,ネネコ,乳首では出さない(射精の語あり 要確認)・メスの才能・体のメス化,射精1／ところてん系0／メスイキ系0,3819,78/79
N70_Neneko_MOD,CSV/Card\Neneko_master.txt,@敗北_onani_e1,オナニー,煙猫,ぱふぱふ,射精1／ところてん系0／メスイキ系0,3816,80/81
N70_Neneko_MOD,CSV/Card\Neneko_master.txt,@敗北_onani_e2,オナニー,妖狐,（当たらない）,射精1／ところてん系1／メスイキ系0,3823,79/80
N70_Neneko_MOD,CSV/Card\Neneko_master.txt,@敗北_onani_e3,オナニー,ミケコ,メスの才能・アナル舐め,射精1／ところてん系2／メスイキ系0,3904,77/78
N70_Neneko_MOD,CSV/Card\Neneko_master.txt,@敗北_onani_boss,オナニー,猫又,乳首では出さない(射精の語あり 要確認)・メスの才能・体のメス化,射精1／ところてん系2／メスイキ系0,3822,80/81
N70_Neneko_MOD,CSV/Card\Neneko_master.txt,@敗北_inochi_m1,命乞い,ネネコ,（当たらない）,射精2／ところてん系1／メスイキ系1,3878,87/88
N70_Neneko_MOD,CSV/Card\Neneko_master.txt,@敗北_inochi_m2,命乞い,ネネコ,（当たらない）,射精5／ところてん系4／メスイキ系0,3828,86/87
N70_Neneko_MOD,CSV/Card\Neneko_master.txt,@敗北_inochi_m3,命乞い,ネネコ,乳首では出さない(射精の語あり 要確認)・メスの才能・体のメス化,射精3／ところてん系2／メスイキ系0,3842,86/87
N70_Neneko_MOD,CSV/Card\Neneko_master.txt,@敗北_inochi_e1,命乞い,煙猫,ぱふぱふ,射精4／ところてん系2／メスイキ系0,3859,83/84
N70_Neneko_MOD,CSV/Card\Neneko_master.txt,@敗北_inochi_e2,命乞い,妖狐,（当たらない）,射精3／ところてん系0／メスイキ系0,3837,81/82
N70_Neneko_MOD,CSV/Card\Neneko_master.txt,@敗北_inochi_e3,命乞い,ミケコ,メスの才能・アナル舐め,射精3／ところてん系1／メスイキ系0,3830,79/80
N70_Neneko_MOD,CSV/Card\Neneko_master.txt,@敗北_inochi_boss,命乞い,猫又,乳首では出さない(射精の語あり 要確認)・メスの才能・体のメス化,射精2／ところてん系3／メスイキ系0,3836,81/82
N70_Neneko_MOD,CSV/Card\Neneko_master.txt,@敗北_onedari_m1,おねだり,ネネコ,（当たらない）,射精3／ところてん系1／メスイキ系0,3843,81/82
N70_Neneko_MOD,CSV/Card\Neneko_master.txt,@敗北_onedari_m2,おねだり,ネネコ,ぱふぱふ,射精3／ところてん系0／メスイキ系0,3819,81/82
N70_Neneko_MOD,CSV/Card\Neneko_master.txt,@敗北_onedari_m3,おねだり,ネネコ,乳首では出さない(射精の語あり 要確認)・メスの才能・体のメス化,射精1／ところてん系1／メスイキ系0,3842,83/84
N70_Neneko_MOD,CSV/Card\Neneko_master.txt,@敗北_onedari_e1,おねだり,煙猫,（当たらない）,射精2／ところてん系2／メスイキ系0,3843,77/78
N70_Neneko_MOD,CSV/Card\Neneko_master.txt,@敗北_onedari_e2,おねだり,妖狐,（当たらない）,射精3／ところてん系1／メスイキ系0,3834,78/79
N70_Neneko_MOD,CSV/Card\Neneko_master.txt,@敗北_onedari_e3,おねだり,ミケコ,アナル舐め,射精2／ところてん系1／メスイキ系0,3821,79/80
N70_Neneko_MOD,CSV/Card\Neneko_master.txt,@敗北_onedari_boss,おねだり,猫又,乳首では出さない(射精の語あり 要確認)・メスの才能・体のメス化,射精1／ところてん系2／メスイキ系0,3841,80/81
N71_Eiraira_MOD,CSV/Card\Eiraira_master.txt,@敗北_btl_m1,バトル,エイライラ,（当たらない）,射精1／ところてん系0／メスイキ系0,3868,86/87
N71_Eiraira_MOD,CSV/Card\Eiraira_master.txt,@敗北_btl_m2,バトル,エイライラ,（当たらない）,射精3／ところてん系1／メスイキ系0,3863,84/85
N71_Eiraira_MOD,CSV/Card\Eiraira_master.txt,@敗北_btl_m3,バトル,エイライラ,乳首では出さない(射精の語あり 要確認)・メスの才能・体のメス化,射精2／ところてん系1／メスイキ系0,3840,82/83
N71_Eiraira_MOD,CSV/Card\Eiraira_master.txt,@敗北_btl_e1,バトル,ガンナーハーピー,乳首では出さない(射精の語あり 要確認)・メスの才能・体のメス化,射精2／ところてん系0／メスイキ系0,3836,85/86
N71_Eiraira_MOD,CSV/Card\Eiraira_master.txt,@敗北_btl_e2,バトル,ヒーラーハーピー,（当たらない）,射精2／ところてん系1／メスイキ系0,3846,80/81
N71_Eiraira_MOD,CSV/Card\Eiraira_master.txt,@敗北_btl_e3,バトル,セシル,（当たらない）,射精4／ところてん系1／メスイキ系0,3842,82/83
N71_Eiraira_MOD,CSV/Card\Eiraira_master.txt,@敗北_btl_boss,バトル,ファルコンハーピー,乳首では出さない(射精の語あり 要確認)・メスの才能・体のメス化・ぱふぱふ,射精4／ところてん系0／メスイキ系0,3836,83/84
N71_Eiraira_MOD,CSV/Card\Eiraira_master.txt,@敗北_onani_m1,オナニー,エイライラ,（当たらない）,射精2／ところてん系0／メスイキ系0,3827,84/85
N71_Eiraira_MOD,CSV/Card\Eiraira_master.txt,@敗北_onani_m2,オナニー,エイライラ,（当たらない）,射精3／ところてん系1／メスイキ系0,3849,82/83
N71_Eiraira_MOD,CSV/Card\Eiraira_master.txt,@敗北_onani_m3,オナニー,エイライラ,乳首では出さない(射精の語あり 要確認)・メスの才能・体のメス化,射精3／ところてん系1／メスイキ系0,3821,83/84
N71_Eiraira_MOD,CSV/Card\Eiraira_master.txt,@敗北_onani_e1,オナニー,ガンナーハーピー,乳首では出さない(射精の語あり 要確認)・メスの才能・体のメス化,射精2／ところてん系0／メスイキ系0,3824,81/82
N71_Eiraira_MOD,CSV/Card\Eiraira_master.txt,@敗北_onani_e2,オナニー,ヒーラーハーピー,ぱふぱふ,射精3／ところてん系0／メスイキ系0,3832,79/80
N71_Eiraira_MOD,CSV/Card\Eiraira_master.txt,@敗北_onani_e3,オナニー,セシル,（当たらない）,射精4／ところてん系0／メスイキ系0,3828,83/84
N71_Eiraira_MOD,CSV/Card\Eiraira_master.txt,@敗北_onani_boss,オナニー,ファルコンハーピー,乳首では出さない(射精の語あり 要確認)・メスの才能・体のメス化・ぱふぱふ,射精2／ところてん系0／メスイキ系0,3849,81/82
N71_Eiraira_MOD,CSV/Card\Eiraira_master.txt,@敗北_inochi_m1,命乞い,エイライラ,乳首では出さない(射精の語あり 要確認)・メスの才能・体のメス化,射精3／ところてん系0／メスイキ系0,3859,88/89
N71_Eiraira_MOD,CSV/Card\Eiraira_master.txt,@敗北_inochi_m2,命乞い,エイライラ,（当たらない）,射精2／ところてん系2／メスイキ系0,3855,91/92
N71_Eiraira_MOD,CSV/Card\Eiraira_master.txt,@敗北_inochi_m3,命乞い,エイライラ,乳首では出さない(射精の語あり 要確認)・メスの才能・体のメス化,射精5／ところてん系1／メスイキ系0,3841,83/84
N71_Eiraira_MOD,CSV/Card\Eiraira_master.txt,@敗北_inochi_e1,命乞い,ガンナーハーピー,乳首では出さない(射精の語あり 要確認)・メスの才能・体のメス化,射精1／ところてん系1／メスイキ系0,3793,84/85
N71_Eiraira_MOD,CSV/Card\Eiraira_master.txt,@敗北_inochi_e2,命乞い,ヒーラーハーピー,（当たらない）,射精1／ところてん系1／メスイキ系0,3825,82/83
N71_Eiraira_MOD,CSV/Card\Eiraira_master.txt,@敗北_inochi_e3,命乞い,セシル,乳首では出さない(射精の語あり 要確認)・メスの才能・体のメス化,射精3／ところてん系3／メスイキ系0,3820,84/85
N71_Eiraira_MOD,CSV/Card\Eiraira_master.txt,@敗北_inochi_boss,命乞い,ファルコンハーピー,乳首では出さない(射精の語あり 要確認)・メスの才能・体のメス化・ぱふぱふ,射精2／ところてん系0／メスイキ系0,3809,81/82
N71_Eiraira_MOD,CSV/Card\Eiraira_master.txt,@敗北_onedari_m1,おねだり,エイライラ,（当たらない）,射精5／ところてん系0／メスイキ系0,3787,79/80
N71_Eiraira_MOD,CSV/Card\Eiraira_master.txt,@敗北_onedari_m2,おねだり,エイライラ,（当たらない）,射精2／ところてん系1／メスイキ系0,3781,80/81
N71_Eiraira_MOD,CSV/Card\Eiraira_master.txt,@敗北_onedari_m3,おねだり,エイライラ,乳首では出さない(射精の語あり 要確認)・メスの才能・体のメス化,射精2／ところてん系1／メスイキ系0,3769,80/81
N71_Eiraira_MOD,CSV/Card\Eiraira_master.txt,@敗北_onedari_e1,おねだり,ガンナーハーピー,乳首では出さない(射精の語あり 要確認)・メスの才能・体のメス化,射精1／ところてん系0／メスイキ系0,3770,86/87
N71_Eiraira_MOD,CSV/Card\Eiraira_master.txt,@敗北_onedari_e2,おねだり,ヒーラーハーピー,（当たらない）,射精1／ところてん系0／メスイキ系0,3776,78/79
N71_Eiraira_MOD,CSV/Card\Eiraira_master.txt,@敗北_onedari_e3,おねだり,セシル,乳首では出さない(射精の語あり 要確認)・メスの才能・体のメス化,射精2／ところてん系1／メスイキ系0,3785,82/83
N71_Eiraira_MOD,CSV/Card\Eiraira_master.txt,@敗北_onedari_boss,おねだり,ファルコンハーピー,乳首では出さない(射精の語あり 要確認)・メスの才能・体のメス化・ぱふぱふ,射精2／ところてん系0／メスイキ系0,3781,83/84
N72_Yatsume_MOD,CSV/Card\Yatsume_master.txt,@敗北_btl_m1,バトル,ヤツメ,乳首では出さない(射精の語あり 要確認)・メスの才能・体のメス化,射精3／ところてん系0／メスイキ系0,3882,88/89
N72_Yatsume_MOD,CSV/Card\Yatsume_master.txt,@敗北_btl_m2,バトル,ヤツメ,（当たらない）,射精1／ところてん系1／メスイキ系0,3900,85/86
N72_Yatsume_MOD,CSV/Card\Yatsume_master.txt,@敗北_btl_m3,バトル,ヤツメ,ところてん→メスイキ・乳首では出さない(射精の語あり 要確認)・メスの才能・体のメス化・ペニバンの書き分け,射精2／ところてん系5／メスイキ系0,3851,86/88
N72_Yatsume_MOD,CSV/Card\Yatsume_master.txt,@敗北_btl_e1,バトル,巨乳アラクネ,乳首では出さない(射精の語あり 要確認)・メスの才能・体のメス化,射精2／ところてん系2／メスイキ系0,3856,83/84
N72_Yatsume_MOD,CSV/Card\Yatsume_master.txt,@敗北_btl_e2,バトル,ツムギ,（当たらない）,射精3／ところてん系0／メスイキ系0,3853,103/104
N72_Yatsume_MOD,CSV/Card\Yatsume_master.txt,@敗北_btl_e3,バトル,リリカ,（当たらない）,射精3／ところてん系0／メスイキ系0,3846,87/88
N72_Yatsume_MOD,CSV/Card\Yatsume_master.txt,@敗北_btl_boss,バトル,ジョロウ,メスの才能・ぱふぱふ,射精1／ところてん系0／メスイキ系0,3828,85/86
N72_Yatsume_MOD,CSV/Card\Yatsume_master.txt,@敗北_onani_m1,オナニー,ヤツメ,乳首では出さない(射精の語あり 要確認)・メスの才能・体のメス化,射精1／ところてん系0／メスイキ系0,3832,85/86
N72_Yatsume_MOD,CSV/Card\Yatsume_master.txt,@敗北_onani_m2,オナニー,ヤツメ,（当たらない）,射精1／ところてん系0／メスイキ系0,3856,86/87
N72_Yatsume_MOD,CSV/Card\Yatsume_master.txt,@敗北_onani_m3,オナニー,ヤツメ,ところてん→メスイキ・乳首では出さない(射精の語あり 要確認)・メスの才能・体のメス化・ペニバンの書き分け,射精1／ところてん系3／メスイキ系0,3852,83/85
N72_Yatsume_MOD,CSV/Card\Yatsume_master.txt,@敗北_onani_e1,オナニー,巨乳アラクネ,乳首では出さない(射精の語あり 要確認)・メスの才能・体のメス化,射精2／ところてん系2／メスイキ系0,3860,85/86
N72_Yatsume_MOD,CSV/Card\Yatsume_master.txt,@敗北_onani_e2,オナニー,ツムギ,（当たらない）,射精3／ところてん系1／メスイキ系0,3834,95/96
N72_Yatsume_MOD,CSV/Card\Yatsume_master.txt,@敗北_onani_e3,オナニー,リリカ,（当たらない）,射精2／ところてん系2／メスイキ系0,3818,85/86
N72_Yatsume_MOD,CSV/Card\Yatsume_master.txt,@敗北_onani_boss,オナニー,ジョロウ,メスの才能,射精1／ところてん系1／メスイキ系0,3857,86/87
N72_Yatsume_MOD,CSV/Card\Yatsume_master.txt,@敗北_inochi_m1,命乞い,ヤツメ,（当たらない）,射精2／ところてん系2／メスイキ系0,3843,92/93
N72_Yatsume_MOD,CSV/Card\Yatsume_master.txt,@敗北_inochi_m2,命乞い,ヤツメ,（当たらない）,射精2／ところてん系2／メスイキ系0,3844,86/87
N72_Yatsume_MOD,CSV/Card\Yatsume_master.txt,@敗北_inochi_m3,命乞い,ヤツメ,ところてん→メスイキ・乳首では出さない(射精の語あり 要確認)・メスの才能・体のメス化,射精3／ところてん系2／メスイキ系0,3852,88/90
N72_Yatsume_MOD,CSV/Card\Yatsume_master.txt,@敗北_inochi_e1,命乞い,巨乳アラクネ,乳首では出さない(射精の語あり 要確認)・メスの才能・体のメス化,射精2／ところてん系1／メスイキ系0,3884,85/86
N72_Yatsume_MOD,CSV/Card\Yatsume_master.txt,@敗北_inochi_e2,命乞い,ツムギ,（当たらない）,射精5／ところてん系1／メスイキ系0,3842,108/109
N72_Yatsume_MOD,CSV/Card\Yatsume_master.txt,@敗北_inochi_e3,命乞い,リリカ,（当たらない）,射精1／ところてん系0／メスイキ系0,3844,93/94
N72_Yatsume_MOD,CSV/Card\Yatsume_master.txt,@敗北_inochi_boss,命乞い,ジョロウ,ところてん→メスイキ・メスの才能・ぱふぱふ,射精1／ところてん系0／メスイキ系0,3830,86/87
N72_Yatsume_MOD,CSV/Card\Yatsume_master.txt,@敗北_onedari_m1,おねだり,ヤツメ,（当たらない）,射精2／ところてん系0／メスイキ系0,3826,89/90
N72_Yatsume_MOD,CSV/Card\Yatsume_master.txt,@敗北_onedari_m2,おねだり,ヤツメ,顔面騎乗,射精2／ところてん系0／メスイキ系0,3844,88/89
N72_Yatsume_MOD,CSV/Card\Yatsume_master.txt,@敗北_onedari_m3,おねだり,ヤツメ,ところてん→メスイキ・乳首では出さない(射精の語あり 要確認)・メスの才能・体のメス化,射精1／ところてん系2／メスイキ系0,3848,89/91
N72_Yatsume_MOD,CSV/Card\Yatsume_master.txt,@敗北_onedari_e1,おねだり,巨乳アラクネ,乳首では出さない(射精の語あり 要確認)・メスの才能・体のメス化,射精1／ところてん系0／メスイキ系0,3826,85/86
N72_Yatsume_MOD,CSV/Card\Yatsume_master.txt,@敗北_onedari_e2,おねだり,ツムギ,（当たらない）,射精4／ところてん系2／メスイキ系0,3836,104/105
N72_Yatsume_MOD,CSV/Card\Yatsume_master.txt,@敗北_onedari_e3,おねだり,リリカ,（当たらない）,射精1／ところてん系1／メスイキ系0,3836,92/93
N72_Yatsume_MOD,CSV/Card\Yatsume_master.txt,@敗北_onedari_boss,おねだり,ジョロウ,メスの才能・ぱふぱふ,射精1／ところてん系2／メスイキ系0,3854,87/88
N73_Musashi_MOD,CSV/Card\Musashi_master.txt,@敗北_btl_m1,バトル,ムサシ,（当たらない）,射精3／ところてん系0／メスイキ系0,3974,85/86
N73_Musashi_MOD,CSV/Card\Musashi_master.txt,@敗北_btl_m2,バトル,ムサシ,（当たらない）,射精5／ところてん系1／メスイキ系0,3877,83/84
N73_Musashi_MOD,CSV/Card\Musashi_master.txt,@敗北_btl_m3,バトル,ムサシ,（当たらない）,射精3／ところてん系1／メスイキ系0,3938,84/85
N73_Musashi_MOD,CSV/Card\Musashi_master.txt,@敗北_btl_e1,バトル,カエデ,乳首では出さない(射精の語あり 要確認)・メスの才能・体のメス化,射精2／ところてん系3／メスイキ系0,3861,84/85
N73_Musashi_MOD,CSV/Card\Musashi_master.txt,@敗北_btl_e2,バトル,アヤメ,（当たらない）,射精2／ところてん系0／メスイキ系0,3852,84/85
N73_Musashi_MOD,CSV/Card\Musashi_master.txt,@敗北_btl_e3,バトル,シノ,（当たらない）,射精4／ところてん系1／メスイキ系0,3829,102/103
N73_Musashi_MOD,CSV/Card\Musashi_master.txt,@敗北_btl_boss,バトル,ユウギリ,ところてん→メスイキ・乳首では出さない(射精の語あり 要確認)・メスの才能・体のメス化・ペニバンの書き分け,射精1／ところてん系2／メスイキ系0,3887,84/85
N73_Musashi_MOD,CSV/Card\Musashi_master.txt,@敗北_onani_m1,オナニー,ムサシ,乳首では出さない(射精の語あり 要確認)・メスの才能・体のメス化,射精3／ところてん系0／メスイキ系0,3865,84/85
N73_Musashi_MOD,CSV/Card\Musashi_master.txt,@敗北_onani_m2,オナニー,ムサシ,乳首では出さない(射精の語あり 要確認)・メスの才能・体のメス化,射精2／ところてん系0／メスイキ系0,3845,81/82
N73_Musashi_MOD,CSV/Card\Musashi_master.txt,@敗北_onani_m3,オナニー,ムサシ,乳首では出さない(射精の語あり 要確認)・メスの才能・体のメス化,射精2／ところてん系0／メスイキ系0,3891,83/84
N73_Musashi_MOD,CSV/Card\Musashi_master.txt,@敗北_onani_e1,オナニー,カエデ,乳首では出さない(射精の語あり 要確認)・メスの才能・体のメス化,射精2／ところてん系1／メスイキ系0,3860,82/83
N73_Musashi_MOD,CSV/Card\Musashi_master.txt,@敗北_onani_e2,オナニー,アヤメ,（当たらない）,射精4／ところてん系5／メスイキ系0,3829,87/88
N73_Musashi_MOD,CSV/Card\Musashi_master.txt,@敗北_onani_e3,オナニー,シノ,（当たらない）,射精2／ところてん系0／メスイキ系0,3829,99/100
N73_Musashi_MOD,CSV/Card\Musashi_master.txt,@敗北_onani_boss,オナニー,ユウギリ,ところてん→メスイキ・乳首では出さない(射精の語あり 要確認)・メスの才能・体のメス化・ペニバンの書き分け,射精2／ところてん系2／メスイキ系0,3976,85/86
N73_Musashi_MOD,CSV/Card\Musashi_master.txt,@敗北_inochi_m1,命乞い,ムサシ,（当たらない）,射精3／ところてん系0／メスイキ系0,3882,83/84
N73_Musashi_MOD,CSV/Card\Musashi_master.txt,@敗北_inochi_m2,命乞い,ムサシ,（当たらない）,射精4／ところてん系0／メスイキ系0,3855,81/82
N73_Musashi_MOD,CSV/Card\Musashi_master.txt,@敗北_inochi_m3,命乞い,ムサシ,（当たらない）,射精2／ところてん系1／メスイキ系0,3864,81/82
N73_Musashi_MOD,CSV/Card\Musashi_master.txt,@敗北_inochi_e1,命乞い,カエデ,乳首では出さない(射精の語あり 要確認)・メスの才能・体のメス化,射精2／ところてん系1／メスイキ系0,3838,81/82
N73_Musashi_MOD,CSV/Card\Musashi_master.txt,@敗北_inochi_e2,命乞い,アヤメ,（当たらない）,射精2／ところてん系2／メスイキ系0,3838,82/83
N73_Musashi_MOD,CSV/Card\Musashi_master.txt,@敗北_inochi_e3,命乞い,シノ,乳首では出さない(射精の語あり 要確認)・メスの才能・体のメス化,射精4／ところてん系0／メスイキ系0,3831,99/100
N73_Musashi_MOD,CSV/Card\Musashi_master.txt,@敗北_inochi_boss,命乞い,ユウギリ,ところてん→メスイキ・乳首では出さない(射精の語あり 要確認)・メスの才能・体のメス化・ペニバンの書き分け,射精3／ところてん系2／メスイキ系0,3842,89/91
N73_Musashi_MOD,CSV/Card\Musashi_master.txt,@敗北_onedari_m1,おねだり,ムサシ,（当たらない）,射精2／ところてん系1／メスイキ系0,3840,82/83
N73_Musashi_MOD,CSV/Card\Musashi_master.txt,@敗北_onedari_m2,おねだり,ムサシ,（当たらない）,射精5／ところてん系1／メスイキ系0,3844,84/85
N73_Musashi_MOD,CSV/Card\Musashi_master.txt,@敗北_onedari_m3,おねだり,ムサシ,乳首では出さない(射精の語あり 要確認)・メスの才能・体のメス化,射精2／ところてん系1／メスイキ系0,3893,83/84
N73_Musashi_MOD,CSV/Card\Musashi_master.txt,@敗北_onedari_e1,おねだり,カエデ,乳首では出さない(射精の語あり 要確認)・メスの才能・体のメス化,射精2／ところてん系1／メスイキ系0,3829,83/84
N73_Musashi_MOD,CSV/Card\Musashi_master.txt,@敗北_onedari_e2,おねだり,アヤメ,乳首では出さない(射精の語あり 要確認)・メスの才能・体のメス化,射精2／ところてん系1／メスイキ系0,3839,87/88
N73_Musashi_MOD,CSV/Card\Musashi_master.txt,@敗北_onedari_e3,おねだり,シノ,（当たらない）,射精2／ところてん系0／メスイキ系0,3824,104/106
N73_Musashi_MOD,CSV/Card\Musashi_master.txt,@敗北_onedari_boss,おねだり,ユウギリ,ところてん→メスイキ・乳首では出さない(射精の語あり 要確認)・メスの才能・体のメス化・ペニバンの書き分け,射精2／ところてん系3／メスイキ系0,3822,88/89
N74_Necro_MOD,CSV/Card\Necro_master.txt,@敗北_btl_m1,バトル,ネクロ,ぱふぱふ,射精0／ところてん系1／メスイキ系0,3769,89/90
N74_Necro_MOD,CSV/Card\Necro_master.txt,@敗北_btl_m2,バトル,ネクロ,乳首では出さない(射精の語あり 要確認)・メスの才能・体のメス化,射精6／ところてん系3／メスイキ系0,3863,98/99
N74_Necro_MOD,CSV/Card\Necro_master.txt,@敗北_btl_m3,バトル,ネクロ,ぱふぱふ,射精2／ところてん系2／メスイキ系0,3651,85/86
N74_Necro_MOD,CSV/Card\Necro_master.txt,@敗北_btl_e1,バトル,ゾンビガール,乳首では出さない(射精の語あり 要確認)・メスの才能・体のメス化,射精3／ところてん系0／メスイキ系0,3625,81/82
N74_Necro_MOD,CSV/Card\Necro_master.txt,@敗北_btl_e2,バトル,下級堕天使,（当たらない）,射精1／ところてん系3／メスイキ系0,3628,80/81
N74_Necro_MOD,CSV/Card\Necro_master.txt,@敗北_btl_e3,バトル,ザザ,ところてん→メスイキ・メスの才能・ぱふぱふ,射精1／ところてん系1／メスイキ系0,3643,85/86
N74_Necro_MOD,CSV/Card\Necro_master.txt,@敗北_btl_boss,バトル,死を振りまくもの,乳首では出さない(射精の語あり 要確認)・メスの才能・体のメス化,射精2／ところてん系1／メスイキ系0,3625,82/83
N74_Necro_MOD,CSV/Card\Necro_master.txt,@敗北_onani_m1,オナニー,ネクロ,ぱふぱふ,射精3／ところてん系1／メスイキ系0,3639,83/84
N74_Necro_MOD,CSV/Card\Necro_master.txt,@敗北_onani_m2,オナニー,ネクロ,（当たらない）,射精0／ところてん系0／メスイキ系0,3635,85/86
N74_Necro_MOD,CSV/Card\Necro_master.txt,@敗北_onani_m3,オナニー,ネクロ,ぱふぱふ,射精0／ところてん系3／メスイキ系0,3623,83/84
N74_Necro_MOD,CSV/Card\Necro_master.txt,@敗北_onani_e1,オナニー,ゾンビガール,乳首では出さない(射精の語あり 要確認)・メスの才能・体のメス化,射精1／ところてん系1／メスイキ系0,3633,78/79
N74_Necro_MOD,CSV/Card\Necro_master.txt,@敗北_onani_e2,オナニー,下級堕天使,（当たらない）,射精2／ところてん系1／メスイキ系0,3640,83/84
N74_Necro_MOD,CSV/Card\Necro_master.txt,@敗北_onani_e3,オナニー,ザザ,メスの才能,射精1／ところてん系1／メスイキ系0,3635,81/82
N74_Necro_MOD,CSV/Card\Necro_master.txt,@敗北_onani_boss,オナニー,死を振りまくもの,乳首では出さない(射精の語あり 要確認)・メスの才能・体のメス化,射精1／ところてん系2／メスイキ系0,3628,89/90
N74_Necro_MOD,CSV/Card\Necro_master.txt,@敗北_inochi_m1,命乞い,ネクロ,ぱふぱふ,射精4／ところてん系0／メスイキ系0,3712,88/89
N74_Necro_MOD,CSV/Card\Necro_master.txt,@敗北_inochi_m2,命乞い,ネクロ,乳首では出さない(射精の語あり 要確認)・メスの才能・体のメス化,射精2／ところてん系2／メスイキ系0,3668,83/84
N74_Necro_MOD,CSV/Card\Necro_master.txt,@敗北_inochi_m3,命乞い,ネクロ,ぱふぱふ,射精4／ところてん系1／メスイキ系0,3651,84/85
N74_Necro_MOD,CSV/Card\Necro_master.txt,@敗北_inochi_e1,命乞い,ゾンビガール,乳首では出さない(射精の語あり 要確認)・メスの才能・体のメス化,射精5／ところてん系0／メスイキ系0,3651,85/86
N74_Necro_MOD,CSV/Card\Necro_master.txt,@敗北_inochi_e2,命乞い,下級堕天使,乳首では出さない(射精の語あり 要確認)・メスの才能・体のメス化,射精2／ところてん系0／メスイキ系0,3642,84/85
N74_Necro_MOD,CSV/Card\Necro_master.txt,@敗北_inochi_e3,命乞い,ザザ,ところてん→メスイキ・メスの才能,射精4／ところてん系3／メスイキ系0,3655,86/87
N74_Necro_MOD,CSV/Card\Necro_master.txt,@敗北_inochi_boss,命乞い,死を振りまくもの,乳首では出さない(射精の語あり 要確認)・メスの才能・体のメス化,射精3／ところてん系2／メスイキ系0,3656,84/85
N74_Necro_MOD,CSV/Card\Necro_master.txt,@敗北_onedari_m1,おねだり,ネクロ,ぱふぱふ,射精4／ところてん系1／メスイキ系0,3657,81/82
N74_Necro_MOD,CSV/Card\Necro_master.txt,@敗北_onedari_m2,おねだり,ネクロ,（当たらない）,射精5／ところてん系2／メスイキ系0,3632,85/86
N74_Necro_MOD,CSV/Card\Necro_master.txt,@敗北_onedari_m3,おねだり,ネクロ,ぱふぱふ,射精4／ところてん系1／メスイキ系0,3629,85/86
N74_Necro_MOD,CSV/Card\Necro_master.txt,@敗北_onedari_e1,おねだり,ゾンビガール,乳首では出さない(射精の語あり 要確認)・メスの才能・体のメス化,射精4／ところてん系1／メスイキ系0,3629,84/85
N74_Necro_MOD,CSV/Card\Necro_master.txt,@敗北_onedari_e2,おねだり,下級堕天使,（当たらない）,射精3／ところてん系3／メスイキ系1,3629,81/82
N74_Necro_MOD,CSV/Card\Necro_master.txt,@敗北_onedari_e3,おねだり,ザザ,ところてん→メスイキ・メスの才能・ぱふぱふ,射精5／ところてん系3／メスイキ系0,3627,81/82
N74_Necro_MOD,CSV/Card\Necro_master.txt,@敗北_onedari_boss,おねだり,死を振りまくもの,乳首では出さない(射精の語あり 要確認)・メスの才能・体のメス化・ぱふぱふ,射精3／ところてん系2／メスイキ系1,3629,81/82
N75_SEruru_MOD,CSV/Card\SEruru_master.txt,@敗北_btl_m1,バトル,サキュバスエルル,（当たらない）,射精6／ところてん系1／メスイキ系0,3844,80/82
N75_SEruru_MOD,CSV/Card\SEruru_master.txt,@敗北_btl_m2,バトル,サキュバスエルル,（当たらない）,射精6／ところてん系0／メスイキ系0,3859,82/83
N75_SEruru_MOD,CSV/Card\SEruru_master.txt,@敗北_btl_m3,バトル,サキュバスエルル,乳首では出さない(射精の語あり 要確認)・メスの才能・体のメス化,射精3／ところてん系0／メスイキ系0,3863,84/85
N75_SEruru_MOD,CSV/Card\SEruru_master.txt,@敗北_btl_e1,バトル,道化師,（当たらない）,射精4／ところてん系3／メスイキ系0,3837,79/80
N75_SEruru_MOD,CSV/Card\SEruru_master.txt,@敗北_btl_e2,バトル,淫魔化シャドー,乳首では出さない(射精の語あり 要確認)・メスの才能・体のメス化・ぱふぱふ,射精3／ところてん系2／メスイキ系0,3839,77/78
N75_SEruru_MOD,CSV/Card\SEruru_master.txt,@敗北_btl_e3,バトル,リネット,（当たらない）,射精11／ところてん系2／メスイキ系0,3807,75/76
N75_SEruru_MOD,CSV/Card\SEruru_master.txt,@敗北_btl_boss,バトル,サキュバスコノハ,ところてん→メスイキ・乳首では出さない(射精の語あり 要確認)・メスの才能・体のメス化・ペニバンの書き分け・ぱふぱふ,射精2／ところてん系0／メスイキ系0,3938,82/83
N75_SEruru_MOD,CSV/Card\SEruru_master.txt,@敗北_onani_m1,オナニー,サキュバスエルル,（当たらない）,射精1／ところてん系1／メスイキ系0,3828,79/80
N75_SEruru_MOD,CSV/Card\SEruru_master.txt,@敗北_onani_m2,オナニー,サキュバスエルル,（当たらない）,射精4／ところてん系1／メスイキ系0,3819,85/86
N75_SEruru_MOD,CSV/Card\SEruru_master.txt,@敗北_onani_m3,オナニー,サキュバスエルル,乳首では出さない(射精の語あり 要確認)・メスの才能・体のメス化,射精2／ところてん系1／メスイキ系0,3810,79/80
N75_SEruru_MOD,CSV/Card\SEruru_master.txt,@敗北_onani_e1,オナニー,道化師,（当たらない）,射精2／ところてん系3／メスイキ系0,3820,74/75
N75_SEruru_MOD,CSV/Card\SEruru_master.txt,@敗北_onani_e2,オナニー,淫魔化シャドー,乳首では出さない(射精の語あり 要確認)・メスの才能・体のメス化・ぱふぱふ(匂いなし),射精3／ところてん系2／メスイキ系0,3792,78/79
N75_SEruru_MOD,CSV/Card\SEruru_master.txt,@敗北_onani_e3,オナニー,リネット,（当たらない）,射精12／ところてん系1／メスイキ系0,3810,77/78
N75_SEruru_MOD,CSV/Card\SEruru_master.txt,@敗北_onani_boss,オナニー,サキュバスコノハ,乳首では出さない(射精の語あり 要確認)・メスの才能・体のメス化・顔面騎乗・ぱふぱふ,射精2／ところてん系0／メスイキ系0,3814,79/80
N75_SEruru_MOD,CSV/Card\SEruru_master.txt,@敗北_inochi_m1,命乞い,サキュバスエルル,（当たらない）,射精9／ところてん系2／メスイキ系0,3938,85/86
N75_SEruru_MOD,CSV/Card\SEruru_master.txt,@敗北_inochi_m2,命乞い,サキュバスエルル,（当たらない）,射精5／ところてん系2／メスイキ系0,3903,87/88
N75_SEruru_MOD,CSV/Card\SEruru_master.txt,@敗北_inochi_m3,命乞い,サキュバスエルル,乳首では出さない(射精の語あり 要確認)・メスの才能・体のメス化,射精5／ところてん系1／メスイキ系0,3851,87/88
N75_SEruru_MOD,CSV/Card\SEruru_master.txt,@敗北_inochi_e1,命乞い,道化師,（当たらない）,射精4／ところてん系1／メスイキ系0,3884,78/79
N75_SEruru_MOD,CSV/Card\SEruru_master.txt,@敗北_inochi_e2,命乞い,淫魔化シャドー,（当たらない）,射精3／ところてん系0／メスイキ系0,3861,82/83
N75_SEruru_MOD,CSV/Card\SEruru_master.txt,@敗北_inochi_e3,命乞い,リネット,（当たらない）,射精6／ところてん系0／メスイキ系0,3852,86/87
N75_SEruru_MOD,CSV/Card\SEruru_master.txt,@敗北_inochi_boss,命乞い,サキュバスコノハ,ところてん→メスイキ・乳首では出さない(射精の語あり 要確認)・メスの才能・体のメス化・ペニバンの書き分け・ぱふぱふ,射精4／ところてん系2／メスイキ系0,3851,87/88
N75_SEruru_MOD,CSV/Card\SEruru_master.txt,@敗北_onedari_m1,おねだり,サキュバスエルル,乳首では出さない(射精の語あり 要確認)・メスの才能・体のメス化,射精5／ところてん系1／メスイキ系0,3819,85/86
N75_SEruru_MOD,CSV/Card\SEruru_master.txt,@敗北_onedari_m2,おねだり,サキュバスエルル,（当たらない）,射精5／ところてん系0／メスイキ系0,3825,84/85
N75_SEruru_MOD,CSV/Card\SEruru_master.txt,@敗北_onedari_m3,おねだり,サキュバスエルル,乳首では出さない(射精の語あり 要確認)・メスの才能・体のメス化,射精4／ところてん系1／メスイキ系0,3813,87/88
N75_SEruru_MOD,CSV/Card\SEruru_master.txt,@敗北_onedari_e1,おねだり,道化師,（当たらない）,射精3／ところてん系1／メスイキ系0,3802,78/79
N75_SEruru_MOD,CSV/Card\SEruru_master.txt,@敗北_onedari_e2,おねだり,淫魔化シャドー,（当たらない）,射精3／ところてん系0／メスイキ系0,3806,86/87
N75_SEruru_MOD,CSV/Card\SEruru_master.txt,@敗北_onedari_e3,おねだり,リネット,（当たらない）,射精6／ところてん系1／メスイキ系0,3785,89/90
N75_SEruru_MOD,CSV/Card\SEruru_master.txt,@敗北_onedari_boss,おねだり,サキュバスコノハ,ところてん→メスイキ・乳首では出さない(射精の語あり 要確認)・メスの才能・体のメス化・ペニバンの書き分け・ぱふぱふ,射精3／ところてん系1／メスイキ系0,3950,86/87
N76_Gemini_MOD,CSV/Card\Gemini_master.txt,@敗北_btl_m1,バトル,ジェミニ,ぱふぱふ,射精0／ところてん系4／メスイキ系1,3840,82/83
N76_Gemini_MOD,CSV/Card\Gemini_master.txt,@敗北_btl_m2,バトル,ジェミニ,ぱふぱふ,射精0／ところてん系0／メスイキ系0,3829,87/88
N76_Gemini_MOD,CSV/Card\Gemini_master.txt,@敗北_btl_m3,バトル,ジェミニ,ぱふぱふ(匂いなし),射精0／ところてん系2／メスイキ系0,3821,86/87
N76_Gemini_MOD,CSV/Card\Gemini_master.txt,@敗北_btl_e1,バトル,ルチル,メスの才能・体のメス化,射精0／ところてん系1／メスイキ系0,3826,83/84
N76_Gemini_MOD,CSV/Card\Gemini_master.txt,@敗北_btl_e2,バトル,ベリル,（当たらない）,射精0／ところてん系1／メスイキ系0,3822,84/85
N76_Gemini_MOD,CSV/Card\Gemini_master.txt,@敗北_btl_e3,バトル,アメシア,（当たらない）,射精0／ところてん系1／メスイキ系0,3823,109/110
N76_Gemini_MOD,CSV/Card\Gemini_master.txt,@敗北_btl_boss,バトル,ルベリア,メスの才能・体のメス化・ペニバンの書き分け,射精0／ところてん系4／メスイキ系0,3835,91/93
N76_Gemini_MOD,CSV/Card\Gemini_master.txt,@敗北_onani_m1,オナニー,ジェミニ,メスの才能・体のメス化・ぱふぱふ,射精0／ところてん系0／メスイキ系1,3854,82/83
N76_Gemini_MOD,CSV/Card\Gemini_master.txt,@敗北_onani_m2,オナニー,ジェミニ,メスの才能・体のメス化・ぱふぱふ,射精0／ところてん系1／メスイキ系0,3841,87/88
N76_Gemini_MOD,CSV/Card\Gemini_master.txt,@敗北_onani_m3,オナニー,ジェミニ,ぱふぱふ,射精0／ところてん系1／メスイキ系0,3839,86/87
N76_Gemini_MOD,CSV/Card\Gemini_master.txt,@敗北_onani_e1,オナニー,ルチル,メスの才能・体のメス化,射精0／ところてん系0／メスイキ系0,3823,84/85
N76_Gemini_MOD,CSV/Card\Gemini_master.txt,@敗北_onani_e2,オナニー,ベリル,（当たらない）,射精0／ところてん系1／メスイキ系0,3833,89/90
N76_Gemini_MOD,CSV/Card\Gemini_master.txt,@敗北_onani_e3,オナニー,アメシア,（当たらない）,射精0／ところてん系0／メスイキ系0,3821,107/108
N76_Gemini_MOD,CSV/Card\Gemini_master.txt,@敗北_onani_boss,オナニー,ルベリア,メスの才能・体のメス化,射精0／ところてん系1／メスイキ系0,3823,88/89
N76_Gemini_MOD,CSV/Card\Gemini_master.txt,@敗北_inochi_m1,命乞い,ジェミニ,ぱふぱふ,射精0／ところてん系1／メスイキ系0,3870,84/85
N76_Gemini_MOD,CSV/Card\Gemini_master.txt,@敗北_inochi_m2,命乞い,ジェミニ,ぱふぱふ,射精0／ところてん系2／メスイキ系0,3861,84/85
N76_Gemini_MOD,CSV/Card\Gemini_master.txt,@敗北_inochi_m3,命乞い,ジェミニ,ぱふぱふ,射精0／ところてん系1／メスイキ系0,3828,88/89
N76_Gemini_MOD,CSV/Card\Gemini_master.txt,@敗北_inochi_e1,命乞い,ルチル,メスの才能・体のメス化,射精0／ところてん系1／メスイキ系0,3826,82/83
N76_Gemini_MOD,CSV/Card\Gemini_master.txt,@敗北_inochi_e2,命乞い,ベリル,（当たらない）,射精0／ところてん系1／メスイキ系0,3828,91/92
N76_Gemini_MOD,CSV/Card\Gemini_master.txt,@敗北_inochi_e3,命乞い,アメシア,（当たらない）,射精0／ところてん系1／メスイキ系0,3831,96/97
N76_Gemini_MOD,CSV/Card\Gemini_master.txt,@敗北_inochi_boss,命乞い,ルベリア,ところてん→メスイキ・メスの才能・体のメス化・ペニバンの書き分け,射精0／ところてん系1／メスイキ系0,3893,81/83
N76_Gemini_MOD,CSV/Card\Gemini_master.txt,@敗北_onedari_m1,おねだり,ジェミニ,ぱふぱふ,射精1／ところてん系1／メスイキ系0,3870,86/87
N76_Gemini_MOD,CSV/Card\Gemini_master.txt,@敗北_onedari_m2,おねだり,ジェミニ,ぱふぱふ,射精0／ところてん系1／メスイキ系0,3870,86/87
N76_Gemini_MOD,CSV/Card\Gemini_master.txt,@敗北_onedari_m3,おねだり,ジェミニ,ぱふぱふ,射精0／ところてん系0／メスイキ系0,3860,90/91
N76_Gemini_MOD,CSV/Card\Gemini_master.txt,@敗北_onedari_e1,おねだり,ルチル,メスの才能・体のメス化,射精0／ところてん系1／メスイキ系0,3842,88/89
N76_Gemini_MOD,CSV/Card\Gemini_master.txt,@敗北_onedari_e2,おねだり,ベリル,（当たらない）,射精0／ところてん系0／メスイキ系0,3833,89/90
N76_Gemini_MOD,CSV/Card\Gemini_master.txt,@敗北_onedari_e3,おねだり,アメシア,（当たらない）,射精0／ところてん系0／メスイキ系0,3848,98/99
N76_Gemini_MOD,CSV/Card\Gemini_master.txt,@敗北_onedari_boss,おねだり,ルベリア,ところてん→メスイキ・メスの才能・体のメス化・ペニバンの書き分け,射精0／ところてん系3／メスイキ系0,3896,85/87
N77_Sylvia_MOD,CSV/Card\Sylvia_master.txt,@敗北_btl_m1,バトル,シルヴィア,（当たらない）,射精0／ところてん系1／メスイキ系0,3836,75/76
N77_Sylvia_MOD,CSV/Card\Sylvia_master.txt,@敗北_btl_m2,バトル,シルヴィア,（当たらない）,射精0／ところてん系3／メスイキ系1,3841,84/85
N77_Sylvia_MOD,CSV/Card\Sylvia_master.txt,@敗北_btl_m3,バトル,シルヴィア,体のメス化,射精0／ところてん系0／メスイキ系0,3853,78/79
N77_Sylvia_MOD,CSV/Card\Sylvia_master.txt,@敗北_btl_e1,バトル,光の先導者,（当たらない）,射精0／ところてん系1／メスイキ系0,3846,81/82
N77_Sylvia_MOD,CSV/Card\Sylvia_master.txt,@敗北_btl_e2,バトル,聖盾の騎士,（当たらない）,射精0／ところてん系1／メスイキ系0,3867,86/87
N77_Sylvia_MOD,CSV/Card\Sylvia_master.txt,@敗北_btl_e3,バトル,ヘンリエッタ,ところてん→メスイキ・メスの才能・体のメス化,射精0／ところてん系2／メスイキ系0,3855,85/87
N77_Sylvia_MOD,CSV/Card\Sylvia_master.txt,@敗北_btl_boss,バトル,オーレリア,ところてん→メスイキ・メスの才能・体のメス化,射精0／ところてん系0／メスイキ系0,3983,82/84
N77_Sylvia_MOD,CSV/Card\Sylvia_master.txt,@敗北_onani_m1,オナニー,シルヴィア,（当たらない）,射精3／ところてん系3／メスイキ系0,3831,75/76
N77_Sylvia_MOD,CSV/Card\Sylvia_master.txt,@敗北_onani_m2,オナニー,シルヴィア,メスの才能・体のメス化,射精0／ところてん系0／メスイキ系0,3879,79/80
N77_Sylvia_MOD,CSV/Card\Sylvia_master.txt,@敗北_onani_m3,オナニー,シルヴィア,体のメス化,射精0／ところてん系0／メスイキ系0,3863,78/79
N77_Sylvia_MOD,CSV/Card\Sylvia_master.txt,@敗北_onani_e1,オナニー,光の先導者,（当たらない）,射精0／ところてん系1／メスイキ系0,3831,83/84
N77_Sylvia_MOD,CSV/Card\Sylvia_master.txt,@敗北_onani_e2,オナニー,聖盾の騎士,（当たらない）,射精0／ところてん系0／メスイキ系0,3860,86/87
N77_Sylvia_MOD,CSV/Card\Sylvia_master.txt,@敗北_onani_e3,オナニー,ヘンリエッタ,メスの才能・体のメス化,射精0／ところてん系2／メスイキ系0,3829,82/83
N77_Sylvia_MOD,CSV/Card\Sylvia_master.txt,@敗北_onani_boss,オナニー,オーレリア,メスの才能・体のメス化,射精0／ところてん系0／メスイキ系0,3832,79/80
N77_Sylvia_MOD,CSV/Card\Sylvia_master.txt,@敗北_inochi_m1,命乞い,シルヴィア,（当たらない）,射精0／ところてん系0／メスイキ系0,3897,82/83
N77_Sylvia_MOD,CSV/Card\Sylvia_master.txt,@敗北_inochi_m2,命乞い,シルヴィア,体のメス化,射精0／ところてん系0／メスイキ系0,3851,83/84
N77_Sylvia_MOD,CSV/Card\Sylvia_master.txt,@敗北_inochi_m3,命乞い,シルヴィア,体のメス化,射精0／ところてん系1／メスイキ系0,3831,84/85
N77_Sylvia_MOD,CSV/Card\Sylvia_master.txt,@敗北_inochi_e1,命乞い,光の先導者,メスの才能・体のメス化,射精0／ところてん系0／メスイキ系0,3921,84/86
N77_Sylvia_MOD,CSV/Card\Sylvia_master.txt,@敗北_inochi_e2,命乞い,聖盾の騎士,（当たらない）,射精0／ところてん系1／メスイキ系0,3827,90/91
N77_Sylvia_MOD,CSV/Card\Sylvia_master.txt,@敗北_inochi_e3,命乞い,ヘンリエッタ,体のメス化・アナル舐め,射精0／ところてん系0／メスイキ系0,3829,85/86
N77_Sylvia_MOD,CSV/Card\Sylvia_master.txt,@敗北_inochi_boss,命乞い,オーレリア,乳首では出さない(射精の語あり 要確認)・メスの才能・体のメス化,射精1／ところてん系0／メスイキ系0,3892,84/85
N77_Sylvia_MOD,CSV/Card\Sylvia_master.txt,@敗北_onedari_m1,おねだり,シルヴィア,（当たらない）,射精0／ところてん系1／メスイキ系0,3818,82/83
N77_Sylvia_MOD,CSV/Card\Sylvia_master.txt,@敗北_onedari_m2,おねだり,シルヴィア,体のメス化,射精0／ところてん系1／メスイキ系0,3838,85/86
N77_Sylvia_MOD,CSV/Card\Sylvia_master.txt,@敗北_onedari_m3,おねだり,シルヴィア,体のメス化,射精0／ところてん系1／メスイキ系0,3818,81/82
N77_Sylvia_MOD,CSV/Card\Sylvia_master.txt,@敗北_onedari_e1,おねだり,光の先導者,メスの才能・体のメス化,射精0／ところてん系0／メスイキ系0,3830,83/85
N77_Sylvia_MOD,CSV/Card\Sylvia_master.txt,@敗北_onedari_e2,おねだり,聖盾の騎士,（当たらない）,射精0／ところてん系0／メスイキ系0,3846,87/89
N77_Sylvia_MOD,CSV/Card\Sylvia_master.txt,@敗北_onedari_e3,おねだり,ヘンリエッタ,ところてん→メスイキ・メスの才能・体のメス化,射精0／ところてん系0／メスイキ系0,3851,87/89
N77_Sylvia_MOD,CSV/Card\Sylvia_master.txt,@敗北_onedari_boss,おねだり,オーレリア,ところてん→メスイキ・メスの才能・体のメス化,射精0／ところてん系0／メスイキ系0,3957,85/87
N78_Kiss_MOD,CSV/Card\Kiss_master.txt,@敗北_btl_m1,バトル,ベーゼリア,メスの才能・体のメス化,射精0／ところてん系1／メスイキ系0,4038,93/94
N78_Kiss_MOD,CSV/Card\Kiss_master.txt,@敗北_btl_m2,バトル,ベーゼリア,（当たらない）,射精0／ところてん系2／メスイキ系0,3937,90/91
N78_Kiss_MOD,CSV/Card\Kiss_master.txt,@敗北_btl_m3,バトル,ベーゼリア,メスの才能・体のメス化,射精0／ところてん系2／メスイキ系0,3900,92/93
N78_Kiss_MOD,CSV/Card\Kiss_master.txt,@敗北_btl_e1,バトル,カルミナ,（当たらない）,射精0／ところてん系1／メスイキ系0,3944,88/89
N78_Kiss_MOD,CSV/Card\Kiss_master.txt,@敗北_btl_e2,バトル,ミストラ,メスの才能,射精0／ところてん系0／メスイキ系0,3907,90/92
N78_Kiss_MOD,CSV/Card\Kiss_master.txt,@敗北_btl_e3,バトル,シェリ,（当たらない）,射精0／ところてん系0／メスイキ系0,3875,91/92
N78_Kiss_MOD,CSV/Card\Kiss_master.txt,@敗北_btl_boss,バトル,オスクラ,メスの才能・体のメス化,射精0／ところてん系0／メスイキ系0,3923,86/88
N78_Kiss_MOD,CSV/Card\Kiss_master.txt,@敗北_onani_m1,オナニー,ベーゼリア,（当たらない）,射精0／ところてん系2／メスイキ系0,3952,88/89
N78_Kiss_MOD,CSV/Card\Kiss_master.txt,@敗北_onani_m2,オナニー,ベーゼリア,（当たらない）,射精0／ところてん系2／メスイキ系0,3908,92/93
N78_Kiss_MOD,CSV/Card\Kiss_master.txt,@敗北_onani_m3,オナニー,ベーゼリア,メスの才能・体のメス化,射精0／ところてん系1／メスイキ系0,3921,91/92
N78_Kiss_MOD,CSV/Card\Kiss_master.txt,@敗北_onani_e1,オナニー,カルミナ,（当たらない）,射精0／ところてん系0／メスイキ系0,3936,87/88
N78_Kiss_MOD,CSV/Card\Kiss_master.txt,@敗北_onani_e2,オナニー,ミストラ,メスの才能・体のメス化,射精0／ところてん系2／メスイキ系0,3911,91/92
N78_Kiss_MOD,CSV/Card\Kiss_master.txt,@敗北_onani_e3,オナニー,シェリ,メスの才能・体のメス化,射精0／ところてん系1／メスイキ系0,3959,88/89
N78_Kiss_MOD,CSV/Card\Kiss_master.txt,@敗北_onani_boss,オナニー,オスクラ,メスの才能・体のメス化,射精0／ところてん系0／メスイキ系0,3920,88/89
N78_Kiss_MOD,CSV/Card\Kiss_master.txt,@敗北_inochi_m1,命乞い,ベーゼリア,（当たらない）,射精2／ところてん系2／メスイキ系0,3908,84/85
N78_Kiss_MOD,CSV/Card\Kiss_master.txt,@敗北_inochi_m2,命乞い,ベーゼリア,（当たらない）,射精2／ところてん系2／メスイキ系0,3909,85/86
N78_Kiss_MOD,CSV/Card\Kiss_master.txt,@敗北_inochi_m3,命乞い,ベーゼリア,乳首では出さない(射精の語あり 要確認)・メスの才能・体のメス化,射精2／ところてん系0／メスイキ系0,3903,84/85
N78_Kiss_MOD,CSV/Card\Kiss_master.txt,@敗北_inochi_e1,命乞い,カルミナ,（当たらない）,射精1／ところてん系0／メスイキ系0,3939,81/82
N78_Kiss_MOD,CSV/Card\Kiss_master.txt,@敗北_inochi_e2,命乞い,ミストラ,（当たらない）,射精2／ところてん系2／メスイキ系0,3899,79/80
N78_Kiss_MOD,CSV/Card\Kiss_master.txt,@敗北_inochi_e3,命乞い,シェリ,（当たらない）,射精2／ところてん系1／メスイキ系0,3897,85/86
N78_Kiss_MOD,CSV/Card\Kiss_master.txt,@敗北_inochi_boss,命乞い,オスクラ,ところてん→メスイキ・乳首では出さない(射精の語あり 要確認)・メスの才能・体のメス化,射精1／ところてん系0／メスイキ系0,3911,86/88
N78_Kiss_MOD,CSV/Card\Kiss_master.txt,@敗北_onedari_m1,おねだり,ベーゼリア,（当たらない）,射精2／ところてん系1／メスイキ系0,3917,83/84
N78_Kiss_MOD,CSV/Card\Kiss_master.txt,@敗北_onedari_m2,おねだり,ベーゼリア,（当たらない）,射精2／ところてん系3／メスイキ系0,3908,84/85
N78_Kiss_MOD,CSV/Card\Kiss_master.txt,@敗北_onedari_m3,おねだり,ベーゼリア,乳首では出さない(射精の語あり 要確認)・メスの才能・体のメス化,射精2／ところてん系1／メスイキ系0,3923,83/84
N78_Kiss_MOD,CSV/Card\Kiss_master.txt,@敗北_onedari_e1,おねだり,カルミナ,（当たらない）,射精1／ところてん系0／メスイキ系0,3906,79/80
N78_Kiss_MOD,CSV/Card\Kiss_master.txt,@敗北_onedari_e2,おねだり,ミストラ,メスの才能,射精2／ところてん系1／メスイキ系0,3908,77/79
N78_Kiss_MOD,CSV/Card\Kiss_master.txt,@敗北_onedari_e3,おねだり,シェリ,（当たらない）,射精2／ところてん系1／メスイキ系0,3901,80/81
N78_Kiss_MOD,CSV/Card\Kiss_master.txt,@敗北_onedari_boss,おねだり,オスクラ,乳首では出さない(射精の語あり 要確認)・メスの才能・体のメス化,射精2／ところてん系4／メスイキ系0,3875,86/87
N79_Perfume_MOD,CSV/Card\Perfume_master.txt,@敗北_btl_m1,バトル,ミュスカ,体のメス化・ぱふぱふ,射精1／ところてん系0／メスイキ系0,3856,83/84
N79_Perfume_MOD,CSV/Card\Perfume_master.txt,@敗北_btl_m2,バトル,ミュスカ,体のメス化,射精1／ところてん系1／メスイキ系0,3861,89/90
N79_Perfume_MOD,CSV/Card\Perfume_master.txt,@敗北_btl_m3,バトル,ミュスカ,体のメス化,射精0／ところてん系0／メスイキ系0,3903,88/89
N79_Perfume_MOD,CSV/Card\Perfume_master.txt,@敗北_btl_e1,バトル,ベルガ,メスの才能・体のメス化,射精0／ところてん系1／メスイキ系0,3861,89/90
N79_Perfume_MOD,CSV/Card\Perfume_master.txt,@敗北_btl_e2,バトル,ムスク,メスの才能・体のメス化,射精0／ところてん系0／メスイキ系0,3845,86/88
N79_Perfume_MOD,CSV/Card\Perfume_master.txt,@敗北_btl_e3,バトル,イランイラン,体のメス化,射精0／ところてん系0／メスイキ系0,3875,85/86
N79_Perfume_MOD,CSV/Card\Perfume_master.txt,@敗北_btl_boss,バトル,アンブル,メスの才能・体のメス化,射精0／ところてん系0／メスイキ系0,3867,85/87
N79_Perfume_MOD,CSV/Card\Perfume_master.txt,@敗北_onani_m1,オナニー,ミュスカ,体のメス化・ぱふぱふ,射精0／ところてん系0／メスイキ系0,3919,89/90
N79_Perfume_MOD,CSV/Card\Perfume_master.txt,@敗北_onani_m2,オナニー,ミュスカ,体のメス化,射精0／ところてん系1／メスイキ系0,3874,84/85
N79_Perfume_MOD,CSV/Card\Perfume_master.txt,@敗北_onani_m3,オナニー,ミュスカ,体のメス化,射精0／ところてん系0／メスイキ系0,3832,86/87
N79_Perfume_MOD,CSV/Card\Perfume_master.txt,@敗北_onani_e1,オナニー,ベルガ,メスの才能・体のメス化,射精0／ところてん系1／メスイキ系0,3849,86/87
N79_Perfume_MOD,CSV/Card\Perfume_master.txt,@敗北_onani_e2,オナニー,ムスク,体のメス化,射精0／ところてん系1／メスイキ系0,3869,89/90
N79_Perfume_MOD,CSV/Card\Perfume_master.txt,@敗北_onani_e3,オナニー,イランイラン,体のメス化,射精0／ところてん系2／メスイキ系0,3848,82/83
N79_Perfume_MOD,CSV/Card\Perfume_master.txt,@敗北_onani_boss,オナニー,アンブル,メスの才能・体のメス化,射精0／ところてん系0／メスイキ系0,3882,89/90
N79_Perfume_MOD,CSV/Card\Perfume_master.txt,@敗北_inochi_m1,命乞い,ミュスカ,体のメス化・ぱふぱふ,射精0／ところてん系1／メスイキ系0,3838,86/87
N79_Perfume_MOD,CSV/Card\Perfume_master.txt,@敗北_inochi_m2,命乞い,ミュスカ,体のメス化,射精0／ところてん系0／メスイキ系0,3837,87/88
N79_Perfume_MOD,CSV/Card\Perfume_master.txt,@敗北_inochi_m3,命乞い,ミュスカ,体のメス化,射精0／ところてん系1／メスイキ系0,3823,85/86
N79_Perfume_MOD,CSV/Card\Perfume_master.txt,@敗北_inochi_e1,命乞い,ベルガ,乳首では出さない(射精の語あり 要確認)・メスの才能・体のメス化,射精1／ところてん系0／メスイキ系0,3835,81/82
N79_Perfume_MOD,CSV/Card\Perfume_master.txt,@敗北_inochi_e2,命乞い,ムスク,メスの才能・体のメス化,射精0／ところてん系0／メスイキ系0,3839,91/93
N79_Perfume_MOD,CSV/Card\Perfume_master.txt,@敗北_inochi_e3,命乞い,イランイラン,体のメス化,射精0／ところてん系1／メスイキ系0,3825,81/82
N79_Perfume_MOD,CSV/Card\Perfume_master.txt,@敗北_inochi_boss,命乞い,アンブル,メスの才能・体のメス化,射精0／ところてん系0／メスイキ系0,3818,88/90
N79_Perfume_MOD,CSV/Card\Perfume_master.txt,@敗北_onedari_m1,おねだり,ミュスカ,体のメス化・ぱふぱふ,射精0／ところてん系1／メスイキ系0,3824,84/85
N79_Perfume_MOD,CSV/Card\Perfume_master.txt,@敗北_onedari_m2,おねだり,ミュスカ,体のメス化,射精0／ところてん系0／メスイキ系0,3827,83/84
N79_Perfume_MOD,CSV/Card\Perfume_master.txt,@敗北_onedari_m3,おねだり,ミュスカ,体のメス化,射精0／ところてん系1／メスイキ系0,3823,85/86
N79_Perfume_MOD,CSV/Card\Perfume_master.txt,@敗北_onedari_e1,おねだり,ベルガ,乳首では出さない(射精の語あり 要確認)・メスの才能・体のメス化,射精1／ところてん系2／メスイキ系0,3821,82/83
N79_Perfume_MOD,CSV/Card\Perfume_master.txt,@敗北_onedari_e2,おねだり,ムスク,体のメス化,射精0／ところてん系2／メスイキ系0,3823,89/90
N79_Perfume_MOD,CSV/Card\Perfume_master.txt,@敗北_onedari_e3,おねだり,イランイラン,体のメス化,射精0／ところてん系1／メスイキ系0,3824,79/80
N79_Perfume_MOD,CSV/Card\Perfume_master.txt,@敗北_onedari_boss,おねだり,アンブル,メスの才能・体のメス化,射精0／ところてん系1／メスイキ系0,3818,84/85
N80_Queen_MOD,CSV/Card\Queen_master.txt,@敗北_btl_m1,バトル,リリスティア,メスの才能・体のメス化,射精0／ところてん系1／メスイキ系0,3847,87/88
N80_Queen_MOD,CSV/Card\Queen_master.txt,@敗北_btl_m2,バトル,リリスティア,（当たらない）,射精2／ところてん系0／メスイキ系0,3853,88/89
N80_Queen_MOD,CSV/Card\Queen_master.txt,@敗北_btl_m3,バトル,リリスティア,メスの才能・体のメス化・ぱふぱふ,射精0／ところてん系0／メスイキ系0,3862,85/86
N80_Queen_MOD,CSV/Card\Queen_master.txt,@敗北_btl_e1,バトル,ロザンヌ,（当たらない）,射精0／ところてん系0／メスイキ系0,3844,92/93
N80_Queen_MOD,CSV/Card\Queen_master.txt,@敗北_btl_e2,バトル,グラディス,（当たらない）,射精0／ところてん系2／メスイキ系0,3871,94/96
N80_Queen_MOD,CSV/Card\Queen_master.txt,@敗北_btl_e3,バトル,セレスタ,メスの才能・体のメス化,射精0／ところてん系0／メスイキ系0,3822,90/91
N80_Queen_MOD,CSV/Card\Queen_master.txt,@敗北_btl_boss,バトル,メフィスタ,メスの才能・体のメス化,射精0／ところてん系0／メスイキ系0,3824,89/91
N80_Queen_MOD,CSV/Card\Queen_master.txt,@敗北_onani_m1,オナニー,リリスティア,（当たらない）,射精0／ところてん系1／メスイキ系0,3865,86/87
N80_Queen_MOD,CSV/Card\Queen_master.txt,@敗北_onani_m2,オナニー,リリスティア,（当たらない）,射精0／ところてん系1／メスイキ系0,3857,88/89
N80_Queen_MOD,CSV/Card\Queen_master.txt,@敗北_onani_m3,オナニー,リリスティア,乳首では出さない(射精の語あり 要確認)・メスの才能・体のメス化・ぱふぱふ,射精2／ところてん系2／メスイキ系0,3863,87/88
N80_Queen_MOD,CSV/Card\Queen_master.txt,@敗北_onani_e1,オナニー,ロザンヌ,（当たらない）,射精0／ところてん系0／メスイキ系0,3860,90/91
N80_Queen_MOD,CSV/Card\Queen_master.txt,@敗北_onani_e2,オナニー,グラディス,（当たらない）,射精0／ところてん系2／メスイキ系0,3827,96/97
N80_Queen_MOD,CSV/Card\Queen_master.txt,@敗北_onani_e3,オナニー,セレスタ,メスの才能・体のメス化,射精0／ところてん系0／メスイキ系0,3831,91/92
N80_Queen_MOD,CSV/Card\Queen_master.txt,@敗北_onani_boss,オナニー,メフィスタ,メスの才能・体のメス化,射精0／ところてん系1／メスイキ系0,3850,85/87
N80_Queen_MOD,CSV/Card\Queen_master.txt,@敗北_inochi_m1,命乞い,リリスティア,（当たらない）,射精0／ところてん系0／メスイキ系0,3881,83/84
N80_Queen_MOD,CSV/Card\Queen_master.txt,@敗北_inochi_m2,命乞い,リリスティア,（当たらない）,射精1／ところてん系0／メスイキ系0,3838,86/87
N80_Queen_MOD,CSV/Card\Queen_master.txt,@敗北_inochi_m3,命乞い,リリスティア,メスの才能・体のメス化・ぱふぱふ,射精0／ところてん系2／メスイキ系0,3862,88/89
N80_Queen_MOD,CSV/Card\Queen_master.txt,@敗北_inochi_e1,命乞い,ロザンヌ,（当たらない）,射精0／ところてん系1／メスイキ系0,3883,86/87
N80_Queen_MOD,CSV/Card\Queen_master.txt,@敗北_inochi_e2,命乞い,グラディス,（当たらない）,射精0／ところてん系1／メスイキ系0,3870,90/92
N80_Queen_MOD,CSV/Card\Queen_master.txt,@敗北_inochi_e3,命乞い,セレスタ,メスの才能・体のメス化,射精0／ところてん系1／メスイキ系0,3836,95/96
N80_Queen_MOD,CSV/Card\Queen_master.txt,@敗北_inochi_boss,命乞い,メフィスタ,メスの才能・体のメス化,射精0／ところてん系0／メスイキ系0,3864,85/86
N80_Queen_MOD,CSV/Card\Queen_master.txt,@敗北_onedari_m1,おねだり,リリスティア,（当たらない）,射精0／ところてん系0／メスイキ系0,3837,84/85
N80_Queen_MOD,CSV/Card\Queen_master.txt,@敗北_onedari_m2,おねだり,リリスティア,（当たらない）,射精2／ところてん系1／メスイキ系0,3822,87/88
N80_Queen_MOD,CSV/Card\Queen_master.txt,@敗北_onedari_m3,おねだり,リリスティア,メスの才能・体のメス化・ぱふぱふ,射精0／ところてん系1／メスイキ系0,3871,91/92
N80_Queen_MOD,CSV/Card\Queen_master.txt,@敗北_onedari_e1,おねだり,ロザンヌ,（当たらない）,射精0／ところてん系2／メスイキ系0,3835,84/85
N80_Queen_MOD,CSV/Card\Queen_master.txt,@敗北_onedari_e2,おねだり,グラディス,（当たらない）,射精0／ところてん系1／メスイキ系0,3859,91/93
N80_Queen_MOD,CSV/Card\Queen_master.txt,@敗北_onedari_e3,おねだり,セレスタ,メスの才能・体のメス化,射精0／ところてん系1／メスイキ系0,3831,92/93
N80_Queen_MOD,CSV/Card\Queen_master.txt,@敗北_onedari_boss,おねだり,メフィスタ,メスの才能・体のメス化,射精0／ところてん系0／メスイキ系0,3841,82/84
N81_Inn_MOD,CSV/Card\Inn_master.txt,@敗北_btl_m1,バトル,アネット,乳首では出さない(射精の語あり 要確認)・メスの才能・体のメス化・ぱふぱふ,射精1／ところてん系0／メスイキ系0,3849,85/86
N81_Inn_MOD,CSV/Card\Inn_master.txt,@敗北_btl_m2,バトル,アネット,（当たらない）,射精2／ところてん系1／メスイキ系0,3862,89/90
N81_Inn_MOD,CSV/Card\Inn_master.txt,@敗北_btl_m3,バトル,アネット,（当たらない）,射精0／ところてん系0／メスイキ系0,3845,94/95
N81_Inn_MOD,CSV/Card\Inn_master.txt,@敗北_btl_e1,バトル,リネア,体のメス化,射精0／ところてん系0／メスイキ系0,3849,87/88
N81_Inn_MOD,CSV/Card\Inn_master.txt,@敗北_btl_e2,バトル,ハニカ,乳首では出さない(射精の語あり 要確認)・メスの才能・体のメス化,射精2／ところてん系5／メスイキ系0,3847,94/95
N81_Inn_MOD,CSV/Card\Inn_master.txt,@敗北_btl_e3,バトル,ノクティ,メスの才能・体のメス化・ペニバンの書き分け,射精0／ところてん系1／メスイキ系0,3862,111/113
N81_Inn_MOD,CSV/Card\Inn_master.txt,@敗北_btl_boss,バトル,オルテンシア,ところてん→メスイキ・メスの才能・体のメス化・ペニバンの書き分け・ぱふぱふ,射精0／ところてん系1／メスイキ系0,3888,95/96
N81_Inn_MOD,CSV/Card\Inn_master.txt,@敗北_onani_m1,オナニー,アネット,（当たらない）,射精0／ところてん系1／メスイキ系0,3853,90/91
N81_Inn_MOD,CSV/Card\Inn_master.txt,@敗北_onani_m2,オナニー,アネット,（当たらない）,射精0／ところてん系0／メスイキ系0,3870,91/92
N81_Inn_MOD,CSV/Card\Inn_master.txt,@敗北_onani_m3,オナニー,アネット,（当たらない）,射精0／ところてん系1／メスイキ系0,3857,90/91
N81_Inn_MOD,CSV/Card\Inn_master.txt,@敗北_onani_e1,オナニー,リネア,体のメス化,射精0／ところてん系0／メスイキ系0,3836,85/86
N81_Inn_MOD,CSV/Card\Inn_master.txt,@敗北_onani_e2,オナニー,ハニカ,メスの才能・体のメス化,射精0／ところてん系4／メスイキ系0,3860,92/93
N81_Inn_MOD,CSV/Card\Inn_master.txt,@敗北_onani_e3,オナニー,ノクティ,ぱふぱふ(匂いなし),射精0／ところてん系0／メスイキ系0,3825,104/105
N81_Inn_MOD,CSV/Card\Inn_master.txt,@敗北_onani_boss,オナニー,オルテンシア,メスの才能・体のメス化・ぱふぱふ,射精0／ところてん系0／メスイキ系0,3864,93/94
N81_Inn_MOD,CSV/Card\Inn_master.txt,@敗北_inochi_m1,命乞い,アネット,ぱふぱふ,射精0／ところてん系1／メスイキ系0,3835,82/83
N81_Inn_MOD,CSV/Card\Inn_master.txt,@敗北_inochi_m2,命乞い,アネット,（当たらない）,射精0／ところてん系0／メスイキ系0,3862,87/88
N81_Inn_MOD,CSV/Card\Inn_master.txt,@敗北_inochi_m3,命乞い,アネット,（当たらない）,射精0／ところてん系0／メスイキ系0,3868,91/92
N81_Inn_MOD,CSV/Card\Inn_master.txt,@敗北_inochi_e1,命乞い,リネア,（当たらない）,射精0／ところてん系0／メスイキ系0,3862,89/90
N81_Inn_MOD,CSV/Card\Inn_master.txt,@敗北_inochi_e2,命乞い,ハニカ,メスの才能・体のメス化,射精0／ところてん系3／メスイキ系0,3824,92/93
N81_Inn_MOD,CSV/Card\Inn_master.txt,@敗北_inochi_e3,命乞い,ノクティ,（当たらない）,射精0／ところてん系0／メスイキ系0,3841,107/108
N81_Inn_MOD,CSV/Card\Inn_master.txt,@敗北_inochi_boss,命乞い,オルテンシア,メスの才能・体のメス化・ぱふぱふ,射精0／ところてん系1／メスイキ系0,3827,92/94
N81_Inn_MOD,CSV/Card\Inn_master.txt,@敗北_onedari_m1,おねだり,アネット,（当たらない）,射精0／ところてん系1／メスイキ系0,3871,91/92
N81_Inn_MOD,CSV/Card\Inn_master.txt,@敗北_onedari_m2,おねだり,アネット,（当たらない）,射精0／ところてん系1／メスイキ系0,3868,87/88
N81_Inn_MOD,CSV/Card\Inn_master.txt,@敗北_onedari_m3,おねだり,アネット,（当たらない）,射精0／ところてん系0／メスイキ系0,3881,93/94
N81_Inn_MOD,CSV/Card\Inn_master.txt,@敗北_onedari_e1,おねだり,リネア,（当たらない）,射精0／ところてん系0／メスイキ系0,3873,89/90
N81_Inn_MOD,CSV/Card\Inn_master.txt,@敗北_onedari_e2,おねだり,ハニカ,メスの才能・体のメス化,射精0／ところてん系4／メスイキ系0,3867,94/95
N81_Inn_MOD,CSV/Card\Inn_master.txt,@敗北_onedari_e3,おねだり,ノクティ,（当たらない）,射精0／ところてん系0／メスイキ系0,3846,109/110
N81_Inn_MOD,CSV/Card\Inn_master.txt,@敗北_onedari_boss,おねだり,オルテンシア,メスの才能・体のメス化・ぱふぱふ,射精0／ところてん系1／メスイキ系0,3865,96/97
N82_Ranch_MOD,CSV/Card\Ranch_master.txt,@敗北_btl_m1,バトル,ダリア,メスの才能・体のメス化,射精0／ところてん系1／メスイキ系0,3867,80/81
N82_Ranch_MOD,CSV/Card\Ranch_master.txt,@敗北_btl_m2,バトル,ダリア,メスの才能・体のメス化,射精0／ところてん系1／メスイキ系0,3845,81/82
N82_Ranch_MOD,CSV/Card\Ranch_master.txt,@敗北_btl_m3,バトル,ダリア,メスの才能・体のメス化,射精0／ところてん系1／メスイキ系0,3869,78/80
N82_Ranch_MOD,CSV/Card\Ranch_master.txt,@敗北_btl_e1,バトル,ミルカ,（当たらない）,射精0／ところてん系0／メスイキ系0,3848,79/80
N82_Ranch_MOD,CSV/Card\Ranch_master.txt,@敗北_btl_e2,バトル,シェパ,（当たらない）,射精0／ところてん系4／メスイキ系0,3830,86/87
N82_Ranch_MOD,CSV/Card\Ranch_master.txt,@敗北_btl_e3,バトル,ブリエ,（当たらない）,射精0／ところてん系8／メスイキ系0,3818,82/83
N82_Ranch_MOD,CSV/Card\Ranch_master.txt,@敗北_btl_boss,バトル,ボヴィーナ,メスの才能・体のメス化,射精0／ところてん系0／メスイキ系0,3849,79/81
N82_Ranch_MOD,CSV/Card\Ranch_master.txt,@敗北_onani_m1,オナニー,ダリア,メスの才能・体のメス化,射精0／ところてん系1／メスイキ系0,3836,78/79
N82_Ranch_MOD,CSV/Card\Ranch_master.txt,@敗北_onani_m2,オナニー,ダリア,メスの才能・体のメス化,射精0／ところてん系0／メスイキ系0,3822,80/81
N82_Ranch_MOD,CSV/Card\Ranch_master.txt,@敗北_onani_m3,オナニー,ダリア,メスの才能・体のメス化,射精0／ところてん系0／メスイキ系0,3835,78/80
N82_Ranch_MOD,CSV/Card\Ranch_master.txt,@敗北_onani_e1,オナニー,ミルカ,（当たらない）,射精0／ところてん系0／メスイキ系0,3841,79/80
N82_Ranch_MOD,CSV/Card\Ranch_master.txt,@敗北_onani_e2,オナニー,シェパ,（当たらない）,射精0／ところてん系3／メスイキ系0,3835,85/86
N82_Ranch_MOD,CSV/Card\Ranch_master.txt,@敗北_onani_e3,オナニー,ブリエ,（当たらない）,射精0／ところてん系3／メスイキ系0,3817,83/84
N82_Ranch_MOD,CSV/Card\Ranch_master.txt,@敗北_onani_boss,オナニー,ボヴィーナ,メスの才能・体のメス化,射精0／ところてん系0／メスイキ系0,3855,83/85
N82_Ranch_MOD,CSV/Card\Ranch_master.txt,@敗北_inochi_m1,命乞い,ダリア,メスの才能・体のメス化,射精0／ところてん系1／メスイキ系0,3862,73/74
N82_Ranch_MOD,CSV/Card\Ranch_master.txt,@敗北_inochi_m2,命乞い,ダリア,メスの才能・体のメス化,射精0／ところてん系0／メスイキ系0,3890,73/74
N82_Ranch_MOD,CSV/Card\Ranch_master.txt,@敗北_inochi_m3,命乞い,ダリア,メスの才能・体のメス化,射精0／ところてん系2／メスイキ系0,3856,77/79
N82_Ranch_MOD,CSV/Card\Ranch_master.txt,@敗北_inochi_e1,命乞い,ミルカ,（当たらない）,射精0／ところてん系4／メスイキ系0,3844,78/79
N82_Ranch_MOD,CSV/Card\Ranch_master.txt,@敗北_inochi_e2,命乞い,シェパ,（当たらない）,射精0／ところてん系3／メスイキ系0,3838,84/86
N82_Ranch_MOD,CSV/Card\Ranch_master.txt,@敗北_inochi_e3,命乞い,ブリエ,（当たらない）,射精0／ところてん系0／メスイキ系0,3847,81/82
N82_Ranch_MOD,CSV/Card\Ranch_master.txt,@敗北_inochi_boss,命乞い,ボヴィーナ,メスの才能・体のメス化・ぱふぱふ(匂いなし),射精0／ところてん系0／メスイキ系0,3854,76/78
N82_Ranch_MOD,CSV/Card\Ranch_master.txt,@敗北_onedari_m1,おねだり,ダリア,メスの才能・体のメス化,射精0／ところてん系1／メスイキ系0,3864,79/80
N82_Ranch_MOD,CSV/Card\Ranch_master.txt,@敗北_onedari_m2,おねだり,ダリア,メスの才能・体のメス化,射精0／ところてん系0／メスイキ系0,3822,80/81
N82_Ranch_MOD,CSV/Card\Ranch_master.txt,@敗北_onedari_m3,おねだり,ダリア,メスの才能・体のメス化,射精0／ところてん系1／メスイキ系0,3913,80/82
N82_Ranch_MOD,CSV/Card\Ranch_master.txt,@敗北_onedari_e1,おねだり,ミルカ,（当たらない）,射精0／ところてん系2／メスイキ系0,3967,78/79
N82_Ranch_MOD,CSV/Card\Ranch_master.txt,@敗北_onedari_e2,おねだり,シェパ,（当たらない）,射精0／ところてん系0／メスイキ系0,3836,88/89
N82_Ranch_MOD,CSV/Card\Ranch_master.txt,@敗北_onedari_e3,おねだり,ブリエ,（当たらない）,射精0／ところてん系0／メスイキ系0,3822,81/82
N82_Ranch_MOD,CSV/Card\Ranch_master.txt,@敗北_onedari_boss,おねだり,ボヴィーナ,（当たらない）,射精0／ところてん系0／メスイキ系0,3841,76/78
N83_Tengu_MOD,CSV/Card\Tengu_master.txt,@敗北_btl_m1,バトル,アマギリ,メスの才能・体のメス化,射精0／ところてん系1／メスイキ系0,3832,81/82
N83_Tengu_MOD,CSV/Card\Tengu_master.txt,@敗北_btl_m2,バトル,アマギリ,メスの才能・体のメス化,射精0／ところてん系1／メスイキ系0,3841,80/81
N83_Tengu_MOD,CSV/Card\Tengu_master.txt,@敗北_btl_m3,バトル,アマギリ,（当たらない）,射精0／ところてん系1／メスイキ系0,3881,82/84
N83_Tengu_MOD,CSV/Card\Tengu_master.txt,@敗北_btl_e1,バトル,クロハ,メスの才能・体のメス化,射精0／ところてん系1／メスイキ系0,3877,88/89
N83_Tengu_MOD,CSV/Card\Tengu_master.txt,@敗北_btl_e2,バトル,イブキ,（当たらない）,射精0／ところてん系1／メスイキ系0,3860,85/86
N83_Tengu_MOD,CSV/Card\Tengu_master.txt,@敗北_btl_e3,バトル,ヤマビコ,メスの才能・体のメス化,射精0／ところてん系5／メスイキ系0,3866,92/93
N83_Tengu_MOD,CSV/Card\Tengu_master.txt,@敗北_btl_boss,バトル,オボロ,メスの才能・体のメス化,射精0／ところてん系0／メスイキ系0,3837,97/99
N83_Tengu_MOD,CSV/Card\Tengu_master.txt,@敗北_onani_m1,オナニー,アマギリ,メスの才能・体のメス化,射精0／ところてん系0／メスイキ系0,3868,82/83
N83_Tengu_MOD,CSV/Card\Tengu_master.txt,@敗北_onani_m2,オナニー,アマギリ,メスの才能・体のメス化,射精0／ところてん系1／メスイキ系0,3889,81/82
N83_Tengu_MOD,CSV/Card\Tengu_master.txt,@敗北_onani_m3,オナニー,アマギリ,（当たらない）,射精0／ところてん系2／メスイキ系0,3859,81/83
N83_Tengu_MOD,CSV/Card\Tengu_master.txt,@敗北_onani_e1,オナニー,クロハ,メスの才能・体のメス化,射精0／ところてん系0／メスイキ系0,3849,88/89
N83_Tengu_MOD,CSV/Card\Tengu_master.txt,@敗北_onani_e2,オナニー,イブキ,（当たらない）,射精0／ところてん系1／メスイキ系0,3844,89/90
N83_Tengu_MOD,CSV/Card\Tengu_master.txt,@敗北_onani_e3,オナニー,ヤマビコ,（当たらない）,射精0／ところてん系1／メスイキ系0,3814,90/91
N83_Tengu_MOD,CSV/Card\Tengu_master.txt,@敗北_onani_boss,オナニー,オボロ,メスの才能・体のメス化,射精0／ところてん系0／メスイキ系0,3832,94/95
N83_Tengu_MOD,CSV/Card\Tengu_master.txt,@敗北_inochi_m1,命乞い,アマギリ,メスの才能・体のメス化,射精0／ところてん系1／メスイキ系0,3832,90/91
N83_Tengu_MOD,CSV/Card\Tengu_master.txt,@敗北_inochi_m2,命乞い,アマギリ,メスの才能・体のメス化,射精0／ところてん系0／メスイキ系0,3842,92/93
N83_Tengu_MOD,CSV/Card\Tengu_master.txt,@敗北_inochi_m3,命乞い,アマギリ,（当たらない）,射精0／ところてん系0／メスイキ系0,3841,90/92
N83_Tengu_MOD,CSV/Card\Tengu_master.txt,@敗北_inochi_e1,命乞い,クロハ,メスの才能・体のメス化,射精0／ところてん系5／メスイキ系0,3819,89/90
N83_Tengu_MOD,CSV/Card\Tengu_master.txt,@敗北_inochi_e2,命乞い,イブキ,（当たらない）,射精0／ところてん系1／メスイキ系0,3834,91/92
N83_Tengu_MOD,CSV/Card\Tengu_master.txt,@敗北_inochi_e3,命乞い,ヤマビコ,（当たらない）,射精0／ところてん系3／メスイキ系0,3841,99/100
N83_Tengu_MOD,CSV/Card\Tengu_master.txt,@敗北_inochi_boss,命乞い,オボロ,メスの才能・体のメス化,射精0／ところてん系0／メスイキ系0,3831,97/99
N83_Tengu_MOD,CSV/Card\Tengu_master.txt,@敗北_onedari_m1,おねだり,アマギリ,（当たらない）,射精0／ところてん系1／メスイキ系0,3841,92/93
N83_Tengu_MOD,CSV/Card\Tengu_master.txt,@敗北_onedari_m2,おねだり,アマギリ,メスの才能・体のメス化,射精0／ところてん系1／メスイキ系0,3824,90/91
N83_Tengu_MOD,CSV/Card\Tengu_master.txt,@敗北_onedari_m3,おねだり,アマギリ,（当たらない）,射精0／ところてん系0／メスイキ系0,3816,94/96
N83_Tengu_MOD,CSV/Card\Tengu_master.txt,@敗北_onedari_e1,おねだり,クロハ,メスの才能・体のメス化,射精0／ところてん系1／メスイキ系0,3816,88/89
N83_Tengu_MOD,CSV/Card\Tengu_master.txt,@敗北_onedari_e2,おねだり,イブキ,（当たらない）,射精0／ところてん系1／メスイキ系0,3830,97/98
N83_Tengu_MOD,CSV/Card\Tengu_master.txt,@敗北_onedari_e3,おねだり,ヤマビコ,（当たらない）,射精0／ところてん系2／メスイキ系0,3827,96/97
N83_Tengu_MOD,CSV/Card\Tengu_master.txt,@敗北_onedari_boss,おねだり,オボロ,メスの才能・体のメス化,射精0／ところてん系1／メスイキ系0,3832,98/100
N84_Centaur_MOD,CSV/Card\Centaur_master.txt,@敗北_btl_m1,バトル,サラントヤ,ぱふぱふ,射精0／ところてん系1／メスイキ系0,3853,93/94
N84_Centaur_MOD,CSV/Card\Centaur_master.txt,@敗北_btl_m2,バトル,サラントヤ,ぱふぱふ,射精0／ところてん系1／メスイキ系0,3859,91/92
N84_Centaur_MOD,CSV/Card\Centaur_master.txt,@敗北_btl_m3,バトル,サラントヤ,（当たらない）,射精0／ところてん系3／メスイキ系0,3838,89/90
N84_Centaur_MOD,CSV/Card\Centaur_master.txt,@敗北_btl_e1,バトル,ナラン,メスの才能・体のメス化,射精0／ところてん系1／メスイキ系0,3826,91/92
N84_Centaur_MOD,CSV/Card\Centaur_master.txt,@敗北_btl_e2,バトル,オユン,ところてん→メスイキ・メスの才能・体のメス化・逆アナルの射精,射精0／ところてん系1／メスイキ系0,3874,101/102
N84_Centaur_MOD,CSV/Card\Centaur_master.txt,@敗北_btl_e3,バトル,ツェツェグ,メスの才能・体のメス化,射精0／ところてん系2／メスイキ系0,3870,90/91
N84_Centaur_MOD,CSV/Card\Centaur_master.txt,@敗北_btl_boss,バトル,アルタナ,ところてん→メスイキ・メスの才能・体のメス化・逆アナルの射精・ぱふぱふ,射精0／ところてん系1／メスイキ系0,3875,95/96
N84_Centaur_MOD,CSV/Card\Centaur_master.txt,@敗北_onani_m1,オナニー,サラントヤ,ぱふぱふ,射精0／ところてん系7／メスイキ系0,3835,93/94
N84_Centaur_MOD,CSV/Card\Centaur_master.txt,@敗北_onani_m2,オナニー,サラントヤ,（当たらない）,射精0／ところてん系3／メスイキ系0,3820,92/93
N84_Centaur_MOD,CSV/Card\Centaur_master.txt,@敗北_onani_m3,オナニー,サラントヤ,（当たらない）,射精0／ところてん系2／メスイキ系0,3843,91/92
N84_Centaur_MOD,CSV/Card\Centaur_master.txt,@敗北_onani_e1,オナニー,ナラン,メスの才能・体のメス化,射精0／ところてん系2／メスイキ系0,3838,95/96
N84_Centaur_MOD,CSV/Card\Centaur_master.txt,@敗北_onani_e2,オナニー,オユン,（当たらない）,射精0／ところてん系0／メスイキ系0,3840,100/101
N84_Centaur_MOD,CSV/Card\Centaur_master.txt,@敗北_onani_e3,オナニー,ツェツェグ,（当たらない）,射精0／ところてん系2／メスイキ系0,3842,94/95
N84_Centaur_MOD,CSV/Card\Centaur_master.txt,@敗北_onani_boss,オナニー,アルタナ,メスの才能・体のメス化・ぱふぱふ,射精0／ところてん系0／メスイキ系0,3850,96/97
N84_Centaur_MOD,CSV/Card\Centaur_master.txt,@敗北_inochi_m1,命乞い,サラントヤ,ぱふぱふ,射精0／ところてん系0／メスイキ系0,3825,85/86
N84_Centaur_MOD,CSV/Card\Centaur_master.txt,@敗北_inochi_m2,命乞い,サラントヤ,（当たらない）,射精0／ところてん系1／メスイキ系0,3896,87/89
N84_Centaur_MOD,CSV/Card\Centaur_master.txt,@敗北_inochi_m3,命乞い,サラントヤ,（当たらない）,射精0／ところてん系1／メスイキ系0,3900,88/89
N84_Centaur_MOD,CSV/Card\Centaur_master.txt,@敗北_inochi_e1,命乞い,ナラン,メスの才能・体のメス化,射精0／ところてん系0／メスイキ系0,3872,88/89
N84_Centaur_MOD,CSV/Card\Centaur_master.txt,@敗北_inochi_e2,命乞い,オユン,（当たらない）,射精0／ところてん系0／メスイキ系0,3820,95/96
N84_Centaur_MOD,CSV/Card\Centaur_master.txt,@敗北_inochi_e3,命乞い,ツェツェグ,顔面騎乗,射精0／ところてん系0／メスイキ系0,3852,92/94
N84_Centaur_MOD,CSV/Card\Centaur_master.txt,@敗北_inochi_boss,命乞い,アルタナ,メスの才能・体のメス化・ぱふぱふ,射精0／ところてん系0／メスイキ系0,3835,92/95
N84_Centaur_MOD,CSV/Card\Centaur_master.txt,@敗北_onedari_m1,おねだり,サラントヤ,（当たらない）,射精0／ところてん系1／メスイキ系0,3831,84/85
N84_Centaur_MOD,CSV/Card\Centaur_master.txt,@敗北_onedari_m2,おねだり,サラントヤ,（当たらない）,射精0／ところてん系1／メスイキ系0,3823,89/90
N84_Centaur_MOD,CSV/Card\Centaur_master.txt,@敗北_onedari_m3,おねだり,サラントヤ,（当たらない）,射精0／ところてん系0／メスイキ系0,3874,90/91
N84_Centaur_MOD,CSV/Card\Centaur_master.txt,@敗北_onedari_e1,おねだり,ナラン,メスの才能・体のメス化,射精0／ところてん系1／メスイキ系0,3844,90/92
N84_Centaur_MOD,CSV/Card\Centaur_master.txt,@敗北_onedari_e2,おねだり,オユン,メスの才能,射精0／ところてん系0／メスイキ系0,3830,100/103
N84_Centaur_MOD,CSV/Card\Centaur_master.txt,@敗北_onedari_e3,おねだり,ツェツェグ,（当たらない）,射精0／ところてん系0／メスイキ系0,3845,92/93
N84_Centaur_MOD,CSV/Card\Centaur_master.txt,@敗北_onedari_boss,おねだり,アルタナ,メスの才能・体のメス化・ぱふぱふ,射精0／ところてん系1／メスイキ系0,3832,94/96
N85_Labyrinth_MOD,CSV/Card\Labyrinth_master.txt,@敗北_btl_m1,バトル,アステリア,（当たらない）,射精0／ところてん系0／メスイキ系0,3823,80/81
N85_Labyrinth_MOD,CSV/Card\Labyrinth_master.txt,@敗北_btl_m2,バトル,アステリア,（当たらない）,射精0／ところてん系1／メスイキ系0,3830,84/85
N85_Labyrinth_MOD,CSV/Card\Labyrinth_master.txt,@敗北_btl_m3,バトル,アステリア,（当たらない）,射精0／ところてん系1／メスイキ系0,3835,82/83
N85_Labyrinth_MOD,CSV/Card\Labyrinth_master.txt,@敗北_btl_e1,バトル,アリア,（当たらない）,射精0／ところてん系0／メスイキ系0,3828,87/88
N85_Labyrinth_MOD,CSV/Card\Labyrinth_master.txt,@敗北_btl_e2,バトル,フレスカ,（当たらない）,射精0／ところてん系0／メスイキ系0,3840,87/88
N85_Labyrinth_MOD,CSV/Card\Labyrinth_master.txt,@敗北_btl_e3,バトル,ニーナ,メスの才能・体のメス化,射精0／ところてん系0／メスイキ系0,3841,88/89
N85_Labyrinth_MOD,CSV/Card\Labyrinth_master.txt,@敗北_btl_boss,バトル,タウリア,メスの才能・体のメス化,射精0／ところてん系1／メスイキ系0,3816,84/85
N85_Labyrinth_MOD,CSV/Card\Labyrinth_master.txt,@敗北_onani_m1,オナニー,アステリア,（当たらない）,射精0／ところてん系0／メスイキ系0,3827,83/84
N85_Labyrinth_MOD,CSV/Card\Labyrinth_master.txt,@敗北_onani_m2,オナニー,アステリア,（当たらない）,射精0／ところてん系2／メスイキ系0,3829,83/84
N85_Labyrinth_MOD,CSV/Card\Labyrinth_master.txt,@敗北_onani_m3,オナニー,アステリア,（当たらない）,射精0／ところてん系0／メスイキ系0,3829,83/84
N85_Labyrinth_MOD,CSV/Card\Labyrinth_master.txt,@敗北_onani_e1,オナニー,アリア,（当たらない）,射精0／ところてん系2／メスイキ系0,3827,86/87
N85_Labyrinth_MOD,CSV/Card\Labyrinth_master.txt,@敗北_onani_e2,オナニー,フレスカ,（当たらない）,射精0／ところてん系0／メスイキ系0,3819,86/87
N85_Labyrinth_MOD,CSV/Card\Labyrinth_master.txt,@敗北_onani_e3,オナニー,ニーナ,メスの才能・体のメス化,射精0／ところてん系1／メスイキ系0,3832,84/85
N85_Labyrinth_MOD,CSV/Card\Labyrinth_master.txt,@敗北_onani_boss,オナニー,タウリア,メスの才能・体のメス化,射精0／ところてん系1／メスイキ系0,3832,86/87
N85_Labyrinth_MOD,CSV/Card\Labyrinth_master.txt,@敗北_inochi_m1,命乞い,アステリア,（当たらない）,射精0／ところてん系1／メスイキ系0,3859,90/91
N85_Labyrinth_MOD,CSV/Card\Labyrinth_master.txt,@敗北_inochi_m2,命乞い,アステリア,（当たらない）,射精0／ところてん系1／メスイキ系0,3852,90/91
N85_Labyrinth_MOD,CSV/Card\Labyrinth_master.txt,@敗北_inochi_m3,命乞い,アステリア,（当たらない）,射精0／ところてん系2／メスイキ系0,3830,94/96
N85_Labyrinth_MOD,CSV/Card\Labyrinth_master.txt,@敗北_inochi_e1,命乞い,アリア,（当たらない）,射精0／ところてん系1／メスイキ系0,3825,95/96
N85_Labyrinth_MOD,CSV/Card\Labyrinth_master.txt,@敗北_inochi_e2,命乞い,フレスカ,メスの才能,射精0／ところてん系1／メスイキ系0,3826,96/97
N85_Labyrinth_MOD,CSV/Card\Labyrinth_master.txt,@敗北_inochi_e3,命乞い,ニーナ,メスの才能・体のメス化,射精0／ところてん系0／メスイキ系0,3827,96/97
N85_Labyrinth_MOD,CSV/Card\Labyrinth_master.txt,@敗北_inochi_boss,命乞い,タウリア,メスの才能・体のメス化,射精0／ところてん系1／メスイキ系0,3817,94/96
N85_Labyrinth_MOD,CSV/Card\Labyrinth_master.txt,@敗北_onedari_m1,おねだり,アステリア,（当たらない）,射精0／ところてん系3／メスイキ系0,3836,87/88
N85_Labyrinth_MOD,CSV/Card\Labyrinth_master.txt,@敗北_onedari_m2,おねだり,アステリア,（当たらない）,射精0／ところてん系0／メスイキ系0,3824,91/92
N85_Labyrinth_MOD,CSV/Card\Labyrinth_master.txt,@敗北_onedari_m3,おねだり,アステリア,（当たらない）,射精0／ところてん系1／メスイキ系0,3845,94/96
N85_Labyrinth_MOD,CSV/Card\Labyrinth_master.txt,@敗北_onedari_e1,おねだり,アリア,（当たらない）,射精0／ところてん系1／メスイキ系0,3859,91/92
N85_Labyrinth_MOD,CSV/Card\Labyrinth_master.txt,@敗北_onedari_e2,おねだり,フレスカ,（当たらない）,射精0／ところてん系1／メスイキ系0,3852,94/95
N85_Labyrinth_MOD,CSV/Card\Labyrinth_master.txt,@敗北_onedari_e3,おねだり,ニーナ,メスの才能・体のメス化,射精0／ところてん系0／メスイキ系0,3829,95/96
N85_Labyrinth_MOD,CSV/Card\Labyrinth_master.txt,@敗北_onedari_boss,おねだり,タウリア,メスの才能・体のメス化,射精0／ところてん系1／メスイキ系0,3849,95/96
N86_Military_MOD,CSV/Card\Military_master.txt,@敗北_btl_m1,バトル,ヴァルトラウト,体のメス化,射精0／ところてん系1／メスイキ系0,3871,83/84
N86_Military_MOD,CSV/Card\Military_master.txt,@敗北_btl_m2,バトル,ヴァルトラウト,ぱふぱふ,射精0／ところてん系1／メスイキ系0,3842,88/89
N86_Military_MOD,CSV/Card\Military_master.txt,@敗北_btl_m3,バトル,ヴァルトラウト,メスの才能・体のメス化・ぱふぱふ,射精0／ところてん系1／メスイキ系0,3837,87/88
N86_Military_MOD,CSV/Card\Military_master.txt,@敗北_btl_e1,バトル,ツェツィーリエ,メスの才能・体のメス化,射精0／ところてん系2／メスイキ系0,3835,89/90
N86_Military_MOD,CSV/Card\Military_master.txt,@敗北_btl_e2,バトル,ヘルミーナ,ところてん→メスイキ・メスの才能・体のメス化,射精0／ところてん系0／メスイキ系0,3835,86/88
N86_Military_MOD,CSV/Card\Military_master.txt,@敗北_btl_e3,バトル,リーゼロッテ,（当たらない）,射精0／ところてん系1／メスイキ系0,3811,92/93
N86_Military_MOD,CSV/Card\Military_master.txt,@敗北_btl_boss,バトル,ジークリンデ,メスの才能・体のメス化,射精0／ところてん系2／メスイキ系0,3803,112/113
N86_Military_MOD,CSV/Card\Military_master.txt,@敗北_onani_m1,オナニー,ヴァルトラウト,体のメス化,射精0／ところてん系1／メスイキ系0,3875,85/86
N86_Military_MOD,CSV/Card\Military_master.txt,@敗北_onani_m2,オナニー,ヴァルトラウト,（当たらない）,射精0／ところてん系1／メスイキ系0,3842,87/88
N86_Military_MOD,CSV/Card\Military_master.txt,@敗北_onani_m3,オナニー,ヴァルトラウト,メスの才能・体のメス化,射精0／ところてん系1／メスイキ系0,3836,87/88
N86_Military_MOD,CSV/Card\Military_master.txt,@敗北_onani_e1,オナニー,ツェツィーリエ,乳首では出さない(射精の語あり 要確認)・メスの才能・体のメス化,射精1／ところてん系2／メスイキ系0,3822,87/88
N86_Military_MOD,CSV/Card\Military_master.txt,@敗北_onani_e2,オナニー,ヘルミーナ,ところてん→メスイキ・メスの才能,射精0／ところてん系0／メスイキ系0,3827,88/89
N86_Military_MOD,CSV/Card\Military_master.txt,@敗北_onani_e3,オナニー,リーゼロッテ,メスの才能・体のメス化,射精0／ところてん系1／メスイキ系0,3826,93/94
N86_Military_MOD,CSV/Card\Military_master.txt,@敗北_onani_boss,オナニー,ジークリンデ,メスの才能・体のメス化,射精0／ところてん系2／メスイキ系0,3806,110/111
N86_Military_MOD,CSV/Card\Military_master.txt,@敗北_inochi_m1,命乞い,ヴァルトラウト,体のメス化・ぱふぱふ,射精0／ところてん系1／メスイキ系0,3842,81/82
N86_Military_MOD,CSV/Card\Military_master.txt,@敗北_inochi_m2,命乞い,ヴァルトラウト,ぱふぱふ,射精0／ところてん系5／メスイキ系0,3849,87/88
N86_Military_MOD,CSV/Card\Military_master.txt,@敗北_inochi_m3,命乞い,ヴァルトラウト,メスの才能・体のメス化・ぱふぱふ,射精0／ところてん系2／メスイキ系0,3818,89/90
N86_Military_MOD,CSV/Card\Military_master.txt,@敗北_inochi_e1,命乞い,ツェツィーリエ,メスの才能・体のメス化,射精0／ところてん系1／メスイキ系0,3822,90/91
N86_Military_MOD,CSV/Card\Military_master.txt,@敗北_inochi_e2,命乞い,ヘルミーナ,ところてん→メスイキ・メスの才能,射精0／ところてん系0／メスイキ系0,3832,86/87
N86_Military_MOD,CSV/Card\Military_master.txt,@敗北_inochi_e3,命乞い,リーゼロッテ,メスの才能・体のメス化,射精0／ところてん系1／メスイキ系0,3849,91/93
N86_Military_MOD,CSV/Card\Military_master.txt,@敗北_inochi_boss,命乞い,ジークリンデ,ところてん→メスイキ・メスの才能・体のメス化,射精0／ところてん系1／メスイキ系0,3828,109/111
N86_Military_MOD,CSV/Card\Military_master.txt,@敗北_onedari_m1,おねだり,ヴァルトラウト,体のメス化,射精0／ところてん系2／メスイキ系0,3846,82/84
N86_Military_MOD,CSV/Card\Military_master.txt,@敗北_onedari_m2,おねだり,ヴァルトラウト,ぱふぱふ,射精0／ところてん系3／メスイキ系0,3825,85/86
N86_Military_MOD,CSV/Card\Military_master.txt,@敗北_onedari_m3,おねだり,ヴァルトラウト,メスの才能・体のメス化・ぱふぱふ,射精0／ところてん系1／メスイキ系0,3820,84/86
N86_Military_MOD,CSV/Card\Military_master.txt,@敗北_onedari_e1,おねだり,ツェツィーリエ,メスの才能・体のメス化,射精0／ところてん系1／メスイキ系0,3825,87/88
N86_Military_MOD,CSV/Card\Military_master.txt,@敗北_onedari_e2,おねだり,ヘルミーナ,ところてん→メスイキ・メスの才能,射精0／ところてん系0／メスイキ系0,3820,84/85
N86_Military_MOD,CSV/Card\Military_master.txt,@敗北_onedari_e3,おねだり,リーゼロッテ,メスの才能・体のメス化,射精0／ところてん系1／メスイキ系0,3840,91/92
N86_Military_MOD,CSV/Card\Military_master.txt,@敗北_onedari_boss,おねだり,ジークリンデ,ところてん→メスイキ・メスの才能・体のメス化,射精0／ところてん系2／メスイキ系0,3823,102/104
N87_Atelier_MOD,CSV/Card\Atelier_master.txt,@敗北_btl_m1,バトル,アデライード,メスの才能・体のメス化,射精0／ところてん系4／メスイキ系0,3850,86/87
N87_Atelier_MOD,CSV/Card\Atelier_master.txt,@敗北_btl_m2,バトル,アデライード,（当たらない）,射精1／ところてん系2／メスイキ系0,3864,89/90
N87_Atelier_MOD,CSV/Card\Atelier_master.txt,@敗北_btl_m3,バトル,アデライード,体のメス化・ぱふぱふ,射精0／ところてん系0／メスイキ系0,3858,89/90
N87_Atelier_MOD,CSV/Card\Atelier_master.txt,@敗北_btl_e1,バトル,ミュゲ,（当たらない）,射精0／ところてん系2／メスイキ系0,3823,86/87
N87_Atelier_MOD,CSV/Card\Atelier_master.txt,@敗北_btl_e2,バトル,カミーユ,（当たらない）,射精0／ところてん系0／メスイキ系0,3849,110/111
N87_Atelier_MOD,CSV/Card\Atelier_master.txt,@敗北_btl_e3,バトル,シエナ,体のメス化,射精0／ところてん系1／メスイキ系0,3843,91/92
N87_Atelier_MOD,CSV/Card\Atelier_master.txt,@敗北_btl_boss,バトル,ラファエラ,メスの才能・体のメス化,射精0／ところてん系1／メスイキ系0,3855,86/87
N87_Atelier_MOD,CSV/Card\Atelier_master.txt,@敗北_onani_m1,オナニー,アデライード,メスの才能・体のメス化,射精0／ところてん系1／メスイキ系0,3845,84/85
N87_Atelier_MOD,CSV/Card\Atelier_master.txt,@敗北_onani_m2,オナニー,アデライード,（当たらない）,射精0／ところてん系1／メスイキ系0,3879,86/87
N87_Atelier_MOD,CSV/Card\Atelier_master.txt,@敗北_onani_m3,オナニー,アデライード,メスの才能・体のメス化,射精0／ところてん系0／メスイキ系0,3863,87/88
N87_Atelier_MOD,CSV/Card\Atelier_master.txt,@敗北_onani_e1,オナニー,ミュゲ,（当たらない）,射精0／ところてん系0／メスイキ系0,3843,84/85
N87_Atelier_MOD,CSV/Card\Atelier_master.txt,@敗北_onani_e2,オナニー,カミーユ,（当たらない）,射精0／ところてん系0／メスイキ系0,3853,112/113
N87_Atelier_MOD,CSV/Card\Atelier_master.txt,@敗北_onani_e3,オナニー,シエナ,（当たらない）,射精0／ところてん系3／メスイキ系0,3851,90/91
N87_Atelier_MOD,CSV/Card\Atelier_master.txt,@敗北_onani_boss,オナニー,ラファエラ,メスの才能・体のメス化,射精0／ところてん系0／メスイキ系0,3822,85/86
N87_Atelier_MOD,CSV/Card\Atelier_master.txt,@敗北_inochi_m1,命乞い,アデライード,メスの才能・体のメス化,射精0／ところてん系0／メスイキ系0,3834,87/88
N87_Atelier_MOD,CSV/Card\Atelier_master.txt,@敗北_inochi_m2,命乞い,アデライード,（当たらない）,射精0／ところてん系0／メスイキ系0,3844,89/90
N87_Atelier_MOD,CSV/Card\Atelier_master.txt,@敗北_inochi_m3,命乞い,アデライード,（当たらない）,射精0／ところてん系0／メスイキ系0,3848,89/90
N87_Atelier_MOD,CSV/Card\Atelier_master.txt,@敗北_inochi_e1,命乞い,ミュゲ,（当たらない）,射精0／ところてん系0／メスイキ系0,3831,87/88
N87_Atelier_MOD,CSV/Card\Atelier_master.txt,@敗北_inochi_e2,命乞い,カミーユ,（当たらない）,射精0／ところてん系0／メスイキ系0,3819,114/115
N87_Atelier_MOD,CSV/Card\Atelier_master.txt,@敗北_inochi_e3,命乞い,シエナ,（当たらない）,射精0／ところてん系0／メスイキ系0,3825,94/95
N87_Atelier_MOD,CSV/Card\Atelier_master.txt,@敗北_inochi_boss,命乞い,ラファエラ,メスの才能・体のメス化,射精0／ところてん系3／メスイキ系0,3829,92/94
N87_Atelier_MOD,CSV/Card\Atelier_master.txt,@敗北_onedari_m1,おねだり,アデライード,メスの才能・体のメス化,射精0／ところてん系0／メスイキ系0,3822,91/92
N87_Atelier_MOD,CSV/Card\Atelier_master.txt,@敗北_onedari_m2,おねだり,アデライード,（当たらない）,射精0／ところてん系1／メスイキ系0,3820,89/90
N87_Atelier_MOD,CSV/Card\Atelier_master.txt,@敗北_onedari_m3,おねだり,アデライード,ぱふぱふ,射精0／ところてん系1／メスイキ系0,3825,90/91
N87_Atelier_MOD,CSV/Card\Atelier_master.txt,@敗北_onedari_e1,おねだり,ミュゲ,（当たらない）,射精0／ところてん系0／メスイキ系0,3825,88/89
N87_Atelier_MOD,CSV/Card\Atelier_master.txt,@敗北_onedari_e2,おねだり,カミーユ,（当たらない）,射精0／ところてん系0／メスイキ系0,3828,118/119
N87_Atelier_MOD,CSV/Card\Atelier_master.txt,@敗北_onedari_e3,おねだり,シエナ,（当たらない）,射精0／ところてん系1／メスイキ系0,3818,94/95
N87_Atelier_MOD,CSV/Card\Atelier_master.txt,@敗北_onedari_boss,おねだり,ラファエラ,メスの才能・体のメス化,射精0／ところてん系2／メスイキ系0,3823,93/94
N88_Tea_MOD,CSV/Card\Tea_master.txt,@敗北_btl_m1,バトル,ミナセ,（当たらない）,射精0／ところてん系0／メスイキ系0,3862,85/86
N88_Tea_MOD,CSV/Card\Tea_master.txt,@敗北_btl_m2,バトル,ミナセ,（当たらない）,射精0／ところてん系1／メスイキ系0,3823,88/89
N88_Tea_MOD,CSV/Card\Tea_master.txt,@敗北_btl_m3,バトル,ミナセ,メスの才能・体のメス化,射精0／ところてん系4／メスイキ系0,3852,91/92
N88_Tea_MOD,CSV/Card\Tea_master.txt,@敗北_btl_e1,バトル,コトネ,メスの才能・体のメス化,射精0／ところてん系1／メスイキ系0,3844,86/87
N88_Tea_MOD,CSV/Card\Tea_master.txt,@敗北_btl_e2,バトル,アオイ,メスの才能,射精0／ところてん系1／メスイキ系0,3843,90/91
N88_Tea_MOD,CSV/Card\Tea_master.txt,@敗北_btl_e3,バトル,ハギ,（当たらない）,射精0／ところてん系3／メスイキ系0,3857,111/112
N88_Tea_MOD,CSV/Card\Tea_master.txt,@敗北_btl_boss,バトル,カヅラ,メスの才能・体のメス化・ペニバンの書き分け,射精0／ところてん系0／メスイキ系0,3826,90/91
N88_Tea_MOD,CSV/Card\Tea_master.txt,@敗北_onani_m1,オナニー,ミナセ,（当たらない）,射精0／ところてん系0／メスイキ系0,3843,89/90
N88_Tea_MOD,CSV/Card\Tea_master.txt,@敗北_onani_m2,オナニー,ミナセ,（当たらない）,射精0／ところてん系0／メスイキ系0,3827,91/92
N88_Tea_MOD,CSV/Card\Tea_master.txt,@敗北_onani_m3,オナニー,ミナセ,（当たらない）,射精0／ところてん系0／メスイキ系0,3858,95/96
N88_Tea_MOD,CSV/Card\Tea_master.txt,@敗北_onani_e1,オナニー,コトネ,メスの才能・体のメス化,射精0／ところてん系2／メスイキ系0,3835,90/91
N88_Tea_MOD,CSV/Card\Tea_master.txt,@敗北_onani_e2,オナニー,アオイ,（当たらない）,射精0／ところてん系2／メスイキ系0,3845,94/95
N88_Tea_MOD,CSV/Card\Tea_master.txt,@敗北_onani_e3,オナニー,ハギ,メスの才能,射精0／ところてん系1／メスイキ系0,3867,109/110
N88_Tea_MOD,CSV/Card\Tea_master.txt,@敗北_onani_boss,オナニー,カヅラ,（当たらない）,射精0／ところてん系0／メスイキ系0,3836,91/92
N88_Tea_MOD,CSV/Card\Tea_master.txt,@敗北_inochi_m1,命乞い,ミナセ,（当たらない）,射精0／ところてん系0／メスイキ系0,3829,87/88
N88_Tea_MOD,CSV/Card\Tea_master.txt,@敗北_inochi_m2,命乞い,ミナセ,メスの才能,射精0／ところてん系1／メスイキ系0,3841,87/88
N88_Tea_MOD,CSV/Card\Tea_master.txt,@敗北_inochi_m3,命乞い,ミナセ,メスの才能・体のメス化,射精0／ところてん系0／メスイキ系0,3838,92/93
N88_Tea_MOD,CSV/Card\Tea_master.txt,@敗北_inochi_e1,命乞い,コトネ,メスの才能・体のメス化,射精0／ところてん系1／メスイキ系0,3841,92/93
N88_Tea_MOD,CSV/Card\Tea_master.txt,@敗北_inochi_e2,命乞い,アオイ,ぱふぱふ,射精0／ところてん系0／メスイキ系0,3843,95/96
N88_Tea_MOD,CSV/Card\Tea_master.txt,@敗北_inochi_e3,命乞い,ハギ,（当たらない）,射精0／ところてん系2／メスイキ系0,3826,114/115
N88_Tea_MOD,CSV/Card\Tea_master.txt,@敗北_inochi_boss,命乞い,カヅラ,メスの才能・体のメス化・ペニバンの書き分け,射精0／ところてん系2／メスイキ系0,3839,95/96
N88_Tea_MOD,CSV/Card\Tea_master.txt,@敗北_onedari_m1,おねだり,ミナセ,（当たらない）,射精0／ところてん系1／メスイキ系0,3839,92/93
N88_Tea_MOD,CSV/Card\Tea_master.txt,@敗北_onedari_m2,おねだり,ミナセ,（当たらない）,射精0／ところてん系0／メスイキ系0,3838,94/95
N88_Tea_MOD,CSV/Card\Tea_master.txt,@敗北_onedari_m3,おねだり,ミナセ,メスの才能・体のメス化,射精0／ところてん系1／メスイキ系0,3844,95/96
N88_Tea_MOD,CSV/Card\Tea_master.txt,@敗北_onedari_e1,おねだり,コトネ,メスの才能・体のメス化,射精0／ところてん系0／メスイキ系0,3832,95/96
N88_Tea_MOD,CSV/Card\Tea_master.txt,@敗北_onedari_e2,おねだり,アオイ,メスの才能・体のメス化,射精0／ところてん系0／メスイキ系0,3841,97/98
N88_Tea_MOD,CSV/Card\Tea_master.txt,@敗北_onedari_e3,おねだり,ハギ,メスの才能,射精0／ところてん系0／メスイキ系0,3821,122/123
N88_Tea_MOD,CSV/Card\Tea_master.txt,@敗北_onedari_boss,おねだり,カヅラ,メスの才能・体のメス化・ペニバンの書き分け,射精0／ところてん系1／メスイキ系0,3821,97/98
N89_Bride_MOD,CSV/Card\Bride_master.txt,@敗北_btl_m1,バトル,オルタンス,ぱふぱふ,射精0／ところてん系1／メスイキ系0,3832,82/83
N89_Bride_MOD,CSV/Card\Bride_master.txt,@敗北_btl_m2,バトル,オルタンス,体のメス化,射精0／ところてん系0／メスイキ系0,3840,83/84
N89_Bride_MOD,CSV/Card\Bride_master.txt,@敗北_btl_m3,バトル,オルタンス,メスの才能・体のメス化,射精0／ところてん系1／メスイキ系0,3838,85/86
N89_Bride_MOD,CSV/Card\Bride_master.txt,@敗北_btl_e1,バトル,メイヴィス,（当たらない）,射精0／ところてん系0／メスイキ系0,3850,86/87
N89_Bride_MOD,CSV/Card\Bride_master.txt,@敗北_btl_e2,バトル,リュシエンヌ,体のメス化,射精0／ところてん系0／メスイキ系0,3835,98/99
N89_Bride_MOD,CSV/Card\Bride_master.txt,@敗北_btl_e3,バトル,ジョゼ,メスの才能・体のメス化,射精0／ところてん系0／メスイキ系0,3827,90/91
N89_Bride_MOD,CSV/Card\Bride_master.txt,@敗北_btl_boss,バトル,アルベルティーヌ,メスの才能・体のメス化,射精0／ところてん系0／メスイキ系0,3819,85/87
N89_Bride_MOD,CSV/Card\Bride_master.txt,@敗北_onani_m1,オナニー,オルタンス,体のメス化,射精0／ところてん系0／メスイキ系0,3849,86/87
N89_Bride_MOD,CSV/Card\Bride_master.txt,@敗北_onani_m2,オナニー,オルタンス,体のメス化,射精0／ところてん系0／メスイキ系0,3826,83/85
N89_Bride_MOD,CSV/Card\Bride_master.txt,@敗北_onani_m3,オナニー,オルタンス,メスの才能・体のメス化,射精0／ところてん系0／メスイキ系0,3838,88/89
N89_Bride_MOD,CSV/Card\Bride_master.txt,@敗北_onani_e1,オナニー,メイヴィス,（当たらない）,射精0／ところてん系0／メスイキ系0,3834,85/87
N89_Bride_MOD,CSV/Card\Bride_master.txt,@敗北_onani_e2,オナニー,リュシエンヌ,体のメス化,射精0／ところてん系1／メスイキ系0,3837,97/98
N89_Bride_MOD,CSV/Card\Bride_master.txt,@敗北_onani_e3,オナニー,ジョゼ,メスの才能・体のメス化,射精0／ところてん系0／メスイキ系0,3816,89/90
N89_Bride_MOD,CSV/Card\Bride_master.txt,@敗北_onani_boss,オナニー,アルベルティーヌ,メスの才能・体のメス化,射精0／ところてん系0／メスイキ系0,3838,91/92
N89_Bride_MOD,CSV/Card\Bride_master.txt,@敗北_inochi_m1,命乞い,オルタンス,（当たらない）,射精0／ところてん系0／メスイキ系0,3817,82/83
N89_Bride_MOD,CSV/Card\Bride_master.txt,@敗北_inochi_m2,命乞い,オルタンス,（当たらない）,射精0／ところてん系0／メスイキ系0,3852,83/84
N89_Bride_MOD,CSV/Card\Bride_master.txt,@敗北_inochi_m3,命乞い,オルタンス,メスの才能・体のメス化,射精0／ところてん系2／メスイキ系0,3821,86/87
N89_Bride_MOD,CSV/Card\Bride_master.txt,@敗北_inochi_e1,命乞い,メイヴィス,メスの才能・体のメス化,射精0／ところてん系0／メスイキ系0,3829,88/89
N89_Bride_MOD,CSV/Card\Bride_master.txt,@敗北_inochi_e2,命乞い,リュシエンヌ,体のメス化,射精0／ところてん系1／メスイキ系0,3840,98/99
N89_Bride_MOD,CSV/Card\Bride_master.txt,@敗北_inochi_e3,命乞い,ジョゼ,メスの才能・体のメス化,射精0／ところてん系1／メスイキ系0,3824,88/89
N89_Bride_MOD,CSV/Card\Bride_master.txt,@敗北_inochi_boss,命乞い,アルベルティーヌ,メスの才能・体のメス化,射精0／ところてん系0／メスイキ系0,3819,91/92
N89_Bride_MOD,CSV/Card\Bride_master.txt,@敗北_onedari_m1,おねだり,オルタンス,体のメス化,射精0／ところてん系0／メスイキ系0,3836,85/86
N89_Bride_MOD,CSV/Card\Bride_master.txt,@敗北_onedari_m2,おねだり,オルタンス,体のメス化,射精0／ところてん系1／メスイキ系0,3819,85/86
N89_Bride_MOD,CSV/Card\Bride_master.txt,@敗北_onedari_m3,おねだり,オルタンス,メスの才能・体のメス化,射精0／ところてん系0／メスイキ系0,3818,85/86
N89_Bride_MOD,CSV/Card\Bride_master.txt,@敗北_onedari_e1,おねだり,メイヴィス,体のメス化,射精0／ところてん系0／メスイキ系0,3817,87/88
N89_Bride_MOD,CSV/Card\Bride_master.txt,@敗北_onedari_e2,おねだり,リュシエンヌ,体のメス化,射精0／ところてん系0／メスイキ系0,3818,94/95
N89_Bride_MOD,CSV/Card\Bride_master.txt,@敗北_onedari_e3,おねだり,ジョゼ,メスの才能・体のメス化,射精0／ところてん系1／メスイキ系0,3818,89/90
N89_Bride_MOD,CSV/Card\Bride_master.txt,@敗北_onedari_boss,おねだり,アルベルティーヌ,メスの才能・体のメス化,射精0／ところてん系1／メスイキ系0,3823,88/89
N90_General_MOD,CSV/Card\General_master.txt,@敗北_btl_m1,バトル,ヴェルローザ,メスの才能・体のメス化・ぱふぱふ,射精0／ところてん系1／メスイキ系0,3833,84/86
N90_General_MOD,CSV/Card\General_master.txt,@敗北_btl_m2,バトル,ヴェルローザ,乳首では出さない(射精の語あり 要確認)・メスの才能・体のメス化,射精1／ところてん系3／メスイキ系0,3847,91/92
N90_General_MOD,CSV/Card\General_master.txt,@敗北_btl_m3,バトル,ヴェルローザ,乳首では出さない(射精の語あり 要確認)・メスの才能・体のメス化,射精1／ところてん系4／メスイキ系0,3841,86/87
N90_General_MOD,CSV/Card\General_master.txt,@敗北_btl_e1,バトル,ネフェル,（当たらない）,射精0／ところてん系0／メスイキ系0,3836,90/91
N90_General_MOD,CSV/Card\General_master.txt,@敗北_btl_e2,バトル,リゼット,メスの才能・体のメス化・ぱふぱふ,射精0／ところてん系0／メスイキ系0,3839,84/85
N90_General_MOD,CSV/Card\General_master.txt,@敗北_btl_e3,バトル,ブラッカ,メスの才能・体のメス化,射精0／ところてん系1／メスイキ系0,3821,94/95
N90_General_MOD,CSV/Card\General_master.txt,@敗北_btl_boss,バトル,ドラクミラ,メスの才能・体のメス化,射精0／ところてん系1／メスイキ系0,3828,104/105
N90_General_MOD,CSV/Card\General_master.txt,@敗北_onani_m1,オナニー,ヴェルローザ,メスの才能・体のメス化・ぱふぱふ,射精0／ところてん系1／メスイキ系0,3817,88/89
N90_General_MOD,CSV/Card\General_master.txt,@敗北_onani_m2,オナニー,ヴェルローザ,（当たらない）,射精0／ところてん系1／メスイキ系0,3830,90/91
N90_General_MOD,CSV/Card\General_master.txt,@敗北_onani_m3,オナニー,ヴェルローザ,メスの才能・体のメス化,射精0／ところてん系3／メスイキ系0,3827,88/89
N90_General_MOD,CSV/Card\General_master.txt,@敗北_onani_e1,オナニー,ネフェル,（当たらない）,射精0／ところてん系0／メスイキ系0,3806,89/90
N90_General_MOD,CSV/Card\General_master.txt,@敗北_onani_e2,オナニー,リゼット,（当たらない）,射精0／ところてん系0／メスイキ系0,3825,87/88
N90_General_MOD,CSV/Card\General_master.txt,@敗北_onani_e3,オナニー,ブラッカ,メスの才能・体のメス化,射精0／ところてん系1／メスイキ系0,3807,90/91
N90_General_MOD,CSV/Card\General_master.txt,@敗北_onani_boss,オナニー,ドラクミラ,メスの才能・体のメス化,射精0／ところてん系1／メスイキ系0,3794,105/106
N90_General_MOD,CSV/Card\General_master.txt,@敗北_inochi_m1,命乞い,ヴェルローザ,ぱふぱふ,射精0／ところてん系1／メスイキ系0,3902,80/82
N90_General_MOD,CSV/Card\General_master.txt,@敗北_inochi_m2,命乞い,ヴェルローザ,メスの才能・体のメス化,射精0／ところてん系1／メスイキ系0,3845,82/83
N90_General_MOD,CSV/Card\General_master.txt,@敗北_inochi_m3,命乞い,ヴェルローザ,メスの才能・体のメス化,射精0／ところてん系2／メスイキ系0,3842,82/84
N90_General_MOD,CSV/Card\General_master.txt,@敗北_inochi_e1,命乞い,ネフェル,（当たらない）,射精0／ところてん系0／メスイキ系0,3859,83/84
N90_General_MOD,CSV/Card\General_master.txt,@敗北_inochi_e2,命乞い,リゼット,（当たらない）,射精0／ところてん系0／メスイキ系0,3907,82/84
N90_General_MOD,CSV/Card\General_master.txt,@敗北_inochi_e3,命乞い,ブラッカ,メスの才能・体のメス化,射精0／ところてん系0／メスイキ系0,3936,86/88
N90_General_MOD,CSV/Card\General_master.txt,@敗北_inochi_boss,命乞い,ドラクミラ,メスの才能・体のメス化,射精0／ところてん系2／メスイキ系0,3907,103/104
N90_General_MOD,CSV/Card\General_master.txt,@敗北_onedari_m1,おねだり,ヴェルローザ,ぱふぱふ,射精0／ところてん系0／メスイキ系0,3893,81/82
N90_General_MOD,CSV/Card\General_master.txt,@敗北_onedari_m2,おねだり,ヴェルローザ,（当たらない）,射精0／ところてん系1／メスイキ系0,3951,86/87
N90_General_MOD,CSV/Card\General_master.txt,@敗北_onedari_m3,おねだり,ヴェルローザ,メスの才能・体のメス化,射精0／ところてん系0／メスイキ系0,3862,86/88
N90_General_MOD,CSV/Card\General_master.txt,@敗北_onedari_e1,おねだり,ネフェル,（当たらない）,射精0／ところてん系0／メスイキ系0,3866,87/88
N90_General_MOD,CSV/Card\General_master.txt,@敗北_onedari_e2,おねだり,リゼット,ぱふぱふ,射精0／ところてん系0／メスイキ系0,3841,82/83
N90_General_MOD,CSV/Card\General_master.txt,@敗北_onedari_e3,おねだり,ブラッカ,メスの才能・体のメス化,射精0／ところてん系1／メスイキ系0,3862,87/89
N90_General_MOD,CSV/Card\General_master.txt,@敗北_onedari_boss,おねだり,ドラクミラ,メスの才能・体のメス化,射精0／ところてん系0／メスイキ系0,3844,99/100
N91_Underworld_MOD,CSV/Card\Underworld_master.txt,@敗北_btl_m1,バトル,ヘルヴィア,（当たらない）,射精0／ところてん系2／メスイキ系0,3840,90/91
N91_Underworld_MOD,CSV/Card\Underworld_master.txt,@敗北_btl_m2,バトル,ヘルヴィア,メスの才能・体のメス化,射精0／ところてん系5／メスイキ系0,3837,93/94
N91_Underworld_MOD,CSV/Card\Underworld_master.txt,@敗北_btl_m3,バトル,ヘルヴィア,メスの才能・体のメス化,射精0／ところてん系3／メスイキ系0,3854,91/92
N91_Underworld_MOD,CSV/Card\Underworld_master.txt,@敗北_btl_e1,バトル,カロネ,ぱふぱふ,射精0／ところてん系0／メスイキ系0,3784,98/99
N91_Underworld_MOD,CSV/Card\Underworld_master.txt,@敗北_btl_e2,バトル,ケルベラ,（当たらない）,射精0／ところてん系0／メスイキ系0,3822,87/88
N91_Underworld_MOD,CSV/Card\Underworld_master.txt,@敗北_btl_e3,バトル,モルテ,乳首では出さない(射精の語あり 要確認)・メスの才能・体のメス化,射精9／ところてん系2／メスイキ系0,3858,88/89
N91_Underworld_MOD,CSV/Card\Underworld_master.txt,@敗北_btl_boss,バトル,ネメシア,乳首では出さない(射精の語あり 要確認)・メスの才能・体のメス化,射精4／ところてん系0／メスイキ系0,3840,87/88
N91_Underworld_MOD,CSV/Card\Underworld_master.txt,@敗北_onani_m1,オナニー,ヘルヴィア,（当たらない）,射精0／ところてん系3／メスイキ系0,3822,87/88
N91_Underworld_MOD,CSV/Card\Underworld_master.txt,@敗北_onani_m2,オナニー,ヘルヴィア,（当たらない）,射精0／ところてん系0／メスイキ系0,3847,88/89
N91_Underworld_MOD,CSV/Card\Underworld_master.txt,@敗北_onani_m3,オナニー,ヘルヴィア,メスの才能・体のメス化,射精0／ところてん系0／メスイキ系0,3851,91/92
N91_Underworld_MOD,CSV/Card\Underworld_master.txt,@敗北_onani_e1,オナニー,カロネ,メスの才能・体のメス化・ぱふぱふ,射精0／ところてん系1／メスイキ系0,3818,94/95
N91_Underworld_MOD,CSV/Card\Underworld_master.txt,@敗北_onani_e2,オナニー,ケルベラ,（当たらない）,射精0／ところてん系2／メスイキ系0,3799,90/91
N91_Underworld_MOD,CSV/Card\Underworld_master.txt,@敗北_onani_e3,オナニー,モルテ,（当たらない）,射精6／ところてん系0／メスイキ系0,3834,86/87
N91_Underworld_MOD,CSV/Card\Underworld_master.txt,@敗北_onani_boss,オナニー,ネメシア,乳首では出さない(射精の語あり 要確認)・メスの才能・体のメス化,射精3／ところてん系1／メスイキ系0,3844,88/89
N91_Underworld_MOD,CSV/Card\Underworld_master.txt,@敗北_inochi_m1,命乞い,ヘルヴィア,（当たらない）,射精0／ところてん系2／メスイキ系0,3837,83/84
N91_Underworld_MOD,CSV/Card\Underworld_master.txt,@敗北_inochi_m2,命乞い,ヘルヴィア,（当たらない）,射精0／ところてん系2／メスイキ系0,3840,86/87
N91_Underworld_MOD,CSV/Card\Underworld_master.txt,@敗北_inochi_m3,命乞い,ヘルヴィア,メスの才能・体のメス化,射精0／ところてん系0／メスイキ系0,3843,89/91
N91_Underworld_MOD,CSV/Card\Underworld_master.txt,@敗北_inochi_e1,命乞い,カロネ,ぱふぱふ,射精0／ところてん系0／メスイキ系0,3824,94/95
N91_Underworld_MOD,CSV/Card\Underworld_master.txt,@敗北_inochi_e2,命乞い,ケルベラ,（当たらない）,射精0／ところてん系0／メスイキ系0,3833,85/86
N91_Underworld_MOD,CSV/Card\Underworld_master.txt,@敗北_inochi_e3,命乞い,モルテ,（当たらない）,射精3／ところてん系0／メスイキ系0,3817,86/87
N91_Underworld_MOD,CSV/Card\Underworld_master.txt,@敗北_inochi_boss,命乞い,ネメシア,乳首では出さない(射精の語あり 要確認)・メスの才能・体のメス化,射精1／ところてん系0／メスイキ系0,3840,84/85
N91_Underworld_MOD,CSV/Card\Underworld_master.txt,@敗北_onedari_m1,おねだり,ヘルヴィア,メスの才能・体のメス化,射精0／ところてん系1／メスイキ系0,3830,84/85
N91_Underworld_MOD,CSV/Card\Underworld_master.txt,@敗北_onedari_m2,おねだり,ヘルヴィア,（当たらない）,射精0／ところてん系1／メスイキ系0,3863,88/89
N91_Underworld_MOD,CSV/Card\Underworld_master.txt,@敗北_onedari_m3,おねだり,ヘルヴィア,メスの才能・体のメス化,射精0／ところてん系0／メスイキ系0,3838,88/90
N91_Underworld_MOD,CSV/Card\Underworld_master.txt,@敗北_onedari_e1,おねだり,カロネ,ぱふぱふ,射精0／ところてん系0／メスイキ系0,3835,90/91
N91_Underworld_MOD,CSV/Card\Underworld_master.txt,@敗北_onedari_e2,おねだり,ケルベラ,（当たらない）,射精0／ところてん系0／メスイキ系0,3837,87/88
N91_Underworld_MOD,CSV/Card\Underworld_master.txt,@敗北_onedari_e3,おねだり,モルテ,（当たらない）,射精1／ところてん系1／メスイキ系0,3858,85/86
N91_Underworld_MOD,CSV/Card\Underworld_master.txt,@敗北_onedari_boss,おねだり,ネメシア,乳首では出さない(射精の語あり 要確認)・メスの才能・体のメス化,射精1／ところてん系0／メスイキ系0,3859,87/89
N92_Spirit_MOD,CSV/Card\Spirit_master.txt,@敗北_btl_m1,バトル,ルサルカ,ぱふぱふ(匂いなし),射精0／ところてん系1／メスイキ系0,3848,83/84
N92_Spirit_MOD,CSV/Card\Spirit_master.txt,@敗北_btl_m2,バトル,ルサルカ,（当たらない）,射精0／ところてん系1／メスイキ系0,3852,83/84
N92_Spirit_MOD,CSV/Card\Spirit_master.txt,@敗北_btl_m3,バトル,ルサルカ,（当たらない）,射精0／ところてん系0／メスイキ系0,3859,84/85
N92_Spirit_MOD,CSV/Card\Spirit_master.txt,@敗北_btl_e1,バトル,サラマンドラ,メスの才能・体のメス化,射精0／ところてん系2／メスイキ系0,3838,86/87
N92_Spirit_MOD,CSV/Card\Spirit_master.txt,@敗北_btl_e2,バトル,ヴェントゥラ,（当たらない）,射精0／ところてん系1／メスイキ系0,3870,88/89
N92_Spirit_MOD,CSV/Card\Spirit_master.txt,@敗北_btl_e3,バトル,テラ,メスの才能・体のメス化,射精0／ところてん系2／メスイキ系0,3822,83/84
N92_Spirit_MOD,CSV/Card\Spirit_master.txt,@敗北_btl_boss,バトル,エーテリア,（当たらない）,射精0／ところてん系2／メスイキ系0,3831,90/91
N92_Spirit_MOD,CSV/Card\Spirit_master.txt,@敗北_onani_m1,オナニー,ルサルカ,ぱふぱふ,射精0／ところてん系0／メスイキ系0,3831,86/87
N92_Spirit_MOD,CSV/Card\Spirit_master.txt,@敗北_onani_m2,オナニー,ルサルカ,（当たらない）,射精0／ところてん系1／メスイキ系0,3846,83/84
N92_Spirit_MOD,CSV/Card\Spirit_master.txt,@敗北_onani_m3,オナニー,ルサルカ,（当たらない）,射精0／ところてん系0／メスイキ系0,3835,87/88
N92_Spirit_MOD,CSV/Card\Spirit_master.txt,@敗北_onani_e1,オナニー,サラマンドラ,（当たらない）,射精0／ところてん系1／メスイキ系0,3860,88/89
N92_Spirit_MOD,CSV/Card\Spirit_master.txt,@敗北_onani_e2,オナニー,ヴェントゥラ,（当たらない）,射精0／ところてん系2／メスイキ系0,3830,86/87
N92_Spirit_MOD,CSV/Card\Spirit_master.txt,@敗北_onani_e3,オナニー,テラ,メスの才能・体のメス化,射精0／ところてん系2／メスイキ系0,3852,85/86
N92_Spirit_MOD,CSV/Card\Spirit_master.txt,@敗北_onani_boss,オナニー,エーテリア,（当たらない）,射精0／ところてん系1／メスイキ系0,3846,91/92
N92_Spirit_MOD,CSV/Card\Spirit_master.txt,@敗北_inochi_m1,命乞い,ルサルカ,ぱふぱふ,射精0／ところてん系1／メスイキ系0,3846,92/93
N92_Spirit_MOD,CSV/Card\Spirit_master.txt,@敗北_inochi_m2,命乞い,ルサルカ,（当たらない）,射精0／ところてん系0／メスイキ系0,3895,91/92
N92_Spirit_MOD,CSV/Card\Spirit_master.txt,@敗北_inochi_m3,命乞い,ルサルカ,（当たらない）,射精0／ところてん系0／メスイキ系0,3839,93/95
N92_Spirit_MOD,CSV/Card\Spirit_master.txt,@敗北_inochi_e1,命乞い,サラマンドラ,メスの才能・体のメス化,射精0／ところてん系1／メスイキ系0,3848,95/96
N92_Spirit_MOD,CSV/Card\Spirit_master.txt,@敗北_inochi_e2,命乞い,ヴェントゥラ,（当たらない）,射精0／ところてん系0／メスイキ系0,3828,96/97
N92_Spirit_MOD,CSV/Card\Spirit_master.txt,@敗北_inochi_e3,命乞い,テラ,（当たらない）,射精0／ところてん系1／メスイキ系0,3832,91/92
N92_Spirit_MOD,CSV/Card\Spirit_master.txt,@敗北_inochi_boss,命乞い,エーテリア,（当たらない）,射精0／ところてん系0／メスイキ系0,3831,100/102
N92_Spirit_MOD,CSV/Card\Spirit_master.txt,@敗北_onedari_m1,おねだり,ルサルカ,ぱふぱふ,射精0／ところてん系7／メスイキ系0,3843,94/95
N92_Spirit_MOD,CSV/Card\Spirit_master.txt,@敗北_onedari_m2,おねだり,ルサルカ,メスの才能・体のメス化,射精0／ところてん系2／メスイキ系0,3852,96/97
N92_Spirit_MOD,CSV/Card\Spirit_master.txt,@敗北_onedari_m3,おねだり,ルサルカ,（当たらない）,射精0／ところてん系3／メスイキ系0,3875,95/97
N92_Spirit_MOD,CSV/Card\Spirit_master.txt,@敗北_onedari_e1,おねだり,サラマンドラ,メスの才能・体のメス化,射精0／ところてん系1／メスイキ系0,3825,95/96
N92_Spirit_MOD,CSV/Card\Spirit_master.txt,@敗北_onedari_e2,おねだり,ヴェントゥラ,（当たらない）,射精0／ところてん系0／メスイキ系0,3860,94/95
N92_Spirit_MOD,CSV/Card\Spirit_master.txt,@敗北_onedari_e3,おねだり,テラ,（当たらない）,射精0／ところてん系0／メスイキ系0,3842,97/98
N92_Spirit_MOD,CSV/Card\Spirit_master.txt,@敗北_onedari_boss,おねだり,エーテリア,メスの才能・体のメス化,射精0／ところてん系0／メスイキ系0,3822,96/98
N93_Moth_MOD,CSV/Card\Moth_master.txt,@敗北_btl_m1,バトル,ヤママユ,メスの才能・体のメス化・ぱふぱふ,射精0／ところてん系2／メスイキ系0,3860,84/85
N93_Moth_MOD,CSV/Card\Moth_master.txt,@敗北_btl_m2,バトル,ヤママユ,メスの才能・体のメス化,射精0／ところてん系2／メスイキ系0,3838,83/84
N93_Moth_MOD,CSV/Card\Moth_master.txt,@敗北_btl_m3,バトル,ヤママユ,メスの才能・体のメス化,射精0／ところてん系1／メスイキ系0,3821,86/87
N93_Moth_MOD,CSV/Card\Moth_master.txt,@敗北_btl_e1,バトル,マユラ,メスの才能・体のメス化,射精0／ところてん系1／メスイキ系0,3838,87/88
N93_Moth_MOD,CSV/Card\Moth_master.txt,@敗北_btl_e2,バトル,ルーチェ,（当たらない）,射精0／ところてん系1／メスイキ系0,3841,89/90
N93_Moth_MOD,CSV/Card\Moth_master.txt,@敗北_btl_e3,バトル,アゲハ,メスの才能・体のメス化・ぱふぱふ,射精0／ところてん系0／メスイキ系0,3844,91/92
N93_Moth_MOD,CSV/Card\Moth_master.txt,@敗北_btl_boss,バトル,ツキヨ,ところてん→メスイキ・メスの才能・体のメス化・ペニバンの書き分け,射精0／ところてん系1／メスイキ系0,3844,89/90
N93_Moth_MOD,CSV/Card\Moth_master.txt,@敗北_onani_m1,オナニー,ヤママユ,メスの才能・体のメス化,射精0／ところてん系0／メスイキ系0,3860,81/82
N93_Moth_MOD,CSV/Card\Moth_master.txt,@敗北_onani_m2,オナニー,ヤママユ,メスの才能・体のメス化,射精0／ところてん系0／メスイキ系0,3854,88/89
N93_Moth_MOD,CSV/Card\Moth_master.txt,@敗北_onani_m3,オナニー,ヤママユ,メスの才能・体のメス化,射精0／ところてん系1／メスイキ系0,3839,85/86
N93_Moth_MOD,CSV/Card\Moth_master.txt,@敗北_onani_e1,オナニー,マユラ,メスの才能・体のメス化,射精0／ところてん系1／メスイキ系0,3856,89/90
N93_Moth_MOD,CSV/Card\Moth_master.txt,@敗北_onani_e2,オナニー,ルーチェ,（当たらない）,射精0／ところてん系0／メスイキ系0,3822,87/88
N93_Moth_MOD,CSV/Card\Moth_master.txt,@敗北_onani_e3,オナニー,アゲハ,メスの才能・体のメス化・ぱふぱふ,射精0／ところてん系2／メスイキ系0,3838,89/90
N93_Moth_MOD,CSV/Card\Moth_master.txt,@敗北_onani_boss,オナニー,ツキヨ,ところてん→メスイキ・メスの才能・体のメス化・ペニバンの書き分け,射精0／ところてん系0／メスイキ系0,3853,89/90
N93_Moth_MOD,CSV/Card\Moth_master.txt,@敗北_inochi_m1,命乞い,ヤママユ,（当たらない）,射精0／ところてん系0／メスイキ系0,3854,88/89
N93_Moth_MOD,CSV/Card\Moth_master.txt,@敗北_inochi_m2,命乞い,ヤママユ,（当たらない）,射精0／ところてん系1／メスイキ系0,3883,94/95
N93_Moth_MOD,CSV/Card\Moth_master.txt,@敗北_inochi_m3,命乞い,ヤママユ,メスの才能・体のメス化,射精0／ところてん系0／メスイキ系0,3834,92/93
N93_Moth_MOD,CSV/Card\Moth_master.txt,@敗北_inochi_e1,命乞い,マユラ,メスの才能・体のメス化,射精0／ところてん系0／メスイキ系0,3836,89/90
N93_Moth_MOD,CSV/Card\Moth_master.txt,@敗北_inochi_e2,命乞い,ルーチェ,体のメス化,射精0／ところてん系0／メスイキ系0,3845,90/91
N93_Moth_MOD,CSV/Card\Moth_master.txt,@敗北_inochi_e3,命乞い,アゲハ,メスの才能・体のメス化・ぱふぱふ,射精0／ところてん系1／メスイキ系0,3853,97/98
N93_Moth_MOD,CSV/Card\Moth_master.txt,@敗北_inochi_boss,命乞い,ツキヨ,メスの才能,射精0／ところてん系1／メスイキ系0,3841,94/95
N93_Moth_MOD,CSV/Card\Moth_master.txt,@敗北_onedari_m1,おねだり,ヤママユ,（当たらない）,射精0／ところてん系0／メスイキ系0,3834,89/90
N93_Moth_MOD,CSV/Card\Moth_master.txt,@敗北_onedari_m2,おねだり,ヤママユ,（当たらない）,射精0／ところてん系2／メスイキ系0,3826,90/91
N93_Moth_MOD,CSV/Card\Moth_master.txt,@敗北_onedari_m3,おねだり,ヤママユ,メスの才能・体のメス化,射精0／ところてん系0／メスイキ系0,3833,93/94
N93_Moth_MOD,CSV/Card\Moth_master.txt,@敗北_onedari_e1,おねだり,マユラ,（当たらない）,射精0／ところてん系0／メスイキ系0,3817,90/91
N93_Moth_MOD,CSV/Card\Moth_master.txt,@敗北_onedari_e2,おねだり,ルーチェ,体のメス化,射精0／ところてん系0／メスイキ系0,3818,87/88
N93_Moth_MOD,CSV/Card\Moth_master.txt,@敗北_onedari_e3,おねだり,アゲハ,メスの才能・体のメス化・ぱふぱふ,射精0／ところてん系0／メスイキ系0,3816,91/92
N93_Moth_MOD,CSV/Card\Moth_master.txt,@敗北_onedari_boss,おねだり,ツキヨ,メスの才能,射精0／ところてん系0／メスイキ系0,3822,89/90
N94_Werewolf_MOD,CSV/Card\Werewolf_master.txt,@敗北_btl_m1,バトル,フェンリエ,メスの才能・体のメス化・ぱふぱふ,射精0／ところてん系1／メスイキ系0,3868,79/80
N94_Werewolf_MOD,CSV/Card\Werewolf_master.txt,@敗北_btl_m2,バトル,フェンリエ,（当たらない）,射精0／ところてん系0／メスイキ系0,3872,78/79
N94_Werewolf_MOD,CSV/Card\Werewolf_master.txt,@敗北_btl_m3,バトル,フェンリエ,メスの才能,射精0／ところてん系0／メスイキ系0,3839,81/83
N94_Werewolf_MOD,CSV/Card\Werewolf_master.txt,@敗北_btl_e1,バトル,ヴォルカ,（当たらない）,射精0／ところてん系1／メスイキ系0,3855,83/84
N94_Werewolf_MOD,CSV/Card\Werewolf_master.txt,@敗北_btl_e2,バトル,マルタ,メスの才能・体のメス化・ぱふぱふ,射精0／ところてん系2／メスイキ系0,3858,85/86
N94_Werewolf_MOD,CSV/Card\Werewolf_master.txt,@敗北_btl_e3,バトル,グレタ,メスの才能・体のメス化,射精0／ところてん系0／メスイキ系0,3895,100/101
N94_Werewolf_MOD,CSV/Card\Werewolf_master.txt,@敗北_btl_boss,バトル,アルテ,メスの才能・体のメス化,射精0／ところてん系1／メスイキ系0,3836,81/83
N94_Werewolf_MOD,CSV/Card\Werewolf_master.txt,@敗北_onani_m1,オナニー,フェンリエ,メスの才能・体のメス化・ぱふぱふ,射精0／ところてん系0／メスイキ系0,3907,80/81
N94_Werewolf_MOD,CSV/Card\Werewolf_master.txt,@敗北_onani_m2,オナニー,フェンリエ,メスの才能・体のメス化,射精0／ところてん系0／メスイキ系0,3843,82/83
N94_Werewolf_MOD,CSV/Card\Werewolf_master.txt,@敗北_onani_m3,オナニー,フェンリエ,メスの才能,射精0／ところてん系0／メスイキ系0,3866,85/87
N94_Werewolf_MOD,CSV/Card\Werewolf_master.txt,@敗北_onani_e1,オナニー,ヴォルカ,（当たらない）,射精0／ところてん系0／メスイキ系0,3832,83/84
N94_Werewolf_MOD,CSV/Card\Werewolf_master.txt,@敗北_onani_e2,オナニー,マルタ,メスの才能・体のメス化,射精0／ところてん系3／メスイキ系0,3866,85/86
N94_Werewolf_MOD,CSV/Card\Werewolf_master.txt,@敗北_onani_e3,オナニー,グレタ,メスの才能・体のメス化,射精0／ところてん系1／メスイキ系0,3828,96/97
N94_Werewolf_MOD,CSV/Card\Werewolf_master.txt,@敗北_onani_boss,オナニー,アルテ,メスの才能・体のメス化,射精0／ところてん系0／メスイキ系0,3856,81/82
N94_Werewolf_MOD,CSV/Card\Werewolf_master.txt,@敗北_inochi_m1,命乞い,フェンリエ,（当たらない）,射精0／ところてん系0／メスイキ系0,3844,76/77
N94_Werewolf_MOD,CSV/Card\Werewolf_master.txt,@敗北_inochi_m2,命乞い,フェンリエ,（当たらない）,射精0／ところてん系0／メスイキ系0,3830,75/76
N94_Werewolf_MOD,CSV/Card\Werewolf_master.txt,@敗北_inochi_m3,命乞い,フェンリエ,メスの才能,射精0／ところてん系2／メスイキ系0,3835,77/79
N94_Werewolf_MOD,CSV/Card\Werewolf_master.txt,@敗北_inochi_e1,命乞い,ヴォルカ,（当たらない）,射精0／ところてん系2／メスイキ系0,3822,80/81
N94_Werewolf_MOD,CSV/Card\Werewolf_master.txt,@敗北_inochi_e2,命乞い,マルタ,メスの才能・体のメス化,射精0／ところてん系0／メスイキ系0,3847,79/80
N94_Werewolf_MOD,CSV/Card\Werewolf_master.txt,@敗北_inochi_e3,命乞い,グレタ,（当たらない）,射精0／ところてん系1／メスイキ系0,3843,101/102
N94_Werewolf_MOD,CSV/Card\Werewolf_master.txt,@敗北_inochi_boss,命乞い,アルテ,メスの才能・体のメス化,射精0／ところてん系1／メスイキ系0,3849,84/86
N94_Werewolf_MOD,CSV/Card\Werewolf_master.txt,@敗北_onedari_m1,おねだり,フェンリエ,メスの才能・体のメス化・ぱふぱふ,射精0／ところてん系1／メスイキ系0,3823,80/81
N94_Werewolf_MOD,CSV/Card\Werewolf_master.txt,@敗北_onedari_m2,おねだり,フェンリエ,（当たらない）,射精0／ところてん系0／メスイキ系0,3828,81/82
N94_Werewolf_MOD,CSV/Card\Werewolf_master.txt,@敗北_onedari_m3,おねだり,フェンリエ,メスの才能,射精0／ところてん系2／メスイキ系0,3820,81/84
N94_Werewolf_MOD,CSV/Card\Werewolf_master.txt,@敗北_onedari_e1,おねだり,ヴォルカ,（当たらない）,射精0／ところてん系2／メスイキ系0,3820,80/81
N94_Werewolf_MOD,CSV/Card\Werewolf_master.txt,@敗北_onedari_e2,おねだり,マルタ,メスの才能・体のメス化,射精0／ところてん系1／メスイキ系0,3820,82/83
N94_Werewolf_MOD,CSV/Card\Werewolf_master.txt,@敗北_onedari_e3,おねだり,グレタ,（当たらない）,射精0／ところてん系0／メスイキ系0,3820,104/105
N94_Werewolf_MOD,CSV/Card\Werewolf_master.txt,@敗北_onedari_boss,おねだり,アルテ,（当たらない）,射精0／ところてん系0／メスイキ系0,3819,82/84
N95_Smith_MOD,CSV/Card\Smith_master.txt,@敗北_btl_m1,バトル,グンヒルダ,乳首では出さない(射精の語あり 要確認)・メスの才能・体のメス化,射精2／ところてん系1／メスイキ系0,3852,87/88
N95_Smith_MOD,CSV/Card\Smith_master.txt,@敗北_btl_m2,バトル,グンヒルダ,乳首では出さない(射精の語あり 要確認)・メスの才能・体のメス化,射精2／ところてん系1／メスイキ系0,3849,87/88
N95_Smith_MOD,CSV/Card\Smith_master.txt,@敗北_btl_m3,バトル,グンヒルダ,メスの才能・体のメス化,射精0／ところてん系0／メスイキ系0,3861,91/92
N95_Smith_MOD,CSV/Card\Smith_master.txt,@敗北_btl_e1,バトル,ティンカ,（当たらない）,射精0／ところてん系1／メスイキ系0,3831,90/91
N95_Smith_MOD,CSV/Card\Smith_master.txt,@敗北_btl_e2,バトル,スレイア,メスの才能,射精0／ところてん系2／メスイキ系0,3819,92/93
N95_Smith_MOD,CSV/Card\Smith_master.txt,@敗北_btl_e3,バトル,リンネ,（当たらない）,射精2／ところてん系0／メスイキ系0,3834,88/89
N95_Smith_MOD,CSV/Card\Smith_master.txt,@敗北_btl_boss,バトル,アグネッサ,メスの才能・体のメス化,射精0／ところてん系0／メスイキ系0,3849,93/94
N95_Smith_MOD,CSV/Card\Smith_master.txt,@敗北_onani_m1,オナニー,グンヒルダ,乳首では出さない(射精の語あり 要確認)・メスの才能・体のメス化・ぱふぱふ,射精2／ところてん系1／メスイキ系0,3852,83/84
N95_Smith_MOD,CSV/Card\Smith_master.txt,@敗北_onani_m2,オナニー,グンヒルダ,メスの才能・体のメス化,射精0／ところてん系2／メスイキ系0,3826,85/86
N95_Smith_MOD,CSV/Card\Smith_master.txt,@敗北_onani_m3,オナニー,グンヒルダ,メスの才能・体のメス化,射精0／ところてん系2／メスイキ系0,3853,90/91
N95_Smith_MOD,CSV/Card\Smith_master.txt,@敗北_onani_e1,オナニー,ティンカ,メスの才能・体のメス化,射精0／ところてん系1／メスイキ系0,3822,85/86
N95_Smith_MOD,CSV/Card\Smith_master.txt,@敗北_onani_e2,オナニー,スレイア,メスの才能,射精0／ところてん系3／メスイキ系0,3831,92/93
N95_Smith_MOD,CSV/Card\Smith_master.txt,@敗北_onani_e3,オナニー,リンネ,（当たらない）,射精0／ところてん系0／メスイキ系0,3860,89/90
N95_Smith_MOD,CSV/Card\Smith_master.txt,@敗北_onani_boss,オナニー,アグネッサ,メスの才能・体のメス化,射精0／ところてん系1／メスイキ系0,3845,89/90
N95_Smith_MOD,CSV/Card\Smith_master.txt,@敗北_inochi_m1,命乞い,グンヒルダ,メスの才能・体のメス化・ぱふぱふ,射精0／ところてん系1／メスイキ系0,3861,83/84
N95_Smith_MOD,CSV/Card\Smith_master.txt,@敗北_inochi_m2,命乞い,グンヒルダ,メスの才能・体のメス化,射精0／ところてん系1／メスイキ系0,3850,82/83
N95_Smith_MOD,CSV/Card\Smith_master.txt,@敗北_inochi_m3,命乞い,グンヒルダ,メスの才能・体のメス化,射精0／ところてん系0／メスイキ系0,3825,81/82
N95_Smith_MOD,CSV/Card\Smith_master.txt,@敗北_inochi_e1,命乞い,ティンカ,（当たらない）,射精0／ところてん系0／メスイキ系0,3965,83/84
N95_Smith_MOD,CSV/Card\Smith_master.txt,@敗北_inochi_e2,命乞い,スレイア,メスの才能,射精0／ところてん系1／メスイキ系0,4016,88/89
N95_Smith_MOD,CSV/Card\Smith_master.txt,@敗北_inochi_e3,命乞い,リンネ,（当たらない）,射精0／ところてん系0／メスイキ系0,3956,79/80
N95_Smith_MOD,CSV/Card\Smith_master.txt,@敗北_inochi_boss,命乞い,アグネッサ,メスの才能・体のメス化,射精0／ところてん系1／メスイキ系0,4066,79/81
N95_Smith_MOD,CSV/Card\Smith_master.txt,@敗北_onedari_m1,おねだり,グンヒルダ,メスの才能・体のメス化・ぱふぱふ,射精0／ところてん系1／メスイキ系0,3870,84/85
N95_Smith_MOD,CSV/Card\Smith_master.txt,@敗北_onedari_m2,おねだり,グンヒルダ,メスの才能・体のメス化,射精0／ところてん系1／メスイキ系0,3870,84/85
N95_Smith_MOD,CSV/Card\Smith_master.txt,@敗北_onedari_m3,おねだり,グンヒルダ,メスの才能・体のメス化,射精0／ところてん系0／メスイキ系0,3837,82/83
N95_Smith_MOD,CSV/Card\Smith_master.txt,@敗北_onedari_e1,おねだり,ティンカ,メスの才能・体のメス化,射精0／ところてん系0／メスイキ系0,3855,80/81
N95_Smith_MOD,CSV/Card\Smith_master.txt,@敗北_onedari_e2,おねだり,スレイア,メスの才能,射精0／ところてん系1／メスイキ系0,3814,86/87
N95_Smith_MOD,CSV/Card\Smith_master.txt,@敗北_onedari_e3,おねだり,リンネ,（当たらない）,射精0／ところてん系1／メスイキ系0,3825,78/79
N95_Smith_MOD,CSV/Card\Smith_master.txt,@敗北_onedari_boss,おねだり,アグネッサ,（当たらない）,射精0／ところてん系0／メスイキ系0,3944,81/83
N96_Clock_MOD,CSV/Card\Clock_master.txt,@敗北_btl_m1,バトル,セクンダ,（当たらない）,射精0／ところてん系0／メスイキ系0,3895,80/81
N96_Clock_MOD,CSV/Card\Clock_master.txt,@敗北_btl_m2,バトル,セクンダ,（当たらない）,射精0／ところてん系1／メスイキ系0,3896,88/89
N96_Clock_MOD,CSV/Card\Clock_master.txt,@敗北_btl_m3,バトル,セクンダ,メスの才能・体のメス化,射精0／ところてん系0／メスイキ系0,3854,84/85
N96_Clock_MOD,CSV/Card\Clock_master.txt,@敗北_btl_e1,バトル,ペンデュラ,体のメス化,射精0／ところてん系1／メスイキ系0,3895,81/82
N96_Clock_MOD,CSV/Card\Clock_master.txt,@敗北_btl_e2,バトル,ギアリス,メスの才能・体のメス化,射精0／ところてん系2／メスイキ系0,3844,83/84
N96_Clock_MOD,CSV/Card\Clock_master.txt,@敗北_btl_e3,バトル,カリヨン,ぱふぱふ,射精0／ところてん系1／メスイキ系0,3848,85/87
N96_Clock_MOD,CSV/Card\Clock_master.txt,@敗北_btl_boss,バトル,ゼロア,メスの才能・体のメス化,射精0／ところてん系0／メスイキ系0,3968,95/96
N96_Clock_MOD,CSV/Card\Clock_master.txt,@敗北_onani_m1,オナニー,セクンダ,（当たらない）,射精0／ところてん系2／メスイキ系0,3836,84/85
N96_Clock_MOD,CSV/Card\Clock_master.txt,@敗北_onani_m2,オナニー,セクンダ,（当たらない）,射精0／ところてん系2／メスイキ系0,3847,90/91
N96_Clock_MOD,CSV/Card\Clock_master.txt,@敗北_onani_m3,オナニー,セクンダ,メスの才能・体のメス化,射精0／ところてん系0／メスイキ系0,3869,85/86
N96_Clock_MOD,CSV/Card\Clock_master.txt,@敗北_onani_e1,オナニー,ペンデュラ,（当たらない）,射精0／ところてん系2／メスイキ系0,3952,85/86
N96_Clock_MOD,CSV/Card\Clock_master.txt,@敗北_onani_e2,オナニー,ギアリス,（当たらない）,射精0／ところてん系1／メスイキ系0,3843,90/91
N96_Clock_MOD,CSV/Card\Clock_master.txt,@敗北_onani_e3,オナニー,カリヨン,ぱふぱふ,射精0／ところてん系2／メスイキ系0,3860,87/88
N96_Clock_MOD,CSV/Card\Clock_master.txt,@敗北_onani_boss,オナニー,ゼロア,（当たらない）,射精0／ところてん系1／メスイキ系0,3852,92/93
N96_Clock_MOD,CSV/Card\Clock_master.txt,@敗北_inochi_m1,命乞い,セクンダ,（当たらない）,射精0／ところてん系0／メスイキ系0,3850,80/81
N96_Clock_MOD,CSV/Card\Clock_master.txt,@敗北_inochi_m2,命乞い,セクンダ,（当たらない）,射精0／ところてん系1／メスイキ系0,3882,81/82
N96_Clock_MOD,CSV/Card\Clock_master.txt,@敗北_inochi_m3,命乞い,セクンダ,メスの才能・体のメス化,射精0／ところてん系0／メスイキ系0,3883,82/83
N96_Clock_MOD,CSV/Card\Clock_master.txt,@敗北_inochi_e1,命乞い,ペンデュラ,（当たらない）,射精0／ところてん系1／メスイキ系0,3903,84/85
N96_Clock_MOD,CSV/Card\Clock_master.txt,@敗北_inochi_e2,命乞い,ギアリス,メスの才能・体のメス化,射精0／ところてん系0／メスイキ系0,3878,86/87
N96_Clock_MOD,CSV/Card\Clock_master.txt,@敗北_inochi_e3,命乞い,カリヨン,ぱふぱふ,射精0／ところてん系0／メスイキ系0,3848,85/86
N96_Clock_MOD,CSV/Card\Clock_master.txt,@敗北_inochi_boss,命乞い,ゼロア,メスの才能・体のメス化,射精0／ところてん系0／メスイキ系0,3898,93/94
N96_Clock_MOD,CSV/Card\Clock_master.txt,@敗北_onedari_m1,おねだり,セクンダ,（当たらない）,射精0／ところてん系0／メスイキ系0,3838,86/87
N96_Clock_MOD,CSV/Card\Clock_master.txt,@敗北_onedari_m2,おねだり,セクンダ,（当たらない）,射精0／ところてん系0／メスイキ系0,3862,86/87
N96_Clock_MOD,CSV/Card\Clock_master.txt,@敗北_onedari_m3,おねだり,セクンダ,メスの才能・体のメス化,射精0／ところてん系0／メスイキ系0,3851,84/85
N96_Clock_MOD,CSV/Card\Clock_master.txt,@敗北_onedari_e1,おねだり,ペンデュラ,メスの才能・体のメス化,射精0／ところてん系2／メスイキ系0,3865,85/86
N96_Clock_MOD,CSV/Card\Clock_master.txt,@敗北_onedari_e2,おねだり,ギアリス,メスの才能・体のメス化,射精0／ところてん系0／メスイキ系0,3849,83/84
N96_Clock_MOD,CSV/Card\Clock_master.txt,@敗北_onedari_e3,おねだり,カリヨン,ぱふぱふ,射精0／ところてん系1／メスイキ系0,3846,85/86
N96_Clock_MOD,CSV/Card\Clock_master.txt,@敗北_onedari_boss,おねだり,ゼロア,メスの才能・体のメス化,射精0／ところてん系0／メスイキ系0,3852,95/96
N97_Mirror_MOD,CSV/Card\Mirror_master.txt,@敗北_btl_m1,バトル,スペクラ,（当たらない）,射精0／ところてん系1／メスイキ系0,3846,87/88
N97_Mirror_MOD,CSV/Card\Mirror_master.txt,@敗北_btl_m2,バトル,スペクラ,（当たらない）,射精0／ところてん系2／メスイキ系0,3824,89/90
N97_Mirror_MOD,CSV/Card\Mirror_master.txt,@敗北_btl_m3,バトル,スペクラ,メスの才能・体のメス化,射精0／ところてん系2／メスイキ系0,3827,90/91
N97_Mirror_MOD,CSV/Card\Mirror_master.txt,@敗北_btl_e1,バトル,リフレ,メスの才能・体のメス化,射精0／ところてん系4／メスイキ系0,3869,86/87
N97_Mirror_MOD,CSV/Card\Mirror_master.txt,@敗北_btl_e2,バトル,ミュゼット,（当たらない）,射精0／ところてん系2／メスイキ系0,3829,86/87
N97_Mirror_MOD,CSV/Card\Mirror_master.txt,@敗北_btl_e3,バトル,グラシエ,（当たらない）,射精0／ところてん系2／メスイキ系0,3815,86/87
N97_Mirror_MOD,CSV/Card\Mirror_master.txt,@敗北_btl_boss,バトル,アルジェンタ,ところてん→メスイキ・メスの才能・体のメス化・ペニバンの書き分け・ぱふぱふ,射精0／ところてん系2／メスイキ系0,3885,90/92
N97_Mirror_MOD,CSV/Card\Mirror_master.txt,@敗北_onani_m1,オナニー,スペクラ,（当たらない）,射精0／ところてん系0／メスイキ系0,3844,91/92
N97_Mirror_MOD,CSV/Card\Mirror_master.txt,@敗北_onani_m2,オナニー,スペクラ,（当たらない）,射精0／ところてん系2／メスイキ系0,3830,89/90
N97_Mirror_MOD,CSV/Card\Mirror_master.txt,@敗北_onani_m3,オナニー,スペクラ,メスの才能・体のメス化,射精0／ところてん系2／メスイキ系0,3847,94/95
N97_Mirror_MOD,CSV/Card\Mirror_master.txt,@敗北_onani_e1,オナニー,リフレ,メスの才能・体のメス化,射精0／ところてん系0／メスイキ系1,3833,90/91
N97_Mirror_MOD,CSV/Card\Mirror_master.txt,@敗北_onani_e2,オナニー,ミュゼット,（当たらない）,射精0／ところてん系0／メスイキ系0,3837,90/91
N97_Mirror_MOD,CSV/Card\Mirror_master.txt,@敗北_onani_e3,オナニー,グラシエ,（当たらない）,射精0／ところてん系1／メスイキ系0,3842,92/93
N97_Mirror_MOD,CSV/Card\Mirror_master.txt,@敗北_onani_boss,オナニー,アルジェンタ,ぱふぱふ,射精0／ところてん系1／メスイキ系0,3833,87/88
N97_Mirror_MOD,CSV/Card\Mirror_master.txt,@敗北_inochi_m1,命乞い,スペクラ,（当たらない）,射精0／ところてん系1／メスイキ系0,3917,84/85
N97_Mirror_MOD,CSV/Card\Mirror_master.txt,@敗北_inochi_m2,命乞い,スペクラ,（当たらない）,射精0／ところてん系2／メスイキ系0,3832,86/87
N97_Mirror_MOD,CSV/Card\Mirror_master.txt,@敗北_inochi_m3,命乞い,スペクラ,メスの才能・体のメス化,射精0／ところてん系1／メスイキ系0,3845,83/84
N97_Mirror_MOD,CSV/Card\Mirror_master.txt,@敗北_inochi_e1,命乞い,リフレ,メスの才能・体のメス化,射精0／ところてん系1／メスイキ系0,3840,88/89
N97_Mirror_MOD,CSV/Card\Mirror_master.txt,@敗北_inochi_e2,命乞い,ミュゼット,（当たらない）,射精0／ところてん系0／メスイキ系0,3816,83/84
N97_Mirror_MOD,CSV/Card\Mirror_master.txt,@敗北_inochi_e3,命乞い,グラシエ,（当たらない）,射精0／ところてん系0／メスイキ系0,3834,85/87
N97_Mirror_MOD,CSV/Card\Mirror_master.txt,@敗北_inochi_boss,命乞い,アルジェンタ,ぱふぱふ,射精0／ところてん系0／メスイキ系0,3843,84/85
N97_Mirror_MOD,CSV/Card\Mirror_master.txt,@敗北_onedari_m1,おねだり,スペクラ,（当たらない）,射精0／ところてん系1／メスイキ系0,3850,82/83
N97_Mirror_MOD,CSV/Card\Mirror_master.txt,@敗北_onedari_m2,おねだり,スペクラ,（当たらない）,射精0／ところてん系1／メスイキ系0,3840,84/85
N97_Mirror_MOD,CSV/Card\Mirror_master.txt,@敗北_onedari_m3,おねだり,スペクラ,メスの才能・体のメス化,射精0／ところてん系1／メスイキ系0,3881,88/89
N97_Mirror_MOD,CSV/Card\Mirror_master.txt,@敗北_onedari_e1,おねだり,リフレ,メスの才能・体のメス化,射精0／ところてん系1／メスイキ系0,3849,89/90
N97_Mirror_MOD,CSV/Card\Mirror_master.txt,@敗北_onedari_e2,おねだり,ミュゼット,（当たらない）,射精0／ところてん系0／メスイキ系0,3835,82/83
N97_Mirror_MOD,CSV/Card\Mirror_master.txt,@敗北_onedari_e3,おねだり,グラシエ,（当たらない）,射精0／ところてん系2／メスイキ系0,3831,85/86
N97_Mirror_MOD,CSV/Card\Mirror_master.txt,@敗北_onedari_boss,おねだり,アルジェンタ,ところてん→メスイキ・メスの才能・体のメス化・ペニバンの書き分け・ぱふぱふ,射精0／ところてん系1／メスイキ系0,3892,81/84
N98_Beach_MOD,CSV/Card\Beach_master.txt,@敗北_btl_m1,バトル,カイリ,メスの才能・体のメス化,射精0／ところてん系0／メスイキ系0,3841,84/85
N98_Beach_MOD,CSV/Card\Beach_master.txt,@敗北_btl_m2,バトル,カイリ,（当たらない）,射精0／ところてん系1／メスイキ系0,3879,85/86
N98_Beach_MOD,CSV/Card\Beach_master.txt,@敗北_btl_m3,バトル,カイリ,メスの才能・体のメス化,射精0／ところてん系2／メスイキ系0,3866,88/89
N98_Beach_MOD,CSV/Card\Beach_master.txt,@敗北_btl_e1,バトル,サーヤ,（当たらない）,射精0／ところてん系0／メスイキ系0,3821,90/91
N98_Beach_MOD,CSV/Card\Beach_master.txt,@敗北_btl_e2,バトル,ルカ,メスの才能・体のメス化,射精0／ところてん系1／メスイキ系0,3869,88/89
N98_Beach_MOD,CSV/Card\Beach_master.txt,@敗北_btl_e3,バトル,ペルル,（当たらない）,射精0／ところてん系1／メスイキ系0,3846,90/91
N98_Beach_MOD,CSV/Card\Beach_master.txt,@敗北_btl_boss,バトル,ソレイユ,メスの才能・体のメス化,射精0／ところてん系1／メスイキ系0,3870,89/91
N98_Beach_MOD,CSV/Card\Beach_master.txt,@敗北_onani_m1,オナニー,カイリ,メスの才能・体のメス化,射精0／ところてん系2／メスイキ系0,3879,83/84
N98_Beach_MOD,CSV/Card\Beach_master.txt,@敗北_onani_m2,オナニー,カイリ,メスの才能・体のメス化,射精0／ところてん系0／メスイキ系0,3838,81/83
N98_Beach_MOD,CSV/Card\Beach_master.txt,@敗北_onani_m3,オナニー,カイリ,メスの才能・体のメス化,射精0／ところてん系1／メスイキ系0,3849,89/90
N98_Beach_MOD,CSV/Card\Beach_master.txt,@敗北_onani_e1,オナニー,サーヤ,（当たらない）,射精0／ところてん系1／メスイキ系0,3841,89/90
N98_Beach_MOD,CSV/Card\Beach_master.txt,@敗北_onani_e2,オナニー,ルカ,メスの才能・体のメス化,射精0／ところてん系1／メスイキ系0,3827,87/88
N98_Beach_MOD,CSV/Card\Beach_master.txt,@敗北_onani_e3,オナニー,ペルル,（当たらない）,射精0／ところてん系1／メスイキ系0,3846,89/90
N98_Beach_MOD,CSV/Card\Beach_master.txt,@敗北_onani_boss,オナニー,ソレイユ,メスの才能・体のメス化・ぱふぱふ,射精0／ところてん系1／メスイキ系0,3824,85/86
N98_Beach_MOD,CSV/Card\Beach_master.txt,@敗北_inochi_m1,命乞い,カイリ,（当たらない）,射精0／ところてん系1／メスイキ系0,3842,81/82
N98_Beach_MOD,CSV/Card\Beach_master.txt,@敗北_inochi_m2,命乞い,カイリ,メスの才能・体のメス化,射精0／ところてん系1／メスイキ系0,3833,82/83
N98_Beach_MOD,CSV/Card\Beach_master.txt,@敗北_inochi_m3,命乞い,カイリ,メスの才能・体のメス化,射精0／ところてん系0／メスイキ系0,3840,87/88
N98_Beach_MOD,CSV/Card\Beach_master.txt,@敗北_inochi_e1,命乞い,サーヤ,（当たらない）,射精0／ところてん系1／メスイキ系0,3909,87/88
N98_Beach_MOD,CSV/Card\Beach_master.txt,@敗北_inochi_e2,命乞い,ルカ,メスの才能・体のメス化,射精0／ところてん系0／メスイキ系0,3844,83/84
N98_Beach_MOD,CSV/Card\Beach_master.txt,@敗北_inochi_e3,命乞い,ペルル,（当たらない）,射精0／ところてん系0／メスイキ系0,3839,87/88
N98_Beach_MOD,CSV/Card\Beach_master.txt,@敗北_inochi_boss,命乞い,ソレイユ,メスの才能・体のメス化・ぱふぱふ,射精0／ところてん系0／メスイキ系0,3831,84/85
N98_Beach_MOD,CSV/Card\Beach_master.txt,@敗北_onedari_m1,おねだり,カイリ,メスの才能・体のメス化,射精0／ところてん系3／メスイキ系0,3848,86/87
N98_Beach_MOD,CSV/Card\Beach_master.txt,@敗北_onedari_m2,おねだり,カイリ,メスの才能・体のメス化,射精0／ところてん系3／メスイキ系0,3835,84/85
N98_Beach_MOD,CSV/Card\Beach_master.txt,@敗北_onedari_m3,おねだり,カイリ,メスの才能・体のメス化,射精0／ところてん系2／メスイキ系0,3839,86/87
N98_Beach_MOD,CSV/Card\Beach_master.txt,@敗北_onedari_e1,おねだり,サーヤ,（当たらない）,射精0／ところてん系0／メスイキ系0,3861,89/90
N98_Beach_MOD,CSV/Card\Beach_master.txt,@敗北_onedari_e2,おねだり,ルカ,メスの才能・体のメス化,射精0／ところてん系1／メスイキ系0,3862,89/90
N98_Beach_MOD,CSV/Card\Beach_master.txt,@敗北_onedari_e3,おねだり,ペルル,（当たらない）,射精0／ところてん系0／メスイキ系0,3855,88/89
N98_Beach_MOD,CSV/Card\Beach_master.txt,@敗北_onedari_boss,おねだり,ソレイユ,メスの才能・体のメス化・ぱふぱふ,射精0／ところてん系0／メスイキ系0,3838,87/88
N99_Medusa_MOD,CSV/Card\Medusa_master.txt,@敗北_btl_m1,バトル,リティア,（当たらない）,射精0／ところてん系1／メスイキ系0,3853,84/85
N99_Medusa_MOD,CSV/Card\Medusa_master.txt,@敗北_btl_m2,バトル,リティア,（当たらない）,射精0／ところてん系1／メスイキ系0,3838,87/88
N99_Medusa_MOD,CSV/Card\Medusa_master.txt,@敗北_btl_m3,バトル,リティア,メスの才能・体のメス化,射精0／ところてん系1／メスイキ系0,3824,89/90
N99_Medusa_MOD,CSV/Card\Medusa_master.txt,@敗北_btl_e1,バトル,ペトラ,（当たらない）,射精0／ところてん系3／メスイキ系0,3823,91/92
N99_Medusa_MOD,CSV/Card\Medusa_master.txt,@敗北_btl_e2,バトル,カリアティ,（当たらない）,射精0／ところてん系1／メスイキ系0,3839,90/91
N99_Medusa_MOD,CSV/Card\Medusa_master.txt,@敗北_btl_e3,バトル,ロダナ,メスの才能・体のメス化,射精0／ところてん系0／メスイキ系0,3851,88/89
N99_Medusa_MOD,CSV/Card\Medusa_master.txt,@敗北_btl_boss,バトル,メドゥナ,ぱふぱふ,射精0／ところてん系2／メスイキ系0,3821,88/89
N99_Medusa_MOD,CSV/Card\Medusa_master.txt,@敗北_onani_m1,オナニー,リティア,（当たらない）,射精0／ところてん系1／メスイキ系0,3815,86/87
N99_Medusa_MOD,CSV/Card\Medusa_master.txt,@敗北_onani_m2,オナニー,リティア,（当たらない）,射精0／ところてん系1／メスイキ系0,3827,89/90
N99_Medusa_MOD,CSV/Card\Medusa_master.txt,@敗北_onani_m3,オナニー,リティア,メスの才能・体のメス化,射精0／ところてん系0／メスイキ系0,3851,89/90
N99_Medusa_MOD,CSV/Card\Medusa_master.txt,@敗北_onani_e1,オナニー,ペトラ,メスの才能・体のメス化,射精0／ところてん系0／メスイキ系0,3816,88/89
N99_Medusa_MOD,CSV/Card\Medusa_master.txt,@敗北_onani_e2,オナニー,カリアティ,メスの才能・体のメス化,射精0／ところてん系3／メスイキ系0,3816,89/90
N99_Medusa_MOD,CSV/Card\Medusa_master.txt,@敗北_onani_e3,オナニー,ロダナ,メスの才能・体のメス化,射精0／ところてん系0／メスイキ系0,3823,87/88
N99_Medusa_MOD,CSV/Card\Medusa_master.txt,@敗北_onani_boss,オナニー,メドゥナ,ぱふぱふ,射精0／ところてん系3／メスイキ系0,3849,91/92
N99_Medusa_MOD,CSV/Card\Medusa_master.txt,@敗北_inochi_m1,命乞い,リティア,（当たらない）,射精0／ところてん系2／メスイキ系0,3866,86/87
N99_Medusa_MOD,CSV/Card\Medusa_master.txt,@敗北_inochi_m2,命乞い,リティア,（当たらない）,射精0／ところてん系0／メスイキ系0,3850,90/91
N99_Medusa_MOD,CSV/Card\Medusa_master.txt,@敗北_inochi_m3,命乞い,リティア,メスの才能・体のメス化,射精0／ところてん系1／メスイキ系0,3871,89/90
N99_Medusa_MOD,CSV/Card\Medusa_master.txt,@敗北_inochi_e1,命乞い,ペトラ,（当たらない）,射精0／ところてん系0／メスイキ系0,3849,89/90
N99_Medusa_MOD,CSV/Card\Medusa_master.txt,@敗北_inochi_e2,命乞い,カリアティ,メスの才能・体のメス化,射精0／ところてん系0／メスイキ系0,3830,106/107
N99_Medusa_MOD,CSV/Card\Medusa_master.txt,@敗北_inochi_e3,命乞い,ロダナ,メスの才能・体のメス化,射精0／ところてん系2／メスイキ系0,3830,91/92
N99_Medusa_MOD,CSV/Card\Medusa_master.txt,@敗北_inochi_boss,命乞い,メドゥナ,ぱふぱふ,射精0／ところてん系0／メスイキ系0,3874,97/98
N99_Medusa_MOD,CSV/Card\Medusa_master.txt,@敗北_onedari_m1,おねだり,リティア,（当たらない）,射精0／ところてん系2／メスイキ系0,3907,84/85
N99_Medusa_MOD,CSV/Card\Medusa_master.txt,@敗北_onedari_m2,おねだり,リティア,（当たらない）,射精0／ところてん系0／メスイキ系0,3884,93/94
N99_Medusa_MOD,CSV/Card\Medusa_master.txt,@敗北_onedari_m3,おねだり,リティア,メスの才能・体のメス化,射精0／ところてん系1／メスイキ系0,3827,88/89
N99_Medusa_MOD,CSV/Card\Medusa_master.txt,@敗北_onedari_e1,おねだり,ペトラ,（当たらない）,射精0／ところてん系1／メスイキ系1,3817,90/91
N99_Medusa_MOD,CSV/Card\Medusa_master.txt,@敗北_onedari_e2,おねだり,カリアティ,（当たらない）,射精0／ところてん系0／メスイキ系0,3868,105/106
N99_Medusa_MOD,CSV/Card\Medusa_master.txt,@敗北_onedari_e3,おねだり,ロダナ,メスの才能・体のメス化,射精0／ところてん系0／メスイキ系0,3854,92/94
N99_Medusa_MOD,CSV/Card\Medusa_master.txt,@敗北_onedari_boss,おねだり,メドゥナ,ぱふぱふ,射精0／ところてん系0／メスイキ系0,3861,92/93
N100_Sphinx_MOD,CSV/Card\Sphinx_master.txt,@敗北_btl_m1,バトル,ネフェルカ,（当たらない）,射精0／ところてん系0／メスイキ系0,3845,83/84
N100_Sphinx_MOD,CSV/Card\Sphinx_master.txt,@敗北_btl_m2,バトル,ネフェルカ,（当たらない）,射精0／ところてん系0／メスイキ系0,3858,82/83
N100_Sphinx_MOD,CSV/Card\Sphinx_master.txt,@敗北_btl_m3,バトル,ネフェルカ,メスの才能・体のメス化・ぱふぱふ,射精0／ところてん系0／メスイキ系0,3827,80/81
N100_Sphinx_MOD,CSV/Card\Sphinx_master.txt,@敗北_btl_e1,バトル,ハトラ,メスの才能・体のメス化,射精0／ところてん系1／メスイキ系0,3829,83/84
N100_Sphinx_MOD,CSV/Card\Sphinx_master.txt,@敗北_btl_e2,バトル,ルマル,（当たらない）,射精0／ところてん系0／メスイキ系0,3831,82/83
N100_Sphinx_MOD,CSV/Card\Sphinx_master.txt,@敗北_btl_e3,バトル,セシャ,メスの才能・体のメス化,射精0／ところてん系2／メスイキ系0,3832,83/84
N100_Sphinx_MOD,CSV/Card\Sphinx_master.txt,@敗北_btl_boss,バトル,アンクエス,メスの才能・体のメス化・ペニバンの書き分け,射精0／ところてん系0／メスイキ系0,3834,81/82
N100_Sphinx_MOD,CSV/Card\Sphinx_master.txt,@敗北_onani_m1,オナニー,ネフェルカ,（当たらない）,射精0／ところてん系0／メスイキ系0,3854,77/78
N100_Sphinx_MOD,CSV/Card\Sphinx_master.txt,@敗北_onani_m2,オナニー,ネフェルカ,（当たらない）,射精0／ところてん系0／メスイキ系0,3826,79/80
N100_Sphinx_MOD,CSV/Card\Sphinx_master.txt,@敗北_onani_m3,オナニー,ネフェルカ,メスの才能・体のメス化・ぱふぱふ,射精0／ところてん系0／メスイキ系0,3835,79/80
N100_Sphinx_MOD,CSV/Card\Sphinx_master.txt,@敗北_onani_e1,オナニー,ハトラ,メスの才能・体のメス化,射精0／ところてん系0／メスイキ系0,3826,82/83
N100_Sphinx_MOD,CSV/Card\Sphinx_master.txt,@敗北_onani_e2,オナニー,ルマル,（当たらない）,射精0／ところてん系0／メスイキ系0,3823,82/83
N100_Sphinx_MOD,CSV/Card\Sphinx_master.txt,@敗北_onani_e3,オナニー,セシャ,（当たらない）,射精0／ところてん系0／メスイキ系0,3829,81/82
N100_Sphinx_MOD,CSV/Card\Sphinx_master.txt,@敗北_onani_boss,オナニー,アンクエス,メスの才能・体のメス化,射精0／ところてん系0／メスイキ系0,3829,78/79
N100_Sphinx_MOD,CSV/Card\Sphinx_master.txt,@敗北_inochi_m1,命乞い,ネフェルカ,（当たらない）,射精0／ところてん系1／メスイキ系0,3820,89/90
N100_Sphinx_MOD,CSV/Card\Sphinx_master.txt,@敗北_inochi_m2,命乞い,ネフェルカ,（当たらない）,射精0／ところてん系0／メスイキ系0,3834,89/90
N100_Sphinx_MOD,CSV/Card\Sphinx_master.txt,@敗北_inochi_m3,命乞い,ネフェルカ,（当たらない）,射精0／ところてん系1／メスイキ系0,3835,92/93
N100_Sphinx_MOD,CSV/Card\Sphinx_master.txt,@敗北_inochi_e1,命乞い,ハトラ,メスの才能・体のメス化,射精0／ところてん系1／メスイキ系0,3830,89/91
N100_Sphinx_MOD,CSV/Card\Sphinx_master.txt,@敗北_inochi_e2,命乞い,ルマル,（当たらない）,射精0／ところてん系1／メスイキ系0,3824,92/93
N100_Sphinx_MOD,CSV/Card\Sphinx_master.txt,@敗北_inochi_e3,命乞い,セシャ,（当たらない）,射精0／ところてん系0／メスイキ系0,3837,90/91
N100_Sphinx_MOD,CSV/Card\Sphinx_master.txt,@敗北_inochi_boss,命乞い,アンクエス,メスの才能・体のメス化・ペニバンの書き分け,射精0／ところてん系0／メスイキ系0,3915,90/91
N100_Sphinx_MOD,CSV/Card\Sphinx_master.txt,@敗北_onedari_m1,おねだり,ネフェルカ,（当たらない）,射精0／ところてん系1／メスイキ系0,3821,92/93
N100_Sphinx_MOD,CSV/Card\Sphinx_master.txt,@敗北_onedari_m2,おねだり,ネフェルカ,（当たらない）,射精0／ところてん系0／メスイキ系0,3829,86/87
N100_Sphinx_MOD,CSV/Card\Sphinx_master.txt,@敗北_onedari_m3,おねだり,ネフェルカ,ぱふぱふ,射精0／ところてん系0／メスイキ系0,3830,91/92
N100_Sphinx_MOD,CSV/Card\Sphinx_master.txt,@敗北_onedari_e1,おねだり,ハトラ,メスの才能・体のメス化,射精0／ところてん系1／メスイキ系0,3836,90/91
N100_Sphinx_MOD,CSV/Card\Sphinx_master.txt,@敗北_onedari_e2,おねだり,ルマル,（当たらない）,射精0／ところてん系0／メスイキ系0,3822,93/94
N100_Sphinx_MOD,CSV/Card\Sphinx_master.txt,@敗北_onedari_e3,おねだり,セシャ,（当たらない）,射精0／ところてん系0／メスイキ系0,3835,92/93
N100_Sphinx_MOD,CSV/Card\Sphinx_master.txt,@敗北_onedari_boss,おねだり,アンクエス,メスの才能・体のメス化・ペニバンの書き分け,射精0／ところてん系0／メスイキ系0,3869,90/92
N101_Valkyrie_MOD,CSV/Card\Valkyrie_master.txt,@敗北_btl_m1,バトル,ヘルヴォラ,（当たらない）,射精0／ところてん系1／メスイキ系0,3912,88/89
N101_Valkyrie_MOD,CSV/Card\Valkyrie_master.txt,@敗北_btl_m2,バトル,ヘルヴォラ,（当たらない）,射精0／ところてん系0／メスイキ系0,3857,91/92
N101_Valkyrie_MOD,CSV/Card\Valkyrie_master.txt,@敗北_btl_m3,バトル,ヘルヴォラ,（当たらない）,射精0／ところてん系1／メスイキ系0,3875,92/93
N101_Valkyrie_MOD,CSV/Card\Valkyrie_master.txt,@敗北_btl_e1,バトル,ルーネ,メスの才能・体のメス化,射精0／ところてん系0／メスイキ系0,3886,87/88
N101_Valkyrie_MOD,CSV/Card\Valkyrie_master.txt,@敗北_btl_e2,バトル,スヴァナ,（当たらない）,射精0／ところてん系1／メスイキ系0,3851,89/90
N101_Valkyrie_MOD,CSV/Card\Valkyrie_master.txt,@敗北_btl_e3,バトル,ミードラ,ぱふぱふ,射精0／ところてん系0／メスイキ系0,3865,91/92
N101_Valkyrie_MOD,CSV/Card\Valkyrie_master.txt,@敗北_btl_boss,バトル,エイラヴィル,メスの才能・体のメス化,射精0／ところてん系0／メスイキ系0,3857,114/115
N101_Valkyrie_MOD,CSV/Card\Valkyrie_master.txt,@敗北_onani_m1,オナニー,ヘルヴォラ,（当たらない）,射精0／ところてん系0／メスイキ系0,3834,92/93
N101_Valkyrie_MOD,CSV/Card\Valkyrie_master.txt,@敗北_onani_m2,オナニー,ヘルヴォラ,（当たらない）,射精0／ところてん系0／メスイキ系0,3823,94/95
N101_Valkyrie_MOD,CSV/Card\Valkyrie_master.txt,@敗北_onani_m3,オナニー,ヘルヴォラ,（当たらない）,射精0／ところてん系2／メスイキ系0,3825,96/97
N101_Valkyrie_MOD,CSV/Card\Valkyrie_master.txt,@敗北_onani_e1,オナニー,ルーネ,メスの才能・体のメス化,射精0／ところてん系2／メスイキ系0,3851,93/94
N101_Valkyrie_MOD,CSV/Card\Valkyrie_master.txt,@敗北_onani_e2,オナニー,スヴァナ,（当たらない）,射精0／ところてん系1／メスイキ系0,3858,94/95
N101_Valkyrie_MOD,CSV/Card\Valkyrie_master.txt,@敗北_onani_e3,オナニー,ミードラ,ぱふぱふ,射精0／ところてん系1／メスイキ系0,3858,93/94
N101_Valkyrie_MOD,CSV/Card\Valkyrie_master.txt,@敗北_onani_boss,オナニー,エイラヴィル,メスの才能・体のメス化,射精0／ところてん系0／メスイキ系0,3819,112/113
N101_Valkyrie_MOD,CSV/Card\Valkyrie_master.txt,@敗北_inochi_m1,命乞い,ヘルヴォラ,（当たらない）,射精0／ところてん系1／メスイキ系0,3824,85/87
N101_Valkyrie_MOD,CSV/Card\Valkyrie_master.txt,@敗北_inochi_m2,命乞い,ヘルヴォラ,（当たらない）,射精0／ところてん系0／メスイキ系0,3831,86/87
N101_Valkyrie_MOD,CSV/Card\Valkyrie_master.txt,@敗北_inochi_m3,命乞い,ヘルヴォラ,（当たらない）,射精0／ところてん系1／メスイキ系0,3857,87/88
N101_Valkyrie_MOD,CSV/Card\Valkyrie_master.txt,@敗北_inochi_e1,命乞い,ルーネ,メスの才能・体のメス化,射精0／ところてん系0／メスイキ系0,3864,89/90
N101_Valkyrie_MOD,CSV/Card\Valkyrie_master.txt,@敗北_inochi_e2,命乞い,スヴァナ,（当たらない）,射精0／ところてん系2／メスイキ系0,3872,90/91
N101_Valkyrie_MOD,CSV/Card\Valkyrie_master.txt,@敗北_inochi_e3,命乞い,ミードラ,（当たらない）,射精0／ところてん系0／メスイキ系0,3847,89/90
N101_Valkyrie_MOD,CSV/Card\Valkyrie_master.txt,@敗北_inochi_boss,命乞い,エイラヴィル,メスの才能・体のメス化・ぱふぱふ,射精0／ところてん系1／メスイキ系0,3848,98/99
N101_Valkyrie_MOD,CSV/Card\Valkyrie_master.txt,@敗北_onedari_m1,おねだり,ヘルヴォラ,（当たらない）,射精0／ところてん系1／メスイキ系0,3848,87/88
N101_Valkyrie_MOD,CSV/Card\Valkyrie_master.txt,@敗北_onedari_m2,おねだり,ヘルヴォラ,（当たらない）,射精0／ところてん系1／メスイキ系0,3839,89/90
N101_Valkyrie_MOD,CSV/Card\Valkyrie_master.txt,@敗北_onedari_m3,おねだり,ヘルヴォラ,（当たらない）,射精0／ところてん系1／メスイキ系0,3843,84/85
N101_Valkyrie_MOD,CSV/Card\Valkyrie_master.txt,@敗北_onedari_e1,おねだり,ルーネ,メスの才能・体のメス化,射精0／ところてん系0／メスイキ系0,3827,84/85
N101_Valkyrie_MOD,CSV/Card\Valkyrie_master.txt,@敗北_onedari_e2,おねだり,スヴァナ,（当たらない）,射精0／ところてん系0／メスイキ系0,3856,86/88
N101_Valkyrie_MOD,CSV/Card\Valkyrie_master.txt,@敗北_onedari_e3,おねだり,ミードラ,（当たらない）,射精0／ところてん系0／メスイキ系0,3832,87/88
N101_Valkyrie_MOD,CSV/Card\Valkyrie_master.txt,@敗北_onedari_boss,おねだり,エイラヴィル,メスの才能・体のメス化,射精0／ところてん系2／メスイキ系0,3847,98/100
N102_Pawn_MOD,CSV/Card\Pawn_master.txt,@敗北_btl_m1,バトル,ギルダ,メスの才能・体のメス化,射精0／ところてん系1／メスイキ系0,3849,81/82
N102_Pawn_MOD,CSV/Card\Pawn_master.txt,@敗北_btl_m2,バトル,ギルダ,メスの才能・体のメス化,射精0／ところてん系2／メスイキ系0,3826,82/83
N102_Pawn_MOD,CSV/Card\Pawn_master.txt,@敗北_btl_m3,バトル,ギルダ,メスの才能・体のメス化,射精0／ところてん系1／メスイキ系0,3829,85/86
N102_Pawn_MOD,CSV/Card\Pawn_master.txt,@敗北_btl_e1,バトル,ツバキ,（当たらない）,射精0／ところてん系0／メスイキ系0,3822,89/90
N102_Pawn_MOD,CSV/Card\Pawn_master.txt,@敗北_btl_e2,バトル,オパリナ,（当たらない）,射精0／ところてん系0／メスイキ系0,3826,85/86
N102_Pawn_MOD,CSV/Card\Pawn_master.txt,@敗北_btl_e3,バトル,ドーラ,ぱふぱふ,射精0／ところてん系2／メスイキ系0,3828,87/88
N102_Pawn_MOD,CSV/Card\Pawn_master.txt,@敗北_btl_boss,バトル,ヴェルヴェット,メスの才能・体のメス化,射精0／ところてん系2／メスイキ系0,3867,85/86
N102_Pawn_MOD,CSV/Card\Pawn_master.txt,@敗北_onani_m1,オナニー,ギルダ,メスの才能・体のメス化,射精0／ところてん系1／メスイキ系0,3847,84/85
N102_Pawn_MOD,CSV/Card\Pawn_master.txt,@敗北_onani_m2,オナニー,ギルダ,メスの才能・体のメス化,射精0／ところてん系1／メスイキ系0,3818,86/87
N102_Pawn_MOD,CSV/Card\Pawn_master.txt,@敗北_onani_m3,オナニー,ギルダ,（当たらない）,射精0／ところてん系0／メスイキ系0,3824,87/88
N102_Pawn_MOD,CSV/Card\Pawn_master.txt,@敗北_onani_e1,オナニー,ツバキ,（当たらない）,射精0／ところてん系2／メスイキ系0,3823,95/96
N102_Pawn_MOD,CSV/Card\Pawn_master.txt,@敗北_onani_e2,オナニー,オパリナ,（当たらない）,射精0／ところてん系0／メスイキ系0,3832,90/91
N102_Pawn_MOD,CSV/Card\Pawn_master.txt,@敗北_onani_e3,オナニー,ドーラ,メスの才能・体のメス化・ぱふぱふ,射精0／ところてん系2／メスイキ系0,3816,87/88
N102_Pawn_MOD,CSV/Card\Pawn_master.txt,@敗北_onani_boss,オナニー,ヴェルヴェット,メスの才能・体のメス化,射精0／ところてん系1／メスイキ系0,3811,86/87
N102_Pawn_MOD,CSV/Card\Pawn_master.txt,@敗北_inochi_m1,命乞い,ギルダ,メスの才能・体のメス化,射精0／ところてん系1／メスイキ系0,3828,87/88
N102_Pawn_MOD,CSV/Card\Pawn_master.txt,@敗北_inochi_m2,命乞い,ギルダ,メスの才能・体のメス化,射精0／ところてん系1／メスイキ系0,3825,90/91
N102_Pawn_MOD,CSV/Card\Pawn_master.txt,@敗北_inochi_m3,命乞い,ギルダ,メスの才能・体のメス化,射精0／ところてん系0／メスイキ系0,3848,90/91
N102_Pawn_MOD,CSV/Card\Pawn_master.txt,@敗北_inochi_e1,命乞い,ツバキ,ぱふぱふ,射精0／ところてん系0／メスイキ系0,3823,94/95
N102_Pawn_MOD,CSV/Card\Pawn_master.txt,@敗北_inochi_e2,命乞い,オパリナ,（当たらない）,射精0／ところてん系1／メスイキ系0,3838,90/91
N102_Pawn_MOD,CSV/Card\Pawn_master.txt,@敗北_inochi_e3,命乞い,ドーラ,ぱふぱふ,射精0／ところてん系0／メスイキ系0,3812,84/85
N102_Pawn_MOD,CSV/Card\Pawn_master.txt,@敗北_inochi_boss,命乞い,ヴェルヴェット,メスの才能・体のメス化,射精0／ところてん系1／メスイキ系0,3806,86/87
N102_Pawn_MOD,CSV/Card\Pawn_master.txt,@敗北_onedari_m1,おねだり,ギルダ,（当たらない）,射精0／ところてん系2／メスイキ系0,3809,85/86
N102_Pawn_MOD,CSV/Card\Pawn_master.txt,@敗北_onedari_m2,おねだり,ギルダ,メスの才能・体のメス化,射精0／ところてん系0／メスイキ系0,3811,86/87
N102_Pawn_MOD,CSV/Card\Pawn_master.txt,@敗北_onedari_m3,おねだり,ギルダ,メスの才能・体のメス化,射精0／ところてん系3／メスイキ系0,3782,89/90
N102_Pawn_MOD,CSV/Card\Pawn_master.txt,@敗北_onedari_e1,おねだり,ツバキ,ぱふぱふ,射精0／ところてん系0／メスイキ系0,3815,95/96
N102_Pawn_MOD,CSV/Card\Pawn_master.txt,@敗北_onedari_e2,おねだり,オパリナ,（当たらない）,射精0／ところてん系0／メスイキ系0,3800,94/95
N102_Pawn_MOD,CSV/Card\Pawn_master.txt,@敗北_onedari_e3,おねだり,ドーラ,ぱふぱふ,射精0／ところてん系0／メスイキ系0,3797,87/88
N102_Pawn_MOD,CSV/Card\Pawn_master.txt,@敗北_onedari_boss,おねだり,ヴェルヴェット,メスの才能・体のメス化,射精0／ところてん系0／メスイキ系0,3820,89/90
N103_Amazon_MOD,CSV/Card\Amazon_master.txt,@敗北_btl_m1,バトル,オルテア,乳首では出さない(射精の語あり 要確認)・メスの才能・体のメス化・ぱふぱふ,射精2／ところてん系2／メスイキ系0,3837,86/87
N103_Amazon_MOD,CSV/Card\Amazon_master.txt,@敗北_btl_m2,バトル,オルテア,乳首では出さない(射精の語あり 要確認)・メスの才能・体のメス化・ぱふぱふ,射精2／ところてん系0／メスイキ系0,3836,89/90
N103_Amazon_MOD,CSV/Card\Amazon_master.txt,@敗北_btl_m3,バトル,オルテア,乳首では出さない(射精の語あり 要確認)・メスの才能・体のメス化,射精2／ところてん系2／メスイキ系0,3833,89/90
N103_Amazon_MOD,CSV/Card\Amazon_master.txt,@敗北_btl_e1,バトル,ネレア,（当たらない）,射精0／ところてん系5／メスイキ系0,3821,110/111
N103_Amazon_MOD,CSV/Card\Amazon_master.txt,@敗北_btl_e2,バトル,ウルア,メスの才能・体のメス化,射精0／ところてん系2／メスイキ系0,3854,94/95
N103_Amazon_MOD,CSV/Card\Amazon_master.txt,@敗北_btl_e3,バトル,ティカ,（当たらない）,射精2／ところてん系0／メスイキ系0,3856,93/94
N103_Amazon_MOD,CSV/Card\Amazon_master.txt,@敗北_btl_boss,バトル,シャマラ,メスの才能・体のメス化・ペニバンの書き分け,射精0／ところてん系0／メスイキ系0,3997,99/101
N103_Amazon_MOD,CSV/Card\Amazon_master.txt,@敗北_onani_m1,オナニー,オルテア,乳首では出さない(射精の語あり 要確認)・メスの才能・体のメス化・ぱふぱふ,射精2／ところてん系2／メスイキ系0,3834,88/89
N103_Amazon_MOD,CSV/Card\Amazon_master.txt,@敗北_onani_m2,オナニー,オルテア,乳首では出さない(射精の語あり 要確認)・メスの才能・体のメス化・ぱふぱふ,射精2／ところてん系1／メスイキ系0,3885,88/89
N103_Amazon_MOD,CSV/Card\Amazon_master.txt,@敗北_onani_m3,オナニー,オルテア,乳首では出さない(射精の語あり 要確認)・メスの才能・体のメス化,射精2／ところてん系2／メスイキ系0,3885,90/91
N103_Amazon_MOD,CSV/Card\Amazon_master.txt,@敗北_onani_e1,オナニー,ネレア,（当たらない）,射精0／ところてん系2／メスイキ系0,3840,105/106
N103_Amazon_MOD,CSV/Card\Amazon_master.txt,@敗北_onani_e2,オナニー,ウルア,メスの才能・体のメス化,射精0／ところてん系1／メスイキ系0,3821,91/92
N103_Amazon_MOD,CSV/Card\Amazon_master.txt,@敗北_onani_e3,オナニー,ティカ,乳首では出さない(射精の語あり 要確認)・メスの才能・体のメス化,射精2／ところてん系0／メスイキ系0,3837,93/94
N103_Amazon_MOD,CSV/Card\Amazon_master.txt,@敗北_onani_boss,オナニー,シャマラ,メスの才能・体のメス化・ペニバンの書き分け,射精0／ところてん系0／メスイキ系0,3855,95/97
N103_Amazon_MOD,CSV/Card\Amazon_master.txt,@敗北_inochi_m1,命乞い,オルテア,メスの才能・体のメス化・ぱふぱふ,射精0／ところてん系1／メスイキ系0,3924,90/91
N103_Amazon_MOD,CSV/Card\Amazon_master.txt,@敗北_inochi_m2,命乞い,オルテア,ぱふぱふ,射精0／ところてん系1／メスイキ系0,3847,87/88
N103_Amazon_MOD,CSV/Card\Amazon_master.txt,@敗北_inochi_m3,命乞い,オルテア,メスの才能・体のメス化・ぱふぱふ,射精0／ところてん系0／メスイキ系0,3827,91/92
N103_Amazon_MOD,CSV/Card\Amazon_master.txt,@敗北_inochi_e1,命乞い,ネレア,（当たらない）,射精0／ところてん系0／メスイキ系0,3822,110/111
N103_Amazon_MOD,CSV/Card\Amazon_master.txt,@敗北_inochi_e2,命乞い,ウルア,メスの才能・体のメス化,射精0／ところてん系1／メスイキ系0,3828,90/91
N103_Amazon_MOD,CSV/Card\Amazon_master.txt,@敗北_inochi_e3,命乞い,ティカ,（当たらない）,射精0／ところてん系0／メスイキ系0,3823,93/94
N103_Amazon_MOD,CSV/Card\Amazon_master.txt,@敗北_inochi_boss,命乞い,シャマラ,メスの才能・体のメス化・ペニバンの書き分け,射精0／ところてん系1／メスイキ系0,3844,99/101
N103_Amazon_MOD,CSV/Card\Amazon_master.txt,@敗北_onedari_m1,おねだり,オルテア,（当たらない）,射精0／ところてん系1／メスイキ系0,3838,91/92
N103_Amazon_MOD,CSV/Card\Amazon_master.txt,@敗北_onedari_m2,おねだり,オルテア,メスの才能・体のメス化,射精0／ところてん系2／メスイキ系0,3841,90/91
N103_Amazon_MOD,CSV/Card\Amazon_master.txt,@敗北_onedari_m3,おねだり,オルテア,メスの才能・体のメス化,射精0／ところてん系1／メスイキ系0,3824,91/92
N103_Amazon_MOD,CSV/Card\Amazon_master.txt,@敗北_onedari_e1,おねだり,ネレア,（当たらない）,射精0／ところてん系0／メスイキ系0,3827,111/112
N103_Amazon_MOD,CSV/Card\Amazon_master.txt,@敗北_onedari_e2,おねだり,ウルア,メスの才能・体のメス化,射精0／ところてん系2／メスイキ系0,3872,94/95
N103_Amazon_MOD,CSV/Card\Amazon_master.txt,@敗北_onedari_e3,おねだり,ティカ,ぱふぱふ,射精0／ところてん系0／メスイキ系0,3867,95/96
N103_Amazon_MOD,CSV/Card\Amazon_master.txt,@敗北_onedari_boss,おねだり,シャマラ,メスの才能・体のメス化・ペニバンの書き分け,射精0／ところてん系0／メスイキ系0,3857,96/97
N104_Shrine_MOD,CSV/Card\Shrine_master.txt,@敗北_btl_m1,バトル,アマネ,メスの才能・体のメス化,射精0／ところてん系0／メスイキ系0,3875,80/81
N104_Shrine_MOD,CSV/Card\Shrine_master.txt,@敗北_btl_m2,バトル,アマネ,メスの才能・体のメス化,射精0／ところてん系1／メスイキ系0,3913,85/86
N104_Shrine_MOD,CSV/Card\Shrine_master.txt,@敗北_btl_m3,バトル,アマネ,メスの才能・体のメス化,射精0／ところてん系1／メスイキ系0,3864,85/86
N104_Shrine_MOD,CSV/Card\Shrine_master.txt,@敗北_btl_e1,バトル,スズカ,（当たらない）,射精0／ところてん系1／メスイキ系0,3878,85/86
N104_Shrine_MOD,CSV/Card\Shrine_master.txt,@敗北_btl_e2,バトル,ヒイラギ,メスの才能,射精0／ところてん系1／メスイキ系0,3868,84/85
N104_Shrine_MOD,CSV/Card\Shrine_master.txt,@敗北_btl_e3,バトル,シシバ,（当たらない）,射精0／ところてん系1／メスイキ系0,4018,89/90
N104_Shrine_MOD,CSV/Card\Shrine_master.txt,@敗北_btl_boss,バトル,トヨヒメ,メスの才能・体のメス化・ぱふぱふ,射精0／ところてん系0／メスイキ系0,3939,91/92
N104_Shrine_MOD,CSV/Card\Shrine_master.txt,@敗北_onani_m1,オナニー,アマネ,（当たらない）,射精0／ところてん系0／メスイキ系0,3885,84/85
N104_Shrine_MOD,CSV/Card\Shrine_master.txt,@敗北_onani_m2,オナニー,アマネ,メスの才能・体のメス化,射精0／ところてん系1／メスイキ系0,3893,81/82
N104_Shrine_MOD,CSV/Card\Shrine_master.txt,@敗北_onani_m3,オナニー,アマネ,メスの才能・体のメス化,射精0／ところてん系0／メスイキ系0,3937,86/87
N104_Shrine_MOD,CSV/Card\Shrine_master.txt,@敗北_onani_e1,オナニー,スズカ,（当たらない）,射精0／ところてん系0／メスイキ系0,4007,87/88
N104_Shrine_MOD,CSV/Card\Shrine_master.txt,@敗北_onani_e2,オナニー,ヒイラギ,メスの才能,射精0／ところてん系2／メスイキ系0,3996,86/87
N104_Shrine_MOD,CSV/Card\Shrine_master.txt,@敗北_onani_e3,オナニー,シシバ,（当たらない）,射精0／ところてん系0／メスイキ系0,3841,87/88
N104_Shrine_MOD,CSV/Card\Shrine_master.txt,@敗北_onani_boss,オナニー,トヨヒメ,メスの才能・体のメス化・ぱふぱふ,射精0／ところてん系0／メスイキ系0,4191,95/96
N104_Shrine_MOD,CSV/Card\Shrine_master.txt,@敗北_inochi_m1,命乞い,アマネ,（当たらない）,射精0／ところてん系0／メスイキ系0,3826,81/82
N104_Shrine_MOD,CSV/Card\Shrine_master.txt,@敗北_inochi_m2,命乞い,アマネ,メスの才能・体のメス化,射精0／ところてん系0／メスイキ系0,3835,84/85
N104_Shrine_MOD,CSV/Card\Shrine_master.txt,@敗北_inochi_m3,命乞い,アマネ,メスの才能・体のメス化,射精0／ところてん系0／メスイキ系0,3834,83/84
N104_Shrine_MOD,CSV/Card\Shrine_master.txt,@敗北_inochi_e1,命乞い,スズカ,（当たらない）,射精0／ところてん系0／メスイキ系0,3829,87/88
N104_Shrine_MOD,CSV/Card\Shrine_master.txt,@敗北_inochi_e2,命乞い,ヒイラギ,（当たらない）,射精0／ところてん系0／メスイキ系0,3846,84/85
N104_Shrine_MOD,CSV/Card\Shrine_master.txt,@敗北_inochi_e3,命乞い,シシバ,ぱふぱふ,射精0／ところてん系0／メスイキ系0,3841,87/88
N104_Shrine_MOD,CSV/Card\Shrine_master.txt,@敗北_inochi_boss,命乞い,トヨヒメ,メスの才能・体のメス化・ぱふぱふ,射精0／ところてん系0／メスイキ系0,3834,85/86
N104_Shrine_MOD,CSV/Card\Shrine_master.txt,@敗北_onedari_m1,おねだり,アマネ,（当たらない）,射精0／ところてん系0／メスイキ系0,3839,81/82
N104_Shrine_MOD,CSV/Card\Shrine_master.txt,@敗北_onedari_m2,おねだり,アマネ,メスの才能・体のメス化,射精0／ところてん系0／メスイキ系0,3818,82/83
N104_Shrine_MOD,CSV/Card\Shrine_master.txt,@敗北_onedari_m3,おねだり,アマネ,メスの才能・体のメス化,射精0／ところてん系0／メスイキ系0,3817,86/87
N104_Shrine_MOD,CSV/Card\Shrine_master.txt,@敗北_onedari_e1,おねだり,スズカ,（当たらない）,射精0／ところてん系0／メスイキ系0,3844,84/85
N104_Shrine_MOD,CSV/Card\Shrine_master.txt,@敗北_onedari_e2,おねだり,ヒイラギ,（当たらない）,射精0／ところてん系0／メスイキ系0,3851,88/89
N104_Shrine_MOD,CSV/Card\Shrine_master.txt,@敗北_onedari_e3,おねだり,シシバ,（当たらない）,射精0／ところてん系4／メスイキ系0,3823,84/85
N104_Shrine_MOD,CSV/Card\Shrine_master.txt,@敗北_onedari_boss,おねだり,トヨヒメ,メスの才能・体のメス化・ぱふぱふ,射精0／ところてん系0／メスイキ系0,3827,84/85
N105_Sky_MOD,CSV/Card\Sky_master.txt,@敗北_btl_m1,バトル,コウカ,（当たらない）,射精0／ところてん系0／メスイキ系0,3825,81/82
N105_Sky_MOD,CSV/Card\Sky_master.txt,@敗北_btl_m2,バトル,コウカ,メスの才能・体のメス化,射精0／ところてん系1／メスイキ系0,3833,82/83
N105_Sky_MOD,CSV/Card\Sky_master.txt,@敗北_btl_m3,バトル,コウカ,メスの才能・体のメス化,射精0／ところてん系2／メスイキ系0,3818,86/87
N105_Sky_MOD,CSV/Card\Sky_master.txt,@敗北_btl_e1,バトル,リンカ,（当たらない）,射精0／ところてん系1／メスイキ系0,3846,92/93
N105_Sky_MOD,CSV/Card\Sky_master.txt,@敗北_btl_e2,バトル,スイレン,ぱふぱふ,射精0／ところてん系1／メスイキ系0,3833,91/92
N105_Sky_MOD,CSV/Card\Sky_master.txt,@敗北_btl_e3,バトル,フワリ,（当たらない）,射精0／ところてん系0／メスイキ系0,3857,88/89
N105_Sky_MOD,CSV/Card\Sky_master.txt,@敗北_btl_boss,バトル,シュカ,メスの才能・体のメス化,射精0／ところてん系1／メスイキ系0,3833,96/97
N105_Sky_MOD,CSV/Card\Sky_master.txt,@敗北_onani_m1,オナニー,コウカ,（当たらない）,射精0／ところてん系1／メスイキ系0,3842,84/85
N105_Sky_MOD,CSV/Card\Sky_master.txt,@敗北_onani_m2,オナニー,コウカ,メスの才能・体のメス化,射精0／ところてん系3／メスイキ系0,3847,84/85
N105_Sky_MOD,CSV/Card\Sky_master.txt,@敗北_onani_m3,オナニー,コウカ,メスの才能・体のメス化,射精0／ところてん系1／メスイキ系0,3847,87/88
N105_Sky_MOD,CSV/Card\Sky_master.txt,@敗北_onani_e1,オナニー,リンカ,（当たらない）,射精0／ところてん系0／メスイキ系0,3840,90/91
N105_Sky_MOD,CSV/Card\Sky_master.txt,@敗北_onani_e2,オナニー,スイレン,ぱふぱふ,射精0／ところてん系0／メスイキ系0,3836,87/88
N105_Sky_MOD,CSV/Card\Sky_master.txt,@敗北_onani_e3,オナニー,フワリ,（当たらない）,射精0／ところてん系0／メスイキ系0,3847,90/91
N105_Sky_MOD,CSV/Card\Sky_master.txt,@敗北_onani_boss,オナニー,シュカ,メスの才能・体のメス化,射精0／ところてん系0／メスイキ系0,3830,91/92
N105_Sky_MOD,CSV/Card\Sky_master.txt,@敗北_inochi_m1,命乞い,コウカ,（当たらない）,射精0／ところてん系0／メスイキ系0,3854,81/83
N105_Sky_MOD,CSV/Card\Sky_master.txt,@敗北_inochi_m2,命乞い,コウカ,（当たらない）,射精0／ところてん系2／メスイキ系0,4031,88/89
N105_Sky_MOD,CSV/Card\Sky_master.txt,@敗北_inochi_m3,命乞い,コウカ,メスの才能・体のメス化,射精0／ところてん系2／メスイキ系0,3834,85/86
N105_Sky_MOD,CSV/Card\Sky_master.txt,@敗北_inochi_e1,命乞い,リンカ,メスの才能,射精0／ところてん系0／メスイキ系0,4020,88/89
N105_Sky_MOD,CSV/Card\Sky_master.txt,@敗北_inochi_e2,命乞い,スイレン,ぱふぱふ,射精0／ところてん系0／メスイキ系0,3945,87/88
N105_Sky_MOD,CSV/Card\Sky_master.txt,@敗北_inochi_e3,命乞い,フワリ,（当たらない）,射精0／ところてん系0／メスイキ系0,3861,85/86
N105_Sky_MOD,CSV/Card\Sky_master.txt,@敗北_inochi_boss,命乞い,シュカ,メスの才能・体のメス化,射精0／ところてん系0／メスイキ系0,3832,87/88
N105_Sky_MOD,CSV/Card\Sky_master.txt,@敗北_onedari_m1,おねだり,コウカ,（当たらない）,射精0／ところてん系4／メスイキ系0,3833,82/83
N105_Sky_MOD,CSV/Card\Sky_master.txt,@敗北_onedari_m2,おねだり,コウカ,メスの才能・体のメス化,射精0／ところてん系1／メスイキ系0,4010,91/92
N105_Sky_MOD,CSV/Card\Sky_master.txt,@敗北_onedari_m3,おねだり,コウカ,メスの才能・体のメス化,射精0／ところてん系0／メスイキ系0,3835,84/85
N105_Sky_MOD,CSV/Card\Sky_master.txt,@敗北_onedari_e1,おねだり,リンカ,メスの才能,射精0／ところてん系1／メスイキ系0,3884,85/86
N105_Sky_MOD,CSV/Card\Sky_master.txt,@敗北_onedari_e2,おねだり,スイレン,（当たらない）,射精0／ところてん系0／メスイキ系0,3861,83/84
N105_Sky_MOD,CSV/Card\Sky_master.txt,@敗北_onedari_e3,おねだり,フワリ,ぱふぱふ,射精0／ところてん系3／メスイキ系0,3822,85/86
N105_Sky_MOD,CSV/Card\Sky_master.txt,@敗北_onedari_boss,おねだり,シュカ,メスの才能・体のメス化,射精0／ところてん系0／メスイキ系0,3817,88/89
N106_Genji_MOD,CSV/Card\Genji_master.txt,@敗北_btl_m1,バトル,鞍馬,メスの才能・体のメス化,射精0／ところてん系0／メスイキ系0,3844,74/75
N106_Genji_MOD,CSV/Card\Genji_master.txt,@敗北_btl_m2,バトル,鞍馬,メスの才能・体のメス化,射精0／ところてん系1／メスイキ系0,3807,68/69
N106_Genji_MOD,CSV/Card\Genji_master.txt,@敗北_btl_m3,バトル,鞍馬,メスの才能・体のメス化,射精0／ところてん系0／メスイキ系0,3804,69/70
N106_Genji_MOD,CSV/Card\Genji_master.txt,@敗北_btl_e1,バトル,混登呂,ところてん→メスイキ・メスの才能・体のメス化,射精0／ところてん系1／メスイキ系0,3819,70/71
N106_Genji_MOD,CSV/Card\Genji_master.txt,@敗北_btl_e2,バトル,御土,メスの才能・体のメス化,射精0／ところてん系0／メスイキ系0,3803,71/72
N106_Genji_MOD,CSV/Card\Genji_master.txt,@敗北_btl_e3,バトル,阿黒,メスの才能・体のメス化,射精0／ところてん系0／メスイキ系0,3803,69/70
N106_Genji_MOD,CSV/Card\Genji_master.txt,@敗北_btl_boss,バトル,比叡,メスの才能,射精0／ところてん系1／メスイキ系0,3907,69/70
N106_Genji_MOD,CSV/Card\Genji_master.txt,@敗北_onani_m1,オナニー,鞍馬,メスの才能,射精0／ところてん系1／メスイキ系0,3809,72/73
N106_Genji_MOD,CSV/Card\Genji_master.txt,@敗北_onani_m2,オナニー,鞍馬,メスの才能・体のメス化,射精0／ところてん系1／メスイキ系0,3856,72/73
N106_Genji_MOD,CSV/Card\Genji_master.txt,@敗北_onani_m3,オナニー,鞍馬,メスの才能,射精0／ところてん系3／メスイキ系0,3761,69/70
N106_Genji_MOD,CSV/Card\Genji_master.txt,@敗北_onani_e1,オナニー,混登呂,メスの才能・体のメス化,射精0／ところてん系0／メスイキ系0,3783,73/74
N106_Genji_MOD,CSV/Card\Genji_master.txt,@敗北_onani_e2,オナニー,御土,メスの才能・体のメス化,射精0／ところてん系0／メスイキ系0,3837,72/73
N106_Genji_MOD,CSV/Card\Genji_master.txt,@敗北_onani_e3,オナニー,阿黒,メスの才能・体のメス化,射精0／ところてん系0／メスイキ系0,3867,72/73
N106_Genji_MOD,CSV/Card\Genji_master.txt,@敗北_onani_boss,オナニー,比叡,ところてん→メスイキ・メスの才能,射精0／ところてん系1／メスイキ系0,3922,70/71
N106_Genji_MOD,CSV/Card\Genji_master.txt,@敗北_inochi_m1,命乞い,鞍馬,メスの才能・体のメス化,射精0／ところてん系2／メスイキ系0,3886,76/78
N106_Genji_MOD,CSV/Card\Genji_master.txt,@敗北_inochi_m2,命乞い,鞍馬,メスの才能・体のメス化,射精0／ところてん系1／メスイキ系0,3871,79/80
N106_Genji_MOD,CSV/Card\Genji_master.txt,@敗北_inochi_m3,命乞い,鞍馬,メスの才能・体のメス化,射精0／ところてん系3／メスイキ系0,3887,78/79
N106_Genji_MOD,CSV/Card\Genji_master.txt,@敗北_inochi_e1,命乞い,混登呂,メスの才能・体のメス化,射精0／ところてん系1／メスイキ系0,3899,78/79
N106_Genji_MOD,CSV/Card\Genji_master.txt,@敗北_inochi_e2,命乞い,御土,メスの才能・体のメス化,射精0／ところてん系3／メスイキ系0,3956,80/81
N106_Genji_MOD,CSV/Card\Genji_master.txt,@敗北_inochi_e3,命乞い,阿黒,メスの才能・体のメス化,射精0／ところてん系2／メスイキ系0,3863,74/75
N106_Genji_MOD,CSV/Card\Genji_master.txt,@敗北_inochi_boss,命乞い,比叡,メスの才能,射精0／ところてん系2／メスイキ系0,4169,80/81
N106_Genji_MOD,CSV/Card\Genji_master.txt,@敗北_onedari_m1,おねだり,鞍馬,メスの才能・体のメス化,射精0／ところてん系1／メスイキ系0,3881,76/77
N106_Genji_MOD,CSV/Card\Genji_master.txt,@敗北_onedari_m2,おねだり,鞍馬,メスの才能・体のメス化,射精0／ところてん系4／メスイキ系0,3845,78/79
N106_Genji_MOD,CSV/Card\Genji_master.txt,@敗北_onedari_m3,おねだり,鞍馬,メスの才能・体のメス化,射精0／ところてん系2／メスイキ系0,3838,78/79
N106_Genji_MOD,CSV/Card\Genji_master.txt,@敗北_onedari_e1,おねだり,混登呂,ところてん→メスイキ・メスの才能・体のメス化,射精0／ところてん系1／メスイキ系0,3961,79/80
N106_Genji_MOD,CSV/Card\Genji_master.txt,@敗北_onedari_e2,おねだり,御土,メスの才能・体のメス化,射精0／ところてん系1／メスイキ系0,3903,83/84
N106_Genji_MOD,CSV/Card\Genji_master.txt,@敗北_onedari_e3,おねだり,阿黒,メスの才能・体のメス化,射精0／ところてん系0／メスイキ系0,3809,76/77
N106_Genji_MOD,CSV/Card\Genji_master.txt,@敗北_onedari_boss,おねだり,比叡,メスの才能,射精0／ところてん系0／メスイキ系0,3924,76/77
N107_Tensho_MOD,CSV/Card\Tensho_master.txt,@敗北_btl_m1,バトル,アリスフィーズ,メスの才能,射精0／ところてん系1／メスイキ系0,3797,70/71
N107_Tensho_MOD,CSV/Card\Tensho_master.txt,@敗北_btl_m2,バトル,アリスフィーズ,メスの才能・体のメス化,射精0／ところてん系0／メスイキ系0,3808,68/69
N107_Tensho_MOD,CSV/Card\Tensho_master.txt,@敗北_btl_m3,バトル,アリスフィーズ,メスの才能,射精0／ところてん系3／メスイキ系0,3825,71/72
N107_Tensho_MOD,CSV/Card\Tensho_master.txt,@敗北_btl_e1,バトル,アルマエルマ,（当たらない）,射精0／ところてん系3／メスイキ系0,3806,67/68
N107_Tensho_MOD,CSV/Card\Tensho_master.txt,@敗北_btl_e2,バトル,エルベティエ,ところてん→メスイキ・メスの才能・体のメス化,射精0／ところてん系0／メスイキ系0,3804,74/75
N107_Tensho_MOD,CSV/Card\Tensho_master.txt,@敗北_btl_e3,バトル,ウンディーネ,メスの才能・体のメス化,射精0／ところてん系0／メスイキ系0,3873,70/71
N107_Tensho_MOD,CSV/Card\Tensho_master.txt,@敗北_btl_boss,バトル,グランベリア,メスの才能・体のメス化,射精0／ところてん系1／メスイキ系0,3863,77/78
N107_Tensho_MOD,CSV/Card\Tensho_master.txt,@敗北_onani_m1,オナニー,アリスフィーズ,メスの才能,射精0／ところてん系0／メスイキ系0,3849,67/68
N107_Tensho_MOD,CSV/Card\Tensho_master.txt,@敗北_onani_m2,オナニー,アリスフィーズ,メスの才能・体のメス化,射精0／ところてん系1／メスイキ系0,3780,66/67
N107_Tensho_MOD,CSV/Card\Tensho_master.txt,@敗北_onani_m3,オナニー,アリスフィーズ,メスの才能,射精0／ところてん系2／メスイキ系0,3780,66/67
N107_Tensho_MOD,CSV/Card\Tensho_master.txt,@敗北_onani_e1,オナニー,アルマエルマ,（当たらない）,射精0／ところてん系2／メスイキ系0,3865,66/67
N107_Tensho_MOD,CSV/Card\Tensho_master.txt,@敗北_onani_e2,オナニー,エルベティエ,ところてん→メスイキ・メスの才能・体のメス化,射精0／ところてん系1／メスイキ系0,4004,72/73
N107_Tensho_MOD,CSV/Card\Tensho_master.txt,@敗北_onani_e3,オナニー,ウンディーネ,メスの才能・体のメス化,射精0／ところてん系1／メスイキ系0,3810,67/68
N107_Tensho_MOD,CSV/Card\Tensho_master.txt,@敗北_onani_boss,オナニー,グランベリア,メスの才能・体のメス化,射精0／ところてん系1／メスイキ系0,3851,73/74
N107_Tensho_MOD,CSV/Card\Tensho_master.txt,@敗北_inochi_m1,命乞い,アリスフィーズ,メスの才能,射精0／ところてん系0／メスイキ系0,3857,64/66
N107_Tensho_MOD,CSV/Card\Tensho_master.txt,@敗北_inochi_m2,命乞い,アリスフィーズ,メスの才能,射精0／ところてん系0／メスイキ系0,3882,65/66
N107_Tensho_MOD,CSV/Card\Tensho_master.txt,@敗北_inochi_m3,命乞い,アリスフィーズ,メスの才能,射精0／ところてん系1／メスイキ系0,3831,66/67
N107_Tensho_MOD,CSV/Card\Tensho_master.txt,@敗北_inochi_e1,命乞い,アルマエルマ,（当たらない）,射精0／ところてん系1／メスイキ系0,3854,66/67
N107_Tensho_MOD,CSV/Card\Tensho_master.txt,@敗北_inochi_e2,命乞い,エルベティエ,ところてん→メスイキ・メスの才能・体のメス化,射精0／ところてん系0／メスイキ系0,3934,71/72
N107_Tensho_MOD,CSV/Card\Tensho_master.txt,@敗北_inochi_e3,命乞い,ウンディーネ,メスの才能・体のメス化,射精0／ところてん系0／メスイキ系0,3890,67/68
N107_Tensho_MOD,CSV/Card\Tensho_master.txt,@敗北_inochi_boss,命乞い,グランベリア,メスの才能・体のメス化,射精0／ところてん系0／メスイキ系0,3929,73/74
N107_Tensho_MOD,CSV/Card\Tensho_master.txt,@敗北_onedari_m1,おねだり,アリスフィーズ,メスの才能,射精0／ところてん系1／メスイキ系0,3988,67/68
N107_Tensho_MOD,CSV/Card\Tensho_master.txt,@敗北_onedari_m2,おねだり,アリスフィーズ,メスの才能,射精0／ところてん系0／メスイキ系0,3920,66/67
N107_Tensho_MOD,CSV/Card\Tensho_master.txt,@敗北_onedari_m3,おねだり,アリスフィーズ,メスの才能,射精0／ところてん系1／メスイキ系0,3872,67/68
N107_Tensho_MOD,CSV/Card\Tensho_master.txt,@敗北_onedari_e1,おねだり,アルマエルマ,メスの才能,射精0／ところてん系3／メスイキ系0,4004,65/66
N107_Tensho_MOD,CSV/Card\Tensho_master.txt,@敗北_onedari_e2,おねだり,エルベティエ,ところてん→メスイキ・メスの才能・体のメス化,射精0／ところてん系1／メスイキ系0,3957,67/68
N107_Tensho_MOD,CSV/Card\Tensho_master.txt,@敗北_onedari_e3,おねだり,ウンディーネ,メスの才能・体のメス化,射精0／ところてん系0／メスイキ系0,3984,65/66
N107_Tensho_MOD,CSV/Card\Tensho_master.txt,@敗北_onedari_boss,おねだり,グランベリア,メスの才能・体のメス化,射精0／ところてん系0／メスイキ系0,3855,70/71
N108_Queens_MOD,CSV/Card\Queens_master.txt,@敗北_btl_m1,バトル,クィーンヴァンパイア,メスの才能,射精0／ところてん系0／メスイキ系0,3833,70/71
N108_Queens_MOD,CSV/Card\Queens_master.txt,@敗北_btl_m2,バトル,クィーンヴァンパイア,メスの才能・体のメス化,射精0／ところてん系1／メスイキ系0,3978,71/72
N108_Queens_MOD,CSV/Card\Queens_master.txt,@敗北_btl_m3,バトル,クィーンヴァンパイア,メスの才能,射精0／ところてん系2／メスイキ系0,3969,71/72
N108_Queens_MOD,CSV/Card\Queens_master.txt,@敗北_btl_e1,バトル,クィーンハーピー,（当たらない）,射精0／ところてん系0／メスイキ系0,4058,69/70
N108_Queens_MOD,CSV/Card\Queens_master.txt,@敗北_btl_e2,バトル,クィーン・ビー,メスの才能・体のメス化,射精0／ところてん系1／メスイキ系0,3971,70/71
N108_Queens_MOD,CSV/Card\Queens_master.txt,@敗北_btl_e3,バトル,クィーンエルフ,ところてん→メスイキ・メスの才能,射精0／ところてん系1／メスイキ系0,4046,71/72
N108_Queens_MOD,CSV/Card\Queens_master.txt,@敗北_btl_boss,バトル,クィーンマーメイド,メスの才能,射精0／ところてん系0／メスイキ系0,4081,72/73
N108_Queens_MOD,CSV/Card\Queens_master.txt,@敗北_onani_m1,オナニー,クィーンヴァンパイア,メスの才能・体のメス化,射精0／ところてん系0／メスイキ系0,3830,70/71
N108_Queens_MOD,CSV/Card\Queens_master.txt,@敗北_onani_m2,オナニー,クィーンヴァンパイア,メスの才能・体のメス化,射精0／ところてん系0／メスイキ系0,3946,69/70
N108_Queens_MOD,CSV/Card\Queens_master.txt,@敗北_onani_m3,オナニー,クィーンヴァンパイア,メスの才能,射精0／ところてん系2／メスイキ系0,3961,71/72
N108_Queens_MOD,CSV/Card\Queens_master.txt,@敗北_onani_e1,オナニー,クィーンハーピー,（当たらない）,射精0／ところてん系1／メスイキ系0,4018,69/70
N108_Queens_MOD,CSV/Card\Queens_master.txt,@敗北_onani_e2,オナニー,クィーン・ビー,メスの才能・体のメス化,射精0／ところてん系2／メスイキ系0,4031,70/71
N108_Queens_MOD,CSV/Card\Queens_master.txt,@敗北_onani_e3,オナニー,クィーンエルフ,ところてん→メスイキ・メスの才能,射精0／ところてん系0／メスイキ系0,4119,72/73
N108_Queens_MOD,CSV/Card\Queens_master.txt,@敗北_onani_boss,オナニー,クィーンマーメイド,メスの才能,射精0／ところてん系0／メスイキ系0,4108,70/71
N108_Queens_MOD,CSV/Card\Queens_master.txt,@敗北_inochi_m1,命乞い,クィーンヴァンパイア,メスの才能,射精0／ところてん系0／メスイキ系0,3878,67/68
N108_Queens_MOD,CSV/Card\Queens_master.txt,@敗北_inochi_m2,命乞い,クィーンヴァンパイア,メスの才能,射精0／ところてん系1／メスイキ系0,3840,66/67
N108_Queens_MOD,CSV/Card\Queens_master.txt,@敗北_inochi_m3,命乞い,クィーンヴァンパイア,メスの才能,射精0／ところてん系0／メスイキ系0,3815,65/66
N108_Queens_MOD,CSV/Card\Queens_master.txt,@敗北_inochi_e1,命乞い,クィーンハーピー,メスの才能・体のメス化,射精0／ところてん系0／メスイキ系0,3908,65/66
N108_Queens_MOD,CSV/Card\Queens_master.txt,@敗北_inochi_e2,命乞い,クィーン・ビー,メスの才能・体のメス化,射精0／ところてん系5／メスイキ系0,3932,66/67
N108_Queens_MOD,CSV/Card\Queens_master.txt,@敗北_inochi_e3,命乞い,クィーンエルフ,ところてん→メスイキ・メスの才能,射精0／ところてん系1／メスイキ系0,3947,66/67
N108_Queens_MOD,CSV/Card\Queens_master.txt,@敗北_inochi_boss,命乞い,クィーンマーメイド,メスの才能,射精0／ところてん系0／メスイキ系0,3886,65/66
N108_Queens_MOD,CSV/Card\Queens_master.txt,@敗北_onedari_m1,おねだり,クィーンヴァンパイア,メスの才能・体のメス化,射精0／ところてん系1／メスイキ系0,3864,65/66
N108_Queens_MOD,CSV/Card\Queens_master.txt,@敗北_onedari_m2,おねだり,クィーンヴァンパイア,メスの才能,射精0／ところてん系2／メスイキ系0,3851,67/68
N108_Queens_MOD,CSV/Card\Queens_master.txt,@敗北_onedari_m3,おねだり,クィーンヴァンパイア,メスの才能,射精0／ところてん系1／メスイキ系0,3818,66/67
N108_Queens_MOD,CSV/Card\Queens_master.txt,@敗北_onedari_e1,おねだり,クィーンハーピー,メスの才能・体のメス化,射精0／ところてん系1／メスイキ系0,3923,66/67
N108_Queens_MOD,CSV/Card\Queens_master.txt,@敗北_onedari_e2,おねだり,クィーン・ビー,メスの才能・体のメス化,射精0／ところてん系1／メスイキ系0,3889,65/66
N108_Queens_MOD,CSV/Card\Queens_master.txt,@敗北_onedari_e3,おねだり,クィーンエルフ,ところてん→メスイキ・メスの才能,射精0／ところてん系2／メスイキ系0,3881,66/67
N108_Queens_MOD,CSV/Card\Queens_master.txt,@敗北_onedari_boss,おねだり,クィーンマーメイド,メスの才能,射精0／ところてん系0／メスイキ系0,3864,64/65
N109_Yamatai_MOD,CSV/Card\Yamatai_master.txt,@敗北_btl_m1,バトル,ヤマタノオロチ,メスの才能,射精0／ところてん系1／メスイキ系0,3775,64/65
N109_Yamatai_MOD,CSV/Card\Yamatai_master.txt,@敗北_btl_m2,バトル,ヤマタノオロチ,メスの才能・体のメス化,射精0／ところてん系1／メスイキ系0,4055,65/66
N109_Yamatai_MOD,CSV/Card\Yamatai_master.txt,@敗北_btl_m3,バトル,ヤマタノオロチ,メスの才能・体のメス化,射精0／ところてん系0／メスイキ系0,3942,64/65
N109_Yamatai_MOD,CSV/Card\Yamatai_master.txt,@敗北_btl_e1,バトル,雪女,メスの才能・体のメス化,射精0／ところてん系1／メスイキ系1,3924,69/70
N109_Yamatai_MOD,CSV/Card\Yamatai_master.txt,@敗北_btl_e2,バトル,くのいちエルフ,ところてん→メスイキ・メスの才能・体のメス化,射精0／ところてん系0／メスイキ系0,4004,69/70
N109_Yamatai_MOD,CSV/Card\Yamatai_master.txt,@敗北_btl_e3,バトル,濡れ女,メスの才能・体のメス化,射精0／ところてん系0／メスイキ系1,3985,67/68
N109_Yamatai_MOD,CSV/Card\Yamatai_master.txt,@敗北_btl_boss,バトル,蜘蛛之皇女,メスの才能・体のメス化,射精0／ところてん系1／メスイキ系0,4021,69/70
N109_Yamatai_MOD,CSV/Card\Yamatai_master.txt,@敗北_onani_m1,オナニー,ヤマタノオロチ,メスの才能,射精0／ところてん系1／メスイキ系0,4026,64/65
N109_Yamatai_MOD,CSV/Card\Yamatai_master.txt,@敗北_onani_m2,オナニー,ヤマタノオロチ,メスの才能・体のメス化,射精0／ところてん系1／メスイキ系0,4177,66/67
N109_Yamatai_MOD,CSV/Card\Yamatai_master.txt,@敗北_onani_m3,オナニー,ヤマタノオロチ,メスの才能・体のメス化,射精0／ところてん系2／メスイキ系0,4108,66/67
N109_Yamatai_MOD,CSV/Card\Yamatai_master.txt,@敗北_onani_e1,オナニー,雪女,メスの才能・体のメス化,射精0／ところてん系1／メスイキ系0,4076,71/72
N109_Yamatai_MOD,CSV/Card\Yamatai_master.txt,@敗北_onani_e2,オナニー,くのいちエルフ,ところてん→メスイキ・メスの才能,射精0／ところてん系0／メスイキ系0,3913,64/65
N109_Yamatai_MOD,CSV/Card\Yamatai_master.txt,@敗北_onani_e3,オナニー,濡れ女,メスの才能・体のメス化,射精0／ところてん系0／メスイキ系1,4038,63/64
N109_Yamatai_MOD,CSV/Card\Yamatai_master.txt,@敗北_onani_boss,オナニー,蜘蛛之皇女,メスの才能・体のメス化,射精0／ところてん系1／メスイキ系0,4039,66/67
N109_Yamatai_MOD,CSV/Card\Yamatai_master.txt,@敗北_inochi_m1,命乞い,ヤマタノオロチ,メスの才能・体のメス化,射精0／ところてん系1／メスイキ系0,3851,65/66
N109_Yamatai_MOD,CSV/Card\Yamatai_master.txt,@敗北_inochi_m2,命乞い,ヤマタノオロチ,メスの才能・体のメス化,射精0／ところてん系8／メスイキ系0,3783,62/63
N109_Yamatai_MOD,CSV/Card\Yamatai_master.txt,@敗北_inochi_m3,命乞い,ヤマタノオロチ,メスの才能・体のメス化,射精0／ところてん系0／メスイキ系0,3804,63/64
N109_Yamatai_MOD,CSV/Card\Yamatai_master.txt,@敗北_inochi_e1,命乞い,雪女,メスの才能,射精0／ところてん系0／メスイキ系0,3839,68/69
N109_Yamatai_MOD,CSV/Card\Yamatai_master.txt,@敗北_inochi_e2,命乞い,くのいちエルフ,メスの才能・体のメス化,射精0／ところてん系1／メスイキ系0,3805,62/63
N109_Yamatai_MOD,CSV/Card\Yamatai_master.txt,@敗北_inochi_e3,命乞い,濡れ女,メスの才能・体のメス化,射精0／ところてん系1／メスイキ系0,3840,60/61
N109_Yamatai_MOD,CSV/Card\Yamatai_master.txt,@敗北_inochi_boss,命乞い,蜘蛛之皇女,メスの才能・体のメス化,射精0／ところてん系1／メスイキ系0,3844,61/62
N109_Yamatai_MOD,CSV/Card\Yamatai_master.txt,@敗北_onedari_m1,おねだり,ヤマタノオロチ,メスの才能・体のメス化,射精0／ところてん系0／メスイキ系0,3795,61/62
N109_Yamatai_MOD,CSV/Card\Yamatai_master.txt,@敗北_onedari_m2,おねだり,ヤマタノオロチ,メスの才能・体のメス化,射精0／ところてん系0／メスイキ系0,3792,63/64
N109_Yamatai_MOD,CSV/Card\Yamatai_master.txt,@敗北_onedari_m3,おねだり,ヤマタノオロチ,メスの才能,射精0／ところてん系1／メスイキ系0,3892,63/64
N109_Yamatai_MOD,CSV/Card\Yamatai_master.txt,@敗北_onedari_e1,おねだり,雪女,メスの才能・体のメス化,射精0／ところてん系0／メスイキ系0,3861,67/68
N109_Yamatai_MOD,CSV/Card\Yamatai_master.txt,@敗北_onedari_e2,おねだり,くのいちエルフ,ところてん→メスイキ・メスの才能・体のメス化,射精0／ところてん系0／メスイキ系0,3842,64/65
N109_Yamatai_MOD,CSV/Card\Yamatai_master.txt,@敗北_onedari_e3,おねだり,濡れ女,メスの才能・体のメス化,射精0／ところてん系1／メスイキ系0,3904,59/60
N109_Yamatai_MOD,CSV/Card\Yamatai_master.txt,@敗北_onedari_boss,おねだり,蜘蛛之皇女,メスの才能,射精0／ところてん系0／メスイキ系0,3835,61/62
N110_Poseidon_MOD,CSV/Card\Poseidon_master.txt,@敗北_btl_m1,バトル,ポセイドネス,メスの才能・体のメス化,射精0／ところてん系0／メスイキ系0,3850,71/72
N110_Poseidon_MOD,CSV/Card\Poseidon_master.txt,@敗北_btl_m2,バトル,ポセイドネス,メスの才能・体のメス化,射精0／ところてん系0／メスイキ系0,3905,70/71
N110_Poseidon_MOD,CSV/Card\Poseidon_master.txt,@敗北_btl_m3,バトル,ポセイドネス,メスの才能・体のメス化・ぱふぱふ(匂いなし),射精0／ところてん系0／メスイキ系0,3859,70/71
N110_Poseidon_MOD,CSV/Card\Poseidon_master.txt,@敗北_btl_e1,バトル,メデューサ,ところてん→メスイキ・メスの才能・体のメス化,射精0／ところてん系1／メスイキ系0,3970,73/74
N110_Poseidon_MOD,CSV/Card\Poseidon_master.txt,@敗北_btl_e2,バトル,スキュラ,メスの才能・体のメス化,射精0／ところてん系0／メスイキ系0,3942,69/70
N110_Poseidon_MOD,CSV/Card\Poseidon_master.txt,@敗北_btl_e3,バトル,セイレーン,（当たらない）,射精0／ところてん系1／メスイキ系0,3933,73/74
N110_Poseidon_MOD,CSV/Card\Poseidon_master.txt,@敗北_btl_boss,バトル,リヴァイアサン,メスの才能・体のメス化,射精0／ところてん系0／メスイキ系0,3939,75/76
N110_Poseidon_MOD,CSV/Card\Poseidon_master.txt,@敗北_onani_m1,オナニー,ポセイドネス,メスの才能・体のメス化,射精0／ところてん系0／メスイキ系0,3878,70/71
N110_Poseidon_MOD,CSV/Card\Poseidon_master.txt,@敗北_onani_m2,オナニー,ポセイドネス,メスの才能・体のメス化,射精0／ところてん系0／メスイキ系0,3891,70/71
N110_Poseidon_MOD,CSV/Card\Poseidon_master.txt,@敗北_onani_m3,オナニー,ポセイドネス,メスの才能・体のメス化,射精0／ところてん系0／メスイキ系0,3868,66/67
N110_Poseidon_MOD,CSV/Card\Poseidon_master.txt,@敗北_onani_e1,オナニー,メデューサ,ところてん→メスイキ・メスの才能・体のメス化,射精0／ところてん系0／メスイキ系0,3872,70/71
N110_Poseidon_MOD,CSV/Card\Poseidon_master.txt,@敗北_onani_e2,オナニー,スキュラ,メスの才能・体のメス化,射精0／ところてん系0／メスイキ系0,3935,69/70
N110_Poseidon_MOD,CSV/Card\Poseidon_master.txt,@敗北_onani_e3,オナニー,セイレーン,（当たらない）,射精0／ところてん系1／メスイキ系0,3900,70/71
N110_Poseidon_MOD,CSV/Card\Poseidon_master.txt,@敗北_onani_boss,オナニー,リヴァイアサン,メスの才能・体のメス化,射精0／ところてん系0／メスイキ系0,3880,69/70
N110_Poseidon_MOD,CSV/Card\Poseidon_master.txt,@敗北_inochi_m1,命乞い,ポセイドネス,メスの才能・体のメス化,射精0／ところてん系1／メスイキ系0,3832,65/66
N110_Poseidon_MOD,CSV/Card\Poseidon_master.txt,@敗北_inochi_m2,命乞い,ポセイドネス,メスの才能・体のメス化,射精0／ところてん系0／メスイキ系0,3854,67/68
N110_Poseidon_MOD,CSV/Card\Poseidon_master.txt,@敗北_inochi_m3,命乞い,ポセイドネス,メスの才能・ぱふぱふ(匂いなし),射精0／ところてん系0／メスイキ系0,3844,65/66
N110_Poseidon_MOD,CSV/Card\Poseidon_master.txt,@敗北_inochi_e1,命乞い,メデューサ,ところてん→メスイキ・メスの才能・体のメス化,射精0／ところてん系1／メスイキ系0,3791,64/65
N110_Poseidon_MOD,CSV/Card\Poseidon_master.txt,@敗北_inochi_e2,命乞い,スキュラ,メスの才能・体のメス化,射精0／ところてん系0／メスイキ系0,3801,65/66
N110_Poseidon_MOD,CSV/Card\Poseidon_master.txt,@敗北_inochi_e3,命乞い,セイレーン,（当たらない）,射精0／ところてん系1／メスイキ系0,3816,67/68
N110_Poseidon_MOD,CSV/Card\Poseidon_master.txt,@敗北_inochi_boss,命乞い,リヴァイアサン,メスの才能・体のメス化,射精0／ところてん系1／メスイキ系0,3835,64/65
N110_Poseidon_MOD,CSV/Card\Poseidon_master.txt,@敗北_onedari_m1,おねだり,ポセイドネス,メスの才能・体のメス化・ぱふぱふ(匂いなし),射精0／ところてん系1／メスイキ系0,3843,66/67
N110_Poseidon_MOD,CSV/Card\Poseidon_master.txt,@敗北_onedari_m2,おねだり,ポセイドネス,メスの才能・体のメス化,射精0／ところてん系1／メスイキ系0,3812,65/66
N110_Poseidon_MOD,CSV/Card\Poseidon_master.txt,@敗北_onedari_m3,おねだり,ポセイドネス,メスの才能・体のメス化,射精0／ところてん系1／メスイキ系0,3782,65/66
N110_Poseidon_MOD,CSV/Card\Poseidon_master.txt,@敗北_onedari_e1,おねだり,メデューサ,ところてん→メスイキ・メスの才能・体のメス化,射精0／ところてん系1／メスイキ系0,3871,65/66
N110_Poseidon_MOD,CSV/Card\Poseidon_master.txt,@敗北_onedari_e2,おねだり,スキュラ,メスの才能・体のメス化,射精0／ところてん系0／メスイキ系0,3903,67/68
N110_Poseidon_MOD,CSV/Card\Poseidon_master.txt,@敗北_onedari_e3,おねだり,セイレーン,（当たらない）,射精0／ところてん系1／メスイキ系0,3794,67/68
N110_Poseidon_MOD,CSV/Card\Poseidon_master.txt,@敗北_onedari_boss,おねだり,リヴァイアサン,メスの才能・体のメス化,射精0／ところてん系1／メスイキ系0,3866,67/68
N111_Seraph_MOD,CSV/Card\Seraph_master.txt,@敗北_btl_m1,バトル,ミカエラ,メスの才能,射精2／ところてん系0／メスイキ系0,3906,74/75
N111_Seraph_MOD,CSV/Card\Seraph_master.txt,@敗北_btl_m2,バトル,ミカエラ,メスの才能,射精0／ところてん系0／メスイキ系0,3940,71/72
N111_Seraph_MOD,CSV/Card\Seraph_master.txt,@敗北_btl_m3,バトル,ミカエラ,メスの才能,射精2／ところてん系2／メスイキ系0,3878,68/69
N111_Seraph_MOD,CSV/Card\Seraph_master.txt,@敗北_btl_e1,バトル,ウリエラ,メスの才能・体のメス化,射精0／ところてん系1／メスイキ系0,3912,69/70
N111_Seraph_MOD,CSV/Card\Seraph_master.txt,@敗北_btl_e2,バトル,サリエラ,メスの才能,射精0／ところてん系0／メスイキ系0,3957,73/74
N111_Seraph_MOD,CSV/Card\Seraph_master.txt,@敗北_btl_e3,バトル,天使兵,メスの才能・体のメス化,射精0／ところてん系0／メスイキ系0,3867,70/71
N111_Seraph_MOD,CSV/Card\Seraph_master.txt,@敗北_btl_boss,バトル,ガブリエラ,ところてん→メスイキ・メスの才能・体のメス化,射精0／ところてん系0／メスイキ系0,3840,67/68
N111_Seraph_MOD,CSV/Card\Seraph_master.txt,@敗北_onani_m1,オナニー,ミカエラ,乳首では出さない(射精の語あり 要確認)・メスの才能・体のメス化,射精2／ところてん系1／メスイキ系0,4009,73/74
N111_Seraph_MOD,CSV/Card\Seraph_master.txt,@敗北_onani_m2,オナニー,ミカエラ,メスの才能,射精2／ところてん系2／メスイキ系0,3997,69/70
N111_Seraph_MOD,CSV/Card\Seraph_master.txt,@敗北_onani_m3,オナニー,ミカエラ,メスの才能,射精2／ところてん系1／メスイキ系0,4010,72/73
N111_Seraph_MOD,CSV/Card\Seraph_master.txt,@敗北_onani_e1,オナニー,ウリエラ,メスの才能・体のメス化,射精0／ところてん系0／メスイキ系0,3981,70/71
N111_Seraph_MOD,CSV/Card\Seraph_master.txt,@敗北_onani_e2,オナニー,サリエラ,メスの才能,射精0／ところてん系0／メスイキ系0,4143,76/77
N111_Seraph_MOD,CSV/Card\Seraph_master.txt,@敗北_onani_e3,オナニー,天使兵,メスの才能・体のメス化,射精0／ところてん系0／メスイキ系0,4236,73/74
N111_Seraph_MOD,CSV/Card\Seraph_master.txt,@敗北_onani_boss,オナニー,ガブリエラ,ところてん→メスイキ・メスの才能・体のメス化,射精0／ところてん系1／メスイキ系0,4210,72/73
N111_Seraph_MOD,CSV/Card\Seraph_master.txt,@敗北_inochi_m1,命乞い,ミカエラ,メスの才能,射精0／ところてん系2／メスイキ系0,3904,70/71
N111_Seraph_MOD,CSV/Card\Seraph_master.txt,@敗北_inochi_m2,命乞い,ミカエラ,メスの才能・体のメス化,射精0／ところてん系2／メスイキ系0,3919,64/65
N111_Seraph_MOD,CSV/Card\Seraph_master.txt,@敗北_inochi_m3,命乞い,ミカエラ,メスの才能,射精0／ところてん系1／メスイキ系0,3920,62/63
N111_Seraph_MOD,CSV/Card\Seraph_master.txt,@敗北_inochi_e1,命乞い,ウリエラ,メスの才能・体のメス化,射精0／ところてん系0／メスイキ系0,3890,63/64
N111_Seraph_MOD,CSV/Card\Seraph_master.txt,@敗北_inochi_e2,命乞い,サリエラ,メスの才能・体のメス化,射精0／ところてん系2／メスイキ系0,3926,65/66
N111_Seraph_MOD,CSV/Card\Seraph_master.txt,@敗北_inochi_e3,命乞い,天使兵,ところてん→メスイキ・メスの才能・体のメス化,射精0／ところてん系1／メスイキ系0,3829,64/65
N111_Seraph_MOD,CSV/Card\Seraph_master.txt,@敗北_inochi_boss,命乞い,ガブリエラ,ところてん→メスイキ・メスの才能・ぱふぱふ,射精0／ところてん系1／メスイキ系0,3931,62/63
N111_Seraph_MOD,CSV/Card\Seraph_master.txt,@敗北_onedari_m1,おねだり,ミカエラ,メスの才能・体のメス化,射精0／ところてん系3／メスイキ系0,3838,64/65
N111_Seraph_MOD,CSV/Card\Seraph_master.txt,@敗北_onedari_m2,おねだり,ミカエラ,メスの才能,射精0／ところてん系3／メスイキ系0,3931,65/66
N111_Seraph_MOD,CSV/Card\Seraph_master.txt,@敗北_onedari_m3,おねだり,ミカエラ,メスの才能,射精0／ところてん系0／メスイキ系0,3896,63/64
N111_Seraph_MOD,CSV/Card\Seraph_master.txt,@敗北_onedari_e1,おねだり,ウリエラ,メスの才能・体のメス化,射精0／ところてん系0／メスイキ系0,3792,61/62
N111_Seraph_MOD,CSV/Card\Seraph_master.txt,@敗北_onedari_e2,おねだり,サリエラ,メスの才能・体のメス化,射精0／ところてん系0／メスイキ系0,3880,65/66
N111_Seraph_MOD,CSV/Card\Seraph_master.txt,@敗北_onedari_e3,おねだり,天使兵,ところてん→メスイキ・メスの才能・体のメス化,射精0／ところてん系1／メスイキ系0,3864,61/62
N111_Seraph_MOD,CSV/Card\Seraph_master.txt,@敗北_onedari_boss,おねだり,ガブリエラ,ところてん→メスイキ・メスの才能・体のメス化,射精0／ところてん系0／メスイキ系0,3899,60/61
N112_Sphinx2_MOD,CSV/Card\Sphinx2_master.txt,@敗北_btl_m1,バトル,スフィンクス,メスの才能・体のメス化,射精0／ところてん系0／メスイキ系0,3809,68/69
N112_Sphinx2_MOD,CSV/Card\Sphinx2_master.txt,@敗北_btl_m2,バトル,スフィンクス,メスの才能・体のメス化,射精0／ところてん系1／メスイキ系0,4010,66/67
N112_Sphinx2_MOD,CSV/Card\Sphinx2_master.txt,@敗北_btl_m3,バトル,スフィンクス,メスの才能,射精0／ところてん系1／メスイキ系0,3963,69/70
N112_Sphinx2_MOD,CSV/Card\Sphinx2_master.txt,@敗北_btl_e1,バトル,コブラ娘,ところてん→メスイキ・メスの才能,射精0／ところてん系1／メスイキ系0,4011,68/69
N112_Sphinx2_MOD,CSV/Card\Sphinx2_master.txt,@敗北_btl_e2,バトル,サソリ娘,メスの才能・体のメス化,射精0／ところてん系0／メスイキ系0,3929,67/68
N112_Sphinx2_MOD,CSV/Card\Sphinx2_master.txt,@敗北_btl_e3,バトル,ミイラ娘,メスの才能・体のメス化,射精0／ところてん系0／メスイキ系0,3985,72/73
N112_Sphinx2_MOD,CSV/Card\Sphinx2_master.txt,@敗北_btl_boss,バトル,ネフェルラミアス,メスの才能・体のメス化,射精0／ところてん系1／メスイキ系0,4009,69/70
N112_Sphinx2_MOD,CSV/Card\Sphinx2_master.txt,@敗北_onani_m1,オナニー,スフィンクス,メスの才能・体のメス化,射精0／ところてん系1／メスイキ系0,3892,66/67
N112_Sphinx2_MOD,CSV/Card\Sphinx2_master.txt,@敗北_onani_m2,オナニー,スフィンクス,メスの才能・体のメス化,射精0／ところてん系0／メスイキ系0,3923,66/67
N112_Sphinx2_MOD,CSV/Card\Sphinx2_master.txt,@敗北_onani_m3,オナニー,スフィンクス,メスの才能,射精0／ところてん系0／メスイキ系0,3993,66/67
N112_Sphinx2_MOD,CSV/Card\Sphinx2_master.txt,@敗北_onani_e1,オナニー,コブラ娘,ところてん→メスイキ・メスの才能,射精0／ところてん系0／メスイキ系0,3869,66/67
N112_Sphinx2_MOD,CSV/Card\Sphinx2_master.txt,@敗北_onani_e2,オナニー,サソリ娘,メスの才能・体のメス化,射精0／ところてん系0／メスイキ系0,3843,65/66
N112_Sphinx2_MOD,CSV/Card\Sphinx2_master.txt,@敗北_onani_e3,オナニー,ミイラ娘,メスの才能・体のメス化,射精0／ところてん系1／メスイキ系0,3980,69/70
N112_Sphinx2_MOD,CSV/Card\Sphinx2_master.txt,@敗北_onani_boss,オナニー,ネフェルラミアス,メスの才能・体のメス化,射精0／ところてん系0／メスイキ系0,3899,67/68
N112_Sphinx2_MOD,CSV/Card\Sphinx2_master.txt,@敗北_inochi_m1,命乞い,スフィンクス,メスの才能・体のメス化,射精0／ところてん系1／メスイキ系0,3892,62/63
N112_Sphinx2_MOD,CSV/Card\Sphinx2_master.txt,@敗北_inochi_m2,命乞い,スフィンクス,メスの才能・体のメス化,射精0／ところてん系2／メスイキ系0,3817,60/61
N112_Sphinx2_MOD,CSV/Card\Sphinx2_master.txt,@敗北_inochi_m3,命乞い,スフィンクス,メスの才能,射精0／ところてん系0／メスイキ系0,3810,60/61
N112_Sphinx2_MOD,CSV/Card\Sphinx2_master.txt,@敗北_inochi_e1,命乞い,コブラ娘,ところてん→メスイキ・メスの才能・体のメス化,射精0／ところてん系1／メスイキ系0,3929,65/66
N112_Sphinx2_MOD,CSV/Card\Sphinx2_master.txt,@敗北_inochi_e2,命乞い,サソリ娘,メスの才能・体のメス化,射精0／ところてん系0／メスイキ系0,3847,61/63
N112_Sphinx2_MOD,CSV/Card\Sphinx2_master.txt,@敗北_inochi_e3,命乞い,ミイラ娘,メスの才能・体のメス化,射精0／ところてん系1／メスイキ系0,3812,64/65
N112_Sphinx2_MOD,CSV/Card\Sphinx2_master.txt,@敗北_inochi_boss,命乞い,ネフェルラミアス,メスの才能・体のメス化,射精0／ところてん系1／メスイキ系0,3848,61/62
N112_Sphinx2_MOD,CSV/Card\Sphinx2_master.txt,@敗北_onedari_m1,おねだり,スフィンクス,メスの才能・体のメス化,射精0／ところてん系1／メスイキ系0,3859,62/63
N112_Sphinx2_MOD,CSV/Card\Sphinx2_master.txt,@敗北_onedari_m2,おねだり,スフィンクス,メスの才能・体のメス化,射精0／ところてん系0／メスイキ系0,3789,61/62
N112_Sphinx2_MOD,CSV/Card\Sphinx2_master.txt,@敗北_onedari_m3,おねだり,スフィンクス,メスの才能・体のメス化,射精0／ところてん系0／メスイキ系0,3779,62/63
N112_Sphinx2_MOD,CSV/Card\Sphinx2_master.txt,@敗北_onedari_e1,おねだり,コブラ娘,ところてん→メスイキ・メスの才能・体のメス化,射精0／ところてん系2／メスイキ系0,3877,64/65
N112_Sphinx2_MOD,CSV/Card\Sphinx2_master.txt,@敗北_onedari_e2,おねだり,サソリ娘,メスの才能・体のメス化,射精0／ところてん系0／メスイキ系0,3768,60/61
N112_Sphinx2_MOD,CSV/Card\Sphinx2_master.txt,@敗北_onedari_e3,おねだり,ミイラ娘,メスの才能・体のメス化,射精0／ところてん系2／メスイキ系0,3803,64/66
N112_Sphinx2_MOD,CSV/Card\Sphinx2_master.txt,@敗北_onedari_boss,おねだり,ネフェルラミアス,メスの才能・体のメス化,射精0／ところてん系0／メスイキ系0,3822,65/66
N113_Ranch2_MOD,CSV/Card\Ranch2_master.txt,@敗北_btl_m1,バトル,レジーナ,メスの才能,射精0／ところてん系0／メスイキ系0,3869,68/69
N113_Ranch2_MOD,CSV/Card\Ranch2_master.txt,@敗北_btl_m2,バトル,レジーナ,メスの才能・体のメス化,射精0／ところてん系0／メスイキ系0,4002,71/72
N113_Ranch2_MOD,CSV/Card\Ranch2_master.txt,@敗北_btl_m3,バトル,レジーナ,ところてん→メスイキ・メスの才能・体のメス化・逆アナルの射精,射精0／ところてん系1／メスイキ系0,3958,71/72
N113_Ranch2_MOD,CSV/Card\Ranch2_master.txt,@敗北_btl_e1,バトル,ユダ,メスの才能,射精0／ところてん系0／メスイキ系0,3956,68/69
N113_Ranch2_MOD,CSV/Card\Ranch2_master.txt,@敗北_btl_e2,バトル,警備淫A,ところてん→メスイキ・メスの才能,射精0／ところてん系0／メスイキ系0,3897,70/71
N113_Ranch2_MOD,CSV/Card\Ranch2_master.txt,@敗北_btl_e3,バトル,警備淫B,メスの才能・体のメス化・ぱふぱふ,射精0／ところてん系0／メスイキ系0,4061,74/75
N113_Ranch2_MOD,CSV/Card\Ranch2_master.txt,@敗北_btl_boss,バトル,ラバクネ,メスの才能・体のメス化,射精0／ところてん系0／メスイキ系0,4014,72/73
N113_Ranch2_MOD,CSV/Card\Ranch2_master.txt,@敗北_onani_m1,オナニー,レジーナ,メスの才能・体のメス化,射精0／ところてん系0／メスイキ系0,3889,72/73
N113_Ranch2_MOD,CSV/Card\Ranch2_master.txt,@敗北_onani_m2,オナニー,レジーナ,メスの才能・体のメス化,射精0／ところてん系4／メスイキ系1,3943,71/72
N113_Ranch2_MOD,CSV/Card\Ranch2_master.txt,@敗北_onani_m3,オナニー,レジーナ,ところてん→メスイキ・メスの才能・体のメス化・逆アナルの射精,射精0／ところてん系1／メスイキ系0,3892,72/73
N113_Ranch2_MOD,CSV/Card\Ranch2_master.txt,@敗北_onani_e1,オナニー,ユダ,メスの才能,射精0／ところてん系2／メスイキ系0,3815,70/72
N113_Ranch2_MOD,CSV/Card\Ranch2_master.txt,@敗北_onani_e2,オナニー,警備淫A,ところてん→メスイキ・メスの才能,射精0／ところてん系0／メスイキ系0,3912,67/69
N113_Ranch2_MOD,CSV/Card\Ranch2_master.txt,@敗北_onani_e3,オナニー,警備淫B,（当たらない）,射精0／ところてん系0／メスイキ系0,3835,69/70
N113_Ranch2_MOD,CSV/Card\Ranch2_master.txt,@敗北_onani_boss,オナニー,ラバクネ,メスの才能・体のメス化,射精0／ところてん系1／メスイキ系0,3898,75/76
N113_Ranch2_MOD,CSV/Card\Ranch2_master.txt,@敗北_inochi_m1,命乞い,レジーナ,メスの才能,射精0／ところてん系2／メスイキ系0,4033,67/68
N113_Ranch2_MOD,CSV/Card\Ranch2_master.txt,@敗北_inochi_m2,命乞い,レジーナ,メスの才能・体のメス化,射精0／ところてん系1／メスイキ系0,3902,67/68
N113_Ranch2_MOD,CSV/Card\Ranch2_master.txt,@敗北_inochi_m3,命乞い,レジーナ,メスの才能,射精0／ところてん系2／メスイキ系0,4086,69/70
N113_Ranch2_MOD,CSV/Card\Ranch2_master.txt,@敗北_inochi_e1,命乞い,ユダ,メスの才能,射精0／ところてん系0／メスイキ系0,3974,73/74
N113_Ranch2_MOD,CSV/Card\Ranch2_master.txt,@敗北_inochi_e2,命乞い,警備淫A,ところてん→メスイキ・メスの才能・体のメス化,射精0／ところてん系0／メスイキ系0,4032,68/69
N113_Ranch2_MOD,CSV/Card\Ranch2_master.txt,@敗北_inochi_e3,命乞い,警備淫B,メスの才能・体のメス化,射精0／ところてん系0／メスイキ系0,3989,68/69
N113_Ranch2_MOD,CSV/Card\Ranch2_master.txt,@敗北_inochi_boss,命乞い,ラバクネ,メスの才能・体のメス化,射精0／ところてん系0／メスイキ系0,4106,73/74
N113_Ranch2_MOD,CSV/Card\Ranch2_master.txt,@敗北_onedari_m1,おねだり,レジーナ,メスの才能・体のメス化,射精0／ところてん系0／メスイキ系0,4000,69/71
N113_Ranch2_MOD,CSV/Card\Ranch2_master.txt,@敗北_onedari_m2,おねだり,レジーナ,メスの才能・体のメス化,射精0／ところてん系2／メスイキ系0,4046,69/70
N113_Ranch2_MOD,CSV/Card\Ranch2_master.txt,@敗北_onedari_m3,おねだり,レジーナ,メスの才能・体のメス化,射精0／ところてん系0／メスイキ系0,4138,70/71
N113_Ranch2_MOD,CSV/Card\Ranch2_master.txt,@敗北_onedari_e1,おねだり,ユダ,メスの才能,射精0／ところてん系0／メスイキ系0,3975,70/72
N113_Ranch2_MOD,CSV/Card\Ranch2_master.txt,@敗北_onedari_e2,おねだり,警備淫A,ところてん→メスイキ・メスの才能,射精0／ところてん系1／メスイキ系0,4061,69/70
N113_Ranch2_MOD,CSV/Card\Ranch2_master.txt,@敗北_onedari_e3,おねだり,警備淫B,メスの才能・体のメス化,射精0／ところてん系0／メスイキ系0,4069,68/69
N113_Ranch2_MOD,CSV/Card\Ranch2_master.txt,@敗北_onedari_boss,おねだり,ラバクネ,メスの才能・体のメス化,射精0／ところてん系0／メスイキ系0,4006,71/72
N114_PandoraFarm_MOD,CSV/Card\PandoraFarm_master.txt,@敗北_btl_m1,バトル,パンドラ＝ナハト,メスの才能・体のメス化,射精0／ところてん系0／メスイキ系0,3798,78/79
N114_PandoraFarm_MOD,CSV/Card\PandoraFarm_master.txt,@敗北_btl_m2,バトル,パンドラ＝ナハト,メスの才能・体のメス化,射精0／ところてん系0／メスイキ系0,3897,80/81
N114_PandoraFarm_MOD,CSV/Card\PandoraFarm_master.txt,@敗北_btl_m3,バトル,パンドラ＝ナハト,メスの才能・体のメス化,射精0／ところてん系1／メスイキ系0,3982,82/83
N114_PandoraFarm_MOD,CSV/Card\PandoraFarm_master.txt,@敗北_btl_e1,バトル,従業淫B,メスの才能・体のメス化,射精0／ところてん系0／メスイキ系0,3878,76/77
N114_PandoraFarm_MOD,CSV/Card\PandoraFarm_master.txt,@敗北_btl_e2,バトル,従業淫A,メスの才能・体のメス化,射精0／ところてん系1／メスイキ系0,3917,75/76
N114_PandoraFarm_MOD,CSV/Card\PandoraFarm_master.txt,@敗北_btl_e3,バトル,応援警備淫,ところてん→メスイキ・メスの才能・体のメス化,射精0／ところてん系0／メスイキ系0,4005,86/87
N114_PandoraFarm_MOD,CSV/Card\PandoraFarm_master.txt,@敗北_btl_boss,バトル,イゼヴェル,メスの才能・体のメス化,射精0／ところてん系0／メスイキ系0,4034,81/82
N114_PandoraFarm_MOD,CSV/Card\PandoraFarm_master.txt,@敗北_onani_m1,オナニー,パンドラ＝ナハト,メスの才能,射精0／ところてん系0／メスイキ系0,3961,78/79
N114_PandoraFarm_MOD,CSV/Card\PandoraFarm_master.txt,@敗北_onani_m2,オナニー,パンドラ＝ナハト,メスの才能・体のメス化,射精0／ところてん系0／メスイキ系0,3978,80/81
N114_PandoraFarm_MOD,CSV/Card\PandoraFarm_master.txt,@敗北_onani_m3,オナニー,パンドラ＝ナハト,メスの才能,射精0／ところてん系0／メスイキ系0,4001,78/79
N114_PandoraFarm_MOD,CSV/Card\PandoraFarm_master.txt,@敗北_onani_e1,オナニー,従業淫B,メスの才能・体のメス化,射精0／ところてん系0／メスイキ系0,3901,77/78
N114_PandoraFarm_MOD,CSV/Card\PandoraFarm_master.txt,@敗北_onani_e2,オナニー,従業淫A,メスの才能・体のメス化,射精0／ところてん系0／メスイキ系0,4004,77/78
N114_PandoraFarm_MOD,CSV/Card\PandoraFarm_master.txt,@敗北_onani_e3,オナニー,応援警備淫,ところてん→メスイキ・メスの才能・体のメス化,射精0／ところてん系0／メスイキ系0,3995,84/85
N114_PandoraFarm_MOD,CSV/Card\PandoraFarm_master.txt,@敗北_onani_boss,オナニー,イゼヴェル,メスの才能・体のメス化,射精0／ところてん系1／メスイキ系0,3944,77/78
N114_PandoraFarm_MOD,CSV/Card\PandoraFarm_master.txt,@敗北_inochi_m1,命乞い,パンドラ＝ナハト,メスの才能・体のメス化,射精0／ところてん系0／メスイキ系0,3955,71/72
N114_PandoraFarm_MOD,CSV/Card\PandoraFarm_master.txt,@敗北_inochi_m2,命乞い,パンドラ＝ナハト,メスの才能・体のメス化,射精0／ところてん系1／メスイキ系0,3809,67/68
N114_PandoraFarm_MOD,CSV/Card\PandoraFarm_master.txt,@敗北_inochi_m3,命乞い,パンドラ＝ナハト,メスの才能・体のメス化,射精0／ところてん系3／メスイキ系0,3890,67/68
N114_PandoraFarm_MOD,CSV/Card\PandoraFarm_master.txt,@敗北_inochi_e1,命乞い,従業淫B,メスの才能・体のメス化,射精0／ところてん系0／メスイキ系0,3832,64/65
N114_PandoraFarm_MOD,CSV/Card\PandoraFarm_master.txt,@敗北_inochi_e2,命乞い,従業淫A,乳首では出さない(射精の語あり 要確認)・メスの才能・体のメス化,射精1／ところてん系1／メスイキ系0,3830,63/64
N114_PandoraFarm_MOD,CSV/Card\PandoraFarm_master.txt,@敗北_inochi_e3,命乞い,応援警備淫,ところてん→メスイキ・メスの才能,射精3／ところてん系2／メスイキ系0,4026,77/78
N114_PandoraFarm_MOD,CSV/Card\PandoraFarm_master.txt,@敗北_inochi_boss,命乞い,イゼヴェル,乳首では出さない(射精の語あり 要確認)・メスの才能・体のメス化,射精2／ところてん系1／メスイキ系0,3875,70/71
N114_PandoraFarm_MOD,CSV/Card\PandoraFarm_master.txt,@敗北_onedari_m1,おねだり,パンドラ＝ナハト,メスの才能,射精0／ところてん系1／メスイキ系0,3844,65/66
N114_PandoraFarm_MOD,CSV/Card\PandoraFarm_master.txt,@敗北_onedari_m2,おねだり,パンドラ＝ナハト,メスの才能・体のメス化,射精0／ところてん系1／メスイキ系0,3850,67/68
N114_PandoraFarm_MOD,CSV/Card\PandoraFarm_master.txt,@敗北_onedari_m3,おねだり,パンドラ＝ナハト,メスの才能,射精0／ところてん系0／メスイキ系0,3836,66/67
N114_PandoraFarm_MOD,CSV/Card\PandoraFarm_master.txt,@敗北_onedari_e1,おねだり,従業淫B,メスの才能・体のメス化,射精0／ところてん系0／メスイキ系0,3910,65/66
N114_PandoraFarm_MOD,CSV/Card\PandoraFarm_master.txt,@敗北_onedari_e2,おねだり,従業淫A,乳首では出さない(射精の語あり 要確認)・メスの才能・体のメス化,射精2／ところてん系0／メスイキ系0,3857,61/62
N114_PandoraFarm_MOD,CSV/Card\PandoraFarm_master.txt,@敗北_onedari_e3,おねだり,応援警備淫,ところてん→メスイキ・メスの才能・体のメス化,射精3／ところてん系2／メスイキ系0,3798,69/70
N114_PandoraFarm_MOD,CSV/Card\PandoraFarm_master.txt,@敗北_onedari_boss,おねだり,イゼヴェル,乳首では出さない(射精の語あり 要確認)・メスの才能・体のメス化,射精2／ところてん系2／メスイキ系0,3793,68/69
N115_Hakai_MOD,CSV/Card\Hakai_master.txt,@敗北_btl_m1,バトル,オメガ・デス,メスの才能,射精0／ところてん系1／メスイキ系0,3830,67/68
N115_Hakai_MOD,CSV/Card\Hakai_master.txt,@敗北_btl_m2,バトル,オメガ・デス,メスの才能,射精0／ところてん系0／メスイキ系0,3817,68/69
N115_Hakai_MOD,CSV/Card\Hakai_master.txt,@敗北_btl_m3,バトル,オメガ・デス,メスの才能,射精0／ところてん系1／メスイキ系0,3778,68/69
N115_Hakai_MOD,CSV/Card\Hakai_master.txt,@敗北_btl_e1,バトル,エノラマ・レイ,メスの才能・体のメス化・ぱふぱふ,射精0／ところてん系0／メスイキ系0,3856,68/69
N115_Hakai_MOD,CSV/Card\Hakai_master.txt,@敗北_btl_e2,バトル,アカズキン,（当たらない）,射精0／ところてん系1／メスイキ系0,3734,66/67
N115_Hakai_MOD,CSV/Card\Hakai_master.txt,@敗北_btl_e3,バトル,マッチ売りの熟女,メスの才能・体のメス化,射精0／ところてん系1／メスイキ系0,3888,67/68
N115_Hakai_MOD,CSV/Card\Hakai_master.txt,@敗北_btl_boss,バトル,メタ・リメイク,メスの才能・体のメス化,射精0／ところてん系1／メスイキ系0,3866,72/73
N115_Hakai_MOD,CSV/Card\Hakai_master.txt,@敗北_onani_m1,オナニー,オメガ・デス,メスの才能,射精0／ところてん系1／メスイキ系0,3892,68/69
N115_Hakai_MOD,CSV/Card\Hakai_master.txt,@敗北_onani_m2,オナニー,オメガ・デス,メスの才能,射精0／ところてん系0／メスイキ系0,3873,67/68
N115_Hakai_MOD,CSV/Card\Hakai_master.txt,@敗北_onani_m3,オナニー,オメガ・デス,メスの才能,射精0／ところてん系3／メスイキ系0,3874,67/68
N115_Hakai_MOD,CSV/Card\Hakai_master.txt,@敗北_onani_e1,オナニー,エノラマ・レイ,メスの才能・体のメス化・ぱふぱふ,射精0／ところてん系0／メスイキ系0,3910,64/65
N115_Hakai_MOD,CSV/Card\Hakai_master.txt,@敗北_onani_e2,オナニー,アカズキン,メスの才能・体のメス化,射精0／ところてん系1／メスイキ系0,3875,65/66
N115_Hakai_MOD,CSV/Card\Hakai_master.txt,@敗北_onani_e3,オナニー,マッチ売りの熟女,メスの才能・体のメス化,射精0／ところてん系0／メスイキ系0,3888,65/66
N115_Hakai_MOD,CSV/Card\Hakai_master.txt,@敗北_onani_boss,オナニー,メタ・リメイク,メスの才能・体のメス化,射精0／ところてん系1／メスイキ系0,3884,67/68
N115_Hakai_MOD,CSV/Card\Hakai_master.txt,@敗北_inochi_m1,命乞い,オメガ・デス,メスの才能,射精0／ところてん系0／メスイキ系0,3827,70/71
N115_Hakai_MOD,CSV/Card\Hakai_master.txt,@敗北_inochi_m2,命乞い,オメガ・デス,メスの才能,射精0／ところてん系0／メスイキ系0,3937,64/65
N115_Hakai_MOD,CSV/Card\Hakai_master.txt,@敗北_inochi_m3,命乞い,オメガ・デス,メスの才能,射精0／ところてん系0／メスイキ系0,4013,67/68
N115_Hakai_MOD,CSV/Card\Hakai_master.txt,@敗北_inochi_e1,命乞い,エノラマ・レイ,メスの才能・ぱふぱふ,射精0／ところてん系0／メスイキ系0,4053,65/66
N115_Hakai_MOD,CSV/Card\Hakai_master.txt,@敗北_inochi_e2,命乞い,アカズキン,メスの才能,射精0／ところてん系1／メスイキ系0,4067,62/63
N115_Hakai_MOD,CSV/Card\Hakai_master.txt,@敗北_inochi_e3,命乞い,マッチ売りの熟女,メスの才能,射精0／ところてん系1／メスイキ系0,4070,63/64
N115_Hakai_MOD,CSV/Card\Hakai_master.txt,@敗北_inochi_boss,命乞い,メタ・リメイク,メスの才能,射精0／ところてん系1／メスイキ系0,4025,64/65
N115_Hakai_MOD,CSV/Card\Hakai_master.txt,@敗北_onedari_m1,おねだり,オメガ・デス,メスの才能,射精0／ところてん系0／メスイキ系0,3900,71/72
N115_Hakai_MOD,CSV/Card\Hakai_master.txt,@敗北_onedari_m2,おねだり,オメガ・デス,メスの才能,射精0／ところてん系0／メスイキ系0,3926,64/65
N115_Hakai_MOD,CSV/Card\Hakai_master.txt,@敗北_onedari_m3,おねだり,オメガ・デス,メスの才能,射精0／ところてん系2／メスイキ系0,3942,61/62
N115_Hakai_MOD,CSV/Card\Hakai_master.txt,@敗北_onedari_e1,おねだり,エノラマ・レイ,メスの才能・体のメス化・ぱふぱふ,射精0／ところてん系1／メスイキ系0,4083,64/65
N115_Hakai_MOD,CSV/Card\Hakai_master.txt,@敗北_onedari_e2,おねだり,アカズキン,メスの才能,射精0／ところてん系0／メスイキ系0,3997,64/65
N115_Hakai_MOD,CSV/Card\Hakai_master.txt,@敗北_onedari_e3,おねだり,マッチ売りの熟女,メスの才能・体のメス化,射精0／ところてん系1／メスイキ系0,4053,63/64
N115_Hakai_MOD,CSV/Card\Hakai_master.txt,@敗北_onedari_boss,おねだり,メタ・リメイク,メスの才能・体のメス化,射精0／ところてん系1／メスイキ系0,4077,65/66
N116_Sosei_MOD,CSV/Card\Sosei_master.txt,@敗北_btl_m1,バトル,ドラゴンハーロット,メスの才能・体のメス化,射精0／ところてん系1／メスイキ系0,3897,70/71
N116_Sosei_MOD,CSV/Card\Sosei_master.txt,@敗北_btl_m2,バトル,ドラゴンハーロット,メスの才能・体のメス化,射精0／ところてん系0／メスイキ系0,3901,70/71
N116_Sosei_MOD,CSV/Card\Sosei_master.txt,@敗北_btl_m3,バトル,ドラゴンハーロット,メスの才能,射精0／ところてん系1／メスイキ系0,3895,69/70
N116_Sosei_MOD,CSV/Card\Sosei_master.txt,@敗北_btl_e1,バトル,セメト,ところてん→メスイキ・乳首では出さない(射精の語あり 要確認)・メスの才能・体のメス化,射精4／ところてん系0／メスイキ系0,3929,69/70
N116_Sosei_MOD,CSV/Card\Sosei_master.txt,@敗北_btl_e2,バトル,ゴグマゴグ,メスの才能,射精0／ところてん系0／メスイキ系0,3960,68/69
N116_Sosei_MOD,CSV/Card\Sosei_master.txt,@敗北_btl_e3,バトル,ラバーズ・ラヴァー,メスの才能・体のメス化,射精0／ところてん系0／メスイキ系0,3913,67/69
N116_Sosei_MOD,CSV/Card\Sosei_master.txt,@敗北_btl_boss,バトル,イルミナ,メスの才能,射精0／ところてん系1／メスイキ系0,3915,67/68
N116_Sosei_MOD,CSV/Card\Sosei_master.txt,@敗北_onani_m1,オナニー,ドラゴンハーロット,メスの才能,射精0／ところてん系1／メスイキ系0,3922,70/71
N116_Sosei_MOD,CSV/Card\Sosei_master.txt,@敗北_onani_m2,オナニー,ドラゴンハーロット,メスの才能・体のメス化,射精0／ところてん系1／メスイキ系0,3803,69/70
N116_Sosei_MOD,CSV/Card\Sosei_master.txt,@敗北_onani_m3,オナニー,ドラゴンハーロット,メスの才能,射精0／ところてん系3／メスイキ系0,3967,70/71
N116_Sosei_MOD,CSV/Card\Sosei_master.txt,@敗北_onani_e1,オナニー,セメト,ところてん→メスイキ・乳首では出さない(射精の語あり 要確認)・メスの才能・体のメス化,射精4／ところてん系0／メスイキ系0,3916,70/71
N116_Sosei_MOD,CSV/Card\Sosei_master.txt,@敗北_onani_e2,オナニー,ゴグマゴグ,メスの才能,射精0／ところてん系1／メスイキ系0,3873,68/69
N116_Sosei_MOD,CSV/Card\Sosei_master.txt,@敗北_onani_e3,オナニー,ラバーズ・ラヴァー,メスの才能・体のメス化,射精0／ところてん系0／メスイキ系0,3979,68/69
N116_Sosei_MOD,CSV/Card\Sosei_master.txt,@敗北_onani_boss,オナニー,イルミナ,メスの才能,射精0／ところてん系0／メスイキ系0,4021,68/69
N116_Sosei_MOD,CSV/Card\Sosei_master.txt,@敗北_inochi_m1,命乞い,ドラゴンハーロット,メスの才能・体のメス化・ぱふぱふ(匂いなし),射精0／ところてん系1／メスイキ系0,3800,68/69
N116_Sosei_MOD,CSV/Card\Sosei_master.txt,@敗北_inochi_m2,命乞い,ドラゴンハーロット,メスの才能・ぱふぱふ,射精0／ところてん系1／メスイキ系0,3803,70/71
N116_Sosei_MOD,CSV/Card\Sosei_master.txt,@敗北_inochi_m3,命乞い,ドラゴンハーロット,メスの才能,射精0／ところてん系0／メスイキ系0,3884,68/69
N116_Sosei_MOD,CSV/Card\Sosei_master.txt,@敗北_inochi_e1,命乞い,セメト,ところてん→メスイキ・乳首では出さない(射精の語あり 要確認)・メスの才能・体のメス化,射精2／ところてん系1／メスイキ系0,3854,66/67
N116_Sosei_MOD,CSV/Card\Sosei_master.txt,@敗北_inochi_e2,命乞い,ゴグマゴグ,メスの才能,射精0／ところてん系0／メスイキ系0,3917,69/70
N116_Sosei_MOD,CSV/Card\Sosei_master.txt,@敗北_inochi_e3,命乞い,ラバーズ・ラヴァー,メスの才能・体のメス化,射精0／ところてん系1／メスイキ系0,3910,64/65
N116_Sosei_MOD,CSV/Card\Sosei_master.txt,@敗北_inochi_boss,命乞い,イルミナ,メスの才能・体のメス化,射精0／ところてん系2／メスイキ系0,3855,64/65
N116_Sosei_MOD,CSV/Card\Sosei_master.txt,@敗北_onedari_m1,おねだり,ドラゴンハーロット,メスの才能・体のメス化,射精0／ところてん系2／メスイキ系0,3840,69/70
N116_Sosei_MOD,CSV/Card\Sosei_master.txt,@敗北_onedari_m2,おねだり,ドラゴンハーロット,メスの才能・体のメス化,射精0／ところてん系1／メスイキ系0,3807,71/72
N116_Sosei_MOD,CSV/Card\Sosei_master.txt,@敗北_onedari_m3,おねだり,ドラゴンハーロット,メスの才能,射精0／ところてん系1／メスイキ系0,3857,69/70
N116_Sosei_MOD,CSV/Card\Sosei_master.txt,@敗北_onedari_e1,おねだり,セメト,ところてん→メスイキ・乳首では出さない(射精の語あり 要確認)・メスの才能・体のメス化,射精2／ところてん系1／メスイキ系0,3748,67/68
N116_Sosei_MOD,CSV/Card\Sosei_master.txt,@敗北_onedari_e2,おねだり,ゴグマゴグ,メスの才能,射精0／ところてん系0／メスイキ系0,3828,66/67
N116_Sosei_MOD,CSV/Card\Sosei_master.txt,@敗北_onedari_e3,おねだり,ラバーズ・ラヴァー,メスの才能・体のメス化,射精0／ところてん系0／メスイキ系0,3886,67/68
N116_Sosei_MOD,CSV/Card\Sosei_master.txt,@敗北_onedari_boss,おねだり,イルミナ,メスの才能・体のメス化,射精0／ところてん系1／メスイキ系0,3835,64/65
N117_Konton_MOD,CSV/Card\Konton_master.txt,@敗北_btl_m1,バトル,カーテンコール,メスの才能・体のメス化,射精0／ところてん系0／メスイキ系0,3877,65/66
N117_Konton_MOD,CSV/Card\Konton_master.txt,@敗北_btl_m2,バトル,カーテンコール,メスの才能・体のメス化,射精0／ところてん系0／メスイキ系0,3809,62/63
N117_Konton_MOD,CSV/Card\Konton_master.txt,@敗北_btl_m3,バトル,カーテンコール,メスの才能・体のメス化,射精0／ところてん系0／メスイキ系0,3841,62/63
N117_Konton_MOD,CSV/Card\Konton_master.txt,@敗北_btl_e1,バトル,テオマッハ,メスの才能・体のメス化,射精0／ところてん系1／メスイキ系0,3841,64/65
N117_Konton_MOD,CSV/Card\Konton_master.txt,@敗北_btl_e2,バトル,タワンホートナチャ,メスの才能・体のメス化・ぱふぱふ,射精0／ところてん系0／メスイキ系0,3805,62/63
N117_Konton_MOD,CSV/Card\Konton_master.txt,@敗北_btl_e3,バトル,アイドル候補生A,メスの才能・体のメス化,射精0／ところてん系0／メスイキ系0,3826,64/65
N117_Konton_MOD,CSV/Card\Konton_master.txt,@敗北_btl_boss,バトル,エピアクロス,ところてん→メスイキ・乳首では出さない(射精の語あり 要確認)・メスの才能・体のメス化,射精7／ところてん系0／メスイキ系0,3827,67/68
N117_Konton_MOD,CSV/Card\Konton_master.txt,@敗北_onani_m1,オナニー,カーテンコール,メスの才能・体のメス化,射精0／ところてん系0／メスイキ系0,3896,65/66
N117_Konton_MOD,CSV/Card\Konton_master.txt,@敗北_onani_m2,オナニー,カーテンコール,メスの才能・体のメス化,射精0／ところてん系1／メスイキ系0,3834,62/63
N117_Konton_MOD,CSV/Card\Konton_master.txt,@敗北_onani_m3,オナニー,カーテンコール,メスの才能・体のメス化,射精0／ところてん系0／メスイキ系0,3898,64/65
N117_Konton_MOD,CSV/Card\Konton_master.txt,@敗北_onani_e1,オナニー,テオマッハ,メスの才能・体のメス化,射精0／ところてん系2／メスイキ系0,3832,64/65
N117_Konton_MOD,CSV/Card\Konton_master.txt,@敗北_onani_e2,オナニー,タワンホートナチャ,メスの才能・体のメス化,射精0／ところてん系0／メスイキ系0,3845,64/65
N117_Konton_MOD,CSV/Card\Konton_master.txt,@敗北_onani_e3,オナニー,アイドル候補生A,メスの才能・体のメス化,射精0／ところてん系1／メスイキ系0,3843,66/67
N117_Konton_MOD,CSV/Card\Konton_master.txt,@敗北_onani_boss,オナニー,エピアクロス,ところてん→メスイキ・メスの才能,射精7／ところてん系0／メスイキ系0,3844,67/68
N117_Konton_MOD,CSV/Card\Konton_master.txt,@敗北_inochi_m1,命乞い,カーテンコール,メスの才能・体のメス化,射精0／ところてん系1／メスイキ系0,3954,76/77
N117_Konton_MOD,CSV/Card\Konton_master.txt,@敗北_inochi_m2,命乞い,カーテンコール,メスの才能・体のメス化,射精0／ところてん系0／メスイキ系0,3850,71/72
N117_Konton_MOD,CSV/Card\Konton_master.txt,@敗北_inochi_m3,命乞い,カーテンコール,メスの才能・体のメス化,射精0／ところてん系0／メスイキ系0,4025,73/74
N117_Konton_MOD,CSV/Card\Konton_master.txt,@敗北_inochi_e1,命乞い,テオマッハ,メスの才能・体のメス化,射精0／ところてん系3／メスイキ系0,3977,74/75
N117_Konton_MOD,CSV/Card\Konton_master.txt,@敗北_inochi_e2,命乞い,タワンホートナチャ,メスの才能・体のメス化・ぱふぱふ(匂いなし),射精0／ところてん系0／メスイキ系0,4023,75/76
N117_Konton_MOD,CSV/Card\Konton_master.txt,@敗北_inochi_e3,命乞い,アイドル候補生A,メスの才能・体のメス化,射精0／ところてん系0／メスイキ系0,4066,76/77
N117_Konton_MOD,CSV/Card\Konton_master.txt,@敗北_inochi_boss,命乞い,エピアクロス,ところてん→メスイキ・乳首では出さない(射精の語あり 要確認)・メスの才能・体のメス化,射精8／ところてん系0／メスイキ系0,4086,82/83
N117_Konton_MOD,CSV/Card\Konton_master.txt,@敗北_onedari_m1,おねだり,カーテンコール,メスの才能・体のメス化,射精0／ところてん系1／メスイキ系0,3968,73/74
N117_Konton_MOD,CSV/Card\Konton_master.txt,@敗北_onedari_m2,おねだり,カーテンコール,メスの才能・体のメス化,射精0／ところてん系0／メスイキ系0,3885,72/73
N117_Konton_MOD,CSV/Card\Konton_master.txt,@敗北_onedari_m3,おねだり,カーテンコール,メスの才能・体のメス化,射精0／ところてん系0／メスイキ系0,3927,72/73
N117_Konton_MOD,CSV/Card\Konton_master.txt,@敗北_onedari_e1,おねだり,テオマッハ,メスの才能・体のメス化,射精0／ところてん系1／メスイキ系0,3927,73/74
N117_Konton_MOD,CSV/Card\Konton_master.txt,@敗北_onedari_e2,おねだり,タワンホートナチャ,メスの才能・体のメス化・ぱふぱふ,射精0／ところてん系1／メスイキ系0,4019,76/77
N117_Konton_MOD,CSV/Card\Konton_master.txt,@敗北_onedari_e3,おねだり,アイドル候補生A,メスの才能・体のメス化,射精0／ところてん系0／メスイキ系0,3907,76/77
N117_Konton_MOD,CSV/Card\Konton_master.txt,@敗北_onedari_boss,おねだり,エピアクロス,ところてん→メスイキ・乳首では出さない(射精の語あり 要確認)・メスの才能・体のメス化,射精7／ところてん系0／メスイキ系0,4057,81/82
N118_Yumir_MOD,CSV/Card\Yumir_master.txt,@敗北_btl_m1,バトル,ユーミール,ところてん→メスイキ・メスの才能・体のメス化,射精0／ところてん系1／メスイキ系0,3903,65/66
N118_Yumir_MOD,CSV/Card\Yumir_master.txt,@敗北_btl_m2,バトル,ユーミール,ところてん→メスイキ・メスの才能,射精0／ところてん系1／メスイキ系0,3876,63/64
N118_Yumir_MOD,CSV/Card\Yumir_master.txt,@敗北_btl_m3,バトル,ユーミール,ところてん→メスイキ・メスの才能,射精0／ところてん系1／メスイキ系0,3897,62/63
N118_Yumir_MOD,CSV/Card\Yumir_master.txt,@敗北_btl_e1,バトル,ケイト,メスの才能・体のメス化,射精0／ところてん系0／メスイキ系0,3968,62/63
N118_Yumir_MOD,CSV/Card\Yumir_master.txt,@敗北_btl_e2,バトル,ラミー,メスの才能・体のメス化,射精0／ところてん系2／メスイキ系0,3927,65/66
N118_Yumir_MOD,CSV/Card\Yumir_master.txt,@敗北_btl_e3,バトル,長乳を盛ったネコ,メスの才能・体のメス化,射精0／ところてん系1／メスイキ系0,3941,64/65
N118_Yumir_MOD,CSV/Card\Yumir_master.txt,@敗北_btl_boss,バトル,開箱のパンドラ,メスの才能,射精0／ところてん系1／メスイキ系0,3920,63/64
N118_Yumir_MOD,CSV/Card\Yumir_master.txt,@敗北_onani_m1,オナニー,ユーミール,ところてん→メスイキ・メスの才能・体のメス化,射精0／ところてん系2／メスイキ系0,3878,62/63
N118_Yumir_MOD,CSV/Card\Yumir_master.txt,@敗北_onani_m2,オナニー,ユーミール,ところてん→メスイキ・メスの才能,射精0／ところてん系0／メスイキ系0,3860,62/63
N118_Yumir_MOD,CSV/Card\Yumir_master.txt,@敗北_onani_m3,オナニー,ユーミール,ところてん→メスイキ・メスの才能,射精0／ところてん系0／メスイキ系0,3915,62/63
N118_Yumir_MOD,CSV/Card\Yumir_master.txt,@敗北_onani_e1,オナニー,ケイト,メスの才能,射精0／ところてん系1／メスイキ系0,3895,60/61
N118_Yumir_MOD,CSV/Card\Yumir_master.txt,@敗北_onani_e2,オナニー,ラミー,メスの才能・体のメス化,射精0／ところてん系2／メスイキ系0,3968,64/65
N118_Yumir_MOD,CSV/Card\Yumir_master.txt,@敗北_onani_e3,オナニー,長乳を盛ったネコ,メスの才能・体のメス化,射精0／ところてん系1／メスイキ系0,3946,62/63
N118_Yumir_MOD,CSV/Card\Yumir_master.txt,@敗北_onani_boss,オナニー,開箱のパンドラ,メスの才能,射精0／ところてん系0／メスイキ系0,3940,63/64
N118_Yumir_MOD,CSV/Card\Yumir_master.txt,@敗北_inochi_m1,命乞い,ユーミール,ところてん→メスイキ・メスの才能,射精0／ところてん系1／メスイキ系0,3888,66/67
N118_Yumir_MOD,CSV/Card\Yumir_master.txt,@敗北_inochi_m2,命乞い,ユーミール,ところてん→メスイキ・メスの才能・体のメス化,射精0／ところてん系0／メスイキ系0,3868,66/67
N118_Yumir_MOD,CSV/Card\Yumir_master.txt,@敗北_inochi_m3,命乞い,ユーミール,ところてん→メスイキ・メスの才能,射精0／ところてん系0／メスイキ系0,3824,64/65
N118_Yumir_MOD,CSV/Card\Yumir_master.txt,@敗北_inochi_e1,命乞い,ケイト,メスの才能・体のメス化,射精0／ところてん系0／メスイキ系0,3962,66/67
N118_Yumir_MOD,CSV/Card\Yumir_master.txt,@敗北_inochi_e2,命乞い,ラミー,メスの才能・体のメス化,射精0／ところてん系0／メスイキ系0,3874,66/67
N118_Yumir_MOD,CSV/Card\Yumir_master.txt,@敗北_inochi_e3,命乞い,長乳を盛ったネコ,メスの才能・体のメス化,射精0／ところてん系2／メスイキ系0,3859,65/66
N118_Yumir_MOD,CSV/Card\Yumir_master.txt,@敗北_inochi_boss,命乞い,開箱のパンドラ,メスの才能,射精0／ところてん系0／メスイキ系0,3886,66/67
N118_Yumir_MOD,CSV/Card\Yumir_master.txt,@敗北_onedari_m1,おねだり,ユーミール,ところてん→メスイキ・メスの才能・体のメス化,射精0／ところてん系0／メスイキ系0,3869,66/67
N118_Yumir_MOD,CSV/Card\Yumir_master.txt,@敗北_onedari_m2,おねだり,ユーミール,ところてん→メスイキ・メスの才能・体のメス化,射精0／ところてん系1／メスイキ系0,3833,65/66
N118_Yumir_MOD,CSV/Card\Yumir_master.txt,@敗北_onedari_m3,おねだり,ユーミール,ところてん→メスイキ・メスの才能,射精0／ところてん系0／メスイキ系0,3824,67/68
N118_Yumir_MOD,CSV/Card\Yumir_master.txt,@敗北_onedari_e1,おねだり,ケイト,メスの才能,射精0／ところてん系0／メスイキ系0,3903,68/69
N118_Yumir_MOD,CSV/Card\Yumir_master.txt,@敗北_onedari_e2,おねだり,ラミー,メスの才能・体のメス化,射精0／ところてん系0／メスイキ系0,3807,68/69
N118_Yumir_MOD,CSV/Card\Yumir_master.txt,@敗北_onedari_e3,おねだり,長乳を盛ったネコ,メスの才能・体のメス化,射精0／ところてん系1／メスイキ系0,3794,66/67
N118_Yumir_MOD,CSV/Card\Yumir_master.txt,@敗北_onedari_boss,おねだり,開箱のパンドラ,メスの才能,射精0／ところてん系0／メスイキ系0,3907,68/69
N119_Venus_MOD,CSV/Card\Venus_master.txt,@敗北_btl_m1,バトル,レイディアス,メスの才能・体のメス化,射精0／ところてん系1／メスイキ系0,3810,69/70
N119_Venus_MOD,CSV/Card\Venus_master.txt,@敗北_btl_m2,バトル,レイディアス,メスの才能,射精0／ところてん系1／メスイキ系0,3840,73/74
N119_Venus_MOD,CSV/Card\Venus_master.txt,@敗北_btl_m3,バトル,レイディアス,メスの才能,射精0／ところてん系2／メスイキ系0,3836,71/72
N119_Venus_MOD,CSV/Card\Venus_master.txt,@敗北_btl_e1,バトル,シャトレー,メスの才能・体のメス化,射精0／ところてん系0／メスイキ系0,3759,65/66
N119_Venus_MOD,CSV/Card\Venus_master.txt,@敗北_btl_e2,バトル,システィア,メスの才能・体のメス化・顔面騎乗・ぱふぱふ,射精0／ところてん系1／メスイキ系0,3801,69/70
N119_Venus_MOD,CSV/Card\Venus_master.txt,@敗北_btl_e3,バトル,リゼ,ところてん→メスイキ・メスの才能,射精0／ところてん系0／メスイキ系0,3844,69/70
N119_Venus_MOD,CSV/Card\Venus_master.txt,@敗北_btl_boss,バトル,アテナ,ところてん→メスイキ・メスの才能・体のメス化・ペニバンの書き分け,射精0／ところてん系0／メスイキ系0,3867,66/67
N119_Venus_MOD,CSV/Card\Venus_master.txt,@敗北_onani_m1,オナニー,レイディアス,メスの才能・体のメス化,射精0／ところてん系1／メスイキ系0,3782,69/70
N119_Venus_MOD,CSV/Card\Venus_master.txt,@敗北_onani_m2,オナニー,レイディアス,メスの才能,射精0／ところてん系1／メスイキ系0,3786,69/70
N119_Venus_MOD,CSV/Card\Venus_master.txt,@敗北_onani_m3,オナニー,レイディアス,メスの才能,射精0／ところてん系0／メスイキ系0,3802,67/68
N119_Venus_MOD,CSV/Card\Venus_master.txt,@敗北_onani_e1,オナニー,シャトレー,メスの才能・体のメス化,射精0／ところてん系0／メスイキ系0,3752,62/63
N119_Venus_MOD,CSV/Card\Venus_master.txt,@敗北_onani_e2,オナニー,システィア,メスの才能・体のメス化・ぱふぱふ,射精0／ところてん系1／メスイキ系0,3783,65/66
N119_Venus_MOD,CSV/Card\Venus_master.txt,@敗北_onani_e3,オナニー,リゼ,ところてん→メスイキ・メスの才能,射精0／ところてん系1／メスイキ系0,3802,63/64
N119_Venus_MOD,CSV/Card\Venus_master.txt,@敗北_onani_boss,オナニー,アテナ,ところてん→メスイキ・メスの才能・体のメス化・ペニバンの書き分け,射精0／ところてん系0／メスイキ系0,3799,63/64
N119_Venus_MOD,CSV/Card\Venus_master.txt,@敗北_inochi_m1,命乞い,レイディアス,メスの才能・体のメス化,射精0／ところてん系2／メスイキ系0,3980,74/75
N119_Venus_MOD,CSV/Card\Venus_master.txt,@敗北_inochi_m2,命乞い,レイディアス,メスの才能,射精0／ところてん系1／メスイキ系0,4010,79/80
N119_Venus_MOD,CSV/Card\Venus_master.txt,@敗北_inochi_m3,命乞い,レイディアス,メスの才能,射精0／ところてん系0／メスイキ系0,3892,77/78
N119_Venus_MOD,CSV/Card\Venus_master.txt,@敗北_inochi_e1,命乞い,シャトレー,メスの才能・体のメス化,射精0／ところてん系0／メスイキ系0,3922,76/77
N119_Venus_MOD,CSV/Card\Venus_master.txt,@敗北_inochi_e2,命乞い,システィア,メスの才能・体のメス化・ぱふぱふ,射精0／ところてん系2／メスイキ系0,3990,78/79
N119_Venus_MOD,CSV/Card\Venus_master.txt,@敗北_inochi_e3,命乞い,リゼ,ところてん→メスイキ・メスの才能,射精0／ところてん系3／メスイキ系0,3907,75/76
N119_Venus_MOD,CSV/Card\Venus_master.txt,@敗北_inochi_boss,命乞い,アテナ,ところてん→メスイキ・メスの才能・体のメス化・ペニバンの書き分け,射精0／ところてん系0／メスイキ系0,3964,80/81
N119_Venus_MOD,CSV/Card\Venus_master.txt,@敗北_onedari_m1,おねだり,レイディアス,メスの才能・体のメス化,射精0／ところてん系2／メスイキ系0,3853,79/80
N119_Venus_MOD,CSV/Card\Venus_master.txt,@敗北_onedari_m2,おねだり,レイディアス,メスの才能,射精0／ところてん系2／メスイキ系0,3909,78/79
N119_Venus_MOD,CSV/Card\Venus_master.txt,@敗北_onedari_m3,おねだり,レイディアス,メスの才能,射精0／ところてん系0／メスイキ系0,4029,82/83
N119_Venus_MOD,CSV/Card\Venus_master.txt,@敗北_onedari_e1,おねだり,シャトレー,メスの才能・体のメス化,射精0／ところてん系1／メスイキ系0,3907,77/79
N119_Venus_MOD,CSV/Card\Venus_master.txt,@敗北_onedari_e2,おねだり,システィア,メスの才能・ぱふぱふ,射精0／ところてん系1／メスイキ系0,3798,76/77
N119_Venus_MOD,CSV/Card\Venus_master.txt,@敗北_onedari_e3,おねだり,リゼ,ところてん→メスイキ・メスの才能,射精0／ところてん系2／メスイキ系0,3865,73/74
N119_Venus_MOD,CSV/Card\Venus_master.txt,@敗北_onedari_boss,おねだり,アテナ,ところてん→メスイキ・メスの才能・体のメス化・ペニバンの書き分け,射精0／ところてん系2／メスイキ系0,3883,76/77
N120_Diamond_MOD,CSV/Card\Diamond_master.txt,@敗北_btl_m1,バトル,シスター,（当たらない）,射精1／ところてん系0／メスイキ系0,3875,69/71
N120_Diamond_MOD,CSV/Card\Diamond_master.txt,@敗北_btl_m2,バトル,シスター,メスの才能・体のメス化,射精0／ところてん系2／メスイキ系0,3909,69/70
N120_Diamond_MOD,CSV/Card\Diamond_master.txt,@敗北_btl_m3,バトル,シスター,ところてん→メスイキ・メスの才能,射精0／ところてん系0／メスイキ系0,3828,67/68
N120_Diamond_MOD,CSV/Card\Diamond_master.txt,@敗北_btl_e1,バトル,お嬢様,（当たらない）,射精0／ところてん系0／メスイキ系0,3849,67/68
N120_Diamond_MOD,CSV/Card\Diamond_master.txt,@敗北_btl_e2,バトル,リナ,（当たらない）,射精0／ところてん系0／メスイキ系0,3835,68/69
N120_Diamond_MOD,CSV/Card\Diamond_master.txt,@敗北_btl_e3,バトル,メイド,ところてん→メスイキ・メスの才能,射精0／ところてん系3／メスイキ系0,3906,68/69
N120_Diamond_MOD,CSV/Card\Diamond_master.txt,@敗北_btl_boss,バトル,ナース,メスの才能・体のメス化,射精0／ところてん系1／メスイキ系0,3988,74/75
N120_Diamond_MOD,CSV/Card\Diamond_master.txt,@敗北_onani_m1,オナニー,シスター,メスの才能・体のメス化・ぱふぱふ,射精0／ところてん系1／メスイキ系0,3893,72/73
N120_Diamond_MOD,CSV/Card\Diamond_master.txt,@敗北_onani_m2,オナニー,シスター,メスの才能・体のメス化,射精0／ところてん系0／メスイキ系0,3886,70/71
N120_Diamond_MOD,CSV/Card\Diamond_master.txt,@敗北_onani_m3,オナニー,シスター,ところてん→メスイキ・メスの才能,射精0／ところてん系3／メスイキ系0,3899,67/68
N120_Diamond_MOD,CSV/Card\Diamond_master.txt,@敗北_onani_e1,オナニー,お嬢様,（当たらない）,射精0／ところてん系0／メスイキ系0,3859,66/67
N120_Diamond_MOD,CSV/Card\Diamond_master.txt,@敗北_onani_e2,オナニー,リナ,メスの才能・体のメス化,射精0／ところてん系0／メスイキ系0,3840,64/65
N120_Diamond_MOD,CSV/Card\Diamond_master.txt,@敗北_onani_e3,オナニー,メイド,ところてん→メスイキ・メスの才能,射精0／ところてん系1／メスイキ系0,3865,65/66
N120_Diamond_MOD,CSV/Card\Diamond_master.txt,@敗北_onani_boss,オナニー,ナース,（当たらない）,射精0／ところてん系3／メスイキ系0,3856,67/68
N120_Diamond_MOD,CSV/Card\Diamond_master.txt,@敗北_inochi_m1,命乞い,シスター,メスの才能・体のメス化,射精0／ところてん系0／メスイキ系0,3979,76/77
N120_Diamond_MOD,CSV/Card\Diamond_master.txt,@敗北_inochi_m2,命乞い,シスター,ぱふぱふ,射精0／ところてん系1／メスイキ系0,3985,78/79
N120_Diamond_MOD,CSV/Card\Diamond_master.txt,@敗北_inochi_m3,命乞い,シスター,ところてん→メスイキ・メスの才能・ぱふぱふ,射精0／ところてん系2／メスイキ系0,3945,75/76
N120_Diamond_MOD,CSV/Card\Diamond_master.txt,@敗北_inochi_e1,命乞い,お嬢様,（当たらない）,射精0／ところてん系0／メスイキ系0,4074,75/76
N120_Diamond_MOD,CSV/Card\Diamond_master.txt,@敗北_inochi_e2,命乞い,リナ,（当たらない）,射精0／ところてん系0／メスイキ系0,3991,76/77
N120_Diamond_MOD,CSV/Card\Diamond_master.txt,@敗北_inochi_e3,命乞い,メイド,ところてん→メスイキ・メスの才能,射精0／ところてん系1／メスイキ系0,3978,75/76
N120_Diamond_MOD,CSV/Card\Diamond_master.txt,@敗北_inochi_boss,命乞い,ナース,（当たらない）,射精0／ところてん系0／メスイキ系0,4072,77/78
N120_Diamond_MOD,CSV/Card\Diamond_master.txt,@敗北_onedari_m1,おねだり,シスター,ぱふぱふ,射精0／ところてん系0／メスイキ系0,4024,76/77
N120_Diamond_MOD,CSV/Card\Diamond_master.txt,@敗北_onedari_m2,おねだり,シスター,（当たらない）,射精0／ところてん系2／メスイキ系0,3894,71/72
N120_Diamond_MOD,CSV/Card\Diamond_master.txt,@敗北_onedari_m3,おねだり,シスター,メスの才能,射精0／ところてん系3／メスイキ系0,4005,73/74
N120_Diamond_MOD,CSV/Card\Diamond_master.txt,@敗北_onedari_e1,おねだり,お嬢様,（当たらない）,射精0／ところてん系1／メスイキ系0,4043,73/74
N120_Diamond_MOD,CSV/Card\Diamond_master.txt,@敗北_onedari_e2,おねだり,リナ,（当たらない）,射精0／ところてん系0／メスイキ系0,4015,76/77
N120_Diamond_MOD,CSV/Card\Diamond_master.txt,@敗北_onedari_e3,おねだり,メイド,ところてん→メスイキ・メスの才能,射精0／ところてん系1／メスイキ系0,3934,70/73
N120_Diamond_MOD,CSV/Card\Diamond_master.txt,@敗北_onedari_boss,おねだり,ナース,（当たらない）,射精0／ところてん系0／メスイキ系0,4081,75/76
N121_Arena_MOD,CSV/Card\Arena_master.txt,@敗北_btl_m1,バトル,フォルトゥナ,ところてん→メスイキ・メスの才能,射精0／ところてん系1／メスイキ系0,3810,71/72
N121_Arena_MOD,CSV/Card\Arena_master.txt,@敗北_btl_m2,バトル,フォルトゥナ,ところてん→メスイキ・メスの才能・体のメス化,射精0／ところてん系2／メスイキ系0,3794,72/73
N121_Arena_MOD,CSV/Card\Arena_master.txt,@敗北_btl_m3,バトル,フォルトゥナ,ところてん→メスイキ・メスの才能,射精0／ところてん系1／メスイキ系0,3815,71/72
N121_Arena_MOD,CSV/Card\Arena_master.txt,@敗北_btl_e1,バトル,マギナ,（当たらない）,射精0／ところてん系1／メスイキ系0,3818,69/70
N121_Arena_MOD,CSV/Card\Arena_master.txt,@敗北_btl_e2,バトル,ラパン,メスの才能・体のメス化,射精0／ところてん系0／メスイキ系0,3848,69/70
N121_Arena_MOD,CSV/Card\Arena_master.txt,@敗北_btl_e3,バトル,ハーモニー,メスの才能・体のメス化,射精0／ところてん系0／メスイキ系0,3875,69/70
N121_Arena_MOD,CSV/Card\Arena_master.txt,@敗北_btl_boss,バトル,ハクメイ,メスの才能,射精0／ところてん系2／メスイキ系0,3869,70/71
N121_Arena_MOD,CSV/Card\Arena_master.txt,@敗北_onani_m1,オナニー,フォルトゥナ,ところてん→メスイキ・メスの才能,射精0／ところてん系1／メスイキ系0,3910,69/70
N121_Arena_MOD,CSV/Card\Arena_master.txt,@敗北_onani_m2,オナニー,フォルトゥナ,ところてん→メスイキ・メスの才能,射精0／ところてん系1／メスイキ系0,3857,69/70
N121_Arena_MOD,CSV/Card\Arena_master.txt,@敗北_onani_m3,オナニー,フォルトゥナ,ところてん→メスイキ・メスの才能,射精0／ところてん系2／メスイキ系0,3929,72/73
N121_Arena_MOD,CSV/Card\Arena_master.txt,@敗北_onani_e1,オナニー,マギナ,メスの才能・体のメス化,射精0／ところてん系0／メスイキ系0,3884,70/71
N121_Arena_MOD,CSV/Card\Arena_master.txt,@敗北_onani_e2,オナニー,ラパン,メスの才能・体のメス化,射精0／ところてん系0／メスイキ系0,3886,68/69
N121_Arena_MOD,CSV/Card\Arena_master.txt,@敗北_onani_e3,オナニー,ハーモニー,メスの才能・体のメス化,射精0／ところてん系0／メスイキ系0,3902,69/70
N121_Arena_MOD,CSV/Card\Arena_master.txt,@敗北_onani_boss,オナニー,ハクメイ,メスの才能,射精0／ところてん系2／メスイキ系0,3970,69/70
N121_Arena_MOD,CSV/Card\Arena_master.txt,@敗北_inochi_m1,命乞い,フォルトゥナ,ところてん→メスイキ・メスの才能・体のメス化,射精0／ところてん系0／メスイキ系0,3880,70/71
N121_Arena_MOD,CSV/Card\Arena_master.txt,@敗北_inochi_m2,命乞い,フォルトゥナ,ところてん→メスイキ・メスの才能,射精0／ところてん系0／メスイキ系0,3828,65/66
N121_Arena_MOD,CSV/Card\Arena_master.txt,@敗北_inochi_m3,命乞い,フォルトゥナ,ところてん→メスイキ・メスの才能,射精0／ところてん系1／メスイキ系0,3807,67/68
N121_Arena_MOD,CSV/Card\Arena_master.txt,@敗北_inochi_e1,命乞い,マギナ,メスの才能・体のメス化・ぱふぱふ,射精0／ところてん系0／メスイキ系0,3871,68/69
N121_Arena_MOD,CSV/Card\Arena_master.txt,@敗北_inochi_e2,命乞い,ラパン,メスの才能・体のメス化,射精0／ところてん系0／メスイキ系0,3859,68/69
N121_Arena_MOD,CSV/Card\Arena_master.txt,@敗北_inochi_e3,命乞い,ハーモニー,メスの才能・体のメス化,射精0／ところてん系0／メスイキ系0,3970,66/67
N121_Arena_MOD,CSV/Card\Arena_master.txt,@敗北_inochi_boss,命乞い,ハクメイ,メスの才能,射精0／ところてん系0／メスイキ系0,3909,66/67
N121_Arena_MOD,CSV/Card\Arena_master.txt,@敗北_onedari_m1,おねだり,フォルトゥナ,ところてん→メスイキ・メスの才能・体のメス化,射精0／ところてん系1／メスイキ系0,3817,68/69
N121_Arena_MOD,CSV/Card\Arena_master.txt,@敗北_onedari_m2,おねだり,フォルトゥナ,ところてん→メスイキ・メスの才能・体のメス化,射精0／ところてん系0／メスイキ系0,3883,66/67
N121_Arena_MOD,CSV/Card\Arena_master.txt,@敗北_onedari_m3,おねだり,フォルトゥナ,ところてん→メスイキ・メスの才能・体のメス化,射精0／ところてん系1／メスイキ系0,3879,66/67
N121_Arena_MOD,CSV/Card\Arena_master.txt,@敗北_onedari_e1,おねだり,マギナ,（当たらない）,射精0／ところてん系1／メスイキ系0,3896,67/68
N121_Arena_MOD,CSV/Card\Arena_master.txt,@敗北_onedari_e2,おねだり,ラパン,メスの才能・体のメス化,射精0／ところてん系0／メスイキ系0,3875,66/67
N121_Arena_MOD,CSV/Card\Arena_master.txt,@敗北_onedari_e3,おねだり,ハーモニー,メスの才能・体のメス化,射精0／ところてん系0／メスイキ系0,3963,66/67
N121_Arena_MOD,CSV/Card\Arena_master.txt,@敗北_onedari_boss,おねだり,ハクメイ,メスの才能,射精0／ところてん系0／メスイキ系0,3848,66/67
N122_Queen2_MOD,CSV/Card\Queen2_master.txt,@敗北_btl_m1,バトル,クイーン,（当たらない）,射精0／ところてん系0／メスイキ系0,3855,64/65
N122_Queen2_MOD,CSV/Card\Queen2_master.txt,@敗北_btl_m2,バトル,クイーン,メスの才能・体のメス化,射精0／ところてん系1／メスイキ系0,3893,64/65
N122_Queen2_MOD,CSV/Card\Queen2_master.txt,@敗北_btl_m3,バトル,クイーン,メスの才能・体のメス化,射精0／ところてん系1／メスイキ系0,3924,65/66
N122_Queen2_MOD,CSV/Card\Queen2_master.txt,@敗北_btl_e1,バトル,エデニア,メスの才能,射精0／ところてん系1／メスイキ系0,3943,66/67
N122_Queen2_MOD,CSV/Card\Queen2_master.txt,@敗北_btl_e2,バトル,シャオフー,メスの才能・体のメス化・顔面騎乗,射精0／ところてん系0／メスイキ系0,3935,69/70
N122_Queen2_MOD,CSV/Card\Queen2_master.txt,@敗北_btl_e3,バトル,ソムニア,メスの才能・体のメス化,射精0／ところてん系0／メスイキ系0,3848,64/65
N122_Queen2_MOD,CSV/Card\Queen2_master.txt,@敗北_btl_boss,バトル,ヘルヴィナ,メスの才能・体のメス化・ぱふぱふ,射精0／ところてん系0／メスイキ系0,3955,67/68
N122_Queen2_MOD,CSV/Card\Queen2_master.txt,@敗北_onani_m1,オナニー,クイーン,メスの才能・体のメス化,射精0／ところてん系0／メスイキ系0,3999,65/66
N122_Queen2_MOD,CSV/Card\Queen2_master.txt,@敗北_onani_m2,オナニー,クイーン,メスの才能・体のメス化,射精0／ところてん系0／メスイキ系0,3958,63/64
N122_Queen2_MOD,CSV/Card\Queen2_master.txt,@敗北_onani_m3,オナニー,クイーン,メスの才能,射精0／ところてん系0／メスイキ系0,3985,65/66
N122_Queen2_MOD,CSV/Card\Queen2_master.txt,@敗北_onani_e1,オナニー,エデニア,メスの才能・体のメス化,射精0／ところてん系0／メスイキ系0,3938,64/65
N122_Queen2_MOD,CSV/Card\Queen2_master.txt,@敗北_onani_e2,オナニー,シャオフー,メスの才能・体のメス化,射精0／ところてん系0／メスイキ系0,3984,66/67
N122_Queen2_MOD,CSV/Card\Queen2_master.txt,@敗北_onani_e3,オナニー,ソムニア,メスの才能・体のメス化,射精0／ところてん系0／メスイキ系0,3953,64/65
N122_Queen2_MOD,CSV/Card\Queen2_master.txt,@敗北_onani_boss,オナニー,ヘルヴィナ,メスの才能,射精0／ところてん系0／メスイキ系0,4020,67/68
N122_Queen2_MOD,CSV/Card\Queen2_master.txt,@敗北_inochi_m1,命乞い,クイーン,（当たらない）,射精0／ところてん系0／メスイキ系0,3780,63/65
N122_Queen2_MOD,CSV/Card\Queen2_master.txt,@敗北_inochi_m2,命乞い,クイーン,（当たらない）,射精0／ところてん系2／メスイキ系0,3943,67/68
N122_Queen2_MOD,CSV/Card\Queen2_master.txt,@敗北_inochi_m3,命乞い,クイーン,メスの才能・体のメス化,射精0／ところてん系0／メスイキ系0,3910,66/67
N122_Queen2_MOD,CSV/Card\Queen2_master.txt,@敗北_inochi_e1,命乞い,エデニア,メスの才能・体のメス化,射精0／ところてん系0／メスイキ系0,4085,67/68
N122_Queen2_MOD,CSV/Card\Queen2_master.txt,@敗北_inochi_e2,命乞い,シャオフー,メスの才能・体のメス化,射精0／ところてん系0／メスイキ系0,3935,67/68
N122_Queen2_MOD,CSV/Card\Queen2_master.txt,@敗北_inochi_e3,命乞い,ソムニア,（当たらない）,射精0／ところてん系0／メスイキ系0,4083,64/65
N122_Queen2_MOD,CSV/Card\Queen2_master.txt,@敗北_inochi_boss,命乞い,ヘルヴィナ,メスの才能・体のメス化,射精0／ところてん系1／メスイキ系0,3963,63/64
N122_Queen2_MOD,CSV/Card\Queen2_master.txt,@敗北_onedari_m1,おねだり,クイーン,（当たらない）,射精0／ところてん系1／メスイキ系0,3874,64/65
N122_Queen2_MOD,CSV/Card\Queen2_master.txt,@敗北_onedari_m2,おねだり,クイーン,メスの才能・体のメス化,射精0／ところてん系1／メスイキ系0,4002,66/67
N122_Queen2_MOD,CSV/Card\Queen2_master.txt,@敗北_onedari_m3,おねだり,クイーン,メスの才能・体のメス化,射精0／ところてん系0／メスイキ系0,3962,64/65
N122_Queen2_MOD,CSV/Card\Queen2_master.txt,@敗北_onedari_e1,おねだり,エデニア,メスの才能・体のメス化,射精0／ところてん系0／メスイキ系0,3949,65/66
N122_Queen2_MOD,CSV/Card\Queen2_master.txt,@敗北_onedari_e2,おねだり,シャオフー,メスの才能・体のメス化,射精0／ところてん系0／メスイキ系0,3995,64/65
N122_Queen2_MOD,CSV/Card\Queen2_master.txt,@敗北_onedari_e3,おねだり,ソムニア,メスの才能・体のメス化,射精0／ところてん系1／メスイキ系0,4046,62/63
N122_Queen2_MOD,CSV/Card\Queen2_master.txt,@敗北_onedari_boss,おねだり,ヘルヴィナ,メスの才能・ぱふぱふ,射精0／ところてん系1／メスイキ系0,4029,64/65
N124_Dominia2_MOD,CSV/Card\Dominia2_master.txt,@敗北_btl_m1,バトル,ベルナ,メスの才能,射精0／ところてん系4／メスイキ系0,3969,66/67
N124_Dominia2_MOD,CSV/Card\Dominia2_master.txt,@敗北_btl_m2,バトル,ベルナ,メスの才能・体のメス化,射精0／ところてん系0／メスイキ系0,3964,67/68
N124_Dominia2_MOD,CSV/Card\Dominia2_master.txt,@敗北_btl_m3,バトル,ベルナ,メスの才能・体のメス化,射精0／ところてん系1／メスイキ系0,3983,67/68
N124_Dominia2_MOD,CSV/Card\Dominia2_master.txt,@敗北_btl_e1,バトル,ヴィオレッタ,メスの才能・体のメス化,射精0／ところてん系0／メスイキ系0,3847,67/68
N124_Dominia2_MOD,CSV/Card\Dominia2_master.txt,@敗北_btl_e2,バトル,ゼシーリア,メスの才能・体のメス化,射精0／ところてん系0／メスイキ系0,3964,66/67
N124_Dominia2_MOD,CSV/Card\Dominia2_master.txt,@敗北_btl_e3,バトル,ソフィリア,メスの才能・体のメス化,射精0／ところてん系0／メスイキ系0,4017,69/70
N124_Dominia2_MOD,CSV/Card\Dominia2_master.txt,@敗北_btl_boss,バトル,ボルフェイノ,ところてん→メスイキ・メスの才能・体のメス化,射精0／ところてん系1／メスイキ系0,3964,70/71
N124_Dominia2_MOD,CSV/Card\Dominia2_master.txt,@敗北_onani_m1,オナニー,ベルナ,メスの才能,射精0／ところてん系0／メスイキ系0,4023,68/70
N124_Dominia2_MOD,CSV/Card\Dominia2_master.txt,@敗北_onani_m2,オナニー,ベルナ,メスの才能,射精0／ところてん系3／メスイキ系0,4046,65/67
N124_Dominia2_MOD,CSV/Card\Dominia2_master.txt,@敗北_onani_m3,オナニー,ベルナ,メスの才能,射精0／ところてん系1／メスイキ系0,4065,67/68
N124_Dominia2_MOD,CSV/Card\Dominia2_master.txt,@敗北_onani_e1,オナニー,ヴィオレッタ,メスの才能・体のメス化,射精0／ところてん系0／メスイキ系0,4078,67/68
N124_Dominia2_MOD,CSV/Card\Dominia2_master.txt,@敗北_onani_e2,オナニー,ゼシーリア,メスの才能・体のメス化,射精0／ところてん系0／メスイキ系0,4073,65/66
N124_Dominia2_MOD,CSV/Card\Dominia2_master.txt,@敗北_onani_e3,オナニー,ソフィリア,メスの才能・体のメス化,射精0／ところてん系0／メスイキ系0,4054,64/66
N124_Dominia2_MOD,CSV/Card\Dominia2_master.txt,@敗北_onani_boss,オナニー,ボルフェイノ,メスの才能・体のメス化,射精0／ところてん系0／メスイキ系0,3962,68/69
N124_Dominia2_MOD,CSV/Card\Dominia2_master.txt,@敗北_inochi_m1,命乞い,ベルナ,メスの才能・体のメス化,射精0／ところてん系0／メスイキ系0,3861,64/66
N124_Dominia2_MOD,CSV/Card\Dominia2_master.txt,@敗北_inochi_m2,命乞い,ベルナ,メスの才能・体のメス化,射精0／ところてん系0／メスイキ系0,3989,69/70
N124_Dominia2_MOD,CSV/Card\Dominia2_master.txt,@敗北_inochi_m3,命乞い,ベルナ,メスの才能,射精0／ところてん系2／メスイキ系0,4014,69/71
N124_Dominia2_MOD,CSV/Card\Dominia2_master.txt,@敗北_inochi_e1,命乞い,ヴィオレッタ,メスの才能・体のメス化,射精0／ところてん系0／メスイキ系0,4133,73/74
N124_Dominia2_MOD,CSV/Card\Dominia2_master.txt,@敗北_inochi_e2,命乞い,ゼシーリア,（当たらない）,射精0／ところてん系0／メスイキ系0,3933,67/68
N124_Dominia2_MOD,CSV/Card\Dominia2_master.txt,@敗北_inochi_e3,命乞い,ソフィリア,ところてん→メスイキ・メスの才能・体のメス化,射精0／ところてん系1／メスイキ系0,4040,68/69
N124_Dominia2_MOD,CSV/Card\Dominia2_master.txt,@敗北_inochi_boss,命乞い,ボルフェイノ,ところてん→メスイキ・メスの才能,射精0／ところてん系1／メスイキ系0,3900,67/69
N124_Dominia2_MOD,CSV/Card\Dominia2_master.txt,@敗北_onedari_m1,おねだり,ベルナ,メスの才能・体のメス化,射精0／ところてん系5／メスイキ系0,3915,68/69
N124_Dominia2_MOD,CSV/Card\Dominia2_master.txt,@敗北_onedari_m2,おねだり,ベルナ,メスの才能・体のメス化,射精0／ところてん系1／メスイキ系0,3919,69/71
N124_Dominia2_MOD,CSV/Card\Dominia2_master.txt,@敗北_onedari_m3,おねだり,ベルナ,メスの才能・体のメス化,射精0／ところてん系1／メスイキ系0,4022,69/70
N124_Dominia2_MOD,CSV/Card\Dominia2_master.txt,@敗北_onedari_e1,おねだり,ヴィオレッタ,メスの才能・体のメス化,射精0／ところてん系0／メスイキ系0,4046,68/69
N124_Dominia2_MOD,CSV/Card\Dominia2_master.txt,@敗北_onedari_e2,おねだり,ゼシーリア,メスの才能・体のメス化・顔面騎乗,射精0／ところてん系1／メスイキ系0,3977,65/66
N124_Dominia2_MOD,CSV/Card\Dominia2_master.txt,@敗北_onedari_e3,おねだり,ソフィリア,メスの才能・体のメス化,射精0／ところてん系0／メスイキ系0,4071,64/67
N124_Dominia2_MOD,CSV/Card\Dominia2_master.txt,@敗北_onedari_boss,おねだり,ボルフェイノ,ところてん→メスイキ・メスの才能・体のメス化,射精0／ところてん系1／メスイキ系0,4105,70/71
N125_LastTower_MOD,CSV/Card\LastTower_master.txt,@敗北_btl_m1,バトル,淫女王,メスの才能・体のメス化,射精0／ところてん系1／メスイキ系0,3841,67/68
N125_LastTower_MOD,CSV/Card\LastTower_master.txt,@敗北_btl_m2,バトル,淫女王,メスの才能・体のメス化,射精0／ところてん系1／メスイキ系0,3803,66/67
N125_LastTower_MOD,CSV/Card\LastTower_master.txt,@敗北_btl_m3,バトル,淫女王,メスの才能,射精0／ところてん系0／メスイキ系0,3820,66/67
N125_LastTower_MOD,CSV/Card\LastTower_master.txt,@敗北_btl_e1,バトル,メイド,メスの才能・体のメス化,射精0／ところてん系0／メスイキ系0,3818,67/68
N125_LastTower_MOD,CSV/Card\LastTower_master.txt,@敗北_btl_e2,バトル,マッドサイエンティスト,乳首では出さない(射精の語あり 要確認)・メスの才能・体のメス化,射精2／ところてん系1／メスイキ系0,3828,68/69
N125_LastTower_MOD,CSV/Card\LastTower_master.txt,@敗北_btl_e3,バトル,ナース,メスの才能・体のメス化,射精0／ところてん系2／メスイキ系0,3751,65/66
N125_LastTower_MOD,CSV/Card\LastTower_master.txt,@敗北_btl_boss,バトル,くノ一,ところてん→メスイキ・メスの才能・体のメス化,射精0／ところてん系0／メスイキ系0,3755,65/66
N125_LastTower_MOD,CSV/Card\LastTower_master.txt,@敗北_onani_m1,オナニー,淫女王,メスの才能・体のメス化,射精0／ところてん系1／メスイキ系0,3845,67/68
N125_LastTower_MOD,CSV/Card\LastTower_master.txt,@敗北_onani_m2,オナニー,淫女王,メスの才能・体のメス化,射精0／ところてん系1／メスイキ系0,3915,65/66
N125_LastTower_MOD,CSV/Card\LastTower_master.txt,@敗北_onani_m3,オナニー,淫女王,メスの才能,射精0／ところてん系2／メスイキ系0,3788,63/64
N125_LastTower_MOD,CSV/Card\LastTower_master.txt,@敗北_onani_e1,オナニー,メイド,メスの才能・体のメス化,射精0／ところてん系1／メスイキ系0,3786,62/63
N125_LastTower_MOD,CSV/Card\LastTower_master.txt,@敗北_onani_e2,オナニー,マッドサイエンティスト,乳首では出さない(射精の語あり 要確認)・メスの才能・体のメス化,射精2／ところてん系2／メスイキ系0,3767,62/63
N125_LastTower_MOD,CSV/Card\LastTower_master.txt,@敗北_onani_e3,オナニー,ナース,メスの才能・体のメス化,射精0／ところてん系0／メスイキ系0,3840,64/65
N125_LastTower_MOD,CSV/Card\LastTower_master.txt,@敗北_onani_boss,オナニー,くノ一,ところてん→メスイキ・メスの才能・体のメス化,射精0／ところてん系0／メスイキ系0,3839,64/65
N125_LastTower_MOD,CSV/Card\LastTower_master.txt,@敗北_inochi_m1,命乞い,淫女王,メスの才能・体のメス化,射精0／ところてん系1／メスイキ系0,3930,76/77
N125_LastTower_MOD,CSV/Card\LastTower_master.txt,@敗北_inochi_m2,命乞い,淫女王,メスの才能,射精0／ところてん系1／メスイキ系0,3869,74/75
N125_LastTower_MOD,CSV/Card\LastTower_master.txt,@敗北_inochi_m3,命乞い,淫女王,メスの才能,射精0／ところてん系0／メスイキ系1,3890,76/77
N125_LastTower_MOD,CSV/Card\LastTower_master.txt,@敗北_inochi_e1,命乞い,メイド,メスの才能・体のメス化,射精0／ところてん系0／メスイキ系0,3936,76/77
N125_LastTower_MOD,CSV/Card\LastTower_master.txt,@敗北_inochi_e2,命乞い,マッドサイエンティスト,乳首では出さない(射精の語あり 要確認)・メスの才能・体のメス化,射精7／ところてん系0／メスイキ系0,3940,79/80
N125_LastTower_MOD,CSV/Card\LastTower_master.txt,@敗北_inochi_e3,命乞い,ナース,メスの才能・体のメス化,射精0／ところてん系1／メスイキ系0,3938,81/82
N125_LastTower_MOD,CSV/Card\LastTower_master.txt,@敗北_inochi_boss,命乞い,くノ一,ところてん→メスイキ・メスの才能・体のメス化,射精0／ところてん系2／メスイキ系0,3973,77/78
N125_LastTower_MOD,CSV/Card\LastTower_master.txt,@敗北_onedari_m1,おねだり,淫女王,メスの才能・体のメス化,射精0／ところてん系1／メスイキ系0,3813,72/73
N125_LastTower_MOD,CSV/Card\LastTower_master.txt,@敗北_onedari_m2,おねだり,淫女王,メスの才能・体のメス化,射精0／ところてん系0／メスイキ系0,3856,75/76
N125_LastTower_MOD,CSV/Card\LastTower_master.txt,@敗北_onedari_m3,おねだり,淫女王,メスの才能,射精0／ところてん系0／メスイキ系0,3937,74/75
N125_LastTower_MOD,CSV/Card\LastTower_master.txt,@敗北_onedari_e1,おねだり,メイド,メスの才能・体のメス化,射精0／ところてん系1／メスイキ系0,3874,72/73
N125_LastTower_MOD,CSV/Card\LastTower_master.txt,@敗北_onedari_e2,おねだり,マッドサイエンティスト,乳首では出さない(射精の語あり 要確認)・メスの才能・体のメス化,射精4／ところてん系2／メスイキ系0,3904,76/77
N125_LastTower_MOD,CSV/Card\LastTower_master.txt,@敗北_onedari_e3,おねだり,ナース,乳首では出さない(射精の語あり 要確認)・メスの才能・体のメス化,射精2／ところてん系1／メスイキ系0,3863,79/80
N125_LastTower_MOD,CSV/Card\LastTower_master.txt,@敗北_onedari_boss,おねだり,くノ一,ところてん→メスイキ・メスの才能・体のメス化,射精0／ところてん系0／メスイキ系0,3911,77/78
N126_LastRoad_MOD,CSV/Card\LastRoad_master.txt,@敗北_btl_m1,バトル,ヴァンパイア,メスの才能・体のメス化,射精0／ところてん系1／メスイキ系0,3964,66/67
N126_LastRoad_MOD,CSV/Card\LastRoad_master.txt,@敗北_btl_m2,バトル,ヴァンパイア,（当たらない）,射精0／ところてん系1／メスイキ系0,3994,67/68
N126_LastRoad_MOD,CSV/Card\LastRoad_master.txt,@敗北_btl_m3,バトル,ヴァンパイア,メスの才能,射精0／ところてん系1／メスイキ系0,4034,67/68
N126_LastRoad_MOD,CSV/Card\LastRoad_master.txt,@敗北_btl_e1,バトル,パステト,（当たらない）,射精0／ところてん系0／メスイキ系0,4009,64/65
N126_LastRoad_MOD,CSV/Card\LastRoad_master.txt,@敗北_btl_e2,バトル,仙女,メスの才能・体のメス化,射精0／ところてん系1／メスイキ系0,3931,61/62
N126_LastRoad_MOD,CSV/Card\LastRoad_master.txt,@敗北_btl_e3,バトル,ウォーリア,メスの才能・体のメス化,射精0／ところてん系0／メスイキ系0,3959,66/67
N126_LastRoad_MOD,CSV/Card\LastRoad_master.txt,@敗北_btl_boss,バトル,姫騎士,メスの才能・体のメス化,射精0／ところてん系0／メスイキ系0,4058,66/67
N126_LastRoad_MOD,CSV/Card\LastRoad_master.txt,@敗北_onani_m1,オナニー,ヴァンパイア,メスの才能,射精0／ところてん系1／メスイキ系0,4012,66/67
N126_LastRoad_MOD,CSV/Card\LastRoad_master.txt,@敗北_onani_m2,オナニー,ヴァンパイア,（当たらない）,射精0／ところてん系1／メスイキ系0,4009,65/66
N126_LastRoad_MOD,CSV/Card\LastRoad_master.txt,@敗北_onani_m3,オナニー,ヴァンパイア,メスの才能,射精0／ところてん系1／メスイキ系0,3931,63/65
N126_LastRoad_MOD,CSV/Card\LastRoad_master.txt,@敗北_onani_e1,オナニー,パステト,（当たらない）,射精0／ところてん系0／メスイキ系0,3948,63/64
N126_LastRoad_MOD,CSV/Card\LastRoad_master.txt,@敗北_onani_e2,オナニー,仙女,メスの才能・体のメス化,射精0／ところてん系0／メスイキ系0,3985,62/63
N126_LastRoad_MOD,CSV/Card\LastRoad_master.txt,@敗北_onani_e3,オナニー,ウォーリア,メスの才能・体のメス化,射精0／ところてん系0／メスイキ系0,3949,64/65
N126_LastRoad_MOD,CSV/Card\LastRoad_master.txt,@敗北_onani_boss,オナニー,姫騎士,メスの才能・体のメス化,射精0／ところてん系1／メスイキ系0,4053,64/65
N126_LastRoad_MOD,CSV/Card\LastRoad_master.txt,@敗北_inochi_m1,命乞い,ヴァンパイア,メスの才能,射精0／ところてん系0／メスイキ系0,3802,67/68
N126_LastRoad_MOD,CSV/Card\LastRoad_master.txt,@敗北_inochi_m2,命乞い,ヴァンパイア,（当たらない）,射精0／ところてん系0／メスイキ系0,3883,66/67
N126_LastRoad_MOD,CSV/Card\LastRoad_master.txt,@敗北_inochi_m3,命乞い,ヴァンパイア,メスの才能,射精0／ところてん系0／メスイキ系0,3853,66/67
N126_LastRoad_MOD,CSV/Card\LastRoad_master.txt,@敗北_inochi_e1,命乞い,パステト,（当たらない）,射精0／ところてん系0／メスイキ系0,3891,64/65
N126_LastRoad_MOD,CSV/Card\LastRoad_master.txt,@敗北_inochi_e2,命乞い,仙女,メスの才能・体のメス化,射精0／ところてん系0／メスイキ系0,3884,63/64
N126_LastRoad_MOD,CSV/Card\LastRoad_master.txt,@敗北_inochi_e3,命乞い,ウォーリア,（当たらない）,射精0／ところてん系0／メスイキ系0,3891,64/65
N126_LastRoad_MOD,CSV/Card\LastRoad_master.txt,@敗北_inochi_boss,命乞い,姫騎士,（当たらない）,射精0／ところてん系0／メスイキ系0,3866,64/65
N126_LastRoad_MOD,CSV/Card\LastRoad_master.txt,@敗北_onedari_m1,おねだり,ヴァンパイア,メスの才能,射精0／ところてん系2／メスイキ系0,3889,67/68
N126_LastRoad_MOD,CSV/Card\LastRoad_master.txt,@敗北_onedari_m2,おねだり,ヴァンパイア,（当たらない）,射精0／ところてん系1／メスイキ系0,3805,66/67
N126_LastRoad_MOD,CSV/Card\LastRoad_master.txt,@敗北_onedari_m3,おねだり,ヴァンパイア,メスの才能,射精0／ところてん系0／メスイキ系0,3852,67/68
N126_LastRoad_MOD,CSV/Card\LastRoad_master.txt,@敗北_onedari_e1,おねだり,パステト,（当たらない）,射精0／ところてん系0／メスイキ系0,3875,64/65
N126_LastRoad_MOD,CSV/Card\LastRoad_master.txt,@敗北_onedari_e2,おねだり,仙女,メスの才能・体のメス化,射精0／ところてん系0／メスイキ系0,3851,61/62
N126_LastRoad_MOD,CSV/Card\LastRoad_master.txt,@敗北_onedari_e3,おねだり,ウォーリア,メスの才能・体のメス化,射精0／ところてん系1／メスイキ系0,3902,65/66
N126_LastRoad_MOD,CSV/Card\LastRoad_master.txt,@敗北_onedari_boss,おねだり,姫騎士,メスの才能・体のメス化,射精0／ところてん系1／メスイキ系0,3820,64/65
N127_Kargos1_MOD,CSV/Card\Kargos1_master.txt,@敗北_btl_m1,バトル,ギルギア,ところてん→メスイキ・メスの才能・体のメス化,射精0／ところてん系1／メスイキ系0,3888,72/73
N127_Kargos1_MOD,CSV/Card\Kargos1_master.txt,@敗北_btl_m2,バトル,ギルギア,ところてん→メスイキ・メスの才能,射精0／ところてん系0／メスイキ系0,3912,74/75
N127_Kargos1_MOD,CSV/Card\Kargos1_master.txt,@敗北_btl_m3,バトル,ギルギア,ところてん→メスイキ・メスの才能・体のメス化,射精0／ところてん系0／メスイキ系0,3830,71/72
N127_Kargos1_MOD,CSV/Card\Kargos1_master.txt,@敗北_btl_e1,バトル,ヘビヒメ,メスの才能・体のメス化・ぱふぱふ,射精0／ところてん系0／メスイキ系0,3925,71/72
N127_Kargos1_MOD,CSV/Card\Kargos1_master.txt,@敗北_btl_e2,バトル,リリーポム,メスの才能・体のメス化,射精0／ところてん系0／メスイキ系0,3921,72/73
N127_Kargos1_MOD,CSV/Card\Kargos1_master.txt,@敗北_btl_e3,バトル,ハニークイン,メスの才能・体のメス化,射精0／ところてん系1／メスイキ系0,3864,73/74
N127_Kargos1_MOD,CSV/Card\Kargos1_master.txt,@敗北_btl_boss,バトル,キュゲラ,ところてん→メスイキ・メスの才能,射精0／ところてん系0／メスイキ系0,3853,67/68
N127_Kargos1_MOD,CSV/Card\Kargos1_master.txt,@敗北_onani_m1,オナニー,ギルギア,ところてん→メスイキ・メスの才能・体のメス化,射精0／ところてん系1／メスイキ系0,3844,71/72
N127_Kargos1_MOD,CSV/Card\Kargos1_master.txt,@敗北_onani_m2,オナニー,ギルギア,ところてん→メスイキ・メスの才能,射精0／ところてん系2／メスイキ系0,3863,74/76
N127_Kargos1_MOD,CSV/Card\Kargos1_master.txt,@敗北_onani_m3,オナニー,ギルギア,ところてん→メスイキ・メスの才能,射精0／ところてん系0／メスイキ系0,3834,73/74
N127_Kargos1_MOD,CSV/Card\Kargos1_master.txt,@敗北_onani_e1,オナニー,ヘビヒメ,メスの才能・体のメス化・ぱふぱふ,射精0／ところてん系3／メスイキ系0,3955,72/73
N127_Kargos1_MOD,CSV/Card\Kargos1_master.txt,@敗北_onani_e2,オナニー,リリーポム,（当たらない）,射精0／ところてん系0／メスイキ系0,3851,71/72
N127_Kargos1_MOD,CSV/Card\Kargos1_master.txt,@敗北_onani_e3,オナニー,ハニークイン,メスの才能・体のメス化,射精0／ところてん系0／メスイキ系0,3813,71/72
N127_Kargos1_MOD,CSV/Card\Kargos1_master.txt,@敗北_onani_boss,オナニー,キュゲラ,ところてん→メスイキ・メスの才能,射精0／ところてん系0／メスイキ系0,3821,67/68
N127_Kargos1_MOD,CSV/Card\Kargos1_master.txt,@敗北_inochi_m1,命乞い,ギルギア,ところてん→メスイキ・メスの才能,射精0／ところてん系0／メスイキ系0,3792,68/69
N127_Kargos1_MOD,CSV/Card\Kargos1_master.txt,@敗北_inochi_m2,命乞い,ギルギア,ところてん→メスイキ・メスの才能,射精0／ところてん系1／メスイキ系0,3821,70/71
N127_Kargos1_MOD,CSV/Card\Kargos1_master.txt,@敗北_inochi_m3,命乞い,ギルギア,ところてん→メスイキ・メスの才能,射精0／ところてん系1／メスイキ系0,3783,68/69
N127_Kargos1_MOD,CSV/Card\Kargos1_master.txt,@敗北_inochi_e1,命乞い,ヘビヒメ,ぱふぱふ,射精0／ところてん系0／メスイキ系0,3869,69/70
N127_Kargos1_MOD,CSV/Card\Kargos1_master.txt,@敗北_inochi_e2,命乞い,リリーポム,（当たらない）,射精0／ところてん系1／メスイキ系0,3827,68/69
N127_Kargos1_MOD,CSV/Card\Kargos1_master.txt,@敗北_inochi_e3,命乞い,ハニークイン,（当たらない）,射精0／ところてん系0／メスイキ系0,3731,66/67
N127_Kargos1_MOD,CSV/Card\Kargos1_master.txt,@敗北_inochi_boss,命乞い,キュゲラ,ところてん→メスイキ・メスの才能・体のメス化,射精0／ところてん系0／メスイキ系0,3908,67/68
N127_Kargos1_MOD,CSV/Card\Kargos1_master.txt,@敗北_onedari_m1,おねだり,ギルギア,ところてん→メスイキ・メスの才能・体のメス化,射精0／ところてん系0／メスイキ系0,3768,70/71
N127_Kargos1_MOD,CSV/Card\Kargos1_master.txt,@敗北_onedari_m2,おねだり,ギルギア,ところてん→メスイキ・メスの才能・体のメス化,射精0／ところてん系0／メスイキ系0,3741,71/72
N127_Kargos1_MOD,CSV/Card\Kargos1_master.txt,@敗北_onedari_m3,おねだり,ギルギア,ところてん→メスイキ・メスの才能・体のメス化,射精0／ところてん系2／メスイキ系0,3775,68/69
N127_Kargos1_MOD,CSV/Card\Kargos1_master.txt,@敗北_onedari_e1,おねだり,ヘビヒメ,（当たらない）,射精0／ところてん系0／メスイキ系0,3781,68/69
N127_Kargos1_MOD,CSV/Card\Kargos1_master.txt,@敗北_onedari_e2,おねだり,リリーポム,メスの才能・体のメス化,射精0／ところてん系1／メスイキ系0,3754,68/69
N127_Kargos1_MOD,CSV/Card\Kargos1_master.txt,@敗北_onedari_e3,おねだり,ハニークイン,メスの才能・体のメス化,射精0／ところてん系0／メスイキ系0,3809,70/71
N127_Kargos1_MOD,CSV/Card\Kargos1_master.txt,@敗北_onedari_boss,おねだり,キュゲラ,ところてん→メスイキ・メスの才能・体のメス化,射精0／ところてん系2／メスイキ系0,3813,67/68
N128_Kargos2_MOD,CSV/Card\Kargos2_master.txt,@敗北_btl_m1,バトル,テレサ,メスの才能・体のメス化,射精0／ところてん系0／メスイキ系0,3890,72/73
N128_Kargos2_MOD,CSV/Card\Kargos2_master.txt,@敗北_btl_m2,バトル,テレサ,メスの才能・体のメス化,射精0／ところてん系2／メスイキ系0,3986,74/75
N128_Kargos2_MOD,CSV/Card\Kargos2_master.txt,@敗北_btl_m3,バトル,テレサ,メスの才能・体のメス化,射精0／ところてん系0／メスイキ系0,3875,71/72
N128_Kargos2_MOD,CSV/Card\Kargos2_master.txt,@敗北_btl_e1,バトル,バニー・バニー,メスの才能・体のメス化・顔面騎乗,射精0／ところてん系1／メスイキ系0,3978,68/69
N128_Kargos2_MOD,CSV/Card\Kargos2_master.txt,@敗北_btl_e2,バトル,コルダ,（当たらない）,射精0／ところてん系0／メスイキ系0,3967,75/76
N128_Kargos2_MOD,CSV/Card\Kargos2_master.txt,@敗北_btl_e3,バトル,ライフピンク,（当たらない）,射精0／ところてん系0／メスイキ系0,3996,69/70
N128_Kargos2_MOD,CSV/Card\Kargos2_master.txt,@敗北_btl_boss,バトル,シックス,ところてん→メスイキ・メスの才能,射精3／ところてん系0／メスイキ系0,4203,70/72
N128_Kargos2_MOD,CSV/Card\Kargos2_master.txt,@敗北_onani_m1,オナニー,テレサ,メスの才能・体のメス化,射精0／ところてん系0／メスイキ系0,3786,70/71
N128_Kargos2_MOD,CSV/Card\Kargos2_master.txt,@敗北_onani_m2,オナニー,テレサ,メスの才能,射精0／ところてん系0／メスイキ系1,3941,74/75
N128_Kargos2_MOD,CSV/Card\Kargos2_master.txt,@敗北_onani_m3,オナニー,テレサ,メスの才能,射精0／ところてん系1／メスイキ系0,3910,71/72
N128_Kargos2_MOD,CSV/Card\Kargos2_master.txt,@敗北_onani_e1,オナニー,バニー・バニー,メスの才能・体のメス化・顔面騎乗(息はできる),射精0／ところてん系0／メスイキ系0,3919,67/68
N128_Kargos2_MOD,CSV/Card\Kargos2_master.txt,@敗北_onani_e2,オナニー,コルダ,メスの才能・体のメス化,射精0／ところてん系0／メスイキ系0,3956,74/75
N128_Kargos2_MOD,CSV/Card\Kargos2_master.txt,@敗北_onani_e3,オナニー,ライフピンク,メスの才能・体のメス化,射精0／ところてん系1／メスイキ系0,3963,68/69
N128_Kargos2_MOD,CSV/Card\Kargos2_master.txt,@敗北_onani_boss,オナニー,シックス,ところてん→メスイキ・メスの才能,射精3／ところてん系0／メスイキ系0,3953,67/68
N128_Kargos2_MOD,CSV/Card\Kargos2_master.txt,@敗北_inochi_m1,命乞い,テレサ,メスの才能・体のメス化,射精0／ところてん系1／メスイキ系0,3847,77/78
N128_Kargos2_MOD,CSV/Card\Kargos2_master.txt,@敗北_inochi_m2,命乞い,テレサ,メスの才能,射精0／ところてん系0／メスイキ系0,3848,75/76
N128_Kargos2_MOD,CSV/Card\Kargos2_master.txt,@敗北_inochi_m3,命乞い,テレサ,メスの才能,射精0／ところてん系0／メスイキ系0,3795,74/75
N128_Kargos2_MOD,CSV/Card\Kargos2_master.txt,@敗北_inochi_e1,命乞い,バニー・バニー,顔面騎乗(息はできる)・ぱふぱふ,射精0／ところてん系0／メスイキ系0,3853,68/69
N128_Kargos2_MOD,CSV/Card\Kargos2_master.txt,@敗北_inochi_e2,命乞い,コルダ,（当たらない）,射精0／ところてん系1／メスイキ系0,3898,72/73
N128_Kargos2_MOD,CSV/Card\Kargos2_master.txt,@敗北_inochi_e3,命乞い,ライフピンク,メスの才能・体のメス化,射精0／ところてん系0／メスイキ系0,3879,69/70
N128_Kargos2_MOD,CSV/Card\Kargos2_master.txt,@敗北_inochi_boss,命乞い,シックス,ところてん→メスイキ・メスの才能,射精3／ところてん系2／メスイキ系0,3940,70/72
N128_Kargos2_MOD,CSV/Card\Kargos2_master.txt,@敗北_onedari_m1,おねだり,テレサ,メスの才能,射精0／ところてん系0／メスイキ系0,3768,72/73
N128_Kargos2_MOD,CSV/Card\Kargos2_master.txt,@敗北_onedari_m2,おねだり,テレサ,メスの才能,射精0／ところてん系0／メスイキ系0,3781,72/73
N128_Kargos2_MOD,CSV/Card\Kargos2_master.txt,@敗北_onedari_m3,おねだり,テレサ,メスの才能,射精0／ところてん系1／メスイキ系0,3829,73/74
N128_Kargos2_MOD,CSV/Card\Kargos2_master.txt,@敗北_onedari_e1,おねだり,バニー・バニー,顔面騎乗(息はできる),射精0／ところてん系1／メスイキ系0,3907,67/68
N128_Kargos2_MOD,CSV/Card\Kargos2_master.txt,@敗北_onedari_e2,おねだり,コルダ,（当たらない）,射精0／ところてん系0／メスイキ系0,3854,69/71
N128_Kargos2_MOD,CSV/Card\Kargos2_master.txt,@敗北_onedari_e3,おねだり,ライフピンク,（当たらない）,射精0／ところてん系0／メスイキ系0,3916,65/66
N128_Kargos2_MOD,CSV/Card\Kargos2_master.txt,@敗北_onedari_boss,おねだり,シックス,ところてん→メスイキ・メスの才能,射精0／ところてん系1／メスイキ系0,3937,68/69
N129_Shrift1_MOD,CSV/Card\Shrift1_master.txt,@敗北_btl_m1,バトル,ローズ,メスの才能・体のメス化,射精0／ところてん系6／メスイキ系0,3883,69/70
N129_Shrift1_MOD,CSV/Card\Shrift1_master.txt,@敗北_btl_m2,バトル,ローズ,メスの才能・体のメス化,射精0／ところてん系1／メスイキ系0,4021,75/76
N129_Shrift1_MOD,CSV/Card\Shrift1_master.txt,@敗北_btl_m3,バトル,ローズ,メスの才能・体のメス化,射精0／ところてん系1／メスイキ系0,3948,71/72
N129_Shrift1_MOD,CSV/Card\Shrift1_master.txt,@敗北_btl_e1,バトル,セイレーン,メスの才能・体のメス化・ぱふぱふ,射精0／ところてん系0／メスイキ系0,3934,72/73
N129_Shrift1_MOD,CSV/Card\Shrift1_master.txt,@敗北_btl_e2,バトル,トオロドン,メスの才能・体のメス化,射精0／ところてん系1／メスイキ系0,4098,74/75
N129_Shrift1_MOD,CSV/Card\Shrift1_master.txt,@敗北_btl_e3,バトル,ケットシー,メスの才能・体のメス化,射精0／ところてん系0／メスイキ系0,4049,73/74
N129_Shrift1_MOD,CSV/Card\Shrift1_master.txt,@敗北_btl_boss,バトル,カハク,ところてん→メスイキ・メスの才能・体のメス化,射精0／ところてん系3／メスイキ系0,4028,70/71
N129_Shrift1_MOD,CSV/Card\Shrift1_master.txt,@敗北_onani_m1,オナニー,ローズ,メスの才能・体のメス化,射精0／ところてん系1／メスイキ系0,3821,69/70
N129_Shrift1_MOD,CSV/Card\Shrift1_master.txt,@敗北_onani_m2,オナニー,ローズ,メスの才能・体のメス化,射精0／ところてん系1／メスイキ系0,4000,71/72
N129_Shrift1_MOD,CSV/Card\Shrift1_master.txt,@敗北_onani_m3,オナニー,ローズ,メスの才能,射精0／ところてん系0／メスイキ系0,3977,70/71
N129_Shrift1_MOD,CSV/Card\Shrift1_master.txt,@敗北_onani_e1,オナニー,セイレーン,メスの才能・体のメス化・ぱふぱふ,射精0／ところてん系0／メスイキ系0,4073,75/76
N129_Shrift1_MOD,CSV/Card\Shrift1_master.txt,@敗北_onani_e2,オナニー,トオロドン,メスの才能,射精0／ところてん系1／メスイキ系0,4071,73/74
N129_Shrift1_MOD,CSV/Card\Shrift1_master.txt,@敗北_onani_e3,オナニー,ケットシー,メスの才能・体のメス化・ぱふぱふ,射精0／ところてん系2／メスイキ系0,3952,72/73
N129_Shrift1_MOD,CSV/Card\Shrift1_master.txt,@敗北_onani_boss,オナニー,カハク,メスの才能・体のメス化,射精0／ところてん系0／メスイキ系0,4048,70/71
N129_Shrift1_MOD,CSV/Card\Shrift1_master.txt,@敗北_inochi_m1,命乞い,ローズ,メスの才能・体のメス化,射精0／ところてん系0／メスイキ系0,3821,71/72
N129_Shrift1_MOD,CSV/Card\Shrift1_master.txt,@敗北_inochi_m2,命乞い,ローズ,メスの才能・体のメス化,射精0／ところてん系0／メスイキ系0,4029,73/74
N129_Shrift1_MOD,CSV/Card\Shrift1_master.txt,@敗北_inochi_m3,命乞い,ローズ,メスの才能,射精0／ところてん系1／メスイキ系0,4027,72/73
N129_Shrift1_MOD,CSV/Card\Shrift1_master.txt,@敗北_inochi_e1,命乞い,セイレーン,メスの才能・体のメス化・ぱふぱふ,射精0／ところてん系1／メスイキ系0,4019,77/78
N129_Shrift1_MOD,CSV/Card\Shrift1_master.txt,@敗北_inochi_e2,命乞い,トオロドン,メスの才能,射精0／ところてん系1／メスイキ系0,4113,75/76
N129_Shrift1_MOD,CSV/Card\Shrift1_master.txt,@敗北_inochi_e3,命乞い,ケットシー,（当たらない）,射精0／ところてん系0／メスイキ系0,4079,73/74
N129_Shrift1_MOD,CSV/Card\Shrift1_master.txt,@敗北_inochi_boss,命乞い,カハク,ところてん→メスイキ・メスの才能・体のメス化,射精0／ところてん系1／メスイキ系0,4100,75/76
N129_Shrift1_MOD,CSV/Card\Shrift1_master.txt,@敗北_onedari_m1,おねだり,ローズ,メスの才能,射精0／ところてん系0／メスイキ系0,4059,75/76
N129_Shrift1_MOD,CSV/Card\Shrift1_master.txt,@敗北_onedari_m2,おねだり,ローズ,メスの才能・体のメス化,射精0／ところてん系0／メスイキ系0,4014,72/73
N129_Shrift1_MOD,CSV/Card\Shrift1_master.txt,@敗北_onedari_m3,おねだり,ローズ,メスの才能,射精0／ところてん系0／メスイキ系0,4039,74/75
N129_Shrift1_MOD,CSV/Card\Shrift1_master.txt,@敗北_onedari_e1,おねだり,セイレーン,メスの才能・体のメス化・ぱふぱふ,射精0／ところてん系1／メスイキ系0,3975,74/75
N129_Shrift1_MOD,CSV/Card\Shrift1_master.txt,@敗北_onedari_e2,おねだり,トオロドン,メスの才能,射精0／ところてん系0／メスイキ系0,4102,76/77
N129_Shrift1_MOD,CSV/Card\Shrift1_master.txt,@敗北_onedari_e3,おねだり,ケットシー,メスの才能・体のメス化・ぱふぱふ,射精0／ところてん系1／メスイキ系0,4067,75/76
N129_Shrift1_MOD,CSV/Card\Shrift1_master.txt,@敗北_onedari_boss,おねだり,カハク,ところてん→メスイキ・メスの才能・体のメス化,射精0／ところてん系1／メスイキ系0,4085,73/74
N130_Shrift2_MOD,CSV/Card\Shrift2_master.txt,@敗北_btl_m1,バトル,カリブディス,ところてん→メスイキ・メスの才能・体のメス化,射精0／ところてん系0／メスイキ系0,3886,68/69
N130_Shrift2_MOD,CSV/Card\Shrift2_master.txt,@敗北_btl_m2,バトル,カリブディス,ところてん→メスイキ・乳首では出さない(射精の語あり 要確認)・メスの才能・体のメス化,射精1／ところてん系0／メスイキ系0,3884,67/68
N130_Shrift2_MOD,CSV/Card\Shrift2_master.txt,@敗北_btl_m3,バトル,カリブディス,ところてん→メスイキ・乳首では出さない(射精の語あり 要確認)・メスの才能・体のメス化・ぱふぱふ,射精1／ところてん系1／メスイキ系0,3844,66/67
N130_Shrift2_MOD,CSV/Card\Shrift2_master.txt,@敗北_btl_e1,バトル,絡新婦,メスの才能・体のメス化,射精0／ところてん系1／メスイキ系0,3810,66/67
N130_Shrift2_MOD,CSV/Card\Shrift2_master.txt,@敗北_btl_e2,バトル,クラウン,メスの才能・体のメス化,射精0／ところてん系0／メスイキ系0,3893,67/68
N130_Shrift2_MOD,CSV/Card\Shrift2_master.txt,@敗北_btl_e3,バトル,影女,メスの才能・体のメス化,射精0／ところてん系0／メスイキ系0,3876,69/70
N130_Shrift2_MOD,CSV/Card\Shrift2_master.txt,@敗北_btl_boss,バトル,LOVERS,メスの才能・体のメス化,射精0／ところてん系0／メスイキ系0,4191,74/75
N130_Shrift2_MOD,CSV/Card\Shrift2_master.txt,@敗北_onani_m1,オナニー,カリブディス,ところてん→メスイキ・メスの才能・体のメス化,射精0／ところてん系1／メスイキ系0,3932,68/69
N130_Shrift2_MOD,CSV/Card\Shrift2_master.txt,@敗北_onani_m2,オナニー,カリブディス,ところてん→メスイキ・メスの才能・体のメス化,射精0／ところてん系1／メスイキ系0,3933,67/68
N130_Shrift2_MOD,CSV/Card\Shrift2_master.txt,@敗北_onani_m3,オナニー,カリブディス,ところてん→メスイキ・メスの才能・ぱふぱふ,射精0／ところてん系0／メスイキ系0,3947,68/69
N130_Shrift2_MOD,CSV/Card\Shrift2_master.txt,@敗北_onani_e1,オナニー,絡新婦,メスの才能・体のメス化,射精0／ところてん系0／メスイキ系0,3953,70/71
N130_Shrift2_MOD,CSV/Card\Shrift2_master.txt,@敗北_onani_e2,オナニー,クラウン,メスの才能・体のメス化,射精0／ところてん系4／メスイキ系0,3952,67/68
N130_Shrift2_MOD,CSV/Card\Shrift2_master.txt,@敗北_onani_e3,オナニー,影女,メスの才能・体のメス化,射精0／ところてん系0／メスイキ系0,3930,68/69
N130_Shrift2_MOD,CSV/Card\Shrift2_master.txt,@敗北_onani_boss,オナニー,LOVERS,メスの才能・体のメス化,射精0／ところてん系0／メスイキ系0,4100,74/75
N130_Shrift2_MOD,CSV/Card\Shrift2_master.txt,@敗北_inochi_m1,命乞い,カリブディス,ところてん→メスイキ・メスの才能・体のメス化,射精0／ところてん系0／メスイキ系0,3846,65/66
N130_Shrift2_MOD,CSV/Card\Shrift2_master.txt,@敗北_inochi_m2,命乞い,カリブディス,ところてん→メスイキ・メスの才能・体のメス化,射精0／ところてん系0／メスイキ系0,3922,65/66
N130_Shrift2_MOD,CSV/Card\Shrift2_master.txt,@敗北_inochi_m3,命乞い,カリブディス,ところてん→メスイキ・メスの才能・ぱふぱふ,射精0／ところてん系0／メスイキ系0,3943,63/64
N130_Shrift2_MOD,CSV/Card\Shrift2_master.txt,@敗北_inochi_e1,命乞い,絡新婦,メスの才能・体のメス化,射精0／ところてん系1／メスイキ系0,3923,65/66
N130_Shrift2_MOD,CSV/Card\Shrift2_master.txt,@敗北_inochi_e2,命乞い,クラウン,メスの才能・体のメス化,射精0／ところてん系0／メスイキ系0,3945,63/64
N130_Shrift2_MOD,CSV/Card\Shrift2_master.txt,@敗北_inochi_e3,命乞い,影女,メスの才能・体のメス化,射精0／ところてん系0／メスイキ系0,3983,63/64
N130_Shrift2_MOD,CSV/Card\Shrift2_master.txt,@敗北_inochi_boss,命乞い,LOVERS,メスの才能・体のメス化,射精0／ところてん系0／メスイキ系0,4055,66/67
N130_Shrift2_MOD,CSV/Card\Shrift2_master.txt,@敗北_onedari_m1,おねだり,カリブディス,ところてん→メスイキ・メスの才能・体のメス化,射精0／ところてん系0／メスイキ系0,3880,64/65
N130_Shrift2_MOD,CSV/Card\Shrift2_master.txt,@敗北_onedari_m2,おねだり,カリブディス,ところてん→メスイキ・メスの才能・体のメス化,射精0／ところてん系0／メスイキ系0,3885,64/65
N130_Shrift2_MOD,CSV/Card\Shrift2_master.txt,@敗北_onedari_m3,おねだり,カリブディス,ところてん→メスイキ・メスの才能・ぱふぱふ,射精0／ところてん系0／メスイキ系0,3892,63/64
N130_Shrift2_MOD,CSV/Card\Shrift2_master.txt,@敗北_onedari_e1,おねだり,絡新婦,メスの才能,射精0／ところてん系1／メスイキ系0,3830,63/64
N130_Shrift2_MOD,CSV/Card\Shrift2_master.txt,@敗北_onedari_e2,おねだり,クラウン,メスの才能・体のメス化,射精0／ところてん系0／メスイキ系0,3922,62/63
N130_Shrift2_MOD,CSV/Card\Shrift2_master.txt,@敗北_onedari_e3,おねだり,影女,メスの才能・体のメス化,射精0／ところてん系0／メスイキ系0,3878,62/63
N130_Shrift2_MOD,CSV/Card\Shrift2_master.txt,@敗北_onedari_boss,おねだり,LOVERS,メスの才能・体のメス化,射精0／ところてん系0／メスイキ系0,3891,65/66
N131_Moon1_MOD,CSV/Card\Moon1_master.txt,@敗北_btl_m1,バトル,クロノム,メスの才能・体のメス化,射精0／ところてん系0／メスイキ系0,3818,65/66
N131_Moon1_MOD,CSV/Card\Moon1_master.txt,@敗北_btl_m2,バトル,クロノム,メスの才能・体のメス化,射精0／ところてん系1／メスイキ系0,3829,66/67
N131_Moon1_MOD,CSV/Card\Moon1_master.txt,@敗北_btl_m3,バトル,クロノム,メスの才能,射精0／ところてん系1／メスイキ系0,3803,66/67
N131_Moon1_MOD,CSV/Card\Moon1_master.txt,@敗北_btl_e1,バトル,リヤ,ところてん→メスイキ・メスの才能・体のメス化,射精0／ところてん系0／メスイキ系0,3755,67/68
N131_Moon1_MOD,CSV/Card\Moon1_master.txt,@敗北_btl_e2,バトル,ナンシー,（当たらない）,射精0／ところてん系1／メスイキ系0,3845,64/65
N131_Moon1_MOD,CSV/Card\Moon1_master.txt,@敗北_btl_e3,バトル,エイル,ところてん→メスイキ・メスの才能・体のメス化,射精0／ところてん系0／メスイキ系0,3797,69/70
N131_Moon1_MOD,CSV/Card\Moon1_master.txt,@敗北_btl_boss,バトル,スノウ,メスの才能・体のメス化,射精0／ところてん系1／メスイキ系0,3810,83/84
N131_Moon1_MOD,CSV/Card\Moon1_master.txt,@敗北_onani_m1,オナニー,クロノム,メスの才能・体のメス化,射精0／ところてん系0／メスイキ系0,3848,65/66
N131_Moon1_MOD,CSV/Card\Moon1_master.txt,@敗北_onani_m2,オナニー,クロノム,メスの才能・体のメス化,射精0／ところてん系0／メスイキ系0,3871,66/67
N131_Moon1_MOD,CSV/Card\Moon1_master.txt,@敗北_onani_m3,オナニー,クロノム,メスの才能,射精0／ところてん系1／メスイキ系0,3899,66/68
N131_Moon1_MOD,CSV/Card\Moon1_master.txt,@敗北_onani_e1,オナニー,リヤ,ところてん→メスイキ・メスの才能・体のメス化,射精0／ところてん系0／メスイキ系0,3837,66/68
N131_Moon1_MOD,CSV/Card\Moon1_master.txt,@敗北_onani_e2,オナニー,ナンシー,メスの才能・体のメス化,射精0／ところてん系0／メスイキ系0,3912,64/65
N131_Moon1_MOD,CSV/Card\Moon1_master.txt,@敗北_onani_e3,オナニー,エイル,ところてん→メスイキ・メスの才能・体のメス化,射精0／ところてん系0／メスイキ系0,3885,65/66
N131_Moon1_MOD,CSV/Card\Moon1_master.txt,@敗北_onani_boss,オナニー,スノウ,メスの才能・体のメス化,射精0／ところてん系1／メスイキ系0,3895,81/82
N131_Moon1_MOD,CSV/Card\Moon1_master.txt,@敗北_inochi_m1,命乞い,クロノム,メスの才能・体のメス化,射精0／ところてん系0／メスイキ系0,3886,66/67
N131_Moon1_MOD,CSV/Card\Moon1_master.txt,@敗北_inochi_m2,命乞い,クロノム,メスの才能・体のメス化,射精0／ところてん系0／メスイキ系0,3954,62/63
N131_Moon1_MOD,CSV/Card\Moon1_master.txt,@敗北_inochi_m3,命乞い,クロノム,メスの才能,射精0／ところてん系0／メスイキ系0,3949,63/64
N131_Moon1_MOD,CSV/Card\Moon1_master.txt,@敗北_inochi_e1,命乞い,リヤ,ところてん→メスイキ・メスの才能・体のメス化,射精0／ところてん系1／メスイキ系0,3983,62/63
N131_Moon1_MOD,CSV/Card\Moon1_master.txt,@敗北_inochi_e2,命乞い,ナンシー,メスの才能・体のメス化,射精0／ところてん系1／メスイキ系0,3883,59/60
N131_Moon1_MOD,CSV/Card\Moon1_master.txt,@敗北_inochi_e3,命乞い,エイル,ところてん→メスイキ・メスの才能・体のメス化,射精0／ところてん系3／メスイキ系0,3788,60/61
N131_Moon1_MOD,CSV/Card\Moon1_master.txt,@敗北_inochi_boss,命乞い,スノウ,メスの才能・体のメス化,射精0／ところてん系0／メスイキ系0,3738,69/70
N131_Moon1_MOD,CSV/Card\Moon1_master.txt,@敗北_onedari_m1,おねだり,クロノム,メスの才能・体のメス化,射精0／ところてん系0／メスイキ系0,3852,62/63
N131_Moon1_MOD,CSV/Card\Moon1_master.txt,@敗北_onedari_m2,おねだり,クロノム,ところてん→メスイキ・メスの才能・体のメス化,射精0／ところてん系1／メスイキ系0,3782,61/62
N131_Moon1_MOD,CSV/Card\Moon1_master.txt,@敗北_onedari_m3,おねだり,クロノム,メスの才能・体のメス化,射精0／ところてん系0／メスイキ系0,3816,59/60
N131_Moon1_MOD,CSV/Card\Moon1_master.txt,@敗北_onedari_e1,おねだり,リヤ,ところてん→メスイキ・メスの才能・体のメス化,射精0／ところてん系1／メスイキ系0,3758,63/64
N131_Moon1_MOD,CSV/Card\Moon1_master.txt,@敗北_onedari_e2,おねだり,ナンシー,メスの才能・体のメス化,射精0／ところてん系0／メスイキ系0,3866,60/61
N131_Moon1_MOD,CSV/Card\Moon1_master.txt,@敗北_onedari_e3,おねだり,エイル,ところてん→メスイキ・メスの才能・体のメス化,射精0／ところてん系1／メスイキ系0,3847,64/65
N131_Moon1_MOD,CSV/Card\Moon1_master.txt,@敗北_onedari_boss,おねだり,スノウ,メスの才能・体のメス化,射精0／ところてん系1／メスイキ系0,3778,72/73
N132_Moon2_MOD,CSV/Card\Moon2_master.txt,@敗北_btl_m1,バトル,ソレイユ,（当たらない）,射精0／ところてん系2／メスイキ系0,3905,71/72
N132_Moon2_MOD,CSV/Card\Moon2_master.txt,@敗北_btl_m2,バトル,リーゼ,ところてん→メスイキ・メスの才能・体のメス化,射精0／ところてん系0／メスイキ系0,3841,68/70
N132_Moon2_MOD,CSV/Card\Moon2_master.txt,@敗北_btl_m3,バトル,リーゼ,ところてん→メスイキ・メスの才能・体のメス化,射精0／ところてん系1／メスイキ系0,3851,71/72
N132_Moon2_MOD,CSV/Card\Moon2_master.txt,@敗北_btl_e1,バトル,ダークエルフ,ところてん→メスイキ・メスの才能・体のメス化,射精0／ところてん系2／メスイキ系0,3826,66/67
N132_Moon2_MOD,CSV/Card\Moon2_master.txt,@敗北_btl_e2,バトル,アルラウネ,メスの才能,射精0／ところてん系1／メスイキ系0,3843,66/67
N132_Moon2_MOD,CSV/Card\Moon2_master.txt,@敗北_btl_e3,バトル,マーチ,メスの才能・体のメス化,射精0／ところてん系2／メスイキ系0,3892,72/73
N132_Moon2_MOD,CSV/Card\Moon2_master.txt,@敗北_btl_boss,バトル,ミュカス,メスの才能・体のメス化,射精0／ところてん系0／メスイキ系0,3846,69/70
N132_Moon2_MOD,CSV/Card\Moon2_master.txt,@敗北_onani_m1,オナニー,ソレイユ,ところてん→メスイキ・メスの才能・体のメス化,射精0／ところてん系0／メスイキ系0,3801,68/69
N132_Moon2_MOD,CSV/Card\Moon2_master.txt,@敗北_onani_m2,オナニー,リーゼ,メスの才能・体のメス化,射精0／ところてん系2／メスイキ系0,3902,68/69
N132_Moon2_MOD,CSV/Card\Moon2_master.txt,@敗北_onani_m3,オナニー,ソレイユ,ところてん→メスイキ・メスの才能・体のメス化,射精0／ところてん系2／メスイキ系0,3834,67/68
N132_Moon2_MOD,CSV/Card\Moon2_master.txt,@敗北_onani_e1,オナニー,ダークエルフ,ところてん→メスイキ・メスの才能・体のメス化,射精0／ところてん系2／メスイキ系0,3935,67/68
N132_Moon2_MOD,CSV/Card\Moon2_master.txt,@敗北_onani_e2,オナニー,アルラウネ,メスの才能,射精0／ところてん系3／メスイキ系0,3900,70/71
N132_Moon2_MOD,CSV/Card\Moon2_master.txt,@敗北_onani_e3,オナニー,マーチ,メスの才能・体のメス化,射精0／ところてん系1／メスイキ系0,3804,68/69
N132_Moon2_MOD,CSV/Card\Moon2_master.txt,@敗北_onani_boss,オナニー,ミュカス,メスの才能・体のメス化,射精0／ところてん系2／メスイキ系0,3860,67/68
N132_Moon2_MOD,CSV/Card\Moon2_master.txt,@敗北_inochi_m1,命乞い,リーゼ,体のメス化,射精0／ところてん系1／メスイキ系0,3882,70/71
N132_Moon2_MOD,CSV/Card\Moon2_master.txt,@敗北_inochi_m2,命乞い,リーゼ,ところてん→メスイキ・メスの才能・体のメス化,射精0／ところてん系0／メスイキ系0,3840,73/74
N132_Moon2_MOD,CSV/Card\Moon2_master.txt,@敗北_inochi_m3,命乞い,リーゼ,ところてん→メスイキ(メスイキの語あり)・メスの才能・体のメス化,射精0／ところてん系1／メスイキ系1,3792,72/73
N132_Moon2_MOD,CSV/Card\Moon2_master.txt,@敗北_inochi_e1,命乞い,ダークエルフ,ところてん→メスイキ・メスの才能・体のメス化,射精0／ところてん系0／メスイキ系0,3807,65/66
N132_Moon2_MOD,CSV/Card\Moon2_master.txt,@敗北_inochi_e2,命乞い,アルラウネ,メスの才能・体のメス化,射精0／ところてん系1／メスイキ系0,3807,67/68
N132_Moon2_MOD,CSV/Card\Moon2_master.txt,@敗北_inochi_e3,命乞い,マーチ,メスの才能・体のメス化,射精0／ところてん系2／メスイキ系0,3811,66/67
N132_Moon2_MOD,CSV/Card\Moon2_master.txt,@敗北_inochi_boss,命乞い,ミュカス,メスの才能・体のメス化・ぱふぱふ(匂いなし),射精0／ところてん系0／メスイキ系0,3801,68/69
N132_Moon2_MOD,CSV/Card\Moon2_master.txt,@敗北_onedari_m1,おねだり,ソレイユ,メスの才能・体のメス化,射精0／ところてん系0／メスイキ系0,3814,70/71
N132_Moon2_MOD,CSV/Card\Moon2_master.txt,@敗北_onedari_m2,おねだり,リーゼ,メスの才能・体のメス化,射精0／ところてん系0／メスイキ系0,3817,72/73
N132_Moon2_MOD,CSV/Card\Moon2_master.txt,@敗北_onedari_m3,おねだり,ソレイユ,ところてん→メスイキ・メスの才能・体のメス化,射精0／ところてん系1／メスイキ系0,3846,69/70
N132_Moon2_MOD,CSV/Card\Moon2_master.txt,@敗北_onedari_e1,おねだり,ダークエルフ,ところてん→メスイキ・メスの才能・体のメス化,射精0／ところてん系2／メスイキ系0,3807,67/68
N132_Moon2_MOD,CSV/Card\Moon2_master.txt,@敗北_onedari_e2,おねだり,アルラウネ,メスの才能・体のメス化,射精0／ところてん系0／メスイキ系0,3818,68/69
N132_Moon2_MOD,CSV/Card\Moon2_master.txt,@敗北_onedari_e3,おねだり,マーチ,メスの才能・体のメス化,射精0／ところてん系1／メスイキ系0,3810,66/67
N132_Moon2_MOD,CSV/Card\Moon2_master.txt,@敗北_onedari_boss,おねだり,ミュカス,メスの才能,射精0／ところてん系1／メスイキ系0,3808,68/69
N133_REso_MOD,CSV/Card\REso_master.txt,@敗北_btl_m1,バトル,ラダマンテュス,ところてん→メスイキ・メスの才能・体のメス化,射精0／ところてん系0／メスイキ系0,3874,67/68
N133_REso_MOD,CSV/Card\REso_master.txt,@敗北_btl_m2,バトル,ラダマンテュス,ところてん→メスイキ・メスの才能・体のメス化,射精0／ところてん系1／メスイキ系0,3848,66/67
N133_REso_MOD,CSV/Card\REso_master.txt,@敗北_btl_m3,バトル,ラダマンテュス,ところてん→メスイキ・メスの才能・体のメス化,射精0／ところてん系0／メスイキ系0,3826,61/62
N133_REso_MOD,CSV/Card\REso_master.txt,@敗北_btl_e1,バトル,サキュバスメイド,メスの才能・体のメス化,射精0／ところてん系1／メスイキ系0,3833,66/67
N133_REso_MOD,CSV/Card\REso_master.txt,@敗北_btl_e2,バトル,ラップガール,メスの才能・体のメス化,射精0／ところてん系0／メスイキ系0,3817,64/65
N133_REso_MOD,CSV/Card\REso_master.txt,@敗北_btl_e3,バトル,エリザ,メスの才能・体のメス化,射精0／ところてん系0／メスイキ系0,3870,63/64
N133_REso_MOD,CSV/Card\REso_master.txt,@敗北_btl_boss,バトル,サキ,メスの才能・体のメス化,射精0／ところてん系0／メスイキ系0,3974,68/69
N133_REso_MOD,CSV/Card\REso_master.txt,@敗北_onani_m1,オナニー,ラダマンテュス,ところてん→メスイキ・メスの才能・体のメス化,射精0／ところてん系0／メスイキ系0,3808,63/64
N133_REso_MOD,CSV/Card\REso_master.txt,@敗北_onani_m2,オナニー,ラダマンテュス,ところてん→メスイキ・メスの才能・体のメス化,射精0／ところてん系0／メスイキ系0,3855,64/65
N133_REso_MOD,CSV/Card\REso_master.txt,@敗北_onani_m3,オナニー,ラダマンテュス,ところてん→メスイキ・メスの才能・体のメス化,射精0／ところてん系0／メスイキ系0,3846,60/61
N133_REso_MOD,CSV/Card\REso_master.txt,@敗北_onani_e1,オナニー,サキュバスメイド,メスの才能・体のメス化,射精0／ところてん系2／メスイキ系0,3916,64/65
N133_REso_MOD,CSV/Card\REso_master.txt,@敗北_onani_e2,オナニー,ラップガール,メスの才能・体のメス化,射精0／ところてん系0／メスイキ系0,3841,62/63
N133_REso_MOD,CSV/Card\REso_master.txt,@敗北_onani_e3,オナニー,エリザ,メスの才能・体のメス化,射精0／ところてん系0／メスイキ系0,3927,61/62
N133_REso_MOD,CSV/Card\REso_master.txt,@敗北_onani_boss,オナニー,サキ,メスの才能・体のメス化,射精0／ところてん系0／メスイキ系0,3824,61/62
N133_REso_MOD,CSV/Card\REso_master.txt,@敗北_inochi_m1,命乞い,ラダマンテュス,ところてん→メスイキ・メスの才能・体のメス化・ぱふぱふ,射精0／ところてん系0／メスイキ系0,3970,71/72
N133_REso_MOD,CSV/Card\REso_master.txt,@敗北_inochi_m2,命乞い,ラダマンテュス,ところてん→メスイキ・メスの才能・体のメス化,射精0／ところてん系1／メスイキ系0,3889,71/72
N133_REso_MOD,CSV/Card\REso_master.txt,@敗北_inochi_m3,命乞い,ラダマンテュス,ところてん→メスイキ・メスの才能・体のメス化,射精0／ところてん系1／メスイキ系0,3879,73/74
N133_REso_MOD,CSV/Card\REso_master.txt,@敗北_inochi_e1,命乞い,サキュバスメイド,メスの才能・体のメス化,射精0／ところてん系1／メスイキ系0,3902,71/72
N133_REso_MOD,CSV/Card\REso_master.txt,@敗北_inochi_e2,命乞い,ラップガール,メスの才能・体のメス化,射精0／ところてん系0／メスイキ系0,3927,72/73
N133_REso_MOD,CSV/Card\REso_master.txt,@敗北_inochi_e3,命乞い,エリザ,メスの才能・体のメス化,射精0／ところてん系0／メスイキ系0,3909,70/71
N133_REso_MOD,CSV/Card\REso_master.txt,@敗北_inochi_boss,命乞い,サキ,メスの才能・体のメス化・ぱふぱふ,射精0／ところてん系1／メスイキ系0,3902,71/72
N133_REso_MOD,CSV/Card\REso_master.txt,@敗北_onedari_m1,おねだり,ラダマンテュス,ところてん→メスイキ・メスの才能・体のメス化,射精0／ところてん系2／メスイキ系0,3851,71/72
N133_REso_MOD,CSV/Card\REso_master.txt,@敗北_onedari_m2,おねだり,ラダマンテュス,ところてん→メスイキ・メスの才能・体のメス化,射精0／ところてん系2／メスイキ系0,3845,70/72
N133_REso_MOD,CSV/Card\REso_master.txt,@敗北_onedari_m3,おねだり,ラダマンテュス,ところてん→メスイキ・メスの才能・体のメス化,射精0／ところてん系2／メスイキ系0,3882,72/74
N133_REso_MOD,CSV/Card\REso_master.txt,@敗北_onedari_e1,おねだり,サキュバスメイド,メスの才能・体のメス化,射精0／ところてん系1／メスイキ系0,3873,72/73
N133_REso_MOD,CSV/Card\REso_master.txt,@敗北_onedari_e2,おねだり,ラップガール,メスの才能・体のメス化,射精0／ところてん系0／メスイキ系0,4000,71/72
N133_REso_MOD,CSV/Card\REso_master.txt,@敗北_onedari_e3,おねだり,エリザ,メスの才能・体のメス化,射精0／ところてん系0／メスイキ系0,3938,71/72
N133_REso_MOD,CSV/Card\REso_master.txt,@敗北_onedari_boss,おねだり,サキ,メスの才能・体のメス化・ぱふぱふ,射精0／ところてん系1／メスイキ系0,3961,70/71
N134_Witches_MOD,CSV/Card\Witches_master.txt,@敗北_btl_m1,バトル,堕天女,メスの才能・体のメス化,射精0／ところてん系1／メスイキ系0,3876,69/70
N134_Witches_MOD,CSV/Card\Witches_master.txt,@敗北_btl_m2,バトル,堕天女,メスの才能,射精0／ところてん系0／メスイキ系0,3885,67/68
N134_Witches_MOD,CSV/Card\Witches_master.txt,@敗北_btl_m3,バトル,堕天女,メスの才能,射精0／ところてん系1／メスイキ系0,3866,67/68
N134_Witches_MOD,CSV/Card\Witches_master.txt,@敗北_btl_e1,バトル,エレクトリック,メスの才能・体のメス化,射精0／ところてん系1／メスイキ系0,3858,66/67
N134_Witches_MOD,CSV/Card\Witches_master.txt,@敗北_btl_e2,バトル,シャトレ,メスの才能・体のメス化,射精0／ところてん系0／メスイキ系0,3920,66/67
N134_Witches_MOD,CSV/Card\Witches_master.txt,@敗北_btl_e3,バトル,女帝,メスの才能・体のメス化,射精0／ところてん系0／メスイキ系0,3786,69/70
N134_Witches_MOD,CSV/Card\Witches_master.txt,@敗北_btl_boss,バトル,セクレタリ,ところてん→メスイキ・メスの才能・体のメス化,射精0／ところてん系1／メスイキ系0,3836,65/66
N134_Witches_MOD,CSV/Card\Witches_master.txt,@敗北_onani_m1,オナニー,堕天女,メスの才能・体のメス化,射精0／ところてん系0／メスイキ系0,3823,63/64
N134_Witches_MOD,CSV/Card\Witches_master.txt,@敗北_onani_m2,オナニー,堕天女,メスの才能・体のメス化,射精0／ところてん系0／メスイキ系0,3816,64/65
N134_Witches_MOD,CSV/Card\Witches_master.txt,@敗北_onani_m3,オナニー,堕天女,メスの才能,射精0／ところてん系2／メスイキ系0,3791,64/65
N134_Witches_MOD,CSV/Card\Witches_master.txt,@敗北_onani_e1,オナニー,エレクトリック,メスの才能・体のメス化,射精0／ところてん系0／メスイキ系0,3807,63/64
N134_Witches_MOD,CSV/Card\Witches_master.txt,@敗北_onani_e2,オナニー,シャトレ,メスの才能・体のメス化,射精0／ところてん系0／メスイキ系0,3834,62/63
N134_Witches_MOD,CSV/Card\Witches_master.txt,@敗北_onani_e3,オナニー,女帝,メスの才能・体のメス化,射精0／ところてん系0／メスイキ系0,3821,66/67
N134_Witches_MOD,CSV/Card\Witches_master.txt,@敗北_onani_boss,オナニー,セクレタリ,ところてん→メスイキ・メスの才能・体のメス化,射精0／ところてん系1／メスイキ系0,3820,61/62
N134_Witches_MOD,CSV/Card\Witches_master.txt,@敗北_inochi_m1,命乞い,堕天女,メスの才能・体のメス化,射精0／ところてん系0／メスイキ系0,3923,73/74
N134_Witches_MOD,CSV/Card\Witches_master.txt,@敗北_inochi_m2,命乞い,堕天女,メスの才能・体のメス化,射精0／ところてん系1／メスイキ系0,3884,75/76
N134_Witches_MOD,CSV/Card\Witches_master.txt,@敗北_inochi_m3,命乞い,堕天女,メスの才能,射精1／ところてん系0／メスイキ系0,3925,72/73
N134_Witches_MOD,CSV/Card\Witches_master.txt,@敗北_inochi_e1,命乞い,エレクトリック,メスの才能・体のメス化,射精0／ところてん系1／メスイキ系0,4095,71/72
N134_Witches_MOD,CSV/Card\Witches_master.txt,@敗北_inochi_e2,命乞い,シャトレ,メスの才能・体のメス化,射精0／ところてん系0／メスイキ系0,4021,70/71
N134_Witches_MOD,CSV/Card\Witches_master.txt,@敗北_inochi_e3,命乞い,女帝,メスの才能・体のメス化,射精0／ところてん系0／メスイキ系0,4007,73/74
N134_Witches_MOD,CSV/Card\Witches_master.txt,@敗北_inochi_boss,命乞い,セクレタリ,ところてん→メスイキ・メスの才能・体のメス化,射精0／ところてん系1／メスイキ系0,4007,68/69
N134_Witches_MOD,CSV/Card\Witches_master.txt,@敗北_onedari_m1,おねだり,堕天女,メスの才能,射精0／ところてん系1／メスイキ系0,3902,74/75
N134_Witches_MOD,CSV/Card\Witches_master.txt,@敗北_onedari_m2,おねだり,堕天女,メスの才能・ぱふぱふ,射精0／ところてん系1／メスイキ系0,3948,74/75
N134_Witches_MOD,CSV/Card\Witches_master.txt,@敗北_onedari_m3,おねだり,堕天女,メスの才能,射精2／ところてん系0／メスイキ系0,3935,73/74
N134_Witches_MOD,CSV/Card\Witches_master.txt,@敗北_onedari_e1,おねだり,エレクトリック,メスの才能・体のメス化,射精0／ところてん系0／メスイキ系0,3999,71/72
N134_Witches_MOD,CSV/Card\Witches_master.txt,@敗北_onedari_e2,おねだり,シャトレ,メスの才能・体のメス化,射精0／ところてん系0／メスイキ系0,4022,70/71
N134_Witches_MOD,CSV/Card\Witches_master.txt,@敗北_onedari_e3,おねだり,女帝,メスの才能・体のメス化,射精0／ところてん系2／メスイキ系0,3985,72/73
N134_Witches_MOD,CSV/Card\Witches_master.txt,@敗北_onedari_boss,おねだり,セクレタリ,ところてん→メスイキ・メスの才能・体のメス化,射精0／ところてん系1／メスイキ系0,4023,65/66
N135_LostF_MOD,CSV/Card\LostF_master.txt,@敗北_btl_m1,バトル,リーシャ,メスの才能・体のメス化・ぱふぱふ,射精0／ところてん系1／メスイキ系0,3952,71/72
N135_LostF_MOD,CSV/Card\LostF_master.txt,@敗北_btl_m2,バトル,リーシャ,メスの才能,射精0／ところてん系0／メスイキ系0,3855,68/69
N135_LostF_MOD,CSV/Card\LostF_master.txt,@敗北_btl_m3,バトル,リーシャ,メスの才能,射精0／ところてん系1／メスイキ系0,3870,70/71
N135_LostF_MOD,CSV/Card\LostF_master.txt,@敗北_btl_e1,バトル,フォーチュン,ところてん→メスイキ・メスの才能・体のメス化,射精0／ところてん系1／メスイキ系0,3910,73/74
N135_LostF_MOD,CSV/Card\LostF_master.txt,@敗北_btl_e2,バトル,人魚姫,（当たらない）,射精0／ところてん系0／メスイキ系0,4002,67/68
N135_LostF_MOD,CSV/Card\LostF_master.txt,@敗北_btl_e3,バトル,ダークエルフ姫,ところてん→メスイキ・メスの才能,射精0／ところてん系0／メスイキ系0,3906,73/74
N135_LostF_MOD,CSV/Card\LostF_master.txt,@敗北_btl_boss,バトル,サキュバスクイーン,メスの才能・体のメス化,射精0／ところてん系1／メスイキ系0,3855,73/74
N135_LostF_MOD,CSV/Card\LostF_master.txt,@敗北_onani_m1,オナニー,リーシャ,メスの才能・体のメス化,射精0／ところてん系1／メスイキ系0,3980,72/73
N135_LostF_MOD,CSV/Card\LostF_master.txt,@敗北_onani_m2,オナニー,リーシャ,メスの才能・体のメス化・ぱふぱふ,射精0／ところてん系1／メスイキ系0,4017,74/75
N135_LostF_MOD,CSV/Card\LostF_master.txt,@敗北_onani_m3,オナニー,リーシャ,メスの才能,射精0／ところてん系0／メスイキ系0,4013,74/75
N135_LostF_MOD,CSV/Card\LostF_master.txt,@敗北_onani_e1,オナニー,フォーチュン,ところてん→メスイキ・メスの才能,射精0／ところてん系1／メスイキ系0,3961,70/71
N135_LostF_MOD,CSV/Card\LostF_master.txt,@敗北_onani_e2,オナニー,人魚姫,（当たらない）,射精0／ところてん系1／メスイキ系0,4052,69/70
N135_LostF_MOD,CSV/Card\LostF_master.txt,@敗北_onani_e3,オナニー,ダークエルフ姫,ところてん→メスイキ・メスの才能,射精0／ところてん系0／メスイキ系0,4010,73/74
N135_LostF_MOD,CSV/Card\LostF_master.txt,@敗北_onani_boss,オナニー,サキュバスクイーン,メスの才能・体のメス化,射精0／ところてん系0／メスイキ系0,3971,74/75
N135_LostF_MOD,CSV/Card\LostF_master.txt,@敗北_inochi_m1,命乞い,リーシャ,メスの才能・体のメス化,射精0／ところてん系0／メスイキ系0,3930,71/73
N135_LostF_MOD,CSV/Card\LostF_master.txt,@敗北_inochi_m2,命乞い,リーシャ,メスの才能・体のメス化,射精0／ところてん系0／メスイキ系0,3853,70/71
N135_LostF_MOD,CSV/Card\LostF_master.txt,@敗北_inochi_m3,命乞い,リーシャ,メスの才能,射精0／ところてん系0／メスイキ系0,3861,69/70
N135_LostF_MOD,CSV/Card\LostF_master.txt,@敗北_inochi_e1,命乞い,フォーチュン,ところてん→メスイキ・メスの才能・体のメス化,射精0／ところてん系0／メスイキ系0,3870,70/71
N135_LostF_MOD,CSV/Card\LostF_master.txt,@敗北_inochi_e2,命乞い,人魚姫,（当たらない）,射精0／ところてん系0／メスイキ系0,3913,68/69
N135_LostF_MOD,CSV/Card\LostF_master.txt,@敗北_inochi_e3,命乞い,ダークエルフ姫,ところてん→メスイキ・メスの才能,射精0／ところてん系0／メスイキ系0,3893,68/69
N135_LostF_MOD,CSV/Card\LostF_master.txt,@敗北_inochi_boss,命乞い,サキュバスクイーン,メスの才能・体のメス化,射精0／ところてん系1／メスイキ系0,3895,72/73
N135_LostF_MOD,CSV/Card\LostF_master.txt,@敗北_onedari_m1,おねだり,リーシャ,メスの才能・体のメス化,射精0／ところてん系0／メスイキ系0,3982,71/72
N135_LostF_MOD,CSV/Card\LostF_master.txt,@敗北_onedari_m2,おねだり,リーシャ,メスの才能・体のメス化,射精0／ところてん系0／メスイキ系0,3834,70/71
N135_LostF_MOD,CSV/Card\LostF_master.txt,@敗北_onedari_m3,おねだり,リーシャ,メスの才能・体のメス化,射精0／ところてん系0／メスイキ系0,3852,69/70
N135_LostF_MOD,CSV/Card\LostF_master.txt,@敗北_onedari_e1,おねだり,フォーチュン,ところてん→メスイキ・メスの才能・体のメス化,射精0／ところてん系1／メスイキ系0,3839,68/69
N135_LostF_MOD,CSV/Card\LostF_master.txt,@敗北_onedari_e2,おねだり,人魚姫,（当たらない）,射精0／ところてん系0／メスイキ系0,3879,68/69
N135_LostF_MOD,CSV/Card\LostF_master.txt,@敗北_onedari_e3,おねだり,ダークエルフ姫,ところてん→メスイキ・メスの才能,射精0／ところてん系0／メスイキ系0,3824,70/71
N135_LostF_MOD,CSV/Card\LostF_master.txt,@敗北_onedari_boss,おねだり,サキュバスクイーン,メスの才能・体のメス化,射精0／ところてん系0／メスイキ系0,3840,71/72
N136_Hunter_MOD,CSV/Card\Hunter_master.txt,@敗北_btl_m1,バトル,デミウルゴス,メスの才能・体のメス化,射精0／ところてん系0／メスイキ系0,3914,72/73
N136_Hunter_MOD,CSV/Card\Hunter_master.txt,@敗北_btl_m2,バトル,デミウルゴス,メスの才能・体のメス化,射精0／ところてん系0／メスイキ系0,3860,68/69
N136_Hunter_MOD,CSV/Card\Hunter_master.txt,@敗北_btl_m3,バトル,デミウルゴス,メスの才能,射精0／ところてん系0／メスイキ系0,3899,69/70
N136_Hunter_MOD,CSV/Card\Hunter_master.txt,@敗北_btl_e1,バトル,中級サキュバス,（当たらない）,射精1／ところてん系0／メスイキ系0,3896,68/69
N136_Hunter_MOD,CSV/Card\Hunter_master.txt,@敗北_btl_e2,バトル,ウンディーネ,メスの才能・体のメス化,射精0／ところてん系0／メスイキ系0,3873,68/69
N136_Hunter_MOD,CSV/Card\Hunter_master.txt,@敗北_btl_e3,バトル,ナイトメア,メスの才能・体のメス化,射精0／ところてん系0／メスイキ系0,3860,70/71
N136_Hunter_MOD,CSV/Card\Hunter_master.txt,@敗北_btl_boss,バトル,上級サキュバス,ところてん→メスイキ・乳首では出さない(射精の語あり 要確認)・メスの才能・体のメス化,射精2／ところてん系0／メスイキ系0,3913,69/70
N136_Hunter_MOD,CSV/Card\Hunter_master.txt,@敗北_onani_m1,オナニー,デミウルゴス,メスの才能・体のメス化,射精0／ところてん系4／メスイキ系0,3967,70/71
N136_Hunter_MOD,CSV/Card\Hunter_master.txt,@敗北_onani_m2,オナニー,デミウルゴス,（当たらない）,射精0／ところてん系0／メスイキ系0,3848,68/69
N136_Hunter_MOD,CSV/Card\Hunter_master.txt,@敗北_onani_m3,オナニー,デミウルゴス,メスの才能,射精0／ところてん系0／メスイキ系0,3831,68/69
N136_Hunter_MOD,CSV/Card\Hunter_master.txt,@敗北_onani_e1,オナニー,中級サキュバス,メスの才能・体のメス化,射精0／ところてん系0／メスイキ系0,3815,68/69
N136_Hunter_MOD,CSV/Card\Hunter_master.txt,@敗北_onani_e2,オナニー,ウンディーネ,メスの才能・体のメス化,射精0／ところてん系0／メスイキ系0,3860,69/70
N136_Hunter_MOD,CSV/Card\Hunter_master.txt,@敗北_onani_e3,オナニー,ナイトメア,メスの才能・体のメス化,射精0／ところてん系0／メスイキ系0,3935,70/71
N136_Hunter_MOD,CSV/Card\Hunter_master.txt,@敗北_onani_boss,オナニー,上級サキュバス,ところてん→メスイキ・乳首では出さない(射精の語あり 要確認)・メスの才能・体のメス化,射精4／ところてん系1／メスイキ系0,3917,70/71
N136_Hunter_MOD,CSV/Card\Hunter_master.txt,@敗北_inochi_m1,命乞い,デミウルゴス,（当たらない）,射精0／ところてん系2／メスイキ系0,3859,65/66
N136_Hunter_MOD,CSV/Card\Hunter_master.txt,@敗北_inochi_m2,命乞い,デミウルゴス,（当たらない）,射精0／ところてん系0／メスイキ系0,3878,65/66
N136_Hunter_MOD,CSV/Card\Hunter_master.txt,@敗北_inochi_m3,命乞い,デミウルゴス,メスの才能,射精0／ところてん系0／メスイキ系0,3873,67/68
N136_Hunter_MOD,CSV/Card\Hunter_master.txt,@敗北_inochi_e1,命乞い,中級サキュバス,（当たらない）,射精0／ところてん系0／メスイキ系0,3960,68/69
N136_Hunter_MOD,CSV/Card\Hunter_master.txt,@敗北_inochi_e2,命乞い,ウンディーネ,メスの才能・体のメス化,射精0／ところてん系1／メスイキ系0,4017,69/70
N136_Hunter_MOD,CSV/Card\Hunter_master.txt,@敗北_inochi_e3,命乞い,ナイトメア,メスの才能・体のメス化,射精0／ところてん系1／メスイキ系0,4054,71/72
N136_Hunter_MOD,CSV/Card\Hunter_master.txt,@敗北_inochi_boss,命乞い,上級サキュバス,ところてん→メスイキ・乳首では出さない(射精の語あり 要確認)・メスの才能・体のメス化,射精5／ところてん系2／メスイキ系0,4071,72/73
N136_Hunter_MOD,CSV/Card\Hunter_master.txt,@敗北_onedari_m1,おねだり,デミウルゴス,（当たらない）,射精0／ところてん系0／メスイキ系0,3926,67/68
N136_Hunter_MOD,CSV/Card\Hunter_master.txt,@敗北_onedari_m2,おねだり,デミウルゴス,（当たらない）,射精0／ところてん系0／メスイキ系0,4006,67/68
N136_Hunter_MOD,CSV/Card\Hunter_master.txt,@敗北_onedari_m3,おねだり,デミウルゴス,メスの才能,射精0／ところてん系0／メスイキ系0,3977,67/68
N136_Hunter_MOD,CSV/Card\Hunter_master.txt,@敗北_onedari_e1,おねだり,中級サキュバス,（当たらない）,射精0／ところてん系0／メスイキ系0,4009,68/69
N136_Hunter_MOD,CSV/Card\Hunter_master.txt,@敗北_onedari_e2,おねだり,ウンディーネ,メスの才能・体のメス化,射精0／ところてん系0／メスイキ系0,3921,65/66
N136_Hunter_MOD,CSV/Card\Hunter_master.txt,@敗北_onedari_e3,おねだり,ナイトメア,メスの才能・体のメス化,射精0／ところてん系0／メスイキ系0,3964,65/66
N136_Hunter_MOD,CSV/Card\Hunter_master.txt,@敗北_onedari_boss,おねだり,上級サキュバス,ところてん→メスイキ・メスの才能,射精10／ところてん系1／メスイキ系0,4031,70/71
N137_Grail_MOD,CSV/Card\Grail_master.txt,@敗北_btl_m1,バトル,サディラス,ところてん→メスイキ・メスの才能,射精0／ところてん系1／メスイキ系0,3844,72/73
N137_Grail_MOD,CSV/Card\Grail_master.txt,@敗北_btl_m2,バトル,サディラス,ところてん→メスイキ・メスの才能,射精0／ところてん系1／メスイキ系0,3833,69/70
N137_Grail_MOD,CSV/Card\Grail_master.txt,@敗北_btl_m3,バトル,サディラス,ところてん→メスイキ・メスの才能,射精0／ところてん系1／メスイキ系0,3788,70/71
N137_Grail_MOD,CSV/Card\Grail_master.txt,@敗北_btl_e1,バトル,ティア,ところてん→メスイキ・メスの才能,射精0／ところてん系0／メスイキ系0,3998,70/71
N137_Grail_MOD,CSV/Card\Grail_master.txt,@敗北_btl_e2,バトル,クレオパティス,メスの才能・体のメス化,射精0／ところてん系1／メスイキ系0,3893,69/70
N137_Grail_MOD,CSV/Card\Grail_master.txt,@敗北_btl_e3,バトル,パンシー,メスの才能・体のメス化,射精0／ところてん系1／メスイキ系0,3841,69/70
N137_Grail_MOD,CSV/Card\Grail_master.txt,@敗北_btl_boss,バトル,タイムウィッチ,乳首では出さない(射精の語あり 要確認)・メスの才能・体のメス化,射精1／ところてん系0／メスイキ系0,3885,67/68
N137_Grail_MOD,CSV/Card\Grail_master.txt,@敗北_onani_m1,オナニー,サディラス,ところてん→メスイキ・メスの才能・体のメス化,射精0／ところてん系3／メスイキ系0,3806,69/70
N137_Grail_MOD,CSV/Card\Grail_master.txt,@敗北_onani_m2,オナニー,サディラス,ところてん→メスイキ・メスの才能・体のメス化,射精0／ところてん系1／メスイキ系0,3971,70/71
N137_Grail_MOD,CSV/Card\Grail_master.txt,@敗北_onani_m3,オナニー,サディラス,ところてん→メスイキ・メスの才能,射精0／ところてん系3／メスイキ系0,3963,71/72
N137_Grail_MOD,CSV/Card\Grail_master.txt,@敗北_onani_e1,オナニー,ティア,ところてん→メスイキ・メスの才能・体のメス化,射精0／ところてん系0／メスイキ系0,3969,68/69
N137_Grail_MOD,CSV/Card\Grail_master.txt,@敗北_onani_e2,オナニー,クレオパティス,メスの才能・体のメス化,射精0／ところてん系0／メスイキ系0,3970,68/69
N137_Grail_MOD,CSV/Card\Grail_master.txt,@敗北_onani_e3,オナニー,パンシー,メスの才能・体のメス化,射精0／ところてん系0／メスイキ系0,3861,66/67
N137_Grail_MOD,CSV/Card\Grail_master.txt,@敗北_onani_boss,オナニー,タイムウィッチ,乳首では出さない(射精の語あり 要確認)・メスの才能・体のメス化,射精1／ところてん系1／メスイキ系0,3903,63/64
N137_Grail_MOD,CSV/Card\Grail_master.txt,@敗北_inochi_m1,命乞い,サディラス,ところてん→メスイキ・メスの才能,射精0／ところてん系4／メスイキ系0,3854,66/67
N137_Grail_MOD,CSV/Card\Grail_master.txt,@敗北_inochi_m2,命乞い,サディラス,ところてん→メスイキ・メスの才能,射精0／ところてん系0／メスイキ系0,3898,64/65
N137_Grail_MOD,CSV/Card\Grail_master.txt,@敗北_inochi_m3,命乞い,サディラス,ところてん→メスイキ・メスの才能・ぱふぱふ,射精0／ところてん系2／メスイキ系0,3904,64/65
N137_Grail_MOD,CSV/Card\Grail_master.txt,@敗北_inochi_e1,命乞い,ティア,ところてん→メスイキ・メスの才能,射精0／ところてん系1／メスイキ系0,4050,64/65
N137_Grail_MOD,CSV/Card\Grail_master.txt,@敗北_inochi_e2,命乞い,クレオパティス,メスの才能・体のメス化,射精0／ところてん系1／メスイキ系0,4024,65/66
N137_Grail_MOD,CSV/Card\Grail_master.txt,@敗北_inochi_e3,命乞い,パンシー,メスの才能・体のメス化,射精0／ところてん系1／メスイキ系0,4082,65/66
N137_Grail_MOD,CSV/Card\Grail_master.txt,@敗北_inochi_boss,命乞い,タイムウィッチ,メスの才能・体のメス化,射精0／ところてん系1／メスイキ系0,3960,60/61
N137_Grail_MOD,CSV/Card\Grail_master.txt,@敗北_onedari_m1,おねだり,サディラス,ところてん→メスイキ・メスの才能,射精0／ところてん系1／メスイキ系0,4000,63/64
N137_Grail_MOD,CSV/Card\Grail_master.txt,@敗北_onedari_m2,おねだり,サディラス,ところてん→メスイキ・メスの才能・体のメス化,射精0／ところてん系1／メスイキ系0,4056,66/67
N137_Grail_MOD,CSV/Card\Grail_master.txt,@敗北_onedari_m3,おねだり,サディラス,ところてん→メスイキ・メスの才能,射精0／ところてん系0／メスイキ系0,3960,62/63
N137_Grail_MOD,CSV/Card\Grail_master.txt,@敗北_onedari_e1,おねだり,ティア,ところてん→メスイキ・メスの才能,射精0／ところてん系2／メスイキ系0,3988,62/63
N137_Grail_MOD,CSV/Card\Grail_master.txt,@敗北_onedari_e2,おねだり,クレオパティス,メスの才能・体のメス化,射精0／ところてん系1／メスイキ系0,3924,63/64
N137_Grail_MOD,CSV/Card\Grail_master.txt,@敗北_onedari_e3,おねだり,パンシー,メスの才能・体のメス化,射精0／ところてん系1／メスイキ系0,4049,63/64
N137_Grail_MOD,CSV/Card\Grail_master.txt,@敗北_onedari_boss,おねだり,タイムウィッチ,メスの才能・体のメス化,射精0／ところてん系1／メスイキ系0,4011,60/61
N138_Nympho_MOD,CSV/Card\Nympho_master.txt,@敗北_btl_m1,バトル,イーヴァ,メスの才能・体のメス化,射精0／ところてん系1／メスイキ系0,3785,67/68
N138_Nympho_MOD,CSV/Card\Nympho_master.txt,@敗北_btl_m2,バトル,イーヴァ,メスの才能・体のメス化,射精0／ところてん系1／メスイキ系0,3719,63/64
N138_Nympho_MOD,CSV/Card\Nympho_master.txt,@敗北_btl_m3,バトル,イーヴァ,乳首では出さない(射精の語あり 要確認)・メスの才能・体のメス化,射精2／ところてん系1／メスイキ系0,3800,65/66
N138_Nympho_MOD,CSV/Card\Nympho_master.txt,@敗北_btl_e1,バトル,ジョディー,メスの才能・体のメス化,射精0／ところてん系1／メスイキ系0,3860,63/64
N138_Nympho_MOD,CSV/Card\Nympho_master.txt,@敗北_btl_e2,バトル,サイーダ,メスの才能・ぱふぱふ,射精0／ところてん系0／メスイキ系0,3840,62/63
N138_Nympho_MOD,CSV/Card\Nympho_master.txt,@敗北_btl_e3,バトル,メイリア,メスの才能・体のメス化,射精0／ところてん系0／メスイキ系0,3898,63/64
N138_Nympho_MOD,CSV/Card\Nympho_master.txt,@敗北_btl_boss,バトル,学院長,メスの才能,射精0／ところてん系1／メスイキ系0,3912,64/65
N138_Nympho_MOD,CSV/Card\Nympho_master.txt,@敗北_onani_m1,オナニー,イーヴァ,メスの才能・体のメス化,射精0／ところてん系0／メスイキ系0,3729,63/64
N138_Nympho_MOD,CSV/Card\Nympho_master.txt,@敗北_onani_m2,オナニー,イーヴァ,メスの才能・体のメス化,射精0／ところてん系1／メスイキ系0,3729,63/64
N138_Nympho_MOD,CSV/Card\Nympho_master.txt,@敗北_onani_m3,オナニー,イーヴァ,メスの才能,射精2／ところてん系1／メスイキ系0,3815,63/64
N138_Nympho_MOD,CSV/Card\Nympho_master.txt,@敗北_onani_e1,オナニー,ジョディー,メスの才能・体のメス化,射精0／ところてん系2／メスイキ系0,3787,64/65
N138_Nympho_MOD,CSV/Card\Nympho_master.txt,@敗北_onani_e2,オナニー,サイーダ,メスの才能・ぱふぱふ,射精0／ところてん系0／メスイキ系0,3772,58/59
N138_Nympho_MOD,CSV/Card\Nympho_master.txt,@敗北_onani_e3,オナニー,メイリア,メスの才能・体のメス化,射精0／ところてん系1／メスイキ系0,3791,60/61
N138_Nympho_MOD,CSV/Card\Nympho_master.txt,@敗北_onani_boss,オナニー,学院長,メスの才能,射精0／ところてん系1／メスイキ系0,3748,62/63
N138_Nympho_MOD,CSV/Card\Nympho_master.txt,@敗北_inochi_m1,命乞い,イーヴァ,メスの才能・体のメス化,射精0／ところてん系0／メスイキ系0,3879,80/81
N138_Nympho_MOD,CSV/Card\Nympho_master.txt,@敗北_inochi_m2,命乞い,イーヴァ,メスの才能・体のメス化,射精0／ところてん系0／メスイキ系0,3855,81/82
N138_Nympho_MOD,CSV/Card\Nympho_master.txt,@敗北_inochi_m3,命乞い,イーヴァ,メスの才能,射精0／ところてん系0／メスイキ系0,3857,78/79
N138_Nympho_MOD,CSV/Card\Nympho_master.txt,@敗北_inochi_e1,命乞い,ジョディー,メスの才能・体のメス化,射精0／ところてん系1／メスイキ系0,3882,79/80
N138_Nympho_MOD,CSV/Card\Nympho_master.txt,@敗北_inochi_e2,命乞い,サイーダ,メスの才能・ぱふぱふ,射精0／ところてん系0／メスイキ系0,3982,79/80
N138_Nympho_MOD,CSV/Card\Nympho_master.txt,@敗北_inochi_e3,命乞い,メイリア,メスの才能・体のメス化,射精0／ところてん系1／メスイキ系0,3874,76/77
N138_Nympho_MOD,CSV/Card\Nympho_master.txt,@敗北_inochi_boss,命乞い,学院長,（当たらない）,射精0／ところてん系1／メスイキ系0,3879,77/78
N138_Nympho_MOD,CSV/Card\Nympho_master.txt,@敗北_onedari_m1,おねだり,イーヴァ,メスの才能・体のメス化,射精0／ところてん系1／メスイキ系0,3751,78/79
N138_Nympho_MOD,CSV/Card\Nympho_master.txt,@敗北_onedari_m2,おねだり,イーヴァ,メスの才能・体のメス化,射精0／ところてん系0／メスイキ系0,3821,81/82
N138_Nympho_MOD,CSV/Card\Nympho_master.txt,@敗北_onedari_m3,おねだり,イーヴァ,メスの才能・体のメス化,射精0／ところてん系1／メスイキ系0,3813,80/81
N138_Nympho_MOD,CSV/Card\Nympho_master.txt,@敗北_onedari_e1,おねだり,ジョディー,メスの才能・体のメス化,射精0／ところてん系1／メスイキ系0,3781,80/81
N138_Nympho_MOD,CSV/Card\Nympho_master.txt,@敗北_onedari_e2,おねだり,サイーダ,メスの才能・体のメス化,射精0／ところてん系0／メスイキ系0,3806,75/76
N138_Nympho_MOD,CSV/Card\Nympho_master.txt,@敗北_onedari_e3,おねだり,メイリア,メスの才能・体のメス化,射精0／ところてん系1／メスイキ系0,3860,75/76
N138_Nympho_MOD,CSV/Card\Nympho_master.txt,@敗北_onedari_boss,おねだり,学院長,メスの才能・体のメス化,射精0／ところてん系0／メスイキ系0,3819,79/80
N139_Alfimia_MOD,CSV/Card\Alfimia_master.txt,@敗北_btl_m1,バトル,フレイ,（当たらない）,射精0／ところてん系1／メスイキ系0,3794,63/65
N139_Alfimia_MOD,CSV/Card\Alfimia_master.txt,@敗北_btl_m2,バトル,フレイ,（当たらない）,射精0／ところてん系0／メスイキ系0,3819,64/65
N139_Alfimia_MOD,CSV/Card\Alfimia_master.txt,@敗北_btl_m3,バトル,フレイ,ところてん→メスイキ・メスの才能,射精0／ところてん系1／メスイキ系0,3841,61/62
N139_Alfimia_MOD,CSV/Card\Alfimia_master.txt,@敗北_btl_e1,バトル,大淫魔,メスの才能・体のメス化・顔面騎乗(息はできる),射精0／ところてん系1／メスイキ系0,3900,63/64
N139_Alfimia_MOD,CSV/Card\Alfimia_master.txt,@敗北_btl_e2,バトル,屋敷の女王,メスの才能・体のメス化,射精0／ところてん系0／メスイキ系0,3804,62/63
N139_Alfimia_MOD,CSV/Card\Alfimia_master.txt,@敗北_btl_e3,バトル,神官サキュバス,（当たらない）,射精0／ところてん系2／メスイキ系0,3867,66/67
N139_Alfimia_MOD,CSV/Card\Alfimia_master.txt,@敗北_btl_boss,バトル,ダンタリオン,（当たらない）,射精0／ところてん系2／メスイキ系0,3838,63/64
N139_Alfimia_MOD,CSV/Card\Alfimia_master.txt,@敗北_onani_m1,オナニー,フレイ,（当たらない）,射精0／ところてん系1／メスイキ系0,3822,63/64
N139_Alfimia_MOD,CSV/Card\Alfimia_master.txt,@敗北_onani_m2,オナニー,フレイ,メスの才能・体のメス化,射精0／ところてん系0／メスイキ系0,3863,64/65
N139_Alfimia_MOD,CSV/Card\Alfimia_master.txt,@敗北_onani_m3,オナニー,フレイ,ところてん→メスイキ・メスの才能,射精0／ところてん系0／メスイキ系0,3817,63/64
N139_Alfimia_MOD,CSV/Card\Alfimia_master.txt,@敗北_onani_e1,オナニー,大淫魔,メスの才能・体のメス化・顔面騎乗(息はできる),射精0／ところてん系2／メスイキ系0,3863,63/64
N139_Alfimia_MOD,CSV/Card\Alfimia_master.txt,@敗北_onani_e2,オナニー,屋敷の女王,メスの才能・体のメス化,射精0／ところてん系0／メスイキ系0,3818,63/64
N139_Alfimia_MOD,CSV/Card\Alfimia_master.txt,@敗北_onani_e3,オナニー,神官サキュバス,メスの才能・体のメス化・ぱふぱふ,射精0／ところてん系0／メスイキ系0,3922,67/68
N139_Alfimia_MOD,CSV/Card\Alfimia_master.txt,@敗北_onani_boss,オナニー,ダンタリオン,（当たらない）,射精0／ところてん系0／メスイキ系0,3910,68/69
N139_Alfimia_MOD,CSV/Card\Alfimia_master.txt,@敗北_inochi_m1,命乞い,フレイ,メスの才能・体のメス化,射精0／ところてん系1／メスイキ系0,3968,63/64
N139_Alfimia_MOD,CSV/Card\Alfimia_master.txt,@敗北_inochi_m2,命乞い,フレイ,（当たらない）,射精0／ところてん系0／メスイキ系0,4038,63/64
N139_Alfimia_MOD,CSV/Card\Alfimia_master.txt,@敗北_inochi_m3,命乞い,フレイ,ところてん→メスイキ・メスの才能,射精0／ところてん系0／メスイキ系0,4033,66/67
N139_Alfimia_MOD,CSV/Card\Alfimia_master.txt,@敗北_inochi_e1,命乞い,大淫魔,メスの才能・体のメス化・顔面騎乗,射精0／ところてん系1／メスイキ系0,3941,65/66
N139_Alfimia_MOD,CSV/Card\Alfimia_master.txt,@敗北_inochi_e2,命乞い,屋敷の女王,メスの才能・体のメス化,射精0／ところてん系0／メスイキ系0,3898,71/72
N139_Alfimia_MOD,CSV/Card\Alfimia_master.txt,@敗北_inochi_e3,命乞い,神官サキュバス,メスの才能・体のメス化・ぱふぱふ,射精0／ところてん系1／メスイキ系0,4024,67/68
N139_Alfimia_MOD,CSV/Card\Alfimia_master.txt,@敗北_inochi_boss,命乞い,ダンタリオン,（当たらない）,射精0／ところてん系0／メスイキ系0,3990,66/67
N139_Alfimia_MOD,CSV/Card\Alfimia_master.txt,@敗北_onedari_m1,おねだり,フレイ,メスの才能・体のメス化,射精0／ところてん系0／メスイキ系0,3910,63/64
N139_Alfimia_MOD,CSV/Card\Alfimia_master.txt,@敗北_onedari_m2,おねだり,フレイ,（当たらない）,射精0／ところてん系0／メスイキ系0,3956,65/66
N139_Alfimia_MOD,CSV/Card\Alfimia_master.txt,@敗北_onedari_m3,おねだり,フレイ,ところてん→メスイキ・メスの才能,射精0／ところてん系0／メスイキ系0,4081,68/69
N139_Alfimia_MOD,CSV/Card\Alfimia_master.txt,@敗北_onedari_e1,おねだり,大淫魔,メスの才能・体のメス化,射精0／ところてん系0／メスイキ系0,3909,65/66
N139_Alfimia_MOD,CSV/Card\Alfimia_master.txt,@敗北_onedari_e2,おねだり,屋敷の女王,メスの才能・体のメス化,射精0／ところてん系1／メスイキ系0,3816,71/72
N139_Alfimia_MOD,CSV/Card\Alfimia_master.txt,@敗北_onedari_e3,おねだり,神官サキュバス,ぱふぱふ,射精0／ところてん系1／メスイキ系0,4014,69/70
N139_Alfimia_MOD,CSV/Card\Alfimia_master.txt,@敗北_onedari_boss,おねだり,ダンタリオン,（当たらない）,射精0／ところてん系0／メスイキ系0,3971,66/67
N140_Honey_MOD,CSV/Card\Honey_master.txt,@敗北_btl_m1,バトル,シャナ,メスの才能・体のメス化,射精0／ところてん系2／メスイキ系0,3870,69/70
N140_Honey_MOD,CSV/Card\Honey_master.txt,@敗北_btl_m2,バトル,シャナ,メスの才能・体のメス化,射精0／ところてん系0／メスイキ系0,3814,68/69
N140_Honey_MOD,CSV/Card\Honey_master.txt,@敗北_btl_m3,バトル,シャナ,メスの才能・体のメス化,射精0／ところてん系2／メスイキ系0,3875,69/70
N140_Honey_MOD,CSV/Card\Honey_master.txt,@敗北_btl_e1,バトル,メイド長,メスの才能・体のメス化,射精0／ところてん系0／メスイキ系0,3958,70/71
N140_Honey_MOD,CSV/Card\Honey_master.txt,@敗北_btl_e2,バトル,マジックサキュバス,メスの才能・体のメス化,射精0／ところてん系0／メスイキ系0,3883,69/70
N140_Honey_MOD,CSV/Card\Honey_master.txt,@敗北_btl_e3,バトル,ドライアド,メスの才能・体のメス化,射精0／ところてん系0／メスイキ系0,4013,70/71
N140_Honey_MOD,CSV/Card\Honey_master.txt,@敗北_btl_boss,バトル,ミオ,（当たらない）,射精0／ところてん系0／メスイキ系0,4088,68/69
N140_Honey_MOD,CSV/Card\Honey_master.txt,@敗北_onani_m1,オナニー,シャナ,メスの才能・体のメス化,射精0／ところてん系1／メスイキ系0,3904,69/70
N140_Honey_MOD,CSV/Card\Honey_master.txt,@敗北_onani_m2,オナニー,シャナ,メスの才能・体のメス化,射精0／ところてん系0／メスイキ系0,3866,69/70
N140_Honey_MOD,CSV/Card\Honey_master.txt,@敗北_onani_m3,オナニー,シャナ,メスの才能,射精0／ところてん系2／メスイキ系0,3929,70/71
N140_Honey_MOD,CSV/Card\Honey_master.txt,@敗北_onani_e1,オナニー,メイド長,メスの才能・体のメス化,射精0／ところてん系0／メスイキ系0,3929,70/71
N140_Honey_MOD,CSV/Card\Honey_master.txt,@敗北_onani_e2,オナニー,マジックサキュバス,メスの才能・体のメス化,射精0／ところてん系0／メスイキ系0,3909,69/70
N140_Honey_MOD,CSV/Card\Honey_master.txt,@敗北_onani_e3,オナニー,ドライアド,メスの才能・体のメス化,射精0／ところてん系2／メスイキ系0,3909,70/71
N140_Honey_MOD,CSV/Card\Honey_master.txt,@敗北_onani_boss,オナニー,ミオ,メスの才能・体のメス化,射精0／ところてん系0／メスイキ系0,3894,68/69
N140_Honey_MOD,CSV/Card\Honey_master.txt,@敗北_inochi_m1,命乞い,シャナ,（当たらない）,射精0／ところてん系1／メスイキ系0,3936,68/69
N140_Honey_MOD,CSV/Card\Honey_master.txt,@敗北_inochi_m2,命乞い,シャナ,乳首では出さない(射精の語あり 要確認)・メスの才能・体のメス化,射精2／ところてん系0／メスイキ系0,3780,64/66
N140_Honey_MOD,CSV/Card\Honey_master.txt,@敗北_inochi_m3,命乞い,シャナ,メスの才能,射精0／ところてん系0／メスイキ系0,3799,66/67
N140_Honey_MOD,CSV/Card\Honey_master.txt,@敗北_inochi_e1,命乞い,メイド長,体のメス化,射精0／ところてん系0／メスイキ系0,3876,67/68
N140_Honey_MOD,CSV/Card\Honey_master.txt,@敗北_inochi_e2,命乞い,マジックサキュバス,メスの才能・体のメス化,射精0／ところてん系1／メスイキ系0,3800,65/66
N140_Honey_MOD,CSV/Card\Honey_master.txt,@敗北_inochi_e3,命乞い,ドライアド,メスの才能・体のメス化,射精0／ところてん系2／メスイキ系0,3828,66/67
N140_Honey_MOD,CSV/Card\Honey_master.txt,@敗北_inochi_boss,命乞い,ミオ,（当たらない）,射精0／ところてん系1／メスイキ系0,3873,61/62
N140_Honey_MOD,CSV/Card\Honey_master.txt,@敗北_onedari_m1,おねだり,シャナ,メスの才能・体のメス化,射精0／ところてん系2／メスイキ系0,3896,70/71
N140_Honey_MOD,CSV/Card\Honey_master.txt,@敗北_onedari_m2,おねだり,シャナ,乳首では出さない(射精の語あり 要確認)・メスの才能・体のメス化,射精2／ところてん系1／メスイキ系0,3816,66/67
N140_Honey_MOD,CSV/Card\Honey_master.txt,@敗北_onedari_m3,おねだり,シャナ,乳首では出さない(射精の語あり 要確認)・メスの才能・体のメス化,射精2／ところてん系0／メスイキ系0,3883,67/68
N140_Honey_MOD,CSV/Card\Honey_master.txt,@敗北_onedari_e1,おねだり,メイド長,乳首では出さない(射精の語あり 要確認)・メスの才能・体のメス化,射精1／ところてん系2／メスイキ系0,3801,65/66
N140_Honey_MOD,CSV/Card\Honey_master.txt,@敗北_onedari_e2,おねだり,マジックサキュバス,メスの才能・体のメス化,射精0／ところてん系2／メスイキ系0,3804,65/66
N140_Honey_MOD,CSV/Card\Honey_master.txt,@敗北_onedari_e3,おねだり,ドライアド,メスの才能・体のメス化,射精0／ところてん系2／メスイキ系0,3814,65/66
N140_Honey_MOD,CSV/Card\Honey_master.txt,@敗北_onedari_boss,おねだり,ミオ,（当たらない）,射精0／ところてん系0／メスイキ系0,3820,58/60
N141_Bikyaku_MOD,CSV/Card\Bikyaku_master.txt,@敗北_btl_m1,バトル,レディビリジアン,体のメス化,射精0／ところてん系0／メスイキ系0,3895,69/70
N141_Bikyaku_MOD,CSV/Card\Bikyaku_master.txt,@敗北_btl_m2,バトル,レディアイリス,顔面騎乗(息はできる),射精0／ところてん系0／メスイキ系0,3904,70/71
N141_Bikyaku_MOD,CSV/Card\Bikyaku_master.txt,@敗北_btl_m3,バトル,レディアイリス,（当たらない）,射精0／ところてん系0／メスイキ系0,4110,72/73
N141_Bikyaku_MOD,CSV/Card\Bikyaku_master.txt,@敗北_btl_e1,バトル,レディバーミリオン,メスの才能・体のメス化,射精0／ところてん系1／メスイキ系0,4078,71/72
N141_Bikyaku_MOD,CSV/Card\Bikyaku_master.txt,@敗北_btl_e2,バトル,メイドノワール,体のメス化,射精0／ところてん系0／メスイキ系0,4190,70/71
N141_Bikyaku_MOD,CSV/Card\Bikyaku_master.txt,@敗北_btl_e3,バトル,カイゼリン,（当たらない）,射精0／ところてん系0／メスイキ系0,4114,73/75
N141_Bikyaku_MOD,CSV/Card\Bikyaku_master.txt,@敗北_btl_boss,バトル,ロイヤルバニー,（当たらない）,射精0／ところてん系0／メスイキ系0,4106,70/71
N141_Bikyaku_MOD,CSV/Card\Bikyaku_master.txt,@敗北_onani_m1,オナニー,レディビリジアン,体のメス化・顔面騎乗(息はできる),射精0／ところてん系0／メスイキ系0,4049,69/70
N141_Bikyaku_MOD,CSV/Card\Bikyaku_master.txt,@敗北_onani_m2,オナニー,レディアイリス,（当たらない）,射精0／ところてん系1／メスイキ系0,4029,70/71
N141_Bikyaku_MOD,CSV/Card\Bikyaku_master.txt,@敗北_onani_m3,オナニー,レディアイリス,（当たらない）,射精0／ところてん系1／メスイキ系0,4089,72/73
N141_Bikyaku_MOD,CSV/Card\Bikyaku_master.txt,@敗北_onani_e1,オナニー,レディバーミリオン,メスの才能・体のメス化,射精0／ところてん系0／メスイキ系0,4151,71/72
N141_Bikyaku_MOD,CSV/Card\Bikyaku_master.txt,@敗北_onani_e2,オナニー,メイドノワール,体のメス化,射精0／ところてん系0／メスイキ系0,4013,68/69
N141_Bikyaku_MOD,CSV/Card\Bikyaku_master.txt,@敗北_onani_e3,オナニー,カイゼリン,体のメス化,射精0／ところてん系0／メスイキ系0,4085,72/73
N141_Bikyaku_MOD,CSV/Card\Bikyaku_master.txt,@敗北_onani_boss,オナニー,ロイヤルバニー,（当たらない）,射精0／ところてん系0／メスイキ系0,3934,66/67
N141_Bikyaku_MOD,CSV/Card\Bikyaku_master.txt,@敗北_inochi_m1,命乞い,レディビリジアン,体のメス化・顔面騎乗(息はできる),射精0／ところてん系0／メスイキ系0,4186,70/71
N141_Bikyaku_MOD,CSV/Card\Bikyaku_master.txt,@敗北_inochi_m2,命乞い,レディビリジアン,体のメス化・顔面騎乗(息はできる),射精0／ところてん系0／メスイキ系0,4044,66/67
N141_Bikyaku_MOD,CSV/Card\Bikyaku_master.txt,@敗北_inochi_m3,命乞い,レディビリジアン,（当たらない）,射精0／ところてん系0／メスイキ系0,3967,68/69
N141_Bikyaku_MOD,CSV/Card\Bikyaku_master.txt,@敗北_inochi_e1,命乞い,レディバーミリオン,メスの才能・体のメス化,射精0／ところてん系0／メスイキ系0,3967,69/70
N141_Bikyaku_MOD,CSV/Card\Bikyaku_master.txt,@敗北_inochi_e2,命乞い,メイドノワール,体のメス化,射精0／ところてん系1／メスイキ系0,3844,69/70
N141_Bikyaku_MOD,CSV/Card\Bikyaku_master.txt,@敗北_inochi_e3,命乞い,カイゼリン,（当たらない）,射精0／ところてん系0／メスイキ系0,3986,72/73
N141_Bikyaku_MOD,CSV/Card\Bikyaku_master.txt,@敗北_inochi_boss,命乞い,ロイヤルバニー,（当たらない）,射精0／ところてん系0／メスイキ系0,3996,65/66
N141_Bikyaku_MOD,CSV/Card\Bikyaku_master.txt,@敗北_onedari_m1,おねだり,レディビリジアン,体のメス化・顔面騎乗(息はできる),射精0／ところてん系1／メスイキ系0,4069,66/67
N141_Bikyaku_MOD,CSV/Card\Bikyaku_master.txt,@敗北_onedari_m2,おねだり,レディアイリス,体のメス化・顔面騎乗(息はできる),射精0／ところてん系0／メスイキ系0,3975,64/65
N141_Bikyaku_MOD,CSV/Card\Bikyaku_master.txt,@敗北_onedari_m3,おねだり,レディアイリス,体のメス化,射精0／ところてん系0／メスイキ系0,3967,66/67
N141_Bikyaku_MOD,CSV/Card\Bikyaku_master.txt,@敗北_onedari_e1,おねだり,レディバーミリオン,メスの才能・体のメス化,射精0／ところてん系0／メスイキ系0,4001,68/69
N141_Bikyaku_MOD,CSV/Card\Bikyaku_master.txt,@敗北_onedari_e2,おねだり,メイドノワール,体のメス化,射精0／ところてん系0／メスイキ系0,3964,69/70
N141_Bikyaku_MOD,CSV/Card\Bikyaku_master.txt,@敗北_onedari_e3,おねだり,カイゼリン,メスの才能・体のメス化,射精0／ところてん系2／メスイキ系0,3960,69/71
N141_Bikyaku_MOD,CSV/Card\Bikyaku_master.txt,@敗北_onedari_boss,おねだり,ロイヤルバニー,（当たらない）,射精0／ところてん系0／メスイキ系0,4003,67/68
N142_Daydream_MOD,CSV/Card\Daydream_master.txt,@敗北_btl_m1,バトル,ティラミス,ところてん→メスイキ・メスの才能,射精0／ところてん系2／メスイキ系0,3875,69/70
N142_Daydream_MOD,CSV/Card\Daydream_master.txt,@敗北_btl_m2,バトル,ティラミス,ところてん→メスイキ・メスの才能・体のメス化,射精0／ところてん系0／メスイキ系0,3907,67/68
N142_Daydream_MOD,CSV/Card\Daydream_master.txt,@敗北_btl_m3,バトル,ティラミス,ところてん→メスイキ・メスの才能,射精0／ところてん系0／メスイキ系0,3837,65/66
N142_Daydream_MOD,CSV/Card\Daydream_master.txt,@敗北_btl_e1,バトル,マカロン,（当たらない）,射精0／ところてん系0／メスイキ系0,3940,65/66
N142_Daydream_MOD,CSV/Card\Daydream_master.txt,@敗北_btl_e2,バトル,女神,（当たらない）,射精0／ところてん系1／メスイキ系0,3961,66/68
N142_Daydream_MOD,CSV/Card\Daydream_master.txt,@敗北_btl_e3,バトル,ディーラー,メスの才能・体のメス化,射精0／ところてん系0／メスイキ系0,3860,66/67
N142_Daydream_MOD,CSV/Card\Daydream_master.txt,@敗北_btl_boss,バトル,イリアス,メスの才能・体のメス化,射精0／ところてん系0／メスイキ系0,3962,65/67
N142_Daydream_MOD,CSV/Card\Daydream_master.txt,@敗北_onani_m1,オナニー,ティラミス,ところてん→メスイキ・メスの才能・体のメス化,射精0／ところてん系1／メスイキ系0,3975,69/70
N142_Daydream_MOD,CSV/Card\Daydream_master.txt,@敗北_onani_m2,オナニー,ティラミス,ところてん→メスイキ・メスの才能・体のメス化,射精0／ところてん系0／メスイキ系0,3946,67/68
N142_Daydream_MOD,CSV/Card\Daydream_master.txt,@敗北_onani_m3,オナニー,ティラミス,ところてん→メスイキ・メスの才能,射精0／ところてん系1／メスイキ系0,3845,67/68
N142_Daydream_MOD,CSV/Card\Daydream_master.txt,@敗北_onani_e1,オナニー,マカロン,（当たらない）,射精0／ところてん系0／メスイキ系0,3904,65/66
N142_Daydream_MOD,CSV/Card\Daydream_master.txt,@敗北_onani_e2,オナニー,女神,メスの才能・体のメス化,射精0／ところてん系0／メスイキ系0,3944,65/66
N142_Daydream_MOD,CSV/Card\Daydream_master.txt,@敗北_onani_e3,オナニー,ディーラー,メスの才能・体のメス化,射精0／ところてん系0／メスイキ系0,3858,65/66
N142_Daydream_MOD,CSV/Card\Daydream_master.txt,@敗北_onani_boss,オナニー,イリアス,メスの才能・体のメス化,射精0／ところてん系0／メスイキ系0,3951,65/66
N142_Daydream_MOD,CSV/Card\Daydream_master.txt,@敗北_inochi_m1,命乞い,ティラミス,ところてん→メスイキ・メスの才能・ぱふぱふ,射精0／ところてん系0／メスイキ系0,3910,66/67
N142_Daydream_MOD,CSV/Card\Daydream_master.txt,@敗北_inochi_m2,命乞い,ティラミス,ところてん→メスイキ・メスの才能,射精0／ところてん系0／メスイキ系0,3839,65/66
N142_Daydream_MOD,CSV/Card\Daydream_master.txt,@敗北_inochi_m3,命乞い,ティラミス,ところてん→メスイキ・メスの才能,射精0／ところてん系0／メスイキ系0,3772,63/64
N142_Daydream_MOD,CSV/Card\Daydream_master.txt,@敗北_inochi_e1,命乞い,マカロン,（当たらない）,射精0／ところてん系0／メスイキ系0,3792,64/65
N142_Daydream_MOD,CSV/Card\Daydream_master.txt,@敗北_inochi_e2,命乞い,女神,（当たらない）,射精0／ところてん系0／メスイキ系0,3869,66/67
N142_Daydream_MOD,CSV/Card\Daydream_master.txt,@敗北_inochi_e3,命乞い,ディーラー,メスの才能・体のメス化,射精0／ところてん系0／メスイキ系0,3787,62/63
N142_Daydream_MOD,CSV/Card\Daydream_master.txt,@敗北_inochi_boss,命乞い,イリアス,（当たらない）,射精0／ところてん系0／メスイキ系0,3894,62/63
N142_Daydream_MOD,CSV/Card\Daydream_master.txt,@敗北_onedari_m1,おねだり,ティラミス,ところてん→メスイキ・メスの才能・体のメス化,射精0／ところてん系1／メスイキ系0,3800,67/68
N142_Daydream_MOD,CSV/Card\Daydream_master.txt,@敗北_onedari_m2,おねだり,ティラミス,ところてん→メスイキ・メスの才能,射精0／ところてん系2／メスイキ系0,3761,65/66
N142_Daydream_MOD,CSV/Card\Daydream_master.txt,@敗北_onedari_m3,おねだり,ティラミス,ところてん→メスイキ・メスの才能,射精0／ところてん系0／メスイキ系0,3797,63/64
N142_Daydream_MOD,CSV/Card\Daydream_master.txt,@敗北_onedari_e1,おねだり,マカロン,（当たらない）,射精0／ところてん系1／メスイキ系0,3863,64/65
N142_Daydream_MOD,CSV/Card\Daydream_master.txt,@敗北_onedari_e2,おねだり,女神,（当たらない）,射精0／ところてん系1／メスイキ系0,3804,63/64
N142_Daydream_MOD,CSV/Card\Daydream_master.txt,@敗北_onedari_e3,おねだり,ディーラー,メスの才能・体のメス化,射精0／ところてん系2／メスイキ系0,3796,63/64
N142_Daydream_MOD,CSV/Card\Daydream_master.txt,@敗北_onedari_boss,おねだり,イリアス,メスの才能・体のメス化,射精0／ところてん系1／メスイキ系0,3759,61/62
N143_VampCastle_MOD,CSV/Card\VampCastle_master.txt,@敗北_btl_m1,バトル,エルダーヴァンパイア,メスの才能,射精0／ところてん系0／メスイキ系0,3847,69/70
N143_VampCastle_MOD,CSV/Card\VampCastle_master.txt,@敗北_btl_m2,バトル,エルダーヴァンパイア,メスの才能・体のメス化,射精0／ところてん系0／メスイキ系0,3906,68/69
N143_VampCastle_MOD,CSV/Card\VampCastle_master.txt,@敗北_btl_m3,バトル,エルダーヴァンパイア,メスの才能,射精0／ところてん系1／メスイキ系0,3947,69/70
N143_VampCastle_MOD,CSV/Card\VampCastle_master.txt,@敗北_btl_e1,バトル,コンキスタ,メスの才能・体のメス化,射精0／ところてん系0／メスイキ系0,3954,72/73
N143_VampCastle_MOD,CSV/Card\VampCastle_master.txt,@敗北_btl_e2,バトル,ヴェンデッタ,メスの才能・体のメス化・顔面騎乗,射精0／ところてん系1／メスイキ系1,3993,70/71
N143_VampCastle_MOD,CSV/Card\VampCastle_master.txt,@敗北_btl_e3,バトル,ヴァンパイア,ぱふぱふ,射精0／ところてん系0／メスイキ系0,3893,69/70
N143_VampCastle_MOD,CSV/Card\VampCastle_master.txt,@敗北_btl_boss,バトル,カーミラ,メスの才能・体のメス化,射精0／ところてん系0／メスイキ系0,4062,71/72
N143_VampCastle_MOD,CSV/Card\VampCastle_master.txt,@敗北_onani_m1,オナニー,エルダーヴァンパイア,メスの才能,射精0／ところてん系0／メスイキ系0,3953,71/72
N143_VampCastle_MOD,CSV/Card\VampCastle_master.txt,@敗北_onani_m2,オナニー,エルダーヴァンパイア,メスの才能・体のメス化,射精0／ところてん系1／メスイキ系0,3944,71/72
N143_VampCastle_MOD,CSV/Card\VampCastle_master.txt,@敗北_onani_m3,オナニー,エルダーヴァンパイア,メスの才能,射精0／ところてん系0／メスイキ系0,3996,71/72
N143_VampCastle_MOD,CSV/Card\VampCastle_master.txt,@敗北_onani_e1,オナニー,コンキスタ,（当たらない）,射精0／ところてん系0／メスイキ系0,4019,73/74
N143_VampCastle_MOD,CSV/Card\VampCastle_master.txt,@敗北_onani_e2,オナニー,ヴェンデッタ,メスの才能・体のメス化・顔面騎乗,射精0／ところてん系5／メスイキ系0,4025,70/71
N143_VampCastle_MOD,CSV/Card\VampCastle_master.txt,@敗北_onani_e3,オナニー,ヴァンパイア,（当たらない）,射精0／ところてん系0／メスイキ系0,3946,70/71
N143_VampCastle_MOD,CSV/Card\VampCastle_master.txt,@敗北_onani_boss,オナニー,カーミラ,（当たらない）,射精0／ところてん系3／メスイキ系0,4069,69/70
N143_VampCastle_MOD,CSV/Card\VampCastle_master.txt,@敗北_inochi_m1,命乞い,エルダーヴァンパイア,メスの才能・体のメス化,射精0／ところてん系1／メスイキ系0,4084,69/70
N143_VampCastle_MOD,CSV/Card\VampCastle_master.txt,@敗北_inochi_m2,命乞い,エルダーヴァンパイア,メスの才能・体のメス化,射精0／ところてん系0／メスイキ系0,4161,70/71
N143_VampCastle_MOD,CSV/Card\VampCastle_master.txt,@敗北_inochi_m3,命乞い,エルダーヴァンパイア,メスの才能,射精0／ところてん系0／メスイキ系0,4083,69/70
N143_VampCastle_MOD,CSV/Card\VampCastle_master.txt,@敗北_inochi_e1,命乞い,コンキスタ,（当たらない）,射精0／ところてん系0／メスイキ系0,4291,72/73
N143_VampCastle_MOD,CSV/Card\VampCastle_master.txt,@敗北_inochi_e2,命乞い,ヴェンデッタ,（当たらない）,射精0／ところてん系0／メスイキ系0,4185,70/71
N143_VampCastle_MOD,CSV/Card\VampCastle_master.txt,@敗北_inochi_e3,命乞い,ヴァンパイア,ぱふぱふ,射精0／ところてん系0／メスイキ系0,4120,67/68
N143_VampCastle_MOD,CSV/Card\VampCastle_master.txt,@敗北_inochi_boss,命乞い,カーミラ,（当たらない）,射精0／ところてん系0／メスイキ系0,4285,70/71
N143_VampCastle_MOD,CSV/Card\VampCastle_master.txt,@敗北_onedari_m1,おねだり,エルダーヴァンパイア,メスの才能・体のメス化,射精0／ところてん系1／メスイキ系0,4026,70/71
N143_VampCastle_MOD,CSV/Card\VampCastle_master.txt,@敗北_onedari_m2,おねだり,エルダーヴァンパイア,メスの才能・体のメス化,射精0／ところてん系1／メスイキ系0,4103,70/71
N143_VampCastle_MOD,CSV/Card\VampCastle_master.txt,@敗北_onedari_m3,おねだり,エルダーヴァンパイア,メスの才能,射精0／ところてん系1／メスイキ系0,4154,70/71
N143_VampCastle_MOD,CSV/Card\VampCastle_master.txt,@敗北_onedari_e1,おねだり,コンキスタ,（当たらない）,射精0／ところてん系0／メスイキ系0,4085,71/72
N143_VampCastle_MOD,CSV/Card\VampCastle_master.txt,@敗北_onedari_e2,おねだり,ヴェンデッタ,メスの才能・体のメス化,射精0／ところてん系0／メスイキ系0,4106,69/70
N143_VampCastle_MOD,CSV/Card\VampCastle_master.txt,@敗北_onedari_e3,おねだり,ヴァンパイア,ぱふぱふ,射精0／ところてん系0／メスイキ系0,4128,68/69
N143_VampCastle_MOD,CSV/Card\VampCastle_master.txt,@敗北_onedari_boss,おねだり,カーミラ,メスの才能・体のメス化,射精0／ところてん系0／メスイキ系0,4136,68/69
N144_Plansect_MOD,CSV/Card\Plansect_master.txt,@敗北_btl_m1,バトル,クィーンアルラウネ,メスの才能,射精0／ところてん系0／メスイキ系0,3888,67/68
N144_Plansect_MOD,CSV/Card\Plansect_master.txt,@敗北_btl_m2,バトル,クィーンアルラウネ,メスの才能・体のメス化,射精0／ところてん系0／メスイキ系0,3860,66/67
N144_Plansect_MOD,CSV/Card\Plansect_master.txt,@敗北_btl_m3,バトル,クィーンアルラウネ,メスの才能・体のメス化,射精0／ところてん系0／メスイキ系0,3847,67/68
N144_Plansect_MOD,CSV/Card\Plansect_master.txt,@敗北_btl_e1,バトル,ディーナ,（当たらない）,射精0／ところてん系1／メスイキ系0,3885,69/70
N144_Plansect_MOD,CSV/Card\Plansect_master.txt,@敗北_btl_e2,バトル,ワルラウネ,メスの才能・体のメス化,射精0／ところてん系0／メスイキ系0,3932,71/72
N144_Plansect_MOD,CSV/Card\Plansect_master.txt,@敗北_btl_e3,バトル,フォレストドリアード,メスの才能・体のメス化,射精0／ところてん系2／メスイキ系0,3907,70/71
N144_Plansect_MOD,CSV/Card\Plansect_master.txt,@敗北_btl_boss,バトル,ドローシー,ところてん→メスイキ・メスの才能・体のメス化,射精0／ところてん系1／メスイキ系0,3920,68/69
N144_Plansect_MOD,CSV/Card\Plansect_master.txt,@敗北_onani_m1,オナニー,クィーンアルラウネ,メスの才能・体のメス化,射精0／ところてん系1／メスイキ系0,4057,70/71
N144_Plansect_MOD,CSV/Card\Plansect_master.txt,@敗北_onani_m2,オナニー,クィーンアルラウネ,メスの才能・体のメス化,射精0／ところてん系0／メスイキ系0,3929,69/70
N144_Plansect_MOD,CSV/Card\Plansect_master.txt,@敗北_onani_m3,オナニー,クィーンアルラウネ,メスの才能,射精0／ところてん系0／メスイキ系0,3890,68/69
N144_Plansect_MOD,CSV/Card\Plansect_master.txt,@敗北_onani_e1,オナニー,ディーナ,メスの才能・体のメス化,射精0／ところてん系0／メスイキ系0,4016,71/72
N144_Plansect_MOD,CSV/Card\Plansect_master.txt,@敗北_onani_e2,オナニー,ワルラウネ,メスの才能・体のメス化,射精0／ところてん系0／メスイキ系0,4001,70/71
N144_Plansect_MOD,CSV/Card\Plansect_master.txt,@敗北_onani_e3,オナニー,フォレストドリアード,メスの才能・体のメス化,射精0／ところてん系2／メスイキ系0,3959,69/70
N144_Plansect_MOD,CSV/Card\Plansect_master.txt,@敗北_onani_boss,オナニー,ドローシー,ところてん→メスイキ・メスの才能・体のメス化,射精0／ところてん系5／メスイキ系0,3969,67/68
N144_Plansect_MOD,CSV/Card\Plansect_master.txt,@敗北_inochi_m1,命乞い,クィーンアルラウネ,メスの才能・体のメス化,射精0／ところてん系1／メスイキ系0,3859,66/67
N144_Plansect_MOD,CSV/Card\Plansect_master.txt,@敗北_inochi_m2,命乞い,クィーンアルラウネ,メスの才能・体のメス化,射精0／ところてん系0／メスイキ系0,3954,68/69
N144_Plansect_MOD,CSV/Card\Plansect_master.txt,@敗北_inochi_m3,命乞い,クィーンアルラウネ,メスの才能・体のメス化,射精0／ところてん系1／メスイキ系0,3856,66/67
N144_Plansect_MOD,CSV/Card\Plansect_master.txt,@敗北_inochi_e1,命乞い,ディーナ,（当たらない）,射精0／ところてん系0／メスイキ系0,4040,65/66
N144_Plansect_MOD,CSV/Card\Plansect_master.txt,@敗北_inochi_e2,命乞い,ワルラウネ,メスの才能・体のメス化,射精0／ところてん系1／メスイキ系0,3929,68/69
N144_Plansect_MOD,CSV/Card\Plansect_master.txt,@敗北_inochi_e3,命乞い,フォレストドリアード,メスの才能・体のメス化,射精0／ところてん系3／メスイキ系0,3897,64/65
N144_Plansect_MOD,CSV/Card\Plansect_master.txt,@敗北_inochi_boss,命乞い,ドローシー,ところてん→メスイキ・メスの才能・体のメス化,射精0／ところてん系1／メスイキ系0,3874,66/67
N144_Plansect_MOD,CSV/Card\Plansect_master.txt,@敗北_onedari_m1,おねだり,クィーンアルラウネ,メスの才能・体のメス化,射精0／ところてん系0／メスイキ系0,4043,69/70
N144_Plansect_MOD,CSV/Card\Plansect_master.txt,@敗北_onedari_m2,おねだり,クィーンアルラウネ,メスの才能・体のメス化,射精0／ところてん系0／メスイキ系0,4018,69/70
N144_Plansect_MOD,CSV/Card\Plansect_master.txt,@敗北_onedari_m3,おねだり,クィーンアルラウネ,メスの才能・体のメス化,射精0／ところてん系0／メスイキ系0,3897,67/68
N144_Plansect_MOD,CSV/Card\Plansect_master.txt,@敗北_onedari_e1,おねだり,ディーナ,（当たらない）,射精0／ところてん系0／メスイキ系0,4012,65/66
N144_Plansect_MOD,CSV/Card\Plansect_master.txt,@敗北_onedari_e2,おねだり,ワルラウネ,メスの才能・体のメス化,射精0／ところてん系2／メスイキ系0,3996,70/71
N144_Plansect_MOD,CSV/Card\Plansect_master.txt,@敗北_onedari_e3,おねだり,フォレストドリアード,メスの才能・体のメス化,射精0／ところてん系2／メスイキ系0,3923,67/68
N144_Plansect_MOD,CSV/Card\Plansect_master.txt,@敗北_onedari_boss,おねだり,ドローシー,ところてん→メスイキ・メスの才能・体のメス化,射精0／ところてん系3／メスイキ系0,4050,69/70
N145_Spiders_MOD,CSV/Card\Spiders_master.txt,@敗北_btl_m1,バトル,アトラク＝ナクア,ところてん→メスイキ・メスの才能,射精0／ところてん系0／メスイキ系0,3913,70/71
N145_Spiders_MOD,CSV/Card\Spiders_master.txt,@敗北_btl_m2,バトル,アトラク＝ナクア,ところてん→メスイキ・メスの才能,射精0／ところてん系0／メスイキ系0,3857,66/67
N145_Spiders_MOD,CSV/Card\Spiders_master.txt,@敗北_btl_m3,バトル,アトラク＝ナクア,ところてん→メスイキ・メスの才能,射精0／ところてん系1／メスイキ系0,3880,67/68
N145_Spiders_MOD,CSV/Card\Spiders_master.txt,@敗北_btl_e1,バトル,あやし土蜘蛛,（当たらない）,射精0／ところてん系0／メスイキ系0,3919,65/66
N145_Spiders_MOD,CSV/Card\Spiders_master.txt,@敗北_btl_e2,バトル,アラクネ,（当たらない）,射精0／ところてん系0／メスイキ系0,3885,66/67
N145_Spiders_MOD,CSV/Card\Spiders_master.txt,@敗北_btl_e3,バトル,巫女アラクネ,（当たらない）,射精0／ところてん系0／メスイキ系0,3877,65/66
N145_Spiders_MOD,CSV/Card\Spiders_master.txt,@敗北_btl_boss,バトル,アラクネロード,（当たらない）,射精0／ところてん系2／メスイキ系0,3842,64/65
N145_Spiders_MOD,CSV/Card\Spiders_master.txt,@敗北_onani_m1,オナニー,アトラク＝ナクア,ところてん→メスイキ・メスの才能,射精0／ところてん系5／メスイキ系0,3883,65/66
N145_Spiders_MOD,CSV/Card\Spiders_master.txt,@敗北_onani_m2,オナニー,アトラク＝ナクア,ところてん→メスイキ・メスの才能,射精0／ところてん系0／メスイキ系0,3849,63/64
N145_Spiders_MOD,CSV/Card\Spiders_master.txt,@敗北_onani_m3,オナニー,アトラク＝ナクア,ところてん→メスイキ・メスの才能,射精0／ところてん系1／メスイキ系0,3808,62/63
N145_Spiders_MOD,CSV/Card\Spiders_master.txt,@敗北_onani_e1,オナニー,あやし土蜘蛛,メスの才能・体のメス化,射精0／ところてん系0／メスイキ系0,3816,63/64
N145_Spiders_MOD,CSV/Card\Spiders_master.txt,@敗北_onani_e2,オナニー,アラクネ,メスの才能・体のメス化,射精0／ところてん系0／メスイキ系0,3923,65/66
N145_Spiders_MOD,CSV/Card\Spiders_master.txt,@敗北_onani_e3,オナニー,巫女アラクネ,メスの才能・体のメス化,射精0／ところてん系0／メスイキ系0,3870,63/64
N145_Spiders_MOD,CSV/Card\Spiders_master.txt,@敗北_onani_boss,オナニー,アラクネロード,（当たらない）,射精0／ところてん系0／メスイキ系0,3902,66/67
N145_Spiders_MOD,CSV/Card\Spiders_master.txt,@敗北_inochi_m1,命乞い,アトラク＝ナクア,ところてん→メスイキ・メスの才能,射精0／ところてん系1／メスイキ系0,3803,73/74
N145_Spiders_MOD,CSV/Card\Spiders_master.txt,@敗北_inochi_m2,命乞い,アトラク＝ナクア,ところてん→メスイキ・メスの才能,射精0／ところてん系0／メスイキ系0,3804,70/71
N145_Spiders_MOD,CSV/Card\Spiders_master.txt,@敗北_inochi_m3,命乞い,アトラク＝ナクア,ところてん→メスイキ・メスの才能,射精0／ところてん系1／メスイキ系0,3731,67/68
N145_Spiders_MOD,CSV/Card\Spiders_master.txt,@敗北_inochi_e1,命乞い,あやし土蜘蛛,（当たらない）,射精0／ところてん系1／メスイキ系0,3815,64/65
N145_Spiders_MOD,CSV/Card\Spiders_master.txt,@敗北_inochi_e2,命乞い,アラクネ,（当たらない）,射精0／ところてん系0／メスイキ系0,3921,63/64
N145_Spiders_MOD,CSV/Card\Spiders_master.txt,@敗北_inochi_e3,命乞い,巫女アラクネ,（当たらない）,射精0／ところてん系0／メスイキ系0,3897,65/66
N145_Spiders_MOD,CSV/Card\Spiders_master.txt,@敗北_inochi_boss,命乞い,アラクネロード,（当たらない）,射精0／ところてん系1／メスイキ系0,3857,69/70
N145_Spiders_MOD,CSV/Card\Spiders_master.txt,@敗北_onedari_m1,おねだり,アトラク＝ナクア,ところてん→メスイキ・メスの才能・体のメス化,射精0／ところてん系1／メスイキ系0,3778,72/73
N145_Spiders_MOD,CSV/Card\Spiders_master.txt,@敗北_onedari_m2,おねだり,アトラク＝ナクア,ところてん→メスイキ・メスの才能,射精0／ところてん系0／メスイキ系0,3774,70/71
N145_Spiders_MOD,CSV/Card\Spiders_master.txt,@敗北_onedari_m3,おねだり,アトラク＝ナクア,ところてん→メスイキ・メスの才能,射精0／ところてん系0／メスイキ系0,3732,66/67
N145_Spiders_MOD,CSV/Card\Spiders_master.txt,@敗北_onedari_e1,おねだり,あやし土蜘蛛,メスの才能・体のメス化,射精0／ところてん系0／メスイキ系0,3814,65/66
N145_Spiders_MOD,CSV/Card\Spiders_master.txt,@敗北_onedari_e2,おねだり,アラクネ,（当たらない）,射精0／ところてん系2／メスイキ系0,3880,65/66
N145_Spiders_MOD,CSV/Card\Spiders_master.txt,@敗北_onedari_e3,おねだり,巫女アラクネ,メスの才能・体のメス化,射精0／ところてん系1／メスイキ系0,3785,65/66
N145_Spiders_MOD,CSV/Card\Spiders_master.txt,@敗北_onedari_boss,おねだり,アラクネロード,メスの才能・体のメス化,射精0／ところてん系2／メスイキ系0,3771,67/68
N146_Minotaur_MOD,CSV/Card\Minotaur_master.txt,@敗北_btl_m1,バトル,牛魔王,メスの才能・ぱふぱふ,射精0／ところてん系0／メスイキ系0,3945,73/74
N146_Minotaur_MOD,CSV/Card\Minotaur_master.txt,@敗北_btl_m2,バトル,牛魔王,メスの才能・体のメス化・ぱふぱふ,射精0／ところてん系1／メスイキ系0,3881,68/69
N146_Minotaur_MOD,CSV/Card\Minotaur_master.txt,@敗北_btl_m3,バトル,牛魔王,（当たらない）,射精0／ところてん系1／メスイキ系0,3875,69/70
N146_Minotaur_MOD,CSV/Card\Minotaur_master.txt,@敗北_btl_e1,バトル,ハイミノタウロス,（当たらない）,射精0／ところてん系1／メスイキ系0,4038,69/70
N146_Minotaur_MOD,CSV/Card\Minotaur_master.txt,@敗北_btl_e2,バトル,ミズタウロス,（当たらない）,射精0／ところてん系1／メスイキ系0,4026,70/71
N146_Minotaur_MOD,CSV/Card\Minotaur_master.txt,@敗北_btl_e3,バトル,ジニタウロス,（当たらない）,射精0／ところてん系0／メスイキ系0,4049,73/74
N146_Minotaur_MOD,CSV/Card\Minotaur_master.txt,@敗北_btl_boss,バトル,斉天大聖,メスの才能・体のメス化,射精0／ところてん系1／メスイキ系0,3984,72/73
N146_Minotaur_MOD,CSV/Card\Minotaur_master.txt,@敗北_onani_m1,オナニー,牛魔王,メスの才能,射精0／ところてん系1／メスイキ系0,3836,68/69
N146_Minotaur_MOD,CSV/Card\Minotaur_master.txt,@敗北_onani_m2,オナニー,牛魔王,メスの才能・体のメス化,射精0／ところてん系1／メスイキ系0,3998,70/71
N146_Minotaur_MOD,CSV/Card\Minotaur_master.txt,@敗北_onani_m3,オナニー,牛魔王,（当たらない）,射精0／ところてん系1／メスイキ系0,3972,68/69
N146_Minotaur_MOD,CSV/Card\Minotaur_master.txt,@敗北_onani_e1,オナニー,ハイミノタウロス,（当たらない）,射精0／ところてん系0／メスイキ系0,3929,66/67
N146_Minotaur_MOD,CSV/Card\Minotaur_master.txt,@敗北_onani_e2,オナニー,ミズタウロス,メスの才能・体のメス化,射精0／ところてん系0／メスイキ系0,4081,67/68
N146_Minotaur_MOD,CSV/Card\Minotaur_master.txt,@敗北_onani_e3,オナニー,ジニタウロス,（当たらない）,射精0／ところてん系0／メスイキ系0,3945,67/68
N146_Minotaur_MOD,CSV/Card\Minotaur_master.txt,@敗北_onani_boss,オナニー,斉天大聖,メスの才能・体のメス化,射精0／ところてん系0／メスイキ系0,4003,67/68
N146_Minotaur_MOD,CSV/Card\Minotaur_master.txt,@敗北_inochi_m1,命乞い,牛魔王,メスの才能,射精0／ところてん系0／メスイキ系0,3803,73/74
N146_Minotaur_MOD,CSV/Card\Minotaur_master.txt,@敗北_inochi_m2,命乞い,牛魔王,メスの才能・ぱふぱふ,射精0／ところてん系0／メスイキ系0,3959,72/73
N146_Minotaur_MOD,CSV/Card\Minotaur_master.txt,@敗北_inochi_m3,命乞い,牛魔王,ぱふぱふ,射精0／ところてん系0／メスイキ系0,3949,72/73
N146_Minotaur_MOD,CSV/Card\Minotaur_master.txt,@敗北_inochi_e1,命乞い,ハイミノタウロス,ぱふぱふ,射精0／ところてん系0／メスイキ系0,4005,72/73
N146_Minotaur_MOD,CSV/Card\Minotaur_master.txt,@敗北_inochi_e2,命乞い,ミズタウロス,体のメス化,射精0／ところてん系0／メスイキ系0,3970,69/70
N146_Minotaur_MOD,CSV/Card\Minotaur_master.txt,@敗北_inochi_e3,命乞い,ジニタウロス,（当たらない）,射精0／ところてん系0／メスイキ系0,4028,73/74
N146_Minotaur_MOD,CSV/Card\Minotaur_master.txt,@敗北_inochi_boss,命乞い,斉天大聖,メスの才能・体のメス化,射精0／ところてん系0／メスイキ系0,4126,71/72
N146_Minotaur_MOD,CSV/Card\Minotaur_master.txt,@敗北_onedari_m1,おねだり,牛魔王,メスの才能・ぱふぱふ,射精0／ところてん系1／メスイキ系0,3963,74/75
N146_Minotaur_MOD,CSV/Card\Minotaur_master.txt,@敗北_onedari_m2,おねだり,牛魔王,メスの才能・体のメス化,射精0／ところてん系0／メスイキ系0,3964,72/73
N146_Minotaur_MOD,CSV/Card\Minotaur_master.txt,@敗北_onedari_m3,おねだり,牛魔王,ぱふぱふ,射精0／ところてん系0／メスイキ系0,3949,72/73
N146_Minotaur_MOD,CSV/Card\Minotaur_master.txt,@敗北_onedari_e1,おねだり,ハイミノタウロス,（当たらない）,射精0／ところてん系0／メスイキ系0,4014,71/72
N146_Minotaur_MOD,CSV/Card\Minotaur_master.txt,@敗北_onedari_e2,おねだり,ミズタウロス,体のメス化・ぱふぱふ,射精0／ところてん系0／メスイキ系0,4185,70/71
N146_Minotaur_MOD,CSV/Card\Minotaur_master.txt,@敗北_onedari_e3,おねだり,ジニタウロス,（当たらない）,射精0／ところてん系1／メスイキ系0,3982,72/73
N146_Minotaur_MOD,CSV/Card\Minotaur_master.txt,@敗北_onedari_boss,おねだり,斉天大聖,メスの才能・体のメス化,射精0／ところてん系0／メスイキ系0,4137,71/72
N147_Volcano_MOD,CSV/Card\Volcano_master.txt,@敗北_btl_m1,バトル,サラマンダー,メスの才能・ぱふぱふ(匂いなし),射精0／ところてん系0／メスイキ系0,3895,72/73
N147_Volcano_MOD,CSV/Card\Volcano_master.txt,@敗北_btl_m2,バトル,サラマンダー,メスの才能・体のメス化,射精0／ところてん系0／メスイキ系0,3927,71/72
N147_Volcano_MOD,CSV/Card\Volcano_master.txt,@敗北_btl_m3,バトル,サラマンダー,メスの才能,射精0／ところてん系1／メスイキ系0,3906,72/73
N147_Volcano_MOD,CSV/Card\Volcano_master.txt,@敗北_btl_e1,バトル,デーモンラミア,（当たらない）,射精0／ところてん系0／メスイキ系1,4007,73/74
N147_Volcano_MOD,CSV/Card\Volcano_master.txt,@敗北_btl_e2,バトル,デーモンスキュラ,メスの才能・体のメス化,射精0／ところてん系0／メスイキ系0,4035,72/73
N147_Volcano_MOD,CSV/Card\Volcano_master.txt,@敗北_btl_e3,バトル,溶岩娘,（当たらない）,射精0／ところてん系1／メスイキ系0,3924,71/72
N147_Volcano_MOD,CSV/Card\Volcano_master.txt,@敗北_btl_boss,バトル,ドラゴン娘,メスの才能・体のメス化・ぱふぱふ,射精0／ところてん系1／メスイキ系0,3980,74/75
N147_Volcano_MOD,CSV/Card\Volcano_master.txt,@敗北_onani_m1,オナニー,サラマンダー,メスの才能・体のメス化,射精0／ところてん系0／メスイキ系0,3925,69/70
N147_Volcano_MOD,CSV/Card\Volcano_master.txt,@敗北_onani_m2,オナニー,サラマンダー,メスの才能・体のメス化,射精0／ところてん系0／メスイキ系0,3940,69/70
N147_Volcano_MOD,CSV/Card\Volcano_master.txt,@敗北_onani_m3,オナニー,サラマンダー,メスの才能,射精0／ところてん系1／メスイキ系0,3933,72/73
N147_Volcano_MOD,CSV/Card\Volcano_master.txt,@敗北_onani_e1,オナニー,デーモンラミア,（当たらない）,射精0／ところてん系1／メスイキ系0,3940,71/72
N147_Volcano_MOD,CSV/Card\Volcano_master.txt,@敗北_onani_e2,オナニー,デーモンスキュラ,メスの才能・体のメス化,射精0／ところてん系1／メスイキ系0,3912,70/71
N147_Volcano_MOD,CSV/Card\Volcano_master.txt,@敗北_onani_e3,オナニー,溶岩娘,メスの才能・体のメス化,射精0／ところてん系0／メスイキ系0,3942,71/72
N147_Volcano_MOD,CSV/Card\Volcano_master.txt,@敗北_onani_boss,オナニー,ドラゴン娘,メスの才能・体のメス化・ぱふぱふ,射精0／ところてん系1／メスイキ系0,3884,69/70
N147_Volcano_MOD,CSV/Card\Volcano_master.txt,@敗北_inochi_m1,命乞い,サラマンダー,メスの才能,射精0／ところてん系0／メスイキ系0,3890,70/71
N147_Volcano_MOD,CSV/Card\Volcano_master.txt,@敗北_inochi_m2,命乞い,サラマンダー,メスの才能,射精0／ところてん系0／メスイキ系0,3899,66/67
N147_Volcano_MOD,CSV/Card\Volcano_master.txt,@敗北_inochi_m3,命乞い,サラマンダー,メスの才能,射精0／ところてん系0／メスイキ系0,3824,65/66
N147_Volcano_MOD,CSV/Card\Volcano_master.txt,@敗北_inochi_e1,命乞い,デーモンラミア,（当たらない）,射精0／ところてん系0／メスイキ系0,3931,68/69
N147_Volcano_MOD,CSV/Card\Volcano_master.txt,@敗北_inochi_e2,命乞い,デーモンスキュラ,メスの才能・体のメス化,射精0／ところてん系1／メスイキ系0,3907,64/65
N147_Volcano_MOD,CSV/Card\Volcano_master.txt,@敗北_inochi_e3,命乞い,溶岩娘,（当たらない）,射精0／ところてん系0／メスイキ系0,3954,64/65
N147_Volcano_MOD,CSV/Card\Volcano_master.txt,@敗北_inochi_boss,命乞い,ドラゴン娘,ぱふぱふ,射精0／ところてん系0／メスイキ系0,3849,65/66
N147_Volcano_MOD,CSV/Card\Volcano_master.txt,@敗北_onedari_m1,おねだり,サラマンダー,メスの才能・体のメス化,射精0／ところてん系0／メスイキ系0,3913,72/73
N147_Volcano_MOD,CSV/Card\Volcano_master.txt,@敗北_onedari_m2,おねだり,サラマンダー,メスの才能・体のメス化,射精0／ところてん系0／メスイキ系0,3844,67/68
N147_Volcano_MOD,CSV/Card\Volcano_master.txt,@敗北_onedari_m3,おねだり,サラマンダー,メスの才能,射精0／ところてん系1／メスイキ系0,3982,67/68
N147_Volcano_MOD,CSV/Card\Volcano_master.txt,@敗北_onedari_e1,おねだり,デーモンラミア,（当たらない）,射精0／ところてん系0／メスイキ系1,3902,66/67
N147_Volcano_MOD,CSV/Card\Volcano_master.txt,@敗北_onedari_e2,おねだり,デーモンスキュラ,メスの才能・体のメス化,射精0／ところてん系1／メスイキ系0,3999,65/66
N147_Volcano_MOD,CSV/Card\Volcano_master.txt,@敗北_onedari_e3,おねだり,溶岩娘,メスの才能・体のメス化,射精0／ところてん系0／メスイキ系0,3891,64/65
N147_Volcano_MOD,CSV/Card\Volcano_master.txt,@敗北_onedari_boss,おねだり,ドラゴン娘,（当たらない）,射精0／ところてん系0／メスイキ系0,3963,66/67
N148_SuccVillage_MOD,CSV/Card\SuccVillage_master.txt,@敗北_btl_m1,バトル,エルダーサキュバス,メスの才能,射精0／ところてん系0／メスイキ系0,3813,70/71
N148_SuccVillage_MOD,CSV/Card\SuccVillage_master.txt,@敗北_btl_m2,バトル,エルダーサキュバス,メスの才能・体のメス化,射精0／ところてん系0／メスイキ系0,3895,69/70
N148_SuccVillage_MOD,CSV/Card\SuccVillage_master.txt,@敗北_btl_m3,バトル,エルダーサキュバス,メスの才能,射精0／ところてん系1／メスイキ系0,3863,69/70
N148_SuccVillage_MOD,CSV/Card\SuccVillage_master.txt,@敗北_btl_e1,バトル,マキュバス,（当たらない）,射精0／ところてん系0／メスイキ系0,3956,70/71
N148_SuccVillage_MOD,CSV/Card\SuccVillage_master.txt,@敗北_btl_e2,バトル,メイキュバス,メスの才能・体のメス化,射精0／ところてん系0／メスイキ系0,3919,69/70
N148_SuccVillage_MOD,CSV/Card\SuccVillage_master.txt,@敗北_btl_e3,バトル,モンクサキュバス,メスの才能,射精0／ところてん系1／メスイキ系0,4017,71/72
N148_SuccVillage_MOD,CSV/Card\SuccVillage_master.txt,@敗北_btl_boss,バトル,サキュバス,（当たらない）,射精0／ところてん系1／メスイキ系0,3979,69/70
N148_SuccVillage_MOD,CSV/Card\SuccVillage_master.txt,@敗北_onani_m1,オナニー,エルダーサキュバス,メスの才能・体のメス化,射精0／ところてん系1／メスイキ系0,3999,73/74
N148_SuccVillage_MOD,CSV/Card\SuccVillage_master.txt,@敗北_onani_m2,オナニー,エルダーサキュバス,メスの才能・体のメス化,射精0／ところてん系0／メスイキ系0,3974,71/72
N148_SuccVillage_MOD,CSV/Card\SuccVillage_master.txt,@敗北_onani_m3,オナニー,エルダーサキュバス,メスの才能,射精0／ところてん系1／メスイキ系0,3987,71/72
N148_SuccVillage_MOD,CSV/Card\SuccVillage_master.txt,@敗北_onani_e1,オナニー,マキュバス,メスの才能・体のメス化,射精0／ところてん系1／メスイキ系0,3953,70/71
N148_SuccVillage_MOD,CSV/Card\SuccVillage_master.txt,@敗北_onani_e2,オナニー,メイキュバス,メスの才能・体のメス化,射精0／ところてん系0／メスイキ系0,3987,66/68
N148_SuccVillage_MOD,CSV/Card\SuccVillage_master.txt,@敗北_onani_e3,オナニー,モンクサキュバス,メスの才能,射精0／ところてん系2／メスイキ系0,3930,69/71
N148_SuccVillage_MOD,CSV/Card\SuccVillage_master.txt,@敗北_onani_boss,オナニー,サキュバス,（当たらない）,射精0／ところてん系2／メスイキ系0,3963,70/71
N148_SuccVillage_MOD,CSV/Card\SuccVillage_master.txt,@敗北_inochi_m1,命乞い,エルダーサキュバス,メスの才能,射精0／ところてん系0／メスイキ系0,3809,66/67
N148_SuccVillage_MOD,CSV/Card\SuccVillage_master.txt,@敗北_inochi_m2,命乞い,エルダーサキュバス,メスの才能・体のメス化,射精0／ところてん系0／メスイキ系0,3868,68/69
N148_SuccVillage_MOD,CSV/Card\SuccVillage_master.txt,@敗北_inochi_m3,命乞い,エルダーサキュバス,メスの才能,射精0／ところてん系0／メスイキ系0,3932,67/68
N148_SuccVillage_MOD,CSV/Card\SuccVillage_master.txt,@敗北_inochi_e1,命乞い,マキュバス,（当たらない）,射精0／ところてん系0／メスイキ系0,3909,65/66
N148_SuccVillage_MOD,CSV/Card\SuccVillage_master.txt,@敗北_inochi_e2,命乞い,メイキュバス,メスの才能・体のメス化,射精0／ところてん系0／メスイキ系0,3902,64/65
N148_SuccVillage_MOD,CSV/Card\SuccVillage_master.txt,@敗北_inochi_e3,命乞い,モンクサキュバス,メスの才能・体のメス化・ぱふぱふ,射精0／ところてん系0／メスイキ系0,3923,65/66
N148_SuccVillage_MOD,CSV/Card\SuccVillage_master.txt,@敗北_inochi_boss,命乞い,サキュバス,（当たらない）,射精0／ところてん系0／メスイキ系0,3929,63/64
N148_SuccVillage_MOD,CSV/Card\SuccVillage_master.txt,@敗北_onedari_m1,おねだり,エルダーサキュバス,メスの才能,射精0／ところてん系0／メスイキ系0,3903,68/69
N148_SuccVillage_MOD,CSV/Card\SuccVillage_master.txt,@敗北_onedari_m2,おねだり,エルダーサキュバス,メスの才能・体のメス化,射精0／ところてん系1／メスイキ系0,3862,66/67
N148_SuccVillage_MOD,CSV/Card\SuccVillage_master.txt,@敗北_onedari_m3,おねだり,エルダーサキュバス,メスの才能,射精0／ところてん系0／メスイキ系0,3920,67/68
N148_SuccVillage_MOD,CSV/Card\SuccVillage_master.txt,@敗北_onedari_e1,おねだり,マキュバス,（当たらない）,射精0／ところてん系1／メスイキ系0,3913,65/66
N148_SuccVillage_MOD,CSV/Card\SuccVillage_master.txt,@敗北_onedari_e2,おねだり,メイキュバス,メスの才能・体のメス化,射精0／ところてん系0／メスイキ系0,3941,65/66
N148_SuccVillage_MOD,CSV/Card\SuccVillage_master.txt,@敗北_onedari_e3,おねだり,モンクサキュバス,メスの才能・体のメス化,射精0／ところてん系0／メスイキ系0,3926,64/65
N148_SuccVillage_MOD,CSV/Card\SuccVillage_master.txt,@敗北_onedari_boss,おねだり,サキュバス,（当たらない）,射精0／ところてん系0／メスイキ系0,3956,64/65
N149_Amos_MOD,CSV/Card\Amos_master.txt,@敗北_btl_m1,バトル,シスキュバス,メスの才能・体のメス化・ぱふぱふ,射精0／ところてん系0／メスイキ系0,3787,65/66
N149_Amos_MOD,CSV/Card\Amos_master.txt,@敗北_btl_m2,バトル,シスキュバス,メスの才能・ぱふぱふ,射精1／ところてん系0／メスイキ系0,3838,66/67
N149_Amos_MOD,CSV/Card\Amos_master.txt,@敗北_btl_m3,バトル,シスキュバス,メスの才能・体のメス化,射精0／ところてん系0／メスイキ系0,3905,67/68
N149_Amos_MOD,CSV/Card\Amos_master.txt,@敗北_btl_e1,バトル,ラミア,ところてん→メスイキ・メスの才能,射精0／ところてん系0／メスイキ系0,3786,68/69
N149_Amos_MOD,CSV/Card\Amos_master.txt,@敗北_btl_e2,バトル,ナメクジシスター,メスの才能・体のメス化,射精0／ところてん系1／メスイキ系0,3852,73/74
N149_Amos_MOD,CSV/Card\Amos_master.txt,@敗北_btl_e3,バトル,ハイスラッグ娘,（当たらない）,射精0／ところてん系0／メスイキ系0,3941,68/69
N149_Amos_MOD,CSV/Card\Amos_master.txt,@敗北_btl_boss,バトル,シスターラミア,ぱふぱふ,射精0／ところてん系0／メスイキ系0,3921,70/71
N149_Amos_MOD,CSV/Card\Amos_master.txt,@敗北_onani_m1,オナニー,シスキュバス,メスの才能・体のメス化,射精0／ところてん系2／メスイキ系0,3844,67/68
N149_Amos_MOD,CSV/Card\Amos_master.txt,@敗北_onani_m2,オナニー,シスキュバス,メスの才能・体のメス化,射精0／ところてん系1／メスイキ系0,3787,67/68
N149_Amos_MOD,CSV/Card\Amos_master.txt,@敗北_onani_m3,オナニー,シスキュバス,メスの才能・ぱふぱふ,射精0／ところてん系1／メスイキ系0,3806,67/68
N149_Amos_MOD,CSV/Card\Amos_master.txt,@敗北_onani_e1,オナニー,ラミア,ところてん→メスイキ・メスの才能,射精0／ところてん系1／メスイキ系0,3849,69/70
N149_Amos_MOD,CSV/Card\Amos_master.txt,@敗北_onani_e2,オナニー,ナメクジシスター,メスの才能・体のメス化,射精0／ところてん系0／メスイキ系0,3775,72/73
N149_Amos_MOD,CSV/Card\Amos_master.txt,@敗北_onani_e3,オナニー,ハイスラッグ娘,（当たらない）,射精0／ところてん系0／メスイキ系0,3823,67/69
N149_Amos_MOD,CSV/Card\Amos_master.txt,@敗北_onani_boss,オナニー,シスターラミア,（当たらない）,射精0／ところてん系0／メスイキ系0,3846,67/68
N149_Amos_MOD,CSV/Card\Amos_master.txt,@敗北_inochi_m1,命乞い,シスキュバス,メスの才能,射精0／ところてん系1／メスイキ系0,3803,69/70
N149_Amos_MOD,CSV/Card\Amos_master.txt,@敗北_inochi_m2,命乞い,シスキュバス,メスの才能,射精0／ところてん系1／メスイキ系0,3754,66/67
N149_Amos_MOD,CSV/Card\Amos_master.txt,@敗北_inochi_m3,命乞い,シスキュバス,メスの才能,射精0／ところてん系2／メスイキ系0,3896,66/67
N149_Amos_MOD,CSV/Card\Amos_master.txt,@敗北_inochi_e1,命乞い,ラミア,ところてん→メスイキ・メスの才能,射精0／ところてん系0／メスイキ系0,3881,67/68
N149_Amos_MOD,CSV/Card\Amos_master.txt,@敗北_inochi_e2,命乞い,ナメクジシスター,メスの才能・体のメス化,射精0／ところてん系1／メスイキ系0,3807,68/69
N149_Amos_MOD,CSV/Card\Amos_master.txt,@敗北_inochi_e3,命乞い,ハイスラッグ娘,（当たらない）,射精0／ところてん系1／メスイキ系0,3809,65/66
N149_Amos_MOD,CSV/Card\Amos_master.txt,@敗北_inochi_boss,命乞い,シスターラミア,（当たらない）,射精0／ところてん系0／メスイキ系0,3777,64/65
N149_Amos_MOD,CSV/Card\Amos_master.txt,@敗北_onedari_m1,おねだり,シスキュバス,メスの才能,射精0／ところてん系0／メスイキ系0,3856,68/69
N149_Amos_MOD,CSV/Card\Amos_master.txt,@敗北_onedari_m2,おねだり,シスキュバス,メスの才能,射精0／ところてん系1／メスイキ系0,3860,65/66
N149_Amos_MOD,CSV/Card\Amos_master.txt,@敗北_onedari_m3,おねだり,シスキュバス,メスの才能,射精0／ところてん系0／メスイキ系0,3828,66/67
N149_Amos_MOD,CSV/Card\Amos_master.txt,@敗北_onedari_e1,おねだり,ラミア,ところてん→メスイキ・メスの才能,射精0／ところてん系1／メスイキ系0,3945,67/68
N149_Amos_MOD,CSV/Card\Amos_master.txt,@敗北_onedari_e2,おねだり,ナメクジシスター,メスの才能・体のメス化,射精0／ところてん系1／メスイキ系0,3801,70/71
N149_Amos_MOD,CSV/Card\Amos_master.txt,@敗北_onedari_e3,おねだり,ハイスラッグ娘,（当たらない）,射精0／ところてん系1／メスイキ系0,3819,67/68
N149_Amos_MOD,CSV/Card\Amos_master.txt,@敗北_onedari_boss,おねだり,シスターラミア,（当たらない）,射精0／ところてん系0／メスイキ系0,3839,65/66
N150_SnowAngel_MOD,CSV/Card\SnowAngel_master.txt,@敗北_btl_m1,バトル,エデン,メスの才能・ぱふぱふ,射精0／ところてん系1／メスイキ系0,3882,64/65
N150_SnowAngel_MOD,CSV/Card\SnowAngel_master.txt,@敗北_btl_m2,バトル,エデン,メスの才能・体のメス化・ぱふぱふ,射精0／ところてん系2／メスイキ系0,4044,67/68
N150_SnowAngel_MOD,CSV/Card\SnowAngel_master.txt,@敗北_btl_m3,バトル,エデン,メスの才能,射精0／ところてん系2／メスイキ系0,3953,64/65
N150_SnowAngel_MOD,CSV/Card\SnowAngel_master.txt,@敗北_btl_e1,バトル,ウラヌス,（当たらない）,射精0／ところてん系0／メスイキ系0,3942,66/67
N150_SnowAngel_MOD,CSV/Card\SnowAngel_master.txt,@敗北_btl_e2,バトル,エリシエル,メスの才能・体のメス化,射精0／ところてん系0／メスイキ系0,3832,73/74
N150_SnowAngel_MOD,CSV/Card\SnowAngel_master.txt,@敗北_btl_e3,バトル,ヴァルキリー,（当たらない）,射精0／ところてん系0／メスイキ系0,3983,70/71
N150_SnowAngel_MOD,CSV/Card\SnowAngel_master.txt,@敗北_btl_boss,バトル,トリニティ,（当たらない）,射精2／ところてん系0／メスイキ系0,3870,69/70
N150_SnowAngel_MOD,CSV/Card\SnowAngel_master.txt,@敗北_onani_m1,オナニー,エデン,メスの才能・体のメス化・ぱふぱふ,射精0／ところてん系1／メスイキ系0,4070,68/69
N150_SnowAngel_MOD,CSV/Card\SnowAngel_master.txt,@敗北_onani_m2,オナニー,エデン,メスの才能・体のメス化,射精0／ところてん系2／メスイキ系0,4029,67/68
N150_SnowAngel_MOD,CSV/Card\SnowAngel_master.txt,@敗北_onani_m3,オナニー,エデン,メスの才能,射精0／ところてん系3／メスイキ系0,4035,67/68
N150_SnowAngel_MOD,CSV/Card\SnowAngel_master.txt,@敗北_onani_e1,オナニー,ウラヌス,（当たらない）,射精0／ところてん系0／メスイキ系0,3990,64/65
N150_SnowAngel_MOD,CSV/Card\SnowAngel_master.txt,@敗北_onani_e2,オナニー,エリシエル,メスの才能・体のメス化,射精0／ところてん系3／メスイキ系0,3889,74/75
N150_SnowAngel_MOD,CSV/Card\SnowAngel_master.txt,@敗北_onani_e3,オナニー,ヴァルキリー,メスの才能・体のメス化,射精0／ところてん系1／メスイキ系0,3851,67/68
N150_SnowAngel_MOD,CSV/Card\SnowAngel_master.txt,@敗北_onani_boss,オナニー,トリニティ,（当たらない）,射精2／ところてん系2／メスイキ系0,3807,67/68
N150_SnowAngel_MOD,CSV/Card\SnowAngel_master.txt,@敗北_inochi_m1,命乞い,エデン,メスの才能・ぱふぱふ,射精0／ところてん系0／メスイキ系0,3906,68/69
N150_SnowAngel_MOD,CSV/Card\SnowAngel_master.txt,@敗北_inochi_m2,命乞い,エデン,メスの才能・体のメス化・ぱふぱふ,射精0／ところてん系1／メスイキ系0,3853,68/69
N150_SnowAngel_MOD,CSV/Card\SnowAngel_master.txt,@敗北_inochi_m3,命乞い,エデン,メスの才能・ぱふぱふ,射精0／ところてん系0／メスイキ系0,3946,67/68
N150_SnowAngel_MOD,CSV/Card\SnowAngel_master.txt,@敗北_inochi_e1,命乞い,ウラヌス,（当たらない）,射精0／ところてん系0／メスイキ系0,4075,68/69
N150_SnowAngel_MOD,CSV/Card\SnowAngel_master.txt,@敗北_inochi_e2,命乞い,エリシエル,メスの才能・体のメス化,射精0／ところてん系2／メスイキ系0,3999,71/72
N150_SnowAngel_MOD,CSV/Card\SnowAngel_master.txt,@敗北_inochi_e3,命乞い,ヴァルキリー,メスの才能・体のメス化,射精0／ところてん系1／メスイキ系0,4063,71/72
N150_SnowAngel_MOD,CSV/Card\SnowAngel_master.txt,@敗北_inochi_boss,命乞い,トリニティ,（当たらない）,射精0／ところてん系0／メスイキ系0,4044,69/70
N150_SnowAngel_MOD,CSV/Card\SnowAngel_master.txt,@敗北_onedari_m1,おねだり,エデン,メスの才能・ぱふぱふ,射精0／ところてん系0／メスイキ系0,4060,70/71
N150_SnowAngel_MOD,CSV/Card\SnowAngel_master.txt,@敗北_onedari_m2,おねだり,エデン,メスの才能・体のメス化,射精0／ところてん系1／メスイキ系0,3952,70/71
N150_SnowAngel_MOD,CSV/Card\SnowAngel_master.txt,@敗北_onedari_m3,おねだり,エデン,メスの才能,射精0／ところてん系0／メスイキ系0,3987,69/70
N150_SnowAngel_MOD,CSV/Card\SnowAngel_master.txt,@敗北_onedari_e1,おねだり,ウラヌス,（当たらない）,射精0／ところてん系1／メスイキ系0,3990,67/68
N150_SnowAngel_MOD,CSV/Card\SnowAngel_master.txt,@敗北_onedari_e2,おねだり,エリシエル,メスの才能・体のメス化,射精0／ところてん系1／メスイキ系0,4062,72/73
N150_SnowAngel_MOD,CSV/Card\SnowAngel_master.txt,@敗北_onedari_e3,おねだり,ヴァルキリー,（当たらない）,射精0／ところてん系1／メスイキ系0,4005,69/70
N150_SnowAngel_MOD,CSV/Card\SnowAngel_master.txt,@敗北_onedari_boss,おねだり,トリニティ,（当たらない）,射精0／ところてん系0／メスイキ系0,4081,69/70
N151_OpenSea_MOD,CSV/Card\OpenSea_master.txt,@敗北_btl_m1,バトル,水龍娘,メスの才能,射精0／ところてん系0／メスイキ系0,3887,69/70
N151_OpenSea_MOD,CSV/Card\OpenSea_master.txt,@敗北_btl_m2,バトル,水龍娘,メスの才能,射精0／ところてん系0／メスイキ系0,3901,68/69
N151_OpenSea_MOD,CSV/Card\OpenSea_master.txt,@敗北_btl_m3,バトル,水龍娘,メスの才能,射精0／ところてん系0／メスイキ系0,3858,68/69
N151_OpenSea_MOD,CSV/Card\OpenSea_master.txt,@敗北_btl_e1,バトル,マンタ娘,ぱふぱふ(匂いなし),射精0／ところてん系0／メスイキ系0,3871,67/68
N151_OpenSea_MOD,CSV/Card\OpenSea_master.txt,@敗北_btl_e2,バトル,シーアネモネ,メスの才能・体のメス化,射精0／ところてん系0／メスイキ系0,3978,69/70
N151_OpenSea_MOD,CSV/Card\OpenSea_master.txt,@敗北_btl_e3,バトル,ヒトデ娘,メスの才能・体のメス化,射精0／ところてん系0／メスイキ系0,3889,67/68
N151_OpenSea_MOD,CSV/Card\OpenSea_master.txt,@敗北_btl_boss,バトル,イッカク娘,（当たらない）,射精0／ところてん系0／メスイキ系0,3891,71/72
N151_OpenSea_MOD,CSV/Card\OpenSea_master.txt,@敗北_onani_m1,オナニー,水龍娘,メスの才能,射精0／ところてん系0／メスイキ系0,3925,68/69
N151_OpenSea_MOD,CSV/Card\OpenSea_master.txt,@敗北_onani_m2,オナニー,水龍娘,メスの才能,射精0／ところてん系0／メスイキ系0,3895,68/69
N151_OpenSea_MOD,CSV/Card\OpenSea_master.txt,@敗北_onani_m3,オナニー,水龍娘,メスの才能,射精0／ところてん系0／メスイキ系0,3894,68/69
N151_OpenSea_MOD,CSV/Card\OpenSea_master.txt,@敗北_onani_e1,オナニー,マンタ娘,（当たらない）,射精0／ところてん系0／メスイキ系0,3860,67/68
N151_OpenSea_MOD,CSV/Card\OpenSea_master.txt,@敗北_onani_e2,オナニー,シーアネモネ,メスの才能・体のメス化,射精0／ところてん系0／メスイキ系0,3971,67/68
N151_OpenSea_MOD,CSV/Card\OpenSea_master.txt,@敗北_onani_e3,オナニー,ヒトデ娘,（当たらない）,射精0／ところてん系0／メスイキ系0,3936,68/69
N151_OpenSea_MOD,CSV/Card\OpenSea_master.txt,@敗北_onani_boss,オナニー,イッカク娘,（当たらない）,射精0／ところてん系1／メスイキ系0,3879,68/69
N151_OpenSea_MOD,CSV/Card\OpenSea_master.txt,@敗北_inochi_m1,命乞い,水龍娘,メスの才能,射精0／ところてん系0／メスイキ系0,3893,72/73
N151_OpenSea_MOD,CSV/Card\OpenSea_master.txt,@敗北_inochi_m2,命乞い,水龍娘,メスの才能,射精0／ところてん系0／メスイキ系0,4027,67/68
N151_OpenSea_MOD,CSV/Card\OpenSea_master.txt,@敗北_inochi_m3,命乞い,水龍娘,メスの才能,射精0／ところてん系0／メスイキ系0,4017,68/69
N151_OpenSea_MOD,CSV/Card\OpenSea_master.txt,@敗北_inochi_e1,命乞い,マンタ娘,ぱふぱふ,射精0／ところてん系0／メスイキ系0,4087,71/72
N151_OpenSea_MOD,CSV/Card\OpenSea_master.txt,@敗北_inochi_e2,命乞い,シーアネモネ,メスの才能・体のメス化,射精0／ところてん系2／メスイキ系0,3853,68/69
N151_OpenSea_MOD,CSV/Card\OpenSea_master.txt,@敗北_inochi_e3,命乞い,ヒトデ娘,メスの才能・体のメス化,射精0／ところてん系0／メスイキ系0,4004,72/73
N151_OpenSea_MOD,CSV/Card\OpenSea_master.txt,@敗北_inochi_boss,命乞い,イッカク娘,（当たらない）,射精0／ところてん系1／メスイキ系0,4099,72/73
N151_OpenSea_MOD,CSV/Card\OpenSea_master.txt,@敗北_onedari_m1,おねだり,水龍娘,メスの才能,射精0／ところてん系0／メスイキ系0,4000,71/72
N151_OpenSea_MOD,CSV/Card\OpenSea_master.txt,@敗北_onedari_m2,おねだり,水龍娘,メスの才能・体のメス化,射精0／ところてん系0／メスイキ系0,4036,73/74
N151_OpenSea_MOD,CSV/Card\OpenSea_master.txt,@敗北_onedari_m3,おねだり,水龍娘,メスの才能,射精0／ところてん系0／メスイキ系0,4032,70/71
N151_OpenSea_MOD,CSV/Card\OpenSea_master.txt,@敗北_onedari_e1,おねだり,マンタ娘,ぱふぱふ(匂いなし),射精0／ところてん系0／メスイキ系0,4081,77/78
N151_OpenSea_MOD,CSV/Card\OpenSea_master.txt,@敗北_onedari_e2,おねだり,シーアネモネ,メスの才能,射精0／ところてん系1／メスイキ系0,3986,72/73
N151_OpenSea_MOD,CSV/Card\OpenSea_master.txt,@敗北_onedari_e3,おねだり,ヒトデ娘,メスの才能・体のメス化,射精0／ところてん系1／メスイキ系0,3985,75/76
N151_OpenSea_MOD,CSV/Card\OpenSea_master.txt,@敗北_onedari_boss,おねだり,イッカク娘,（当たらない）,射精0／ところてん系0／メスイキ系0,4049,75/76
N152_Madam_MOD,CSV/Card\Madam_master.txt,@敗北_btl_m1,バトル,アラディア,ところてん→メスイキ・メスの才能,射精0／ところてん系1／メスイキ系0,3935,76/77
N152_Madam_MOD,CSV/Card\Madam_master.txt,@敗北_btl_m2,バトル,アラディア,ところてん→メスイキ・メスの才能,射精0／ところてん系2／メスイキ系0,3894,71/72
N152_Madam_MOD,CSV/Card\Madam_master.txt,@敗北_btl_m3,バトル,アラディア,ところてん→メスイキ・メスの才能,射精0／ところてん系0／メスイキ系0,3871,71/72
N152_Madam_MOD,CSV/Card\Madam_master.txt,@敗北_btl_e1,バトル,マダムインセクト,（当たらない）,射精0／ところてん系3／メスイキ系0,3985,74/75
N152_Madam_MOD,CSV/Card\Madam_master.txt,@敗北_btl_e2,バトル,マダムアンブレラ,メスの才能,射精0／ところてん系1／メスイキ系0,4010,70/71
N152_Madam_MOD,CSV/Card\Madam_master.txt,@敗北_btl_e3,バトル,メイドスキュラ,（当たらない）,射精0／ところてん系0／メスイキ系0,3980,71/72
N152_Madam_MOD,CSV/Card\Madam_master.txt,@敗北_btl_boss,バトル,キャンディ,体のメス化,射精0／ところてん系2／メスイキ系0,4124,72/73
N152_Madam_MOD,CSV/Card\Madam_master.txt,@敗北_onani_m1,オナニー,アラディア,ところてん→メスイキ・メスの才能,射精0／ところてん系0／メスイキ系0,4044,73/74
N152_Madam_MOD,CSV/Card\Madam_master.txt,@敗北_onani_m2,オナニー,アラディア,ところてん→メスイキ・メスの才能,射精0／ところてん系0／メスイキ系0,3994,70/71
N152_Madam_MOD,CSV/Card\Madam_master.txt,@敗北_onani_m3,オナニー,アラディア,ところてん→メスイキ・メスの才能,射精0／ところてん系0／メスイキ系0,3953,69/70
N152_Madam_MOD,CSV/Card\Madam_master.txt,@敗北_onani_e1,オナニー,マダムインセクト,（当たらない）,射精0／ところてん系1／メスイキ系0,3996,71/72
N152_Madam_MOD,CSV/Card\Madam_master.txt,@敗北_onani_e2,オナニー,マダムアンブレラ,メスの才能,射精0／ところてん系1／メスイキ系0,4101,70/71
N152_Madam_MOD,CSV/Card\Madam_master.txt,@敗北_onani_e3,オナニー,メイドスキュラ,（当たらない）,射精0／ところてん系0／メスイキ系0,4008,70/71
N152_Madam_MOD,CSV/Card\Madam_master.txt,@敗北_onani_boss,オナニー,キャンディ,体のメス化,射精0／ところてん系3／メスイキ系0,4120,70/71
N152_Madam_MOD,CSV/Card\Madam_master.txt,@敗北_inochi_m1,命乞い,アラディア,ところてん→メスイキ・メスの才能・体のメス化,射精0／ところてん系0／メスイキ系0,3900,68/69
N152_Madam_MOD,CSV/Card\Madam_master.txt,@敗北_inochi_m2,命乞い,アラディア,ところてん→メスイキ・メスの才能・体のメス化,射精0／ところてん系0／メスイキ系0,3889,67/68
N152_Madam_MOD,CSV/Card\Madam_master.txt,@敗北_inochi_m3,命乞い,アラディア,ところてん→メスイキ・メスの才能,射精0／ところてん系1／メスイキ系0,3829,65/66
N152_Madam_MOD,CSV/Card\Madam_master.txt,@敗北_inochi_e1,命乞い,マダムインセクト,メスの才能・体のメス化,射精0／ところてん系3／メスイキ系0,3907,65/66
N152_Madam_MOD,CSV/Card\Madam_master.txt,@敗北_inochi_e2,命乞い,マダムアンブレラ,メスの才能・体のメス化,射精0／ところてん系0／メスイキ系0,3917,65/66
N152_Madam_MOD,CSV/Card\Madam_master.txt,@敗北_inochi_e3,命乞い,メイドスキュラ,メスの才能・体のメス化,射精0／ところてん系0／メスイキ系0,3885,66/67
N152_Madam_MOD,CSV/Card\Madam_master.txt,@敗北_inochi_boss,命乞い,キャンディ,メスの才能・体のメス化,射精0／ところてん系0／メスイキ系0,3822,64/65
N152_Madam_MOD,CSV/Card\Madam_master.txt,@敗北_onedari_m1,おねだり,アラディア,ところてん→メスイキ・メスの才能・体のメス化,射精0／ところてん系1／メスイキ系0,3819,64/67
N152_Madam_MOD,CSV/Card\Madam_master.txt,@敗北_onedari_m2,おねだり,アラディア,ところてん→メスイキ・メスの才能・体のメス化,射精0／ところてん系0／メスイキ系0,3785,64/65
N152_Madam_MOD,CSV/Card\Madam_master.txt,@敗北_onedari_m3,おねだり,アラディア,ところてん→メスイキ・メスの才能,射精0／ところてん系0／メスイキ系0,3797,62/63
N152_Madam_MOD,CSV/Card\Madam_master.txt,@敗北_onedari_e1,おねだり,マダムインセクト,メスの才能・体のメス化,射精0／ところてん系5／メスイキ系0,3753,62/63
N152_Madam_MOD,CSV/Card\Madam_master.txt,@敗北_onedari_e2,おねだり,マダムアンブレラ,メスの才能・体のメス化,射精0／ところてん系0／メスイキ系0,3739,62/63
N152_Madam_MOD,CSV/Card\Madam_master.txt,@敗北_onedari_e3,おねだり,メイドスキュラ,メスの才能・体のメス化,射精0／ところてん系0／メスイキ系0,3778,64/65
N152_Madam_MOD,CSV/Card\Madam_master.txt,@敗北_onedari_boss,おねだり,キャンディ,メスの才能・体のメス化,射精0／ところてん系0／メスイキ系0,3852,63/64
N153_BlackCastle_MOD,CSV/Card\BlackCastle_master.txt,@敗北_btl_m1,バトル,黒華,メスの才能,射精0／ところてん系0／メスイキ系0,3879,67/68
N153_BlackCastle_MOD,CSV/Card\BlackCastle_master.txt,@敗北_btl_m2,バトル,黒華,メスの才能,射精0／ところてん系0／メスイキ系0,3869,67/68
N153_BlackCastle_MOD,CSV/Card\BlackCastle_master.txt,@敗北_btl_m3,バトル,黒華,メスの才能・体のメス化,射精0／ところてん系0／メスイキ系0,3958,71/72
N153_BlackCastle_MOD,CSV/Card\BlackCastle_master.txt,@敗北_btl_e1,バトル,黒蛇,メスの才能・体のメス化・ぱふぱふ,射精0／ところてん系1／メスイキ系0,4025,69/70
N153_BlackCastle_MOD,CSV/Card\BlackCastle_master.txt,@敗北_btl_e2,バトル,モンクデーモン,メスの才能,射精0／ところてん系0／メスイキ系0,3963,67/68
N153_BlackCastle_MOD,CSV/Card\BlackCastle_master.txt,@敗北_btl_e3,バトル,スキュラサーバント,メスの才能・体のメス化,射精0／ところてん系0／メスイキ系0,3994,69/70
N153_BlackCastle_MOD,CSV/Card\BlackCastle_master.txt,@敗北_btl_boss,バトル,黒薔薇,（当たらない）,射精0／ところてん系1／メスイキ系0,4057,70/71
N153_BlackCastle_MOD,CSV/Card\BlackCastle_master.txt,@敗北_onani_m1,オナニー,黒華,メスの才能・体のメス化,射精0／ところてん系0／メスイキ系0,3988,66/67
N153_BlackCastle_MOD,CSV/Card\BlackCastle_master.txt,@敗北_onani_m2,オナニー,黒華,メスの才能・体のメス化,射精0／ところてん系1／メスイキ系0,3995,68/69
N153_BlackCastle_MOD,CSV/Card\BlackCastle_master.txt,@敗北_onani_m3,オナニー,黒華,メスの才能,射精0／ところてん系0／メスイキ系0,4063,67/68
N153_BlackCastle_MOD,CSV/Card\BlackCastle_master.txt,@敗北_onani_e1,オナニー,黒蛇,（当たらない）,射精0／ところてん系1／メスイキ系0,4043,69/70
N153_BlackCastle_MOD,CSV/Card\BlackCastle_master.txt,@敗北_onani_e2,オナニー,モンクデーモン,メスの才能,射精0／ところてん系0／メスイキ系0,4041,65/67
N153_BlackCastle_MOD,CSV/Card\BlackCastle_master.txt,@敗北_onani_e3,オナニー,スキュラサーバント,メスの才能・体のメス化,射精0／ところてん系0／メスイキ系0,4100,65/66
N153_BlackCastle_MOD,CSV/Card\BlackCastle_master.txt,@敗北_onani_boss,オナニー,黒薔薇,メスの才能・体のメス化,射精0／ところてん系0／メスイキ系0,4161,70/71
N153_BlackCastle_MOD,CSV/Card\BlackCastle_master.txt,@敗北_inochi_m1,命乞い,黒華,メスの才能,射精0／ところてん系0／メスイキ系0,3992,72/73
N153_BlackCastle_MOD,CSV/Card\BlackCastle_master.txt,@敗北_inochi_m2,命乞い,黒華,メスの才能,射精0／ところてん系1／メスイキ系0,3866,68/69
N153_BlackCastle_MOD,CSV/Card\BlackCastle_master.txt,@敗北_inochi_m3,命乞い,黒華,メスの才能,射精0／ところてん系0／メスイキ系0,3822,69/70
N153_BlackCastle_MOD,CSV/Card\BlackCastle_master.txt,@敗北_inochi_e1,命乞い,黒蛇,ぱふぱふ,射精0／ところてん系0／メスイキ系0,3898,69/70
N153_BlackCastle_MOD,CSV/Card\BlackCastle_master.txt,@敗北_inochi_e2,命乞い,モンクデーモン,メスの才能,射精2／ところてん系0／メスイキ系0,3913,68/69
N153_BlackCastle_MOD,CSV/Card\BlackCastle_master.txt,@敗北_inochi_e3,命乞い,スキュラサーバント,乳首では出さない(射精の語あり 要確認)・メスの才能・体のメス化,射精2／ところてん系0／メスイキ系0,3930,67/68
N153_BlackCastle_MOD,CSV/Card\BlackCastle_master.txt,@敗北_inochi_boss,命乞い,黒薔薇,メスの才能・体のメス化,射精0／ところてん系0／メスイキ系0,3919,69/70
N153_BlackCastle_MOD,CSV/Card\BlackCastle_master.txt,@敗北_onedari_m1,おねだり,黒華,メスの才能,射精0／ところてん系0／メスイキ系0,3965,69/70
N153_BlackCastle_MOD,CSV/Card\BlackCastle_master.txt,@敗北_onedari_m2,おねだり,黒華,メスの才能,射精0／ところてん系2／メスイキ系0,3900,67/68
N153_BlackCastle_MOD,CSV/Card\BlackCastle_master.txt,@敗北_onedari_m3,おねだり,黒華,乳首では出さない(射精の語あり 要確認)・メスの才能・体のメス化,射精2／ところてん系0／メスイキ系0,3967,68/69
N153_BlackCastle_MOD,CSV/Card\BlackCastle_master.txt,@敗北_onedari_e1,おねだり,黒蛇,メスの才能・体のメス化・ぱふぱふ,射精0／ところてん系0／メスイキ系0,3810,67/68
N153_BlackCastle_MOD,CSV/Card\BlackCastle_master.txt,@敗北_onedari_e2,おねだり,モンクデーモン,メスの才能,射精2／ところてん系0／メスイキ系0,3895,68/69
N153_BlackCastle_MOD,CSV/Card\BlackCastle_master.txt,@敗北_onedari_e3,おねだり,スキュラサーバント,乳首では出さない(射精の語あり 要確認)・メスの才能・体のメス化,射精2／ところてん系0／メスイキ系0,4002,69/70
N153_BlackCastle_MOD,CSV/Card\BlackCastle_master.txt,@敗北_onedari_boss,おねだり,黒薔薇,メスの才能・体のメス化,射精0／ところてん系0／メスイキ系0,3915,68/69
N154_RedMountain_MOD,CSV/Card\RedMountain_master.txt,@敗北_btl_m1,バトル,ケツァルコァトル,メスの才能・体のメス化,射精0／ところてん系2／メスイキ系0,3859,64/65
N154_RedMountain_MOD,CSV/Card\RedMountain_master.txt,@敗北_btl_m2,バトル,ケツァルコァトル,メスの才能・体のメス化,射精0／ところてん系0／メスイキ系0,3838,64/65
N154_RedMountain_MOD,CSV/Card\RedMountain_master.txt,@敗北_btl_m3,バトル,ケツァルコァトル,メスの才能・体のメス化,射精0／ところてん系0／メスイキ系0,3840,64/65
N154_RedMountain_MOD,CSV/Card\RedMountain_master.txt,@敗北_btl_e1,バトル,モスキート娘,乳首では出さない(射精の語あり 要確認)・メスの才能・体のメス化,射精1／ところてん系0／メスイキ系0,3818,63/64
N154_RedMountain_MOD,CSV/Card\RedMountain_master.txt,@敗北_btl_e2,バトル,カイコ娘,メスの才能・体のメス化,射精0／ところてん系0／メスイキ系0,3833,65/66
N154_RedMountain_MOD,CSV/Card\RedMountain_master.txt,@敗北_btl_e3,バトル,カマキリ娘,（当たらない）,射精0／ところてん系1／メスイキ系0,3827,88/89
N154_RedMountain_MOD,CSV/Card\RedMountain_master.txt,@敗北_btl_boss,バトル,モス娘,メスの才能・体のメス化,射精0／ところてん系1／メスイキ系0,3877,65/66
N154_RedMountain_MOD,CSV/Card\RedMountain_master.txt,@敗北_onani_m1,オナニー,ケツァルコァトル,メスの才能・体のメス化,射精0／ところてん系1／メスイキ系0,3810,65/66
N154_RedMountain_MOD,CSV/Card\RedMountain_master.txt,@敗北_onani_m2,オナニー,ケツァルコァトル,メスの才能・体のメス化,射精0／ところてん系1／メスイキ系0,3790,66/67
N154_RedMountain_MOD,CSV/Card\RedMountain_master.txt,@敗北_onani_m3,オナニー,ケツァルコァトル,メスの才能,射精0／ところてん系0／メスイキ系0,3812,66/67
N154_RedMountain_MOD,CSV/Card\RedMountain_master.txt,@敗北_onani_e1,オナニー,モスキート娘,メスの才能・体のメス化,射精0／ところてん系0／メスイキ系0,3798,65/66
N154_RedMountain_MOD,CSV/Card\RedMountain_master.txt,@敗北_onani_e2,オナニー,カイコ娘,メスの才能・体のメス化,射精0／ところてん系0／メスイキ系0,3875,65/66
N154_RedMountain_MOD,CSV/Card\RedMountain_master.txt,@敗北_onani_e3,オナニー,カマキリ娘,（当たらない）,射精0／ところてん系1／メスイキ系0,3809,79/80
N154_RedMountain_MOD,CSV/Card\RedMountain_master.txt,@敗北_onani_boss,オナニー,モス娘,メスの才能・体のメス化,射精0／ところてん系1／メスイキ系0,4034,66/67
N154_RedMountain_MOD,CSV/Card\RedMountain_master.txt,@敗北_inochi_m1,命乞い,ケツァルコァトル,メスの才能,射精0／ところてん系1／メスイキ系0,3862,68/69
N154_RedMountain_MOD,CSV/Card\RedMountain_master.txt,@敗北_inochi_m2,命乞い,ケツァルコァトル,メスの才能・体のメス化,射精0／ところてん系0／メスイキ系0,3839,65/66
N154_RedMountain_MOD,CSV/Card\RedMountain_master.txt,@敗北_inochi_m3,命乞い,ケツァルコァトル,メスの才能・体のメス化,射精0／ところてん系0／メスイキ系0,3875,65/66
N154_RedMountain_MOD,CSV/Card\RedMountain_master.txt,@敗北_inochi_e1,命乞い,モスキート娘,メスの才能・体のメス化,射精0／ところてん系0／メスイキ系0,3856,65/66
N154_RedMountain_MOD,CSV/Card\RedMountain_master.txt,@敗北_inochi_e2,命乞い,カイコ娘,メスの才能・体のメス化,射精0／ところてん系0／メスイキ系0,3864,65/66
N154_RedMountain_MOD,CSV/Card\RedMountain_master.txt,@敗北_inochi_e3,命乞い,カマキリ娘,（当たらない）,射精0／ところてん系0／メスイキ系0,3939,90/91
N154_RedMountain_MOD,CSV/Card\RedMountain_master.txt,@敗北_inochi_boss,命乞い,モス娘,メスの才能・体のメス化,射精0／ところてん系0／メスイキ系0,4018,68/69
N154_RedMountain_MOD,CSV/Card\RedMountain_master.txt,@敗北_onedari_m1,おねだり,ケツァルコァトル,メスの才能,射精0／ところてん系0／メスイキ系0,3860,64/65
N154_RedMountain_MOD,CSV/Card\RedMountain_master.txt,@敗北_onedari_m2,おねだり,ケツァルコァトル,メスの才能,射精0／ところてん系1／メスイキ系0,3872,65/66
N154_RedMountain_MOD,CSV/Card\RedMountain_master.txt,@敗北_onedari_m3,おねだり,ケツァルコァトル,メスの才能・体のメス化,射精0／ところてん系0／メスイキ系0,3954,65/66
N154_RedMountain_MOD,CSV/Card\RedMountain_master.txt,@敗北_onedari_e1,おねだり,モスキート娘,メスの才能・体のメス化,射精0／ところてん系0／メスイキ系0,3842,66/67
N154_RedMountain_MOD,CSV/Card\RedMountain_master.txt,@敗北_onedari_e2,おねだり,カイコ娘,メスの才能・体のメス化,射精0／ところてん系1／メスイキ系0,3897,64/65
N154_RedMountain_MOD,CSV/Card\RedMountain_master.txt,@敗北_onedari_e3,おねだり,カマキリ娘,（当たらない）,射精0／ところてん系0／メスイキ系0,3798,85/86
N154_RedMountain_MOD,CSV/Card\RedMountain_master.txt,@敗北_onedari_boss,おねだり,モス娘,（当たらない）,射精0／ところてん系0／メスイキ系0,3935,65/66
N155_ElfNinja_MOD,CSV/Card\ElfNinja_master.txt,@敗北_btl_m1,バトル,エルフ姫,メスの才能・体のメス化,射精0／ところてん系1／メスイキ系0,3879,72/73
N155_ElfNinja_MOD,CSV/Card\ElfNinja_master.txt,@敗北_btl_m2,バトル,エルフ姫,メスの才能・体のメス化,射精0／ところてん系0／メスイキ系0,3888,71/72
N155_ElfNinja_MOD,CSV/Card\ElfNinja_master.txt,@敗北_btl_m3,バトル,エルフ姫,メスの才能,射精0／ところてん系1／メスイキ系0,3823,72/73
N155_ElfNinja_MOD,CSV/Card\ElfNinja_master.txt,@敗北_btl_e1,バトル,くのいちスキュラ,ところてん→メスイキ・メスの才能・体のメス化,射精0／ところてん系2／メスイキ系0,3872,70/71
N155_ElfNinja_MOD,CSV/Card\ElfNinja_master.txt,@敗北_btl_e2,バトル,くのいちアラクネ,メスの才能・体のメス化,射精0／ところてん系0／メスイキ系0,3797,71/72
N155_ElfNinja_MOD,CSV/Card\ElfNinja_master.txt,@敗北_btl_e3,バトル,くのいちサキュバス,メスの才能・体のメス化,射精0／ところてん系0／メスイキ系0,3870,69/70
N155_ElfNinja_MOD,CSV/Card\ElfNinja_master.txt,@敗北_btl_boss,バトル,サムライエルフ,（当たらない）,射精0／ところてん系0／メスイキ系0,3843,72/73
N155_ElfNinja_MOD,CSV/Card\ElfNinja_master.txt,@敗北_onani_m1,オナニー,エルフ姫,メスの才能・体のメス化,射精0／ところてん系1／メスイキ系0,3858,71/72
N155_ElfNinja_MOD,CSV/Card\ElfNinja_master.txt,@敗北_onani_m2,オナニー,エルフ姫,メスの才能・体のメス化,射精0／ところてん系0／メスイキ系0,3835,70/71
N155_ElfNinja_MOD,CSV/Card\ElfNinja_master.txt,@敗北_onani_m3,オナニー,エルフ姫,メスの才能・体のメス化,射精0／ところてん系0／メスイキ系0,3793,69/70
N155_ElfNinja_MOD,CSV/Card\ElfNinja_master.txt,@敗北_onani_e1,オナニー,くのいちスキュラ,ところてん→メスイキ・メスの才能・ぱふぱふ,射精0／ところてん系2／メスイキ系0,3845,69/70
N155_ElfNinja_MOD,CSV/Card\ElfNinja_master.txt,@敗北_onani_e2,オナニー,くのいちアラクネ,メスの才能・体のメス化,射精0／ところてん系0／メスイキ系0,3855,71/72
N155_ElfNinja_MOD,CSV/Card\ElfNinja_master.txt,@敗北_onani_e3,オナニー,くのいちサキュバス,メスの才能・体のメス化,射精0／ところてん系0／メスイキ系0,3816,67/68
N155_ElfNinja_MOD,CSV/Card\ElfNinja_master.txt,@敗北_onani_boss,オナニー,サムライエルフ,メスの才能・体のメス化,射精0／ところてん系0／メスイキ系0,3798,68/69
N155_ElfNinja_MOD,CSV/Card\ElfNinja_master.txt,@敗北_inochi_m1,命乞い,エルフ姫,メスの才能,射精0／ところてん系1／メスイキ系0,3831,64/65
N155_ElfNinja_MOD,CSV/Card\ElfNinja_master.txt,@敗北_inochi_m2,命乞い,エルフ姫,メスの才能・体のメス化,射精0／ところてん系0／メスイキ系0,3837,63/64
N155_ElfNinja_MOD,CSV/Card\ElfNinja_master.txt,@敗北_inochi_m3,命乞い,エルフ姫,メスの才能・体のメス化,射精0／ところてん系1／メスイキ系0,3895,63/64
N155_ElfNinja_MOD,CSV/Card\ElfNinja_master.txt,@敗北_inochi_e1,命乞い,くのいちスキュラ,ところてん→メスイキ・メスの才能・体のメス化,射精0／ところてん系0／メスイキ系0,3878,65/66
N155_ElfNinja_MOD,CSV/Card\ElfNinja_master.txt,@敗北_inochi_e2,命乞い,くのいちアラクネ,メスの才能・体のメス化,射精0／ところてん系0／メスイキ系0,3850,66/67
N155_ElfNinja_MOD,CSV/Card\ElfNinja_master.txt,@敗北_inochi_e3,命乞い,くのいちサキュバス,メスの才能・体のメス化,射精0／ところてん系1／メスイキ系0,3801,65/66
N155_ElfNinja_MOD,CSV/Card\ElfNinja_master.txt,@敗北_inochi_boss,命乞い,サムライエルフ,（当たらない）,射精0／ところてん系0／メスイキ系0,3869,69/70
N155_ElfNinja_MOD,CSV/Card\ElfNinja_master.txt,@敗北_onedari_m1,おねだり,エルフ姫,メスの才能,射精0／ところてん系0／メスイキ系0,3772,65/66
N155_ElfNinja_MOD,CSV/Card\ElfNinja_master.txt,@敗北_onedari_m2,おねだり,エルフ姫,メスの才能・体のメス化,射精0／ところてん系2／メスイキ系0,3812,65/66
N155_ElfNinja_MOD,CSV/Card\ElfNinja_master.txt,@敗北_onedari_m3,おねだり,エルフ姫,メスの才能・体のメス化,射精0／ところてん系0／メスイキ系0,3768,64/65
N155_ElfNinja_MOD,CSV/Card\ElfNinja_master.txt,@敗北_onedari_e1,おねだり,くのいちスキュラ,ところてん→メスイキ・メスの才能・体のメス化,射精0／ところてん系2／メスイキ系0,3846,64/65
N155_ElfNinja_MOD,CSV/Card\ElfNinja_master.txt,@敗北_onedari_e2,おねだり,くのいちアラクネ,メスの才能・体のメス化,射精0／ところてん系0／メスイキ系0,3824,67/68
N155_ElfNinja_MOD,CSV/Card\ElfNinja_master.txt,@敗北_onedari_e3,おねだり,くのいちサキュバス,メスの才能・体のメス化,射精0／ところてん系1／メスイキ系0,3745,65/66
N155_ElfNinja_MOD,CSV/Card\ElfNinja_master.txt,@敗北_onedari_boss,おねだり,サムライエルフ,メスの才能・体のメス化,射精0／ところてん系0／メスイキ系0,3871,68/69
N156_Research_MOD,CSV/Card\Research_master.txt,@敗北_btl_m1,バトル,アドラメレク,ところてん→メスイキ・メスの才能・体のメス化,射精0／ところてん系1／メスイキ系0,3918,65/66
N156_Research_MOD,CSV/Card\Research_master.txt,@敗北_btl_m2,バトル,アドラメレク,ところてん→メスイキ・メスの才能・体のメス化,射精0／ところてん系1／メスイキ系0,3945,64/65
N156_Research_MOD,CSV/Card\Research_master.txt,@敗北_btl_m3,バトル,アドラメレク,ところてん→メスイキ・メスの才能,射精0／ところてん系1／メスイキ系0,3946,65/66
N156_Research_MOD,CSV/Card\Research_master.txt,@敗北_btl_e1,バトル,キメラホムンクルス,ところてん→メスイキ・乳首では出さない(射精の語あり 要確認)・メスの才能・体のメス化,射精6／ところてん系2／メスイキ系0,4008,67/68
N156_Research_MOD,CSV/Card\Research_master.txt,@敗北_btl_e2,バトル,ガイストビーネ,メスの才能・体のメス化,射精0／ところてん系0／メスイキ系0,4045,63/64
N156_Research_MOD,CSV/Card\Research_master.txt,@敗北_btl_e3,バトル,ブロム娘,メスの才能・体のメス化,射精0／ところてん系1／メスイキ系0,4028,65/66
N156_Research_MOD,CSV/Card\Research_master.txt,@敗北_btl_boss,バトル,カサンドラ,メスの才能・体のメス化・ぱふぱふ,射精0／ところてん系0／メスイキ系0,4005,66/67
N156_Research_MOD,CSV/Card\Research_master.txt,@敗北_onani_m1,オナニー,アドラメレク,ところてん→メスイキ・メスの才能・体のメス化,射精0／ところてん系1／メスイキ系0,4009,62/63
N156_Research_MOD,CSV/Card\Research_master.txt,@敗北_onani_m2,オナニー,アドラメレク,ところてん→メスイキ・メスの才能・体のメス化,射精0／ところてん系0／メスイキ系0,4043,64/65
N156_Research_MOD,CSV/Card\Research_master.txt,@敗北_onani_m3,オナニー,アドラメレク,ところてん→メスイキ・メスの才能,射精0／ところてん系1／メスイキ系0,3998,63/64
N156_Research_MOD,CSV/Card\Research_master.txt,@敗北_onani_e1,オナニー,キメラホムンクルス,ところてん→メスイキ・メスの才能,射精4／ところてん系1／メスイキ系0,3978,63/64
N156_Research_MOD,CSV/Card\Research_master.txt,@敗北_onani_e2,オナニー,ガイストビーネ,メスの才能・体のメス化,射精0／ところてん系0／メスイキ系0,3974,59/60
N156_Research_MOD,CSV/Card\Research_master.txt,@敗北_onani_e3,オナニー,ブロム娘,メスの才能・体のメス化,射精0／ところてん系0／メスイキ系0,4055,64/65
N156_Research_MOD,CSV/Card\Research_master.txt,@敗北_onani_boss,オナニー,カサンドラ,メスの才能・体のメス化・ぱふぱふ,射精0／ところてん系0／メスイキ系0,4041,63/64
N156_Research_MOD,CSV/Card\Research_master.txt,@敗北_inochi_m1,命乞い,アドラメレク,ところてん→メスイキ・メスの才能・ぱふぱふ,射精1／ところてん系0／メスイキ系0,3886,69/70
N156_Research_MOD,CSV/Card\Research_master.txt,@敗北_inochi_m2,命乞い,アドラメレク,ところてん→メスイキ・乳首では出さない(射精の語あり 要確認)・メスの才能・体のメス化,射精4／ところてん系0／メスイキ系0,4020,70/71
N156_Research_MOD,CSV/Card\Research_master.txt,@敗北_inochi_m3,命乞い,アドラメレク,ところてん→メスイキ・メスの才能,射精2／ところてん系0／メスイキ系0,4039,68/70
N156_Research_MOD,CSV/Card\Research_master.txt,@敗北_inochi_e1,命乞い,キメラホムンクルス,ところてん→メスイキ・乳首では出さない(射精の語あり 要確認)・メスの才能・体のメス化,射精4／ところてん系0／メスイキ系0,4005,69/70
N156_Research_MOD,CSV/Card\Research_master.txt,@敗北_inochi_e2,命乞い,ガイストビーネ,（当たらない）,射精0／ところてん系0／メスイキ系0,3946,65/66
N156_Research_MOD,CSV/Card\Research_master.txt,@敗北_inochi_e3,命乞い,ブロム娘,（当たらない）,射精0／ところてん系0／メスイキ系0,4079,65/66
N156_Research_MOD,CSV/Card\Research_master.txt,@敗北_inochi_boss,命乞い,カサンドラ,メスの才能・体のメス化,射精0／ところてん系0／メスイキ系0,4060,66/67
N156_Research_MOD,CSV/Card\Research_master.txt,@敗北_onedari_m1,おねだり,アドラメレク,ところてん→メスイキ・乳首では出さない(射精の語あり 要確認)・メスの才能・体のメス化,射精3／ところてん系1／メスイキ系0,3917,66/67
N156_Research_MOD,CSV/Card\Research_master.txt,@敗北_onedari_m2,おねだり,アドラメレク,ところてん→メスイキ・乳首では出さない(射精の語あり 要確認)・メスの才能・体のメス化,射精2／ところてん系1／メスイキ系0,4007,70/71
N156_Research_MOD,CSV/Card\Research_master.txt,@敗北_onedari_m3,おねだり,アドラメレク,ところてん→メスイキ・メスの才能,射精2／ところてん系0／メスイキ系0,4013,69/70
N156_Research_MOD,CSV/Card\Research_master.txt,@敗北_onedari_e1,おねだり,キメラホムンクルス,ところてん→メスイキ・乳首では出さない(射精の語あり 要確認)・メスの才能・体のメス化,射精4／ところてん系0／メスイキ系0,4041,70/71
N156_Research_MOD,CSV/Card\Research_master.txt,@敗北_onedari_e2,おねだり,ガイストビーネ,メスの才能・体のメス化,射精0／ところてん系0／メスイキ系0,3991,65/66
N156_Research_MOD,CSV/Card\Research_master.txt,@敗北_onedari_e3,おねだり,ブロム娘,メスの才能・体のメス化,射精0／ところてん系0／メスイキ系0,4021,66/67
N156_Research_MOD,CSV/Card\Research_master.txt,@敗北_onedari_boss,おねだり,カサンドラ,メスの才能,射精0／ところてん系0／メスイキ系0,3842,63/64
N157_LilyMansion_MOD,CSV/Card\LilyMansion_master.txt,@敗北_btl_m1,バトル,リリィ,メスの才能・体のメス化,射精0／ところてん系0／メスイキ系0,3803,69/70
N157_LilyMansion_MOD,CSV/Card\LilyMansion_master.txt,@敗北_btl_m2,バトル,リリィ,メスの才能・体のメス化,射精0／ところてん系0／メスイキ系0,3803,72/73
N157_LilyMansion_MOD,CSV/Card\LilyMansion_master.txt,@敗北_btl_m3,バトル,リリィ,メスの才能・体のメス化,射精0／ところてん系0／メスイキ系0,3774,71/72
N157_LilyMansion_MOD,CSV/Card\LilyMansion_master.txt,@敗北_btl_e1,バトル,ウーストレル,（当たらない）,射精0／ところてん系1／メスイキ系0,3809,67/68
N157_LilyMansion_MOD,CSV/Card\LilyMansion_master.txt,@敗北_btl_e2,バトル,ワームビレッジャ,メスの才能・体のメス化,射精0／ところてん系1／メスイキ系0,3909,70/71
N157_LilyMansion_MOD,CSV/Card\LilyMansion_master.txt,@敗北_btl_e3,バトル,サックボア,メスの才能・体のメス化,射精0／ところてん系0／メスイキ系0,3917,90/91
N157_LilyMansion_MOD,CSV/Card\LilyMansion_master.txt,@敗北_btl_boss,バトル,ルシア,（当たらない）,射精0／ところてん系0／メスイキ系0,3915,72/73
N157_LilyMansion_MOD,CSV/Card\LilyMansion_master.txt,@敗北_onani_m1,オナニー,リリィ,メスの才能・体のメス化,射精0／ところてん系0／メスイキ系0,3839,70/71
N157_LilyMansion_MOD,CSV/Card\LilyMansion_master.txt,@敗北_onani_m2,オナニー,リリィ,メスの才能・体のメス化,射精0／ところてん系1／メスイキ系0,3812,70/71
N157_LilyMansion_MOD,CSV/Card\LilyMansion_master.txt,@敗北_onani_m3,オナニー,リリィ,メスの才能,射精0／ところてん系0／メスイキ系0,3785,70/71
N157_LilyMansion_MOD,CSV/Card\LilyMansion_master.txt,@敗北_onani_e1,オナニー,ウーストレル,（当たらない）,射精0／ところてん系0／メスイキ系0,3792,70/71
N157_LilyMansion_MOD,CSV/Card\LilyMansion_master.txt,@敗北_onani_e2,オナニー,ワームビレッジャ,メスの才能・体のメス化,射精0／ところてん系2／メスイキ系0,3886,69/70
N157_LilyMansion_MOD,CSV/Card\LilyMansion_master.txt,@敗北_onani_e3,オナニー,サックボア,メスの才能・体のメス化,射精0／ところてん系0／メスイキ系0,3928,77/78
N157_LilyMansion_MOD,CSV/Card\LilyMansion_master.txt,@敗北_onani_boss,オナニー,ルシア,メスの才能・体のメス化・ぱふぱふ,射精0／ところてん系0／メスイキ系0,3948,69/70
N157_LilyMansion_MOD,CSV/Card\LilyMansion_master.txt,@敗北_inochi_m1,命乞い,リリィ,メスの才能,射精0／ところてん系0／メスイキ系0,3785,67/68
N157_LilyMansion_MOD,CSV/Card\LilyMansion_master.txt,@敗北_inochi_m2,命乞い,リリィ,メスの才能・体のメス化,射精0／ところてん系1／メスイキ系0,3854,68/69
N157_LilyMansion_MOD,CSV/Card\LilyMansion_master.txt,@敗北_inochi_m3,命乞い,リリィ,メスの才能,射精0／ところてん系0／メスイキ系0,3820,68/69
N157_LilyMansion_MOD,CSV/Card\LilyMansion_master.txt,@敗北_inochi_e1,命乞い,ウーストレル,（当たらない）,射精0／ところてん系1／メスイキ系0,3818,68/69
N157_LilyMansion_MOD,CSV/Card\LilyMansion_master.txt,@敗北_inochi_e2,命乞い,ワームビレッジャ,メスの才能,射精0／ところてん系0／メスイキ系0,3853,66/67
N157_LilyMansion_MOD,CSV/Card\LilyMansion_master.txt,@敗北_inochi_e3,命乞い,サックボア,メスの才能・体のメス化,射精0／ところてん系0／メスイキ系0,4094,89/90
N157_LilyMansion_MOD,CSV/Card\LilyMansion_master.txt,@敗北_inochi_boss,命乞い,ルシア,（当たらない）,射精2／ところてん系0／メスイキ系0,3901,70/71
N157_LilyMansion_MOD,CSV/Card\LilyMansion_master.txt,@敗北_onedari_m1,おねだり,リリィ,メスの才能・体のメス化,射精0／ところてん系1／メスイキ系0,3815,67/68
N157_LilyMansion_MOD,CSV/Card\LilyMansion_master.txt,@敗北_onedari_m2,おねだり,リリィ,メスの才能・体のメス化,射精0／ところてん系0／メスイキ系0,3877,69/70
N157_LilyMansion_MOD,CSV/Card\LilyMansion_master.txt,@敗北_onedari_m3,おねだり,リリィ,メスの才能・体のメス化,射精0／ところてん系1／メスイキ系0,3853,70/71
N157_LilyMansion_MOD,CSV/Card\LilyMansion_master.txt,@敗北_onedari_e1,おねだり,ウーストレル,ぱふぱふ(匂いなし),射精0／ところてん系2／メスイキ系0,3818,70/71
N157_LilyMansion_MOD,CSV/Card\LilyMansion_master.txt,@敗北_onedari_e2,おねだり,ワームビレッジャ,メスの才能,射精0／ところてん系2／メスイキ系0,3841,68/69
N157_LilyMansion_MOD,CSV/Card\LilyMansion_master.txt,@敗北_onedari_e3,おねだり,サックボア,メスの才能・体のメス化,射精0／ところてん系1／メスイキ系0,3859,82/83
N157_LilyMansion_MOD,CSV/Card\LilyMansion_master.txt,@敗北_onedari_boss,おねだり,ルシア,乳首では出さない(射精の語あり 要確認)・メスの才能・体のメス化,射精2／ところてん系1／メスイキ系0,3866,69/70
Rosetta_MOD,Card\Rosetta_master.txt,@敗北_オナニー,,自分,ところてん→メスイキ(メスイキの語あり)・メスの才能・体のメス化,射精0／ところてん系11／メスイキ系1,7806,0/139
Rosetta_MOD,Card\Rosetta_master.txt,@敗北_ロゼッタ,,自分,ところてん→メスイキ・乳首では出さない(射精の語あり 要確認)・メスの才能・体のメス化・ペニバンの書き分け・ぱふぱふ,射精1／ところてん系7／メスイキ系7,14313,0/276
Rosetta_MOD,Card\Rosetta_master.txt,@敗北_エルザ,,エルザ,メスの才能・体のメス化・ぱふぱふ,射精0／ところてん系0／メスイキ系1,10921,0/219
Rosetta_MOD,Card\Rosetta_master.txt,@敗北_ヴィヴィアン,,ヴィヴィアン,ところてん→メスイキ(メスイキの語あり)・メスの才能・体のメス化,射精0／ところてん系8／メスイキ系5,10396,0/219
Rosetta_MOD,Card\Rosetta_master.txt,@敗北_ミレーユ,,ミレーユ,ところてん→メスイキ(メスイキの語あり)・メスの才能・体のメス化,射精0／ところてん系11／メスイキ系4,10936,0/233
Ruin_MOD,Card\Ruin_master.txt,@敗北_リュシア,,,体のメス化,射精2／ところてん系1／メスイキ系0,5830,0/152
Ruin_MOD,Card\Ruin_master.txt,@敗北_ミオ,,,乳首では出さない(射精の語あり 要確認)・メスの才能・体のメス化,射精1／ところてん系1／メスイキ系0,5687,0/150
Ruin_MOD,Card\Ruin_master.txt,@敗北_カレン,,,乳首では出さない(射精の語あり 要確認)・メスの才能・体のメス化,射精12／ところてん系1／メスイキ系0,6272,0/161
Ruin_MOD,Card\Ruin_master.txt,@敗北_シズク,,,（当たらない）,射精3／ところてん系0／メスイキ系1,6436,0/158
Ruin_MOD,Card\Ruin_master.txt,@敗北_ヴァイオレット,,,（当たらない）,射精5／ところてん系1／メスイキ系0,6764,0/154
Yakai_MOD,CSV/Card\Yakai_master.txt,@オナニー敗北,,,（当たらない）,射精6／ところてん系0／メスイキ系0,2001,0/50
Yakai_MOD,CSV/Card\Yakai_master.txt,@敗北シナリオ,,,ところてん→メスイキ・乳首では出さない(射精の語あり 要確認)・メスの才能・体のメス化・逆アナルの射精,射精112／ところてん系4／メスイキ系20,136510,0/3302
