MOD,画像名,action,look,下書き,横長,当てはまった語
Alchemy,Alchemy_atk_m1,,,depthref_nipple_pov_lick_5,,
Alchemy,Alchemy_atk_m2,,,depth3d_hero_only_sit,,
Alchemy,Alchemy_atk_m3,,,depthref_finger_front_legs,,
Alchemy,Alchemy_atk_e1,,,depthref_fingering_p_2,,
Alchemy,Alchemy_atk_e2,,,depthref_lap_pillow_hj_side_2,,
Alchemy,Alchemy_atk_e3,,,depthref_kneel_throne_chin,,
Alchemy,Alchemy_atk_boss,,,depthref_nipple_pov_straddle,横長,
Alchemy,Alchemy_lose_btl_m1,,,depthref_lap_pillow_hj_side_2,,
Alchemy,Alchemy_lose_inochi_m1,,,depthref_sit_side_sofa_nipple_2,,
Alchemy,Alchemy_lose_onedari_m1,,,depthref_lap_pillow_hj_side_2,,
Alchemy,Alchemy_lose_btl_m2,,,depth3d_hero_only_sit,,
Alchemy,Alchemy_lose_inochi_m2,,,depthref_whisper_3,,
Alchemy,Alchemy_lose_onedari_m2,,,depthref_whisper_4,,
Alchemy,Alchemy_lose_btl_m3,,,depthref_prostate_p,,
Alchemy,Alchemy_lose_inochi_m3,,,depthref_prostate_p_4,,
Alchemy,Alchemy_lose_onedari_m3,,,depthref_finger_front_legs,,
Alchemy,Alchemy_lose_btl_e1,,,depthref_fingering_p_3,,
Alchemy,Alchemy_lose_inochi_e1,,,depthref_rah_standing_3,,
Alchemy,Alchemy_lose_onedari_e1,,,depthref_lap_pillow_hj_side_2,,
Alchemy,Alchemy_lose_btl_e2,,,depthref_lap_pillow_hj_side_2,,
Alchemy,Alchemy_lose_inochi_e2,,,depthref_nipple_side_lying,,
Alchemy,Alchemy_lose_onedari_e2,,,depthref_rah_lying,,
Alchemy,Alchemy_lose_btl_e3,,,depthref_rah_lying_2,,
Alchemy,Alchemy_lose_inochi_e3,,,depthref_side_chin_lift,,
Alchemy,Alchemy_lose_onedari_e3,,,depthref_lap_pillow_hj_side_2,,
Alchemy,Alchemy_lose_btl_boss,,,depthref_nipple_pov_straddle,横長,
Alchemy,Alchemy_lose_inochi_boss,,,depthref_futadom_p_4,,
Alchemy,Alchemy_lose_onedari_boss,,,depthref_wall_standing_nipple_3,,
Alraune,Alraune_atk_m1,,,depthref_nipple_lap_facing_2,,
Alraune,Alraune_atk_m2,,,depth3d_hero_only_fours,,
Alraune,Alraune_atk_m3,,,,,
Alraune,Alraune_atk_e1,,,depthref_rah_behind_3,,
Alraune,Alraune_atk_e2,,,depthref_kiss_lap_6,,
Alraune,Alraune_atk_e3,,,depthref_nipple_pov_lick_4,,
Alraune,Alraune_atk_boss,,,depthref_suspension_peg_3,,
Alraune,Alraune_inochigoi,,,,,
Alraune,Alraune_onedari,,,depth3d_hero_only_kneel,,
Alraune,Alraune_lose_btl_m1,,,depth3d_hero_only_lie,,
Alraune,Alraune_lose_inochi_m1,,,depthref_hj_behind_seated_4,,
Alraune,Alraune_lose_onedari_m1,,,depthref_kneel_front_nipple,,
Alraune,Alraune_lose_btl_m2,,,depth3d_hero_only_lie,,
Alraune,Alraune_lose_inochi_m2,,,depth3d_hero_only_lie,,
Alraune,Alraune_lose_onedari_m2,,,depth3d_hero_only_lie,,
Alraune,Alraune_lose_btl_m3,,,depthref_suspension_peg_3,,
Alraune,Alraune_lose_inochi_m3,,,,,
Alraune,Alraune_lose_onedari_m3,,,,,
Alraune,Alraune_lose_btl_e1,,,depthref_prostate_p_4,,
Alraune,Alraune_lose_inochi_e1,,,,,
Alraune,Alraune_lose_onedari_e1,,,depthref_prostate_p,,
Alraune,Alraune_lose_btl_e2,,,depthref_nipple_side_lying_2,,
Alraune,Alraune_lose_inochi_e2,,,depthref_inverted_7,,
Alraune,Alraune_lose_onedari_e2,,,depthref_kiss_wall_2,,
Alraune,Alraune_lose_btl_e3,,,depthref_nipple_side_lying,,
Alraune,Alraune_lose_inochi_e3,,,depthref_rusty_3,,
Alraune,Alraune_lose_onedari_e3,,,depthref_rusty_3,,
Alraune,Alraune_lose_btl_boss,,,depthref_lap_nursing_hj_3,,
Alraune,Alraune_lose_inochi_boss,,,depthref_finger_front_legs,,
Alraune,Alraune_lose_onedari_boss,,,depthref_prostate_p,,
Amazon,Amazon_atk_m1,,,depthref_step_2,,
Amazon,Amazon_atk_m2,,,,,
Amazon,Amazon_atk_m3,,,depthref_kiss_wall_3,,
Amazon,Amazon_atk_e1,,,depthref_whisper_lying_2,,
Amazon,Amazon_atk_e2,,,depthref_kneel_bed_edge_nipple_3,,
Amazon,Amazon_atk_e3,,,depthref_step_3,,
Amazon,Amazon_atk_boss,,,depthref_nipple_lap_facing_2,,
Amazon,Amazon_lose_btl_m1,,,depthref_step_3,,
Amazon,Amazon_lose_inochi_m1,,,depth3d_hero_only_lie,,
Amazon,Amazon_lose_onedari_m1,,,depthref_head_side_nipple_2,,
Amazon,Amazon_lose_btl_m2,,,depthref_nipple_pov_lick,,
Amazon,Amazon_lose_inochi_m2,,,depthref_ear_lick_side,,
Amazon,Amazon_lose_onedari_m2,,,depth3d_hero_only_lie,,
Amazon,Amazon_lose_btl_m3,,,depthref_kiss_wall_5,,
Amazon,Amazon_lose_inochi_m3,,,depthref_kiss_p_3,,
Amazon,Amazon_lose_onedari_m3,,,depthref_kiss_wall_3,,
Amazon,Amazon_lose_btl_e1,,,depthref_whisper_lying_2,,
Amazon,Amazon_lose_inochi_e1,,,depthref_whisper_3,,
Amazon,Amazon_lose_onedari_e1,,,depth3d_hero_only_lie,,
Amazon,Amazon_lose_btl_e2,,,depthref_nipple_pov_lick_5,,
Amazon,Amazon_lose_inochi_e2,,,,,
Amazon,Amazon_lose_onedari_e2,,,,,
Amazon,Amazon_lose_btl_e3,,,depthref_step_2,,
Amazon,Amazon_lose_inochi_e3,,,depthref_paizuri_side_3,,
Amazon,Amazon_lose_onedari_e3,,,depth3d_hero_only_lie,,
Amazon,Amazon_lose_btl_boss,,,depthref_peg_doggy,,
Amazon,Amazon_lose_inochi_boss,,,depthref_peg_spoon_2,,
Amazon,Amazon_lose_onedari_boss,,,depthref_peg_doggy_3,,
Android,Android_atk_m1,,,,,
Android,Android_atk_m2,,,depthref_nipple_behind_standing,,
Android,Android_atk_m3,,,depthref_finger_spoon_side,,
Android,Android_atk_e1,,,depthref_bondage_p_2,,
Android,Android_atk_e2,,,,,
Android,Android_atk_e3,,,depthref_ear_lick_side,,
Android,Android_atk_boss,,,depthref_futadom_p_3,,
Android,Android_lose_btl_m1,,,depth3d_hero_only_lie,,
Android,Android_lose_inochi_m1,,,,,
Android,Android_lose_onedari_m1,,,depth3d_hero_only_lie,,
Android,Android_lose_btl_m2,,,depthref_wall_standing_nipple,,
Android,Android_lose_inochi_m2,,,depth3d_hero_only_lie,,
Android,Android_lose_onedari_m2,,,depthref_kneel_bed_edge_nipple,,
Android,Android_lose_btl_m3,,,depthref_finger_spoon_side,,
Android,Android_lose_inochi_m3,,,depthref_finger_front_legs,,
Android,Android_lose_onedari_m3,,,,,
Android,Android_lose_btl_e1,,,depthref_nipple_side_lying,,
Android,Android_lose_inochi_e1,,,depthref_nipple_lap_facing_2,,
Android,Android_lose_onedari_e1,,,depthref_finger_front_legs,,
Android,Android_lose_btl_e2,,,depthref_nipple_side_lying,,
Android,Android_lose_inochi_e2,,,depth3d_hero_only_lie,,
Android,Android_lose_onedari_e2,,,depthref_hj_behind_seated,,
Android,Android_lose_btl_e3,,,depthref_nipple_side_lying_2,,
Android,Android_lose_inochi_e3,,,depthref_whisper_4,,
Android,Android_lose_onedari_e3,,,depthref_nipple_side_lying_2,,
Android,Android_lose_btl_boss,,,depthref_futa_5,,
Android,Android_lose_inochi_boss,,,,,
Android,Android_lose_onedari_boss,,,,,
Angel,Angel_atk_m1,,,depthref_whisper_lying_2,,
Angel,Angel_atk_m2,,,depthref_nipple_side_lying_2,,
Angel,Angel_atk_m3,,,depthref_futadom_p_3,,
Angel,Angel_atk_e1,,,depthref_kiss_lap_2,,
Angel,Angel_atk_e2,,,depthref_fingering_p_3,,
Angel,Angel_atk_e3,,,depthref_sit_side_neck_3,,
Angel,Angel_atk_boss,,,,,
Angel,Angel_lose_btl_m1,,,depthref_whisper_lying,,
Angel,Angel_lose_inochi_m1,,,depthref_ear_lick_side,,
Angel,Angel_lose_onedari_m1,,,depthref_whisper_lying_2,,
Angel,Angel_lose_btl_m2,,,depthref_rah_lying,,
Angel,Angel_lose_inochi_m2,,,depthref_hug_seated_chest_4,,
Angel,Angel_lose_onedari_m2,,,depthref_rah_lying_3,,
Angel,Angel_lose_btl_m3,,,depthref_futadom_p_2,,
Angel,Angel_lose_inochi_m3,,,depthref_futadom_p_4,,
Angel,Angel_lose_onedari_m3,,,depthref_futadom_p_3,,
Angel,Angel_lose_btl_e1,,,depthref_kiss_lap_5,,
Angel,Angel_lose_inochi_e1,,,depthref_kiss_p_3,,
Angel,Angel_lose_onedari_e1,,,depthref_kiss_lap_3,,
Angel,Angel_lose_btl_e2,,,depthref_rah_behind_2,,
Angel,Angel_lose_inochi_e2,,,depthref_finger_pov_legs,,
Angel,Angel_lose_onedari_e2,,,depthref_lap_pillow_hj_side_2,,
Angel,Angel_lose_btl_e3,,,depthref_sit_side_bench_hj,,
Angel,Angel_lose_inochi_e3,,,depthref_hj_behind_seated,,
Angel,Angel_lose_onedari_e3,,,depthref_footjob_p_4,,
Angel,Angel_lose_btl_boss,,,depthref_futa_8,,
Angel,Angel_lose_inochi_boss,,,,,
Angel,Angel_lose_onedari_boss,,,depthref_futadom_p_4,,
Arachne,Arachne_atk_m1,,arachne,,,arachne: arachne
Arachne,Arachne_atk_m2,,arachne,,,arachne: arachne
Arachne,Arachne_atk_m3,,arachne,,,arachne: arachne
Arachne,Arachne_atk_e1,,,depthref_prostate_p_4,,
Arachne,Arachne_atk_e2,,arachne,,,arachne: arachne
Arachne,Arachne_atk_e3,,,depthref_nipple_side_lying,,
Arachne,Arachne_atk_boss,,arachne,,,arachne: arachne
Arachne,Arachne_lose_btl_m1,,arachne,,,arachne: arachne
Arachne,Arachne_lose_inochi_m1,,arachne,,,arachne: arachne
Arachne,Arachne_lose_onedari_m1,,arachne,,,arachne: arachne
Arachne,Arachne_lose_btl_m2,,arachne,,,arachne: arachne
Arachne,Arachne_lose_inochi_m2,,arachne,,,arachne: arachne
Arachne,Arachne_lose_onedari_m2,,arachne,,,arachne: arachne
Arachne,Arachne_lose_btl_m3,,arachne,,,arachne: arachne
Arachne,Arachne_lose_inochi_m3,,arachne,,,arachne: arachne
Arachne,Arachne_lose_onedari_m3,,arachne,,,arachne: arachne
Arachne,Arachne_lose_btl_e1,,,depthref_finger_front_legs,,
Arachne,Arachne_lose_inochi_e1,,,depthref_prostate_p,,
Arachne,Arachne_lose_onedari_e1,,,depthref_prostate_p_4,,
Arachne,Arachne_lose_btl_e2,,arachne,,,arachne: arachne
Arachne,Arachne_lose_inochi_e2,,arachne,,,arachne: arachne
Arachne,Arachne_lose_onedari_e2,,arachne,,,arachne: arachne
Arachne,Arachne_lose_btl_e3,,,depthref_lap_pillow_hj_side_2,,
Arachne,Arachne_lose_inochi_e3,,,depthref_whisper_lying_2,,
Arachne,Arachne_lose_onedari_e3,,,,,
Arachne,Arachne_lose_btl_boss,,arachne,,,arachne: arachne
Arachne,Arachne_lose_inochi_boss,,arachne,,,arachne: arachne
Arachne,Arachne_lose_onedari_boss,,arachne,,,arachne: arachne
Atelier,Atelier_atk_m1,,,depthref_wall_standing_nipple_5,,
Atelier,Atelier_atk_m2,,,,,
Atelier,Atelier_atk_m3,,,depthref_whisper_lying_3,,
Atelier,Atelier_atk_e1,,,depthref_nipple_behind_standing,,
Atelier,Atelier_atk_e2,,,depthref_rah_standing,,
Atelier,Atelier_atk_e3,,,depthref_hug_seated_chest_4,,
Atelier,Atelier_atk_boss,,,depthref_kiss_p_3,,
Atelier,Atelier_lose_btl_m1,,,depthref_hug_standing_chest,,
Atelier,Atelier_lose_inochi_m1,,,depthref_hug_standing_chest_2,,
Atelier,Atelier_lose_onedari_m1,,,depthref_hug_standing_chest,,
Atelier,Atelier_lose_btl_m2,,,,,
Atelier,Atelier_lose_inochi_m2,,,,,
Atelier,Atelier_lose_onedari_m2,,,,,
Atelier,Atelier_lose_btl_m3,,,depthref_close_hug_p,,
Atelier,Atelier_lose_inochi_m3,,,depthref_wall_standing_nipple_3,,
Atelier,Atelier_lose_onedari_m3,,,depthref_kiss_wall_5,,
Atelier,Atelier_lose_btl_e1,,,depthref_rah_behind,,
Atelier,Atelier_lose_inochi_e1,,,,,
Atelier,Atelier_lose_onedari_e1,,,depthref_nipple_behind_standing,,
Atelier,Atelier_lose_btl_e2,,,depthref_thigh_lying,,
Atelier,Atelier_lose_inochi_e2,,,depthref_rah_standing,,
Atelier,Atelier_lose_onedari_e2,,,depthref_nipple_behind_standing,,
Atelier,Atelier_lose_btl_e3,,,depthref_handjob_side_p_9,,
Atelier,Atelier_lose_inochi_e3,,,depthref_hug_seated_chest_4,,
Atelier,Atelier_lose_onedari_e3,,,,,
Atelier,Atelier_lose_btl_boss,,,depthref_futadom_p_4,,
Atelier,Atelier_lose_inochi_boss,,,depthref_futadom_p_4,,
Atelier,Atelier_lose_onedari_boss,,,depthref_kiss_lap_3,,
Auction,Auction_atk_m1,,,depthref_rah_behind,,
Auction,Auction_atk_m2,,,,,
Auction,Auction_atk_m3,,,depthref_futadom_p_2,,
Auction,Auction_atk_e1,,,depthref_finger_front_legs,,
Auction,Auction_atk_e2,,,depthref_finger_front_legs,,
Auction,Auction_atk_e3,,,depthref_kiss_wall_2,,
Auction,Auction_atk_boss,,,depthref_chastity_8,,
Auction,Auction_lose_btl_m1,,,depthref_kneel_bed_edge_nipple,,
Auction,Auction_lose_inochi_m1,,,depthref_hj_behind_seated_4,,
Auction,Auction_lose_onedari_m1,,,depthref_nipple_front_standing,,
Auction,Auction_lose_btl_m2,,,,,
Auction,Auction_lose_inochi_m2,,,,,
Auction,Auction_lose_onedari_m2,,,depthref_nipple_behind_standing,,
Auction,Auction_lose_btl_m3,,,depthref_futa_5,,
Auction,Auction_lose_inochi_m3,,,depthref_fingering_p_8,,
Auction,Auction_lose_onedari_m3,,,depthref_futa_3,,
Auction,Auction_lose_btl_e1,,,depthref_finger_pov_legs,,
Auction,Auction_lose_inochi_e1,,,depthref_finger_spoon_side,,
Auction,Auction_lose_onedari_e1,,,depthref_fingering_p_2,,
Auction,Auction_lose_btl_e2,,,depthref_finger_front_legs,,
Auction,Auction_lose_inochi_e2,,,depthref_prostate_p,,
Auction,Auction_lose_onedari_e2,,,depthref_finger_front_legs,,
Auction,Auction_lose_btl_e3,,,depthref_kiss_wall,,
Auction,Auction_lose_inochi_e3,,,depthref_kiss_wall_3,,
Auction,Auction_lose_onedari_e3,,,depthref_kiss_wall,,
Auction,Auction_lose_btl_boss,,,depthref_futadom_p_4,,
Auction,Auction_lose_inochi_boss,,,depthref_futadom_p_2,,
Auction,Auction_lose_onedari_boss,,,depthref_futa_7,,
Beach,Beach_atk_m1,,,depthref_hug_seated_chest_4,,
Beach,Beach_atk_m2,,,depthref_hj_behind_seated_2,,
Beach,Beach_atk_m3,,,depthref_kiss_lap_4,,
Beach,Beach_atk_e1,,,depthref_kiss_p_3,,
Beach,Beach_atk_e2,,,depthref_nipple_lap_pinch,,
Beach,Beach_atk_e3,,,depthref_whisper_lying_2,,
Beach,Beach_atk_boss,,,depthref_rah_behind_3,,
Beach,Beach_lose_btl_m1,,,depthref_hug_seated_chest_4,,
Beach,Beach_lose_inochi_m1,,,depthref_kneel_throne_chin_2,,
Beach,Beach_lose_onedari_m1,,,depthref_rah_lying_6,,
Beach,Beach_lose_btl_m2,,,depthref_nipple_behind_standing,,
Beach,Beach_lose_inochi_m2,,,depthref_hug_standing_chest_2,,
Beach,Beach_lose_onedari_m2,,,depthref_nipple_side_lying_2,,
Beach,Beach_lose_btl_m3,,,depthref_kiss_lap_5,,
Beach,Beach_lose_inochi_m3,,,depthref_kiss_lap,,
Beach,Beach_lose_onedari_m3,,,depthref_kiss_p_3,,
Beach,Beach_lose_btl_e1,,,depthref_kiss_p,,
Beach,Beach_lose_inochi_e1,,,depthref_kiss_p,,
Beach,Beach_lose_onedari_e1,,,depthref_kiss_p,,
Beach,Beach_lose_btl_e2,,,depthref_handjob_side_p_2,,
Beach,Beach_lose_inochi_e2,,,,,
Beach,Beach_lose_onedari_e2,,,depthref_hug_seated_chest_4,,
Beach,Beach_lose_btl_e3,,,depthref_alt_thigh_top_3,,
Beach,Beach_lose_inochi_e3,,,depthref_whisper_lying,,
Beach,Beach_lose_onedari_e3,,,depthref_whisper_2,,
Beach,Beach_lose_btl_boss,,,depthref_futa_6,,
Beach,Beach_lose_inochi_boss,,,depthref_futa_5,,
Beach,Beach_lose_onedari_boss,,,depthref_futadom_p_2,,
Bride,Bride_atk_m1,,,depthref_close_hug_p,,
Bride,Bride_atk_m2,,,,,
Bride,Bride_atk_m3,,,depthref_kiss_wall_2,,
Bride,Bride_atk_e1,,,depthref_kneel_behind_hug_2,,
Bride,Bride_atk_e2,,,depthref_kiss_wall_3,,
Bride,Bride_atk_e3,,,depthref_wall_standing_nipple_3,,
Bride,Bride_atk_boss,,,depthref_whisper_lying_3,,
Bride,Bride_lose_btl_m1,,,depthref_hug_seated_chest_4,,
Bride,Bride_lose_inochi_m1,,,depthref_sit_side_sofa_nipple_2,,
Bride,Bride_lose_onedari_m1,,,depthref_ear_lick_side,,
Bride,Bride_lose_btl_m2,,,depthref_hug_standing_chest,,
Bride,Bride_lose_inochi_m2,,,depthref_hug_seated_chest_4,,
Bride,Bride_lose_onedari_m2,,,depthref_nipple_behind_standing,,
Bride,Bride_lose_btl_m3,,,depthref_kiss_p_3,,
Bride,Bride_lose_inochi_m3,,,depthref_kiss_lap,,
Bride,Bride_lose_onedari_m3,,,depthref_kiss_p,,
Bride,Bride_lose_btl_e1,,,depthref_hug_seated_chest_4,,
Bride,Bride_lose_inochi_e1,,,depthref_hug_standing_chest_2,,
Bride,Bride_lose_onedari_e1,,,depthref_rah_lying_7,,
Bride,Bride_lose_btl_e2,,,depthref_kiss_wall_4,,
Bride,Bride_lose_inochi_e2,,,depthref_kiss_lap_4,,
Bride,Bride_lose_onedari_e2,,,depthref_kiss_p_3,,
Bride,Bride_lose_btl_e3,,,,,
Bride,Bride_lose_inochi_e3,,,,,
Bride,Bride_lose_onedari_e3,,,depthref_whisper,,
Bride,Bride_lose_btl_boss,,,depthref_futadom_p_3,,
Bride,Bride_lose_inochi_boss,,,depthref_futadom_p_4,,
Bride,Bride_lose_onedari_boss,,,depthref_ear_lick_side_2,,
Cammy,Cammy_atk_m1,,,depthref_paizuri_side_2,,
Cammy,Cammy_atk_m2,,,depthref_chastity_4,,
Cammy,Cammy_atk_m3,,,depthref_straddle_pov_2,,
Cammy,Cammy_atk_e1,,,depthref_kiss_lap_6,,
Cammy,Cammy_atk_e2,,,depthref_paizuri_side_2,,
Cammy,Cammy_atk_e3,,,depthref_hug_standing_chest_2,,
Cammy,Cammy_atk_boss,,,depthref_nipple_front_standing,,
Cammy,Cammy_lose_btl_m1,,,depthref_pov_paizuri,,
Cammy,Cammy_lose_inochi_m1,,,depthref_hug_seated_chest_4,,
Cammy,Cammy_lose_onedari_m1,,,depthref_pov_paizuri_2,,
Cammy,Cammy_lose_btl_m2,,,depthref_chastity,,
Cammy,Cammy_lose_inochi_m2,,,depthref_chastity_6,,
Cammy,Cammy_lose_onedari_m2,,,depthref_chastity_6,,
Cammy,Cammy_lose_btl_m3,,,depthref_lap_pillow_hj_side_2,,
Cammy,Cammy_lose_inochi_m3,,,depth3d_hero_only_lie,,
Cammy,Cammy_lose_onedari_m3,,,depthref_lap_pillow_hj_side_2,,
Cammy,Cammy_lose_btl_e1,,,depthref_kiss_lap_4,,
Cammy,Cammy_lose_inochi_e1,,,,,
Cammy,Cammy_lose_onedari_e1,,,depthref_kiss_wall_4,,
Cammy,Cammy_lose_btl_e2,,,depthref_hug_seated_chest_4,,
Cammy,Cammy_lose_inochi_e2,,,depthref_nipple_side_lying_2,,
Cammy,Cammy_lose_onedari_e2,,,depthref_handjob_side_p_5,,
Cammy,Cammy_lose_btl_e3,,,depthref_hug_standing_chest,,
Cammy,Cammy_lose_inochi_e3,,,depthref_lap_pillow_hj_side_2,,
Cammy,Cammy_lose_onedari_e3,,,depthref_hj_behind_seated_4,,
Cammy,Cammy_lose_btl_boss,,,depthref_hj_behind_seated_2,,
Cammy,Cammy_lose_inochi_boss,,,depthref_kneel_throne_chin,,
Cammy,Cammy_lose_onedari_boss,,,depthref_kneel_bed_edge_nipple_2,,
Candy,Candy_atk_m1,,,depthref_rah_behind,,
Candy,Candy_atk_m2,,,depthref_kiss_p_3,,
Candy,Candy_atk_m3,,,depthref_peg_doggy_5,,
Candy,Candy_atk_e1,,,depthref_lap_pillow_hj_side_2,,
Candy,Candy_atk_e2,,,depthref_prostate_p,,
Candy,Candy_atk_e3,,,depthref_nipple_side_lying,,
Candy,Candy_atk_boss,,,depthref_prostate_p_4,,
Candy,Candy_lose_btl_m1,,,depthref_rah_behind,,
Candy,Candy_lose_inochi_m1,,,depthref_nipple_lap_pinch,,
Candy,Candy_lose_onedari_m1,,,depthref_kneel_bed_edge_nipple_3,,
Candy,Candy_lose_btl_m2,,,depthref_kiss_p_3,,
Candy,Candy_lose_inochi_m2,,,depthref_kiss_wall,,
Candy,Candy_lose_onedari_m2,,,depthref_kiss_lap_5,,
Candy,Candy_lose_btl_m3,,,depthref_peg_doggy_7,,
Candy,Candy_lose_inochi_m3,,,depthref_peg_doggy_8,,
Candy,Candy_lose_onedari_m3,,,depthref_futadom_p_4,,
Candy,Candy_lose_btl_e1,,,depthref_nipple_front_standing,,
Candy,Candy_lose_inochi_e1,,,depthref_hj_behind_seated,,
Candy,Candy_lose_onedari_e1,,,depthref_nipple_pov_pinch,,
Candy,Candy_lose_btl_e2,,,depthref_finger_front_legs,,
Candy,Candy_lose_inochi_e2,,,depthref_prostate_p,,
Candy,Candy_lose_onedari_e2,,,depthref_prostate_p_4,,
Candy,Candy_lose_btl_e3,,,depthref_nipple_side_lying,,
Candy,Candy_lose_inochi_e3,,,depthref_hj_behind_seated_2,,
Candy,Candy_lose_onedari_e3,,,depthref_nipple_side_lying,,
Candy,Candy_lose_btl_boss,,,depthref_nipple_side_lying_2,,
Candy,Candy_lose_inochi_boss,,,depthref_nipple_pov_lick_6,,
Candy,Candy_lose_onedari_boss,,,depthref_finger_pov_legs,,
Casino,Casino_atk_m1,,,depthref_kneel_bed_edge_nipple,,
Casino,Casino_atk_m2,,,depthref_ear_lick_side_3,,
Casino,Casino_atk_m3,,,depthref_peg_p_2,,
Casino,Casino_atk_e1,,,depthref_finger_pov_legs,,
Casino,Casino_atk_e2,,,depthref_step_3,,
Casino,Casino_atk_e3,,,depthref_hug_standing_chest,,
Casino,Casino_atk_boss,,,depthref_rah_behind,,
Casino,Casino_lose_btl_m1,,,depthref_rah_behind,,
Casino,Casino_lose_inochi_m1,,,depthref_nipple_pov_pinch,,
Casino,Casino_lose_onedari_m1,,,depthref_rah_behind_2,,
Casino,Casino_lose_btl_m2,,,depthref_hug_standing_chest,,
Casino,Casino_lose_inochi_m2,,,depthref_hug_standing_chest_2,,
Casino,Casino_lose_onedari_m2,,,depthref_hug_standing_chest,,
Casino,Casino_lose_btl_m3,,,depthref_peg_spoon,,
Casino,Casino_lose_inochi_m3,,,depthref_peg_spoon_2,,
Casino,Casino_lose_onedari_m3,,,depthref_peg_prone_side_4,,
Casino,Casino_lose_btl_e1,,,depthref_kiss_p,,
Casino,Casino_lose_inochi_e1,,,depthref_finger_spoon_side,,
Casino,Casino_lose_onedari_e1,,,depthref_finger_front_legs,,
Casino,Casino_lose_btl_e2,,,depthref_foot_chest_pov,,
Casino,Casino_lose_inochi_e2,,,depthref_step_4,,
Casino,Casino_lose_onedari_e2,,,depthref_step_4,,
Casino,Casino_lose_btl_e3,,,depthref_nipple_behind_standing,,
Casino,Casino_lose_inochi_e3,,,depthref_lap_pillow_hj_side_2,,
Casino,Casino_lose_onedari_e3,,,depthref_side_allfours_milking_3,,
Casino,Casino_lose_btl_boss,,,depthref_peg_chair_5,,
Casino,Casino_lose_inochi_boss,,,depthref_nipple_lap_facing_2,,
Casino,Casino_lose_onedari_boss,,,depthref_peg_prone_side_4,,
Centaur,Centaur_atk_m1,,,,,
Centaur,Centaur_atk_m2,,,,,
Centaur,Centaur_atk_m3,,,,,
Centaur,Centaur_atk_e1,,,,,
Centaur,Centaur_atk_e2,,,depthref_whisper_lying,,
Centaur,Centaur_atk_e3,,,depth3d_hero_only_lie,,
Centaur,Centaur_atk_boss,,,depthref_nipple_behind_standing,,
Centaur,Centaur_lose_btl_m1,,,,,
Centaur,Centaur_lose_inochi_m1,,,,,
Centaur,Centaur_lose_onedari_m1,,,,,
Centaur,Centaur_lose_btl_m2,,,,,
Centaur,Centaur_lose_inochi_m2,,,,,
Centaur,Centaur_lose_onedari_m2,,,,,
Centaur,Centaur_lose_btl_m3,,,,,
Centaur,Centaur_lose_inochi_m3,,,,,
Centaur,Centaur_lose_onedari_m3,,,,,
Centaur,Centaur_lose_btl_e1,,,,,
Centaur,Centaur_lose_inochi_e1,,,,,
Centaur,Centaur_lose_onedari_e1,,,,,
Centaur,Centaur_lose_btl_e2,,,depthref_futadom_p_3,,
Centaur,Centaur_lose_inochi_e2,,,depthref_whisper_lying,,
Centaur,Centaur_lose_onedari_e2,,,depthref_futa_8,,
Centaur,Centaur_lose_btl_e3,,,depthref_lap_finger_hj,,
Centaur,Centaur_lose_inochi_e3,,,depth3d_hero_only_kneel,,
Centaur,Centaur_lose_onedari_e3,,,depthref_lap_pillow_hj_side_2,,
Centaur,Centaur_lose_btl_boss,,,depthref_futa_2,,
Centaur,Centaur_lose_inochi_boss,,,depthref_rah_lying,,
Centaur,Centaur_lose_onedari_boss,,,depthref_futa_7,,
Circle,Circle_atk_m1,,,depthref_kiss_lap_2,,
Circle,Circle_atk_m2,,,depthref_kiss_p,,
Circle,Circle_atk_m3,,,depthref_prostate_p,,
Circle,Circle_atk_e1,,,depthref_kiss_lap_4,,
Circle,Circle_atk_e2,,,depthref_kiss_lap,,
Circle,Circle_atk_e3,,,,,
Circle,Circle_atk_boss,,,depthref_kiss_p_3,,
Circle,Circle_lose_btl_m1,,,depthref_kiss_wall_3,,
Circle,Circle_lose_inochi_m1,,,depthref_kiss_lap_4,,
Circle,Circle_lose_onedari_m1,,,depthref_kiss_wall_2,,
Circle,Circle_lose_btl_m2,,,depthref_kiss_lap_3,,
Circle,Circle_lose_inochi_m2,,,depthref_peg_doggy_8,,
Circle,Circle_lose_onedari_m2,,,depthref_nipple_lap_pinch,,
Circle,Circle_lose_btl_m3,,,depthref_finger_pov_legs,,
Circle,Circle_lose_inochi_m3,,,depthref_kiss_p_3,,
Circle,Circle_lose_onedari_m3,,,depthref_kiss_p,,
Circle,Circle_lose_btl_e1,,,depthref_kiss_lap_4,,
Circle,Circle_lose_inochi_e1,,,depthref_kiss_lap_2,,
Circle,Circle_lose_onedari_e1,,,depthref_kiss_wall_2,,
Circle,Circle_lose_btl_e2,,,depthref_kiss_p,,
Circle,Circle_lose_inochi_e2,,,,,
Circle,Circle_lose_onedari_e2,,,depthref_kiss_lap,,
Circle,Circle_lose_btl_e3,,,,,
Circle,Circle_lose_inochi_e3,,,,,
Circle,Circle_lose_onedari_e3,,,depthref_hug_standing_chest_2,,
Circle,Circle_lose_btl_boss,,,depthref_kiss_p_3,,
Circle,Circle_lose_inochi_boss,,,depthref_kiss_p,,
Circle,Circle_lose_onedari_boss,,,depthref_kiss_lap_6,,
Circus,Circus_atk_m1,,,depthref_nipple_front_standing,,
Circus,Circus_atk_m2,,,depthref_ear_lick_side_3,,
Circus,Circus_atk_m3,,,depthref_futa_7,,
Circus,Circus_atk_e1,,,depthref_hj_behind_seated_4,,
Circus,Circus_atk_e2,,,depth3d_hero_only_kneel,,
Circus,Circus_atk_e3,,,depthref_rah_lying_5,,
Circus,Circus_atk_boss,,,depthref_suspension_peg,,
Circus,Circus_lose_btl_m1,,,depthref_nipple_front_standing,,
Circus,Circus_lose_inochi_m1,,,depthref_nipple_lap_facing_2,,
Circus,Circus_lose_onedari_m1,,,depthref_kneel_seiza_head_2,,
Circus,Circus_lose_btl_m2,,,depthref_ear_lick_side_2,,
Circus,Circus_lose_inochi_m2,,,depthref_ear_lick_side_2,,
Circus,Circus_lose_onedari_m2,,,depthref_ear_lick_side,,
Circus,Circus_lose_btl_m3,,,depthref_futa_6,,
Circus,Circus_lose_inochi_m3,,,depthref_futadom_p_3,,
Circus,Circus_lose_onedari_m3,,,depthref_futa_2,,
Circus,Circus_lose_btl_e1,,,depthref_hj_behind_seated_4,,
Circus,Circus_lose_inochi_e1,,,depthref_hj_behind_seated_2,,
Circus,Circus_lose_onedari_e1,,,,,
Circus,Circus_lose_btl_e2,,,depth3d_hero_only_kneel,,
Circus,Circus_lose_inochi_e2,,,depthref_collar,,
Circus,Circus_lose_onedari_e2,,,depthref_kneel_stand_leash_2,,
Circus,Circus_lose_btl_e3,,,depthref_rah_lying_4,,
Circus,Circus_lose_inochi_e3,,,depthref_nipple_side_lying,,
Circus,Circus_lose_onedari_e3,,,,,
Circus,Circus_lose_btl_boss,,,depthref_suspension_4,,
Circus,Circus_lose_inochi_boss,,,depthref_suspension_peg_3,,
Circus,Circus_lose_onedari_boss,,,depthref_suspension_5,,
Clinic,Clinic_atk_m1,,,depthref_nipple_side_lying_2,,
Clinic,Clinic_atk_m2,,,depthref_prostate_p_4,,
Clinic,Clinic_atk_m3,,,,,
Clinic,Clinic_atk_e1,,,depthref_nipple_pov_straddle,横長,
Clinic,Clinic_atk_e2,,,,,
Clinic,Clinic_atk_e3,,,depthref_prostate_p,,
Clinic,Clinic_atk_boss,,,depthref_finger_spoon_side,,
Clinic,Clinic_lose_btl_m1,,,depthref_rah_lying_3,,
Clinic,Clinic_lose_inochi_m1,,,depthref_hug_seated_chest_4,,
Clinic,Clinic_lose_onedari_m1,,,depthref_lap_nursing_hj_3,,
Clinic,Clinic_lose_btl_m2,,,depthref_finger_pov_legs,,
Clinic,Clinic_lose_inochi_m2,,,depthref_finger_front_legs,,
Clinic,Clinic_lose_onedari_m2,,,depthref_hug_seated_chest_4,,
Clinic,Clinic_lose_btl_m3,,,depthref_finger_spoon_side,,
Clinic,Clinic_lose_inochi_m3,,,,,
Clinic,Clinic_lose_onedari_m3,,,depthref_nipple_side_lying,,
Clinic,Clinic_lose_btl_e1,,,depthref_nipple_pov_lick_3,,
Clinic,Clinic_lose_inochi_e1,,,depthref_rah_lying_7,,
Clinic,Clinic_lose_onedari_e1,,,depthref_hug_seated_chest_4,,
Clinic,Clinic_lose_btl_e2,,,depthref_finger_front_legs,,
Clinic,Clinic_lose_inochi_e2,,,depthref_lap_pillow_hj_side_2,,
Clinic,Clinic_lose_onedari_e2,,,,,
Clinic,Clinic_lose_btl_e3,,,depthref_finger_pov_legs,,
Clinic,Clinic_lose_inochi_e3,,,depthref_finger_pov_legs,,
Clinic,Clinic_lose_onedari_e3,,,depthref_nipple_side_lying_2,,
Clinic,Clinic_lose_btl_boss,,,depthref_prostate_p_4,,
Clinic,Clinic_lose_inochi_boss,,,depthref_finger_spoon_side,,
Clinic,Clinic_lose_onedari_boss,,,depthref_finger_spoon_side,,
Clock,Clock_atk_m1,,,depthref_kiss_p_3,,
Clock,Clock_atk_m2,,,depthref_suspension_hj_3,,
Clock,Clock_atk_m3,,,depthref_ear_lick_side,,
Clock,Clock_atk_e1,,,depthref_ear_lick_side,,
Clock,Clock_atk_e2,,,depthref_rah_behind_3,,
Clock,Clock_atk_e3,,,depthref_close_hug_p,,
Clock,Clock_atk_boss,,,depthref_rah_behind_2,,
Clock,Clock_lose_btl_m1,,,depth3d_hero_only_lie,,
Clock,Clock_lose_inochi_m1,,,depthref_kiss_p_3,,
Clock,Clock_lose_onedari_m1,,,depthref_lap_pillow_hj_side_2,,
Clock,Clock_lose_btl_m2,,,depthref_suspension_3,,
Clock,Clock_lose_inochi_m2,,,depthref_kiss_p,,
Clock,Clock_lose_onedari_m2,,,depthref_kiss_lap_3,,
Clock,Clock_lose_btl_m3,,,depthref_rah_behind_3,,
Clock,Clock_lose_inochi_m3,,,depthref_whisper_lying,,
Clock,Clock_lose_onedari_m3,,,depthref_ear_lick_side,,
Clock,Clock_lose_btl_e1,,,depthref_ear_lick_side_3,,
Clock,Clock_lose_inochi_e1,,,depthref_suspension_5,,
Clock,Clock_lose_onedari_e1,,,depthref_thigh_lying,,
Clock,Clock_lose_btl_e2,,,depthref_nipple_lap_pinch,,
Clock,Clock_lose_inochi_e2,,,depthref_lap_pillow_hj_side_2,,
Clock,Clock_lose_onedari_e2,,,depthref_hj_behind_seated,,
Clock,Clock_lose_btl_e3,,,depthref_wall_standing_nipple_4,,
Clock,Clock_lose_inochi_e3,,,,,
Clock,Clock_lose_onedari_e3,,,depthref_wall_standing_nipple_3,,
Clock,Clock_lose_btl_boss,,,depthref_futa_3,,
Clock,Clock_lose_inochi_boss,,,depthref_suspension_hj_3,,
Clock,Clock_lose_onedari_boss,,,depthref_head_side_nipple_2,,
CrossCafe,CrossCafe_atk_m1,,,depthref_hj_behind_seated,,
CrossCafe,CrossCafe_atk_m2,,,,,
CrossCafe,CrossCafe_atk_m3,,,depthref_ear_lick_side_3,,
CrossCafe,CrossCafe_atk_e1,,,depthref_kiss_p_3,,
CrossCafe,CrossCafe_atk_e2,,,depthref_nipple_front_standing,,
CrossCafe,CrossCafe_atk_e3,,,depthref_ear_lick_side,,
CrossCafe,CrossCafe_atk_boss,,,depthref_peg_prone_side_4,,
CrossCafe,CrossCafe_lose_btl_m1,,,depthref_hj_behind_seated,,
CrossCafe,CrossCafe_lose_inochi_m1,,,depthref_nipple_pov_lick_3,,
CrossCafe,CrossCafe_lose_onedari_m1,,,depthref_lap_finger_hj,,
CrossCafe,CrossCafe_lose_btl_m2,,,,,
CrossCafe,CrossCafe_lose_inochi_m2,,,depthref_rah_behind_3,,
CrossCafe,CrossCafe_lose_onedari_m2,,,depthref_rah_behind_2,,
CrossCafe,CrossCafe_lose_btl_m3,,,depthref_ear_lick_side_2,,
CrossCafe,CrossCafe_lose_inochi_m3,,,depthref_ear_lick_side_2,,
CrossCafe,CrossCafe_lose_onedari_m3,,,,,
CrossCafe,CrossCafe_lose_btl_e1,,,depthref_kiss_p_3,,
CrossCafe,CrossCafe_lose_inochi_e1,,,depthref_kiss_wall_2,,
CrossCafe,CrossCafe_lose_onedari_e1,,,depthref_kiss_p_3,,
CrossCafe,CrossCafe_lose_btl_e2,,,depthref_rah_behind_2,,
CrossCafe,CrossCafe_lose_inochi_e2,,,depthref_rah_2,,
CrossCafe,CrossCafe_lose_onedari_e2,,,depthref_nipple_side_lying,,
CrossCafe,CrossCafe_lose_btl_e3,,,,,
CrossCafe,CrossCafe_lose_inochi_e3,,,depthref_hug_standing_chest_2,,
CrossCafe,CrossCafe_lose_onedari_e3,,,depthref_hug_standing_chest_2,,
CrossCafe,CrossCafe_lose_btl_boss,,,depthref_collar_5,,
CrossCafe,CrossCafe_lose_inochi_boss,,,depthref_peg_p_2,,
CrossCafe,CrossCafe_lose_onedari_boss,,,depthref_peg_chair_4,,
DarkElf,DarkElf_atk_m1,,,depthref_wall_standing_nipple_3,,
DarkElf,DarkElf_atk_m2,,,depthref_rusty_3,,
DarkElf,DarkElf_atk_m3,,,depthref_peg_p,,
DarkElf,DarkElf_atk_e1,,,depthref_hj_behind_seated_2,,
DarkElf,DarkElf_atk_e2,,,depthref_rah_lying,,
DarkElf,DarkElf_atk_e3,,,depthref_ear_lick_side_3,,
DarkElf,DarkElf_atk_boss,,,depthref_nipple_front_standing,,
DarkElf,DarkElf_lose_btl_m1,,,depthref_rusty_3,,
DarkElf,DarkElf_lose_inochi_m1,,,depthref_rah_behind_2,,
DarkElf,DarkElf_lose_onedari_m1,,,depthref_nipple_lap_facing_2,,
DarkElf,DarkElf_lose_btl_m2,,,depthref_rusty_3,,
DarkElf,DarkElf_lose_inochi_m2,,,depthref_rusty_3,,
DarkElf,DarkElf_lose_onedari_m2,,,depthref_rusty_3,,
DarkElf,DarkElf_lose_btl_m3,,,depthref_futadom_p_3,,
DarkElf,DarkElf_lose_inochi_m3,,,depthref_peg_press_side_3,,
DarkElf,DarkElf_lose_onedari_m3,,,depthref_futadom_p_4,,
DarkElf,DarkElf_lose_btl_e1,,,depthref_hj_behind_seated_4,,
DarkElf,DarkElf_lose_inochi_e1,,,depthref_rah_behind,,
DarkElf,DarkElf_lose_onedari_e1,,,depthref_side_chin_lift_2,,
DarkElf,DarkElf_lose_btl_e2,,,depthref_suspension_hj_4,,
DarkElf,DarkElf_lose_inochi_e2,,,depthref_finger_pov_legs,,
DarkElf,DarkElf_lose_onedari_e2,,,depth3d_hero_only_lie,,
DarkElf,DarkElf_lose_btl_e3,,,depthref_pov_footjob_4,,
DarkElf,DarkElf_lose_inochi_e3,,,depthref_footjob_p_4,,
DarkElf,DarkElf_lose_onedari_e3,,,depthref_footjob_side_lying,,
DarkElf,DarkElf_lose_btl_boss,,,depthref_peg_spoon_2,,
DarkElf,DarkElf_lose_inochi_boss,,,depthref_nipple_side_lying,,
DarkElf,DarkElf_lose_onedari_boss,,,depthref_peg_doggy,,
Dorm,Dorm_atk_m1,,,depthref_whisper_lying_2,,
Dorm,Dorm_atk_m2,,,,,
Dorm,Dorm_atk_m3,,,depthref_nipple_behind_standing,,
Dorm,Dorm_atk_e1,,,depthref_hj_behind_seated_4,,
Dorm,Dorm_atk_e2,,,depthref_kiss_wall_4,,
Dorm,Dorm_atk_e3,,,depthref_peg_doggy_6,,
Dorm,Dorm_atk_boss,,,depthref_hug_standing_chest_2,,
Dorm,Dorm_lose_btl_m1,,,depthref_rah_behind,,
Dorm,Dorm_lose_inochi_m1,,,depthref_whisper_4,,
Dorm,Dorm_lose_onedari_m1,,,depthref_hug_seated_chest_4,,
Dorm,Dorm_lose_btl_m2,,,,,
Dorm,Dorm_lose_inochi_m2,,,depthref_hj_behind_seated,,
Dorm,Dorm_lose_onedari_m2,,,depthref_kiss_wall,,
Dorm,Dorm_lose_btl_m3,,,depthref_wall_standing_nipple_4,,
Dorm,Dorm_lose_inochi_m3,,,depthref_rah_behind,,
Dorm,Dorm_lose_onedari_m3,,,depthref_nipple_lap_pinch,,
Dorm,Dorm_lose_btl_e1,,,,,
Dorm,Dorm_lose_inochi_e1,,,depthref_rah_behind_3,,
Dorm,Dorm_lose_onedari_e1,,,depthref_rah_behind_2,,
Dorm,Dorm_lose_btl_e2,,,depthref_kiss_wall_3,,
Dorm,Dorm_lose_inochi_e2,,,depthref_kiss_wall_3,,
Dorm,Dorm_lose_onedari_e2,,,depthref_kiss_lap_6,,
Dorm,Dorm_lose_btl_e3,,,depthref_side_allfours_milking_3,,
Dorm,Dorm_lose_inochi_e3,,,,,
Dorm,Dorm_lose_onedari_e3,,,depthref_hug_seated_chest_4,,
Dorm,Dorm_lose_btl_boss,,,depthref_rah_behind_3,,
Dorm,Dorm_lose_inochi_boss,,,depthref_hj_behind_seated_2,,
Dorm,Dorm_lose_onedari_boss,,,depthref_nipple_behind_standing,,
Dragon,Dragon_atk_m1,,,depth3d_hero_only_lie,,
Dragon,Dragon_atk_m2,,,depthref_rusty_3,,
Dragon,Dragon_atk_m3,,,depthref_futadom_p_3,,
Dragon,Dragon_atk_e1,,,depthref_hj_behind_seated,,
Dragon,Dragon_atk_e2,,,depthref_nipple_side_lying_2,,
Dragon,Dragon_atk_e3,,,depthref_chastity_7,,
Dragon,Dragon_atk_boss,,,depthref_finger_spoon_side,,
Dragon,Dragon_lose_btl_m1,,,depthref_rah_lying_7,,
Dragon,Dragon_lose_inochi_m1,,,,,
Dragon,Dragon_lose_onedari_m1,,,depthref_hug_seated_chest_4,,
Dragon,Dragon_lose_btl_m2,,,depthref_rusty_3,,
Dragon,Dragon_lose_inochi_m2,,,depthref_rusty_3,,
Dragon,Dragon_lose_onedari_m2,,,depthref_rusty_3,,
Dragon,Dragon_lose_btl_m3,,,depthref_futadom_p_3,,
Dragon,Dragon_lose_inochi_m3,,,depthref_futadom_p_3,,
Dragon,Dragon_lose_onedari_m3,,,depthref_futadom_p_4,,
Dragon,Dragon_lose_btl_e1,,,depthref_rah_behind,,
Dragon,Dragon_lose_inochi_e1,,,depthref_hug_seated_chest_4,,
Dragon,Dragon_lose_onedari_e1,,,depthref_side_allfours_milking_3,,
Dragon,Dragon_lose_btl_e2,,,depthref_kiss_p,,
Dragon,Dragon_lose_inochi_e2,,,depthref_hj_behind_seated_2,,
Dragon,Dragon_lose_onedari_e2,,,depthref_hug_seated_chest_4,,
Dragon,Dragon_lose_btl_e3,,,depthref_chastity_2,,
Dragon,Dragon_lose_inochi_e3,,,depthref_chastity_4,,
Dragon,Dragon_lose_onedari_e3,,,depthref_chastity,,
Dragon,Dragon_lose_btl_boss,,,depthref_futa_3,,
Dragon,Dragon_lose_inochi_boss,,,depthref_prostate_p_4,,
Dragon,Dragon_lose_onedari_boss,,,depthref_futa_3,,
Dream,Dream_atk_m1,,,depthref_whisper_lying_2,,
Dream,Dream_atk_m2,,,depthref_kiss_p_3,,
Dream,Dream_atk_m3,,,depthref_futadom_p_3,,
Dream,Dream_atk_e1,,,depthref_rusty_3,,
Dream,Dream_atk_e2,,,depthref_hug_seated_chest_4,,
Dream,Dream_atk_e3,,,depthref_finger_front_legs,,
Dream,Dream_atk_boss,,,depthref_lap_nursing_hj_5,,
Dream,Dream_lose_btl_m1,,,depth3d_hero_only_lie,,
Dream,Dream_lose_inochi_m1,,,depthref_whisper,,
Dream,Dream_lose_onedari_m1,,,depthref_nipple_side_lying,,
Dream,Dream_lose_btl_m2,,,depthref_kiss_p_3,,
Dream,Dream_lose_inochi_m2,,,,,
Dream,Dream_lose_onedari_m2,,,depthref_kiss_lap_5,,
Dream,Dream_lose_btl_m3,,,depthref_futa_4,,
Dream,Dream_lose_inochi_m3,,,depthref_futa_5,,
Dream,Dream_lose_onedari_m3,,,depthref_futadom_p_3,,
Dream,Dream_lose_btl_e1,,,depthref_rusty_3,,
Dream,Dream_lose_inochi_e1,,,depthref_rusty_3,,
Dream,Dream_lose_onedari_e1,,,depthref_rusty_3,,
Dream,Dream_lose_btl_e2,,,depthref_hug_seated_chest_4,,
Dream,Dream_lose_inochi_e2,,,depthref_rah_lying_2,,
Dream,Dream_lose_onedari_e2,,,depthref_rah_behind_3,,
Dream,Dream_lose_btl_e3,,,depthref_finger_front_legs,,
Dream,Dream_lose_inochi_e3,,,depth3d_hero_only_lie,,
Dream,Dream_lose_onedari_e3,,,depthref_finger_front_legs,,
Dream,Dream_lose_btl_boss,,,depthref_futadom_p_2,,
Dream,Dream_lose_inochi_boss,,,depthref_lap_nursing_hj_5,,
Dream,Dream_lose_onedari_boss,,,depth3d_hero_only_kneel,,
Eiraira,Eiraira_atk_m1,,,depthref_pov_paizuri,,
Eiraira,Eiraira_atk_m2,,,depth3d_hero_only_kneel,,
Eiraira,Eiraira_atk_m3,,,depthref_whisper_lying,,
Eiraira,Eiraira_atk_e1,,,depthref_wall_standing_nipple_5,,
Eiraira,Eiraira_atk_e2,,,depthref_hug_seated_chest_4,,
Eiraira,Eiraira_atk_e3,,,depthref_kiss_lap_2,,
Eiraira,Eiraira_atk_boss,,,depthref_lap_pillow_hj_side_2,,
Eiraira,Eiraira_lose_btl_m1,,,depthref_kiss_p,,
Eiraira,Eiraira_lose_inochi_m1,,,depthref_paizuri_side,,
Eiraira,Eiraira_lose_onedari_m1,,,depthref_hug_seated_chest_4,,
Eiraira,Eiraira_lose_btl_m2,,,depthref_lap_pillow_hj_side_2,,
Eiraira,Eiraira_lose_inochi_m2,,,depth3d_hero_only_sit,,
Eiraira,Eiraira_lose_onedari_m2,,,,,
Eiraira,Eiraira_lose_btl_m3,,,depthref_whisper_lying_2,,
Eiraira,Eiraira_lose_inochi_m3,,,depthref_hj_behind_seated_4,,
Eiraira,Eiraira_lose_onedari_m3,,,depthref_hj_behind_seated_2,,
Eiraira,Eiraira_lose_btl_e1,,,depthref_paizuri_side,,
Eiraira,Eiraira_lose_inochi_e1,,,depthref_nipple_behind_standing,,
Eiraira,Eiraira_lose_onedari_e1,,,depthref_rah_behind_2,,
Eiraira,Eiraira_lose_btl_e2,,,depthref_thigh,,
Eiraira,Eiraira_lose_inochi_e2,,,depthref_thigh_side_2,,
Eiraira,Eiraira_lose_onedari_e2,,,depthref_hj_lap_above,,
Eiraira,Eiraira_lose_btl_e3,,,depthref_kiss_lap_6,,
Eiraira,Eiraira_lose_inochi_e3,,,depthref_kiss_lap_3,,
Eiraira,Eiraira_lose_onedari_e3,,,depthref_kiss_lap_2,,
Eiraira,Eiraira_lose_btl_boss,,,depthref_nipple_side_lying,,
Eiraira,Eiraira_lose_inochi_boss,,,depthref_pov_paizuri_2,,
Eiraira,Eiraira_lose_onedari_boss,,,depthref_thigh_side_2,,
Eruru,Eruru_atk_m1,,,depthref_side_allfours_milking_3,,
Eruru,Eruru_atk_m2,,,depthref_kiss_lap_6,,
Eruru,Eruru_atk_m3,,,depthref_nipple_lap_facing_2,,
Eruru,Eruru_atk_e1,,,depthref_straddle_pov_2,,
Eruru,Eruru_atk_e2,,,depthref_hug_seated_chest_4,,
Eruru,Eruru_atk_e3,,,depthref_ear_lick_side_2,,
Eruru,Eruru_atk_boss,,,depthref_kiss_lap_2,,
Eruru,Eruru_lose_btl_m1,,,depthref_side_chin_lift_2,,
Eruru,Eruru_lose_inochi_m1,,,depthref_hj_behind_seated_4,,
Eruru,Eruru_lose_onedari_m1,,,depthref_hj_behind_seated,,
Eruru,Eruru_lose_btl_m2,,,depthref_kiss_lap_3,,
Eruru,Eruru_lose_inochi_m2,,,depthref_kiss_lap_5,,
Eruru,Eruru_lose_onedari_m2,,,depth3d_hero_only_sit,,
Eruru,Eruru_lose_btl_m3,,,depthref_nipple_side_lying,,
Eruru,Eruru_lose_inochi_m3,,,depthref_hug_seated_chest_4,,
Eruru,Eruru_lose_onedari_m3,,,depthref_pov_paizuri_2,,
Eruru,Eruru_lose_btl_e1,,,depthref_hug_seated_chest_4,,
Eruru,Eruru_lose_inochi_e1,,,depthref_straddle_pov_2,,
Eruru,Eruru_lose_onedari_e1,,,depthref_wall_standing_nipple_3,,
Eruru,Eruru_lose_btl_e2,,,,,
Eruru,Eruru_lose_inochi_e2,,,depthref_hug_seated_chest_4,,
Eruru,Eruru_lose_onedari_e2,,,depthref_hug_seated_chest_4,,
Eruru,Eruru_lose_btl_e3,,,,,
Eruru,Eruru_lose_inochi_e3,,,,,
Eruru,Eruru_lose_onedari_e3,,,depth3d_hero_only_sit,,
Eruru,Eruru_lose_btl_boss,,,depthref_kiss_lap_4,,
Eruru,Eruru_lose_inochi_boss,,,depthref_kiss_p,,
Eruru,Eruru_lose_onedari_boss,,,depthref_nipple_lap_facing_2,,
Esthe,Esthe_atk_m1,,,depthref_lap_pillow_hj_side_2,,
Esthe,Esthe_atk_m2,,,,,
Esthe,Esthe_atk_m3,,,depthref_whisper_lying_2,,
Esthe,Esthe_atk_e1,,,depthref_nipple_side_lying,,
Esthe,Esthe_atk_e2,,,,,
Esthe,Esthe_atk_e3,,,,,
Esthe,Esthe_atk_boss,,,depthref_peg_fours_front_2,横長,
Esthe,Esthe_lose_btl_m1,,,depthref_whisper_lying_3,,
Esthe,Esthe_lose_inochi_m1,,,depthref_lap_pillow_hj_side_2,,
Esthe,Esthe_lose_onedari_m1,,,depthref_head_side_nipple_2,,
Esthe,Esthe_lose_btl_m2,,,depthref_hj_lap_above,,
Esthe,Esthe_lose_inochi_m2,,,depthref_rah_lying_2,,
Esthe,Esthe_lose_onedari_m2,,,depthref_hj_lap_above,,
Esthe,Esthe_lose_btl_m3,,,depthref_whisper_lying_3,,
Esthe,Esthe_lose_inochi_m3,,,depthref_rah_lying_3,,
Esthe,Esthe_lose_onedari_m3,,,depthref_rah_lying_7,,
Esthe,Esthe_lose_btl_e1,,,depthref_rah_lying_3,,
Esthe,Esthe_lose_inochi_e1,,,depthref_nipple_side_lying,,
Esthe,Esthe_lose_onedari_e1,,,depthref_rah,,
Esthe,Esthe_lose_btl_e2,,,depthref_lap_pillow_hj_side_2,,
Esthe,Esthe_lose_inochi_e2,,,depthref_lap_pillow_hj_side_2,,
Esthe,Esthe_lose_onedari_e2,,,,,
Esthe,Esthe_lose_btl_e3,,,depthref_lap_pillow_hj_side_2,,
Esthe,Esthe_lose_inochi_e3,,,depthref_hug_seated_chest_4,,
Esthe,Esthe_lose_onedari_e3,,,depthref_whisper_lying_2,,
Esthe,Esthe_lose_btl_boss,,,depthref_peg_press_side_3,,
Esthe,Esthe_lose_inochi_boss,,,depthref_peg_desk_side_2,,
Esthe,Esthe_lose_onedari_boss,,,depthref_peg_press_side,,
Exam,Exam_atk_m1,,,depthref_hj_behind_seated_4,,
Exam,Exam_atk_m2,,,depthref_kneel_bed_edge_nipple_2,,
Exam,Exam_atk_m3,,,depthref_whisper_lying,,
Exam,Exam_atk_e1,,,depthref_hug_standing_chest_2,,
Exam,Exam_atk_e2,,,depthref_rah_lying_7,,
Exam,Exam_atk_e3,,,depthref_kiss_lap_5,,
Exam,Exam_atk_boss,,,depthref_kneel_bed_edge_nipple_2,,
Exam,Exam_lose_btl_m1,,,,,
Exam,Exam_lose_inochi_m1,,,,,
Exam,Exam_lose_onedari_m1,,,,,
Exam,Exam_lose_btl_m2,,,depthref_nipple_side_lying,,
Exam,Exam_lose_inochi_m2,,,depthref_lap_pillow_hj_side_2,,
Exam,Exam_lose_onedari_m2,,,depthref_kneel_bed_edge_nipple,,
Exam,Exam_lose_btl_m3,,,depthref_ear_lick_side_2,,
Exam,Exam_lose_inochi_m3,,,depthref_whisper_lying_3,,
Exam,Exam_lose_onedari_m3,,,depthref_whisper_3,,
Exam,Exam_lose_btl_e1,,,depthref_hug_standing_chest,,
Exam,Exam_lose_inochi_e1,,,depth3d_hero_only_kneel,,
Exam,Exam_lose_onedari_e1,,,depthref_nipple_lap_pinch,,
Exam,Exam_lose_btl_e2,,,depthref_rah_lying_5,,
Exam,Exam_lose_inochi_e2,,,depthref_hug_seated_chest_4,,
Exam,Exam_lose_onedari_e2,,,depthref_close_hug_p,,
Exam,Exam_lose_btl_e3,,,depthref_kiss_lap_3,,
Exam,Exam_lose_inochi_e3,,,depthref_kiss_lap,,
Exam,Exam_lose_onedari_e3,,,depthref_kiss_wall_5,,
Exam,Exam_lose_btl_boss,,,depth3d_hero_only_sit,,
Exam,Exam_lose_inochi_boss,,,depthref_nipple_side_lying,,
Exam,Exam_lose_onedari_boss,,,depthref_nipple_lap_facing_2,,
Flower,Flower_atk_m1,,succubus_tail,depthref_pov_paizuri_2,,succubus_tail: demon tail
Flower,Flower_atk_m2,,succubus_tail,depth3d_hero_only_sit,,succubus_tail: demon tail
Flower,Flower_atk_m3,,succubus_tail,depthref_kiss_p,,succubus_tail: demon tail
Flower,Flower_atk_e1,,,depthref_close_hug_p,,
Flower,Flower_atk_e2,,,depthref_finger_front_legs,,
Flower,Flower_atk_e3,,,depthref_whisper_lying_2,,
Flower,Flower_atk_boss,,,depthref_rah_behind,,
Flower,Flower_lose_btl_m1,,succubus_tail,depth3d_hero_only_sit,,succubus_tail: demon tail
Flower,Flower_lose_inochi_m1,,succubus_tail,depth3d_hero_only_sit,,succubus_tail: demon tail
Flower,Flower_lose_onedari_m1,,succubus_tail,depthref_nipple_side_lying_2,,succubus_tail: demon tail
Flower,Flower_lose_btl_m2,,succubus_tail,,,succubus_tail: demon tail
Flower,Flower_lose_inochi_m2,,succubus_tail,depth3d_hero_only_kneel,,succubus_tail: demon tail
Flower,Flower_lose_onedari_m2,,succubus_tail,depth3d_hero_only_sit,,succubus_tail: demon tail
Flower,Flower_lose_btl_m3,,succubus_tail,depthref_kiss_p_3,,succubus_tail: demon tail
Flower,Flower_lose_inochi_m3,,succubus_tail,depthref_kiss_p_3,,succubus_tail: demon tail
Flower,Flower_lose_onedari_m3,,succubus_tail,depthref_kiss_wall_3,,succubus_tail: demon tail
Flower,Flower_lose_btl_e1,,,depthref_lap_pillow_hj_side_2,,
Flower,Flower_lose_inochi_e1,,,depthref_rah_lying_6,,
Flower,Flower_lose_onedari_e1,,,depthref_rah_lying_4,,
Flower,Flower_lose_btl_e2,,,depthref_prostate_p,,
Flower,Flower_lose_inochi_e2,,,depthref_finger_spoon_side,,
Flower,Flower_lose_onedari_e2,,,depthref_prostate_p,,
Flower,Flower_lose_btl_e3,,,depthref_whisper_lying_3,,
Flower,Flower_lose_inochi_e3,,,depthref_whisper_lying,,
Flower,Flower_lose_onedari_e3,,,depthref_whisper_lying,,
Flower,Flower_lose_btl_boss,,,depthref_rah_lying_5,,
Flower,Flower_lose_inochi_boss,,,depthref_lap_finger_2,,
Flower,Flower_lose_onedari_boss,,,depthref_sit_side_bench_hj,,
Fortune,Fortune_atk_m1,,,depth3d_hero_only_sit,,
Fortune,Fortune_atk_m2,,,depth3d_hero_only_lie,,
Fortune,Fortune_atk_m3,,,depthref_nipple_pov_straddle,横長,
Fortune,Fortune_atk_e1,,,depthref_nipple_side_lying_2,,
Fortune,Fortune_atk_e2,,,depthref_side_allfours_milking_3,,
Fortune,Fortune_atk_e3,,,depthref_lap_finger_2,,
Fortune,Fortune_atk_boss,,,depthref_nipple_side_lying_2,,
Fortune,Fortune_lose_btl_m1,,,depthref_hj_behind_seated_2,,
Fortune,Fortune_lose_inochi_m1,,,depthref_whisper_2,,
Fortune,Fortune_lose_onedari_m1,,,depthref_whisper_5,,
Fortune,Fortune_lose_btl_m2,,,depth3d_hero_only_lie,,
Fortune,Fortune_lose_inochi_m2,,,depth3d_hero_only_lie,,
Fortune,Fortune_lose_onedari_m2,,,depth3d_hero_only_kneel,,
Fortune,Fortune_lose_btl_m3,,,depthref_nipple_pov_straddle,横長,
Fortune,Fortune_lose_inochi_m3,,,depthref_nipple_pov_straddle,横長,
Fortune,Fortune_lose_onedari_m3,,,depthref_futa_3,,
Fortune,Fortune_lose_btl_e1,,,depthref_nipple_lap_pinch,,
Fortune,Fortune_lose_inochi_e1,,,depthref_lap_pillow_hj_side_2,,
Fortune,Fortune_lose_onedari_e1,,,depthref_kiss_wall_4,,
Fortune,Fortune_lose_btl_e2,,,depthref_fingering_p_8,,
Fortune,Fortune_lose_inochi_e2,,,depthref_finger_front_legs,,
Fortune,Fortune_lose_onedari_e2,,,depthref_rah_lying,,
Fortune,Fortune_lose_btl_e3,,,depthref_finger_spoon_side,,
Fortune,Fortune_lose_inochi_e3,,,depthref_kneel_behind_hug_2,,
Fortune,Fortune_lose_onedari_e3,,,depthref_kiss_p,,
Fortune,Fortune_lose_btl_boss,,,depthref_nipple_side_lying_2,,
Fortune,Fortune_lose_inochi_boss,,,depthref_rah_behind_2,,
Fortune,Fortune_lose_onedari_boss,,,depthref_nipple_pov_straddle,横長,
Gemini,Gemini_atk_m1,,,depthref_pov_paizuri_4,,
Gemini,Gemini_atk_m2,,,depthref_nipple_side_lying,,
Gemini,Gemini_atk_m3,,,depthref_suspension_4,,
Gemini,Gemini_atk_e1,,,depthref_peg_spoon_hj_3,,
Gemini,Gemini_atk_e2,,,depthref_rah_lying,,
Gemini,Gemini_atk_e3,,,depthref_ear_lick_side_2,,
Gemini,Gemini_atk_boss,,,depthref_kiss_p_3,,
Gemini,Gemini_lose_btl_m1,,,depthref_pov_paizuri_3,,
Gemini,Gemini_lose_inochi_m1,,,depthref_paizuri_side,,
Gemini,Gemini_lose_onedari_m1,,,depthref_pov_paizuri_2,,
Gemini,Gemini_lose_btl_m2,,,depthref_lap_pillow_hj_side_2,,
Gemini,Gemini_lose_inochi_m2,,,depthref_lap_finger_2,,
Gemini,Gemini_lose_onedari_m2,,,depthref_lap_pillow_hj_side_2,,
Gemini,Gemini_lose_btl_m3,,,depthref_suspension_hj_5,,
Gemini,Gemini_lose_inochi_m3,,,depthref_hug_seated_chest_4,,
Gemini,Gemini_lose_onedari_m3,,,depthref_hug_seated_chest_4,,
Gemini,Gemini_lose_btl_e1,,,depthref_lap_nursing_hj_3,,
Gemini,Gemini_lose_inochi_e1,,,depthref_rah_behind_3,,
Gemini,Gemini_lose_onedari_e1,,,depthref_kneel_bed_edge_nipple_3,,
Gemini,Gemini_lose_btl_e2,,,depthref_thigh_standing_2,,
Gemini,Gemini_lose_inochi_e2,,,depthref_hug_seated_chest_4,,
Gemini,Gemini_lose_onedari_e2,,,depthref_thigh_side_2,,
Gemini,Gemini_lose_btl_e3,,,depthref_ear_lick_side_3,,
Gemini,Gemini_lose_inochi_e3,,,depth3d_hero_only_lie,,
Gemini,Gemini_lose_onedari_e3,,,depth3d_hero_only_sit,,
Gemini,Gemini_lose_btl_boss,,,depthref_peg_doggy_6,,
Gemini,Gemini_lose_inochi_boss,,,depthref_futadom_p_2,,
Gemini,Gemini_lose_onedari_boss,,,depthref_peg_doggy_2,,
General,General_atk_m1,,,depthref_kiss_wall_2,,
General,General_atk_m2,,,depthref_kiss_wall_2,,
General,General_atk_m3,,,depthref_futa_8,,
General,General_atk_e1,,succubus_tail,depthref_whisper_lying,,succubus_tail: demon tail
General,General_atk_e2,,,depthref_hug_seated_chest_4,,
General,General_atk_e3,,,depthref_wall_standing_nipple_3,,
General,General_atk_boss,,,depthref_rah_behind_3,,
General,General_lose_btl_m1,,,depthref_kiss_p,,
General,General_lose_inochi_m1,,,depthref_kiss_wall,,
General,General_lose_onedari_m1,,,depthref_hug_seated_chest_4,,
General,General_lose_btl_m2,,,depthref_kiss_lap_2,,
General,General_lose_inochi_m2,,,depthref_kiss_wall_4,,
General,General_lose_onedari_m2,,,depthref_hug_seated_chest_4,,
General,General_lose_btl_m3,,,depthref_futa_4,,
General,General_lose_inochi_m3,,,depthref_futa_5,,
General,General_lose_onedari_m3,,,depthref_futa_6,,
General,General_lose_btl_e1,,succubus_tail,depthref_whisper_lying_2,,succubus_tail: demon tail
General,General_lose_inochi_e1,,succubus_tail,depthref_ear_lick_side_2,,succubus_tail: demon tail
General,General_lose_onedari_e1,,succubus_tail,depthref_whisper_lying_2,,succubus_tail: demon tail
General,General_lose_btl_e2,,,depthref_hug_seated_chest_4,,
General,General_lose_inochi_e2,,,depthref_lap_pillow_hj_side_2,,
General,General_lose_onedari_e2,,,depthref_hug_seated_chest_4,,
General,General_lose_btl_e3,,,depthref_futadom_p_3,,
General,General_lose_inochi_e3,,,depthref_futadom_p_4,,
General,General_lose_onedari_e3,,,depthref_futa_4,,
General,General_lose_btl_boss,,,depthref_hj_behind_seated_2,,
General,General_lose_inochi_boss,,,depthref_rah_behind_3,,
General,General_lose_onedari_boss,,,depthref_hj_behind_seated_4,,
GhostShip,GhostShip_atk_m1,,,depthref_whisper_2,,
GhostShip,GhostShip_atk_m2,,,depthref_kiss_lap,,
GhostShip,GhostShip_atk_m3,,,depthref_futa_3,,
GhostShip,GhostShip_atk_e1,,,,,
GhostShip,GhostShip_atk_e2,,,depthref_hj_behind_seated_4,,
GhostShip,GhostShip_atk_e3,,,,,
GhostShip,GhostShip_atk_boss,,,,,
GhostShip,GhostShip_lose_btl_m1,,,depthref_hj_behind_seated_4,,
GhostShip,GhostShip_lose_inochi_m1,,,depthref_hj_behind_seated_2,,
GhostShip,GhostShip_lose_onedari_m1,,,depthref_hj_behind_seated,,
GhostShip,GhostShip_lose_btl_m2,,,depthref_kiss_lap_2,,
GhostShip,GhostShip_lose_inochi_m2,,,depthref_kiss_lap_6,,
GhostShip,GhostShip_lose_onedari_m2,,,depthref_kiss_p,,
GhostShip,GhostShip_lose_btl_m3,,,depthref_futa_7,,
GhostShip,GhostShip_lose_inochi_m3,,,depthref_futadom_p_2,,
GhostShip,GhostShip_lose_onedari_m3,,,depthref_futadom_p_2,,
GhostShip,GhostShip_lose_btl_e1,,,,,
GhostShip,GhostShip_lose_inochi_e1,,,,,
GhostShip,GhostShip_lose_onedari_e1,,,,,
GhostShip,GhostShip_lose_btl_e2,,,depthref_bondage_p_3,,
GhostShip,GhostShip_lose_inochi_e2,,,depthref_bondage_p_3,,
GhostShip,GhostShip_lose_onedari_e2,,,depthref_bondage_p_3,,
GhostShip,GhostShip_lose_btl_e3,,,,,
GhostShip,GhostShip_lose_inochi_e3,,,,,
GhostShip,GhostShip_lose_onedari_e3,,,,,
GhostShip,GhostShip_lose_btl_boss,,,,,
GhostShip,GhostShip_lose_inochi_boss,,,,,
GhostShip,GhostShip_lose_onedari_boss,,,,,
Gym,Gym_atk_m1,,,,,
Gym,Gym_atk_m2,,,depth3d_hero_only_fours,,
Gym,Gym_atk_m3,,,depthref_futa_5,,
Gym,Gym_atk_e1,,,,,
Gym,Gym_atk_e2,,,depthref_fingering_p_2,,
Gym,Gym_atk_e3,,,depthref_kiss_lap_6,,
Gym,Gym_atk_boss,,,depth3d_hero_only_lie,,
Gym,Gym_lose_btl_m1,,,,,
Gym,Gym_lose_inochi_m1,,,depthref_hj_behind_seated_2,,
Gym,Gym_lose_onedari_m1,,,,,
Gym,Gym_lose_btl_m2,,,depth3d_hero_only_fours,,
Gym,Gym_lose_inochi_m2,,,,,
Gym,Gym_lose_onedari_m2,,,depth3d_hero_only_fours,,
Gym,Gym_lose_btl_m3,,,depthref_futa_8,,
Gym,Gym_lose_inochi_m3,,,depthref_futadom_p_2,,
Gym,Gym_lose_onedari_m3,,,depthref_futadom_p_3,,
Gym,Gym_lose_btl_e1,,,,,
Gym,Gym_lose_inochi_e1,,,,,
Gym,Gym_lose_onedari_e1,,,depthref_straddle_pov_2,,
Gym,Gym_lose_btl_e2,,,depthref_fingering_p_2,,
Gym,Gym_lose_inochi_e2,,,depthref_nipple_pov_straddle,横長,
Gym,Gym_lose_onedari_e2,,,depthref_finger_front_legs,,
Gym,Gym_lose_btl_e3,,,depthref_kiss_lap_4,,
Gym,Gym_lose_inochi_e3,,,depthref_kiss_lap_6,,
Gym,Gym_lose_onedari_e3,,,depthref_whisper_lying,,
Gym,Gym_lose_btl_boss,,,depthref_futa_8,,
Gym,Gym_lose_inochi_boss,,,,,
Gym,Gym_lose_onedari_boss,,,depth3d_hero_only_kneel,,
Harem,Harem_atk_m1,,,depthref_whisper,,
Harem,Harem_atk_m2,,,depthref_hug_standing_chest,,
Harem,Harem_atk_m3,,,depthref_peg_doggy_8,,
Harem,Harem_atk_e1,,,depthref_kiss_wall,,
Harem,Harem_atk_e2,,,depthref_wall_standing_nipple_4,,
Harem,Harem_atk_e3,,,depthref_fingering_p_2,,
Harem,Harem_atk_boss,,,depthref_chastity,,
Harem,Harem_lose_btl_m1,,,depthref_nipple_side_lying,,
Harem,Harem_lose_inochi_m1,,,depthref_ear_lick_side,,
Harem,Harem_lose_onedari_m1,,,depthref_hug_seated_chest_4,,
Harem,Harem_lose_btl_m2,,,depthref_kneel_stand_leash_2,,
Harem,Harem_lose_inochi_m2,,,depthref_rah_standing,,
Harem,Harem_lose_onedari_m2,,,depthref_hug_standing_chest,,
Harem,Harem_lose_btl_m3,,,depthref_peg_doggy_4,,
Harem,Harem_lose_inochi_m3,,,depthref_peg_doggy_7,,
Harem,Harem_lose_onedari_m3,,,depthref_peg_doggy_7,,
Harem,Harem_lose_btl_e1,,,depthref_footjob_p_7,,
Harem,Harem_lose_inochi_e1,,,depthref_kiss_lap_2,,
Harem,Harem_lose_onedari_e1,,,depthref_kiss_wall_3,,
Harem,Harem_lose_btl_e2,,,depthref_nipple_lap_facing_2,,
Harem,Harem_lose_inochi_e2,,,depthref_nipple_behind_standing,,
Harem,Harem_lose_onedari_e2,,,depthref_hug_seated_chest_4,,
Harem,Harem_lose_btl_e3,,,depthref_finger_front_legs,,
Harem,Harem_lose_inochi_e3,,,depthref_prostate_p,,
Harem,Harem_lose_onedari_e3,,,depthref_kneel_stand_leash,,
Harem,Harem_lose_btl_boss,,,depthref_peg_doggy_5,,
Harem,Harem_lose_inochi_boss,,,depthref_chastity_3,,
Harem,Harem_lose_onedari_boss,,,depthref_peg_doggy,,
Heels,Heels_atk_m1,,,depthref_step,,
Heels,Heels_atk_m2,,,,,
Heels,Heels_atk_m3,,,depthref_peg_doggy_9,,
Heels,Heels_atk_e1,,,depthref_hug_seated_chest_4,,
Heels,Heels_atk_e2,,,depthref_rah_behind,,
Heels,Heels_atk_e3,,,depthref_rusty_3,,
Heels,Heels_atk_boss,,,depthref_peg_doggy,,
Heels,Heels_lose_btl_m1,,,depthref_footjob_side_lying,,
Heels,Heels_lose_inochi_m1,,,,,
Heels,Heels_lose_onedari_m1,,,depthref_pov_footjob_4,,
Heels,Heels_lose_btl_m2,,,,,
Heels,Heels_lose_inochi_m2,,,depthref_step_3,,
Heels,Heels_lose_onedari_m2,,,depthref_hug_standing_chest_2,,
Heels,Heels_lose_btl_m3,,,depthref_peg_doggy_7,,
Heels,Heels_lose_inochi_m3,,,depthref_peg_chair_2,,
Heels,Heels_lose_onedari_m3,,,depthref_peg_doggy_6,,
Heels,Heels_lose_btl_e1,,,depthref_footjob_side_lying,,
Heels,Heels_lose_inochi_e1,,,,,
Heels,Heels_lose_onedari_e1,,,depthref_step,,
Heels,Heels_lose_btl_e2,,,depthref_nipple_behind_standing,,
Heels,Heels_lose_inochi_e2,,,,,
Heels,Heels_lose_onedari_e2,,,,,
Heels,Heels_lose_btl_e3,,,depthref_rusty_3,,
Heels,Heels_lose_inochi_e3,,,,,
Heels,Heels_lose_onedari_e3,,,depthref_fingering_p_8,,
Heels,Heels_lose_btl_boss,,,depthref_peg_doggy,,
Heels,Heels_lose_inochi_boss,,,depthref_peg_doggy_3,,
Heels,Heels_lose_onedari_boss,,,depthref_peg_doggy_2,,
Hive,Hive_atk_m1,,,depthref_finger_front_legs,,
Hive,Hive_atk_m2,,,depthref_nipple_pov_lick_6,,
Hive,Hive_atk_m3,,,depthref_finger_front_legs,,
Hive,Hive_atk_e1,,,depthref_rah_lying_7,,
Hive,Hive_atk_e2,,,depthref_rah_behind_2,,
Hive,Hive_atk_e3,,,depthref_rusty_3,,
Hive,Hive_atk_boss,,,depthref_finger_front_legs,,
Hive,Hive_lose_btl_m1,,,depthref_prostate_p_4,,
Hive,Hive_lose_inochi_m1,,,depthref_prostate_p_4,,
Hive,Hive_lose_onedari_m1,,,depthref_prostate_p,,
Hive,Hive_lose_btl_m2,,,depthref_nipple_pov_straddle,横長,
Hive,Hive_lose_inochi_m2,,,depthref_rah_behind,,
Hive,Hive_lose_onedari_m2,,,depthref_hj_behind_seated_4,,
Hive,Hive_lose_btl_m3,,,depthref_prostate_p,,
Hive,Hive_lose_inochi_m3,,,depthref_finger_front_legs,,
Hive,Hive_lose_onedari_m3,,,depthref_futadom_p_3,,
Hive,Hive_lose_btl_e1,,,depthref_nipple_side_lying,,
Hive,Hive_lose_inochi_e1,,,depthref_kneel_seiza_head_2,,
Hive,Hive_lose_onedari_e1,,,,,
Hive,Hive_lose_btl_e2,,,depthref_hj_behind_seated_4,,
Hive,Hive_lose_inochi_e2,,,depthref_rah_behind_2,,
Hive,Hive_lose_onedari_e2,,,depthref_nipple_front_standing,,
Hive,Hive_lose_btl_e3,,,depthref_rusty_3,,
Hive,Hive_lose_inochi_e3,,,depthref_rusty_3,,
Hive,Hive_lose_onedari_e3,,,depthref_rusty_3,,
Hive,Hive_lose_btl_boss,,,depthref_futa_6,,
Hive,Hive_lose_inochi_boss,,,depthref_prostate_p,,
Hive,Hive_lose_onedari_boss,,,depthref_futadom_p_3,,
Host,Host_atk_m1,,,depthref_kiss_p_3,,
Host,Host_atk_m2,,,depthref_hj_behind_seated_2,,
Host,Host_atk_m3,,,depthref_futadom_p_4,,
Host,Host_atk_e1,,,depthref_nipple_front_standing,,
Host,Host_atk_e2,,,depthref_whisper_6,,
Host,Host_atk_e3,,,depthref_chastity_3,,
Host,Host_atk_boss,,,depthref_futadom_p_2,,
Host,Host_lose_btl_m1,,,depthref_kiss_lap_3,,
Host,Host_lose_inochi_m1,,,depthref_kiss_lap_2,,
Host,Host_lose_onedari_m1,,,depthref_kiss_lap_5,,
Host,Host_lose_btl_m2,,,depthref_ear_lick_side,,
Host,Host_lose_inochi_m2,,,depthref_nipple_lap_facing_2,,
Host,Host_lose_onedari_m2,,,depthref_rah_behind_3,,
Host,Host_lose_btl_m3,,,depthref_futadom_p_2,,
Host,Host_lose_inochi_m3,,,depthref_futa_2,,
Host,Host_lose_onedari_m3,,,depthref_futadom_p_3,,
Host,Host_lose_btl_e1,,,depthref_nipple_pov_lick_3,,
Host,Host_lose_inochi_e1,,,depthref_nipple_behind_standing,,
Host,Host_lose_onedari_e1,,,depthref_rah_behind_2,,
Host,Host_lose_btl_e2,,,depthref_hug_seated_chest_4,,
Host,Host_lose_inochi_e2,,,depthref_rah_behind,,
Host,Host_lose_onedari_e2,,,depthref_rah_behind,,
Host,Host_lose_btl_e3,,,depthref_chastity,,
Host,Host_lose_inochi_e3,,,depthref_chastity,,
Host,Host_lose_onedari_e3,,,depthref_chastity_4,,
Host,Host_lose_btl_boss,,,depthref_futadom_p_2,,
Host,Host_lose_inochi_boss,,,depthref_futadom_p_2,,
Host,Host_lose_onedari_boss,,,depthref_futadom_p_2,,
Idol,Idol_atk_m1,,,depthref_whisper_3,,
Idol,Idol_atk_m2,,,depthref_wall_standing_nipple,,
Idol,Idol_atk_m3,,,depthref_whisper_6,,
Idol,Idol_atk_e1,,,,,
Idol,Idol_atk_e2,,,depthref_rah_behind_3,,
Idol,Idol_atk_e3,,,depthref_kiss_wall_3,,
Idol,Idol_atk_boss,,,depthref_peg_doggy_8,,
Idol,Idol_lose_btl_m1,,,depthref_hug_standing_chest,,
Idol,Idol_lose_inochi_m1,,,depthref_hj_behind_seated_2,,
Idol,Idol_lose_onedari_m1,,,,,
Idol,Idol_lose_btl_m2,,,depthref_wall_standing_nipple_3,,
Idol,Idol_lose_inochi_m2,,,depthref_rah_behind_2,,
Idol,Idol_lose_onedari_m2,,,depthref_rah_behind_3,,
Idol,Idol_lose_btl_m3,,,depthref_hug_standing_chest,,
Idol,Idol_lose_inochi_m3,,,depthref_rah_standing_6,,
Idol,Idol_lose_onedari_m3,,,,,
Idol,Idol_lose_btl_e1,,,,,
Idol,Idol_lose_inochi_e1,,,depthref_lap_pillow_hj_side_2,,
Idol,Idol_lose_onedari_e1,,,,,
Idol,Idol_lose_btl_e2,,,depthref_rah_behind_3,,
Idol,Idol_lose_inochi_e2,,,depthref_hj_behind_seated_2,,
Idol,Idol_lose_onedari_e2,,,depthref_rah_behind_2,,
Idol,Idol_lose_btl_e3,,,depthref_kiss_p,,
Idol,Idol_lose_inochi_e3,,,depthref_kiss_wall,,
Idol,Idol_lose_onedari_e3,,,depthref_kiss_lap_2,,
Idol,Idol_lose_btl_boss,,,depthref_collar_5,,
Idol,Idol_lose_inochi_boss,,,depthref_collar_4,,
Idol,Idol_lose_onedari_boss,,,,,
Inma,Inma_atk_m1,,succubus_tail,depthref_lap_pillow_hj_side_2,,succubus_tail: demon tail
Inma,Inma_atk_m2,,succubus_tail,depthref_kiss_wall_4,,succubus_tail: demon tail
Inma,Inma_atk_m3,,succubus_tail,depthref_side_allfours_milking_3,,succubus_tail: demon tail
Inma,Inma_atk_e1,,,depthref_kiss_wall_5,,
Inma,Inma_atk_e2,,succubus_tail,depthref_nipple_pov_lick_2,,succubus_tail: demon tail
Inma,Inma_atk_e3,,,,,
Inma,Inma_atk_boss,,,depthref_futadom_p_3,,
Inma,Inma_lose_btl_m1,,succubus_tail,depthref_nipple_side_lying,,succubus_tail: demon tail
Inma,Inma_lose_inochi_m1,,succubus_tail,depthref_lap_pillow_hj_side_2,,succubus_tail: demon tail
Inma,Inma_lose_onedari_m1,,succubus_tail,depthref_hug_seated_chest_4,,succubus_tail: demon tail
Inma,Inma_lose_btl_m2,,succubus_tail,depthref_kiss_p,,succubus_tail: demon tail
Inma,Inma_lose_inochi_m2,,succubus_tail,depthref_kiss_p,,succubus_tail: demon tail
Inma,Inma_lose_onedari_m2,,succubus_tail,depthref_kiss_lap_4,,succubus_tail: demon tail
Inma,Inma_lose_btl_m3,,succubus_tail,depthref_collar,,succubus_tail: demon tail
Inma,Inma_lose_inochi_m3,,succubus_tail,depthref_nipple_side_lying_2,,succubus_tail: demon tail
Inma,Inma_lose_onedari_m3,,succubus_tail,,,succubus_tail: demon tail
Inma,Inma_lose_btl_e1,,,depthref_kiss_p_3,,
Inma,Inma_lose_inochi_e1,,,depthref_kiss_p,,
Inma,Inma_lose_onedari_e1,,,depthref_kiss_lap_4,,
Inma,Inma_lose_btl_e2,,succubus_tail,depthref_nipple_pov_lick_4,,succubus_tail: demon tail
Inma,Inma_lose_inochi_e2,,succubus_tail,depthref_rah_lying_6,,succubus_tail: demon tail
Inma,Inma_lose_onedari_e2,,succubus_tail,depthref_nipple_pov_lick_6,,succubus_tail: demon tail
Inma,Inma_lose_btl_e3,,,depthref_nipple_side_lying_2,,
Inma,Inma_lose_inochi_e3,,,depthref_rah_lying_2,,
Inma,Inma_lose_onedari_e3,,,depthref_kneel_throne_chin,,
Inma,Inma_lose_btl_boss,,,depthref_futadom_p_2,,
Inma,Inma_lose_inochi_boss,,,depthref_futadom_p_3,,
Inma,Inma_lose_onedari_boss,,,depthref_futa_2,,
Inmon,Inmon_atk_m1,,,depthref_kiss_lap_2,,
Inmon,Inmon_atk_m2,,,depthref_nipple_side_lying_2,,
Inmon,Inmon_atk_m3,,,depthref_rah_lying_7,,
Inmon,Inmon_atk_e1,,,depthref_nipple_side_lying,,
Inmon,Inmon_atk_e2,,,depthref_whisper_lying,,
Inmon,Inmon_atk_e3,,,depthref_fingering_p_3,,
Inmon,Inmon_atk_boss,,,depthref_wall_standing_nipple,,
Inmon,Inmon_lose_btl_m1,,,depthref_kiss_p_3,,
Inmon,Inmon_lose_inochi_m1,,,depthref_kiss_p_3,,
Inmon,Inmon_lose_onedari_m1,,,depthref_kiss_wall_5,,
Inmon,Inmon_lose_btl_m2,,,depthref_nipple_pov_pinch,,
Inmon,Inmon_lose_inochi_m2,,,depthref_wall_standing_nipple,,
Inmon,Inmon_lose_onedari_m2,,,depthref_hug_seated_chest_4,,
Inmon,Inmon_lose_btl_m3,,,depthref_lap_pillow_hj_side_2,,
Inmon,Inmon_lose_inochi_m3,,,depthref_kneel_front_nipple,,
Inmon,Inmon_lose_onedari_m3,,,depthref_kiss_lap_5,,
Inmon,Inmon_lose_btl_e1,,,depthref_lap_nursing_hj_4,,
Inmon,Inmon_lose_inochi_e1,,,depthref_hug_seated_chest_4,,
Inmon,Inmon_lose_onedari_e1,,,depthref_hug_seated_chest_4,,
Inmon,Inmon_lose_btl_e2,,,depthref_whisper_lying_3,,
Inmon,Inmon_lose_inochi_e2,,,depthref_whisper_lying_3,,
Inmon,Inmon_lose_onedari_e2,,,depthref_hug_standing_chest,,
Inmon,Inmon_lose_btl_e3,,,depthref_fingering_p_2,,
Inmon,Inmon_lose_inochi_e3,,,depthref_finger_pov_legs,,
Inmon,Inmon_lose_onedari_e3,,,depthref_fingering_p_2,,
Inmon,Inmon_lose_btl_boss,,,depthref_kiss_wall_2,,
Inmon,Inmon_lose_inochi_boss,,,depthref_wall_standing_nipple_5,,
Inmon,Inmon_lose_onedari_boss,,,depthref_lap_nursing_hj_3,,
Inn,Inn_atk_m1,,,depthref_hug_seated_chest_4,,
Inn,Inn_atk_m2,,,depthref_kiss_p_3,,
Inn,Inn_atk_m3,,,depthref_ear_lick_side,,
Inn,Inn_atk_e1,,succubus_tail,,,succubus_tail: succubus tail
Inn,Inn_atk_e2,,,depthref_nipple_pov_straddle,横長,
Inn,Inn_atk_e3,,,,,
Inn,Inn_atk_boss,,,depthref_nipple_pov_pinch,,
Inn,Inn_lose_btl_m1,,,depthref_kiss_lap_3,,
Inn,Inn_lose_inochi_m1,,,depthref_kiss_p,,
Inn,Inn_lose_onedari_m1,,,depthref_kiss_lap,,
Inn,Inn_lose_btl_m2,,,depthref_kiss_p,,
Inn,Inn_lose_inochi_m2,,,depthref_kiss_lap,,
Inn,Inn_lose_onedari_m2,,,depthref_kiss_lap_3,,
Inn,Inn_lose_btl_m3,,,depthref_thigh_ontop,,
Inn,Inn_lose_inochi_m3,,,depthref_whisper,,
Inn,Inn_lose_onedari_m3,,,depthref_kiss_lap_4,,
Inn,Inn_lose_btl_e1,,succubus_tail,depthref_alt_ashikoki_7,,succubus_tail: succubus tail
Inn,Inn_lose_inochi_e1,,succubus_tail,depthref_pov_footjob_5,,succubus_tail: succubus tail
Inn,Inn_lose_onedari_e1,,succubus_tail,depthref_footjob_p_5,,succubus_tail: succubus tail
Inn,Inn_lose_btl_e2,,,depthref_hj_lap_above,,
Inn,Inn_lose_inochi_e2,,,depthref_wall_standing_nipple_4,,
Inn,Inn_lose_onedari_e2,,,depthref_hj_pov_above_10,,
Inn,Inn_lose_btl_e3,,,depthref_peg_p,,
Inn,Inn_lose_inochi_e3,,,depthref_lap_pillow_hj_side_2,,
Inn,Inn_lose_onedari_e3,,,depthref_peg_spoon,,
Inn,Inn_lose_btl_boss,,,depthref_peg_doggy_6,,
Inn,Inn_lose_inochi_boss,,,depthref_futadom_p_3,,
Inn,Inn_lose_onedari_boss,,,depthref_peg_doggy_3,,
Kiss,Kiss_atk_m1,,,,,
Kiss,Kiss_atk_m2,,,,,
Kiss,Kiss_atk_m3,,,,,
Kiss,Kiss_atk_e1,,,depthref_kiss_lap_5,,
Kiss,Kiss_atk_e2,,,depthref_kiss_lap_4,,
Kiss,Kiss_atk_e3,,,depthref_kiss_lap_4,,
Kiss,Kiss_atk_boss,,,depthref_kiss_lap,,
Kiss,Kiss_lose_btl_m1,,,,,
Kiss,Kiss_lose_inochi_m1,,,,,
Kiss,Kiss_lose_onedari_m1,,,,,
Kiss,Kiss_lose_btl_m2,,,,,
Kiss,Kiss_lose_inochi_m2,,,,,
Kiss,Kiss_lose_onedari_m2,,,,,
Kiss,Kiss_lose_btl_m3,,,,,
Kiss,Kiss_lose_inochi_m3,,,,,
Kiss,Kiss_lose_onedari_m3,,,,,
Kiss,Kiss_lose_btl_e1,,,depthref_kiss_lap_2,,
Kiss,Kiss_lose_inochi_e1,,,depthref_kiss_lap_2,,
Kiss,Kiss_lose_onedari_e1,,,depthref_whisper_5,,
Kiss,Kiss_lose_btl_e2,,,depthref_futadom_p_3,,
Kiss,Kiss_lose_inochi_e2,,,depth3d_hero_only_lie,,
Kiss,Kiss_lose_onedari_e2,,,depthref_futadom_p_3,,
Kiss,Kiss_lose_btl_e3,,,depthref_kiss_p,,
Kiss,Kiss_lose_inochi_e3,,,depthref_kiss_lap_4,,
Kiss,Kiss_lose_onedari_e3,,,depthref_kiss_lap_5,,
Kiss,Kiss_lose_btl_boss,,,depthref_futadom_p_2,,
Kiss,Kiss_lose_inochi_boss,,,depthref_futa_7,,
Kiss,Kiss_lose_onedari_boss,,,depthref_futa_7,,
Kitsune,Kitsune_atk_m1,,,depthref_kneel_front_nipple,,
Kitsune,Kitsune_atk_m2,,,depthref_nipple_pov_straddle,横長,
Kitsune,Kitsune_atk_m3,,,depthref_futadom_p_3,,
Kitsune,Kitsune_atk_e1,,,depthref_prostate_p,,
Kitsune,Kitsune_atk_e2,,,depthref_rusty_3,,
Kitsune,Kitsune_atk_e3,,,depthref_side_allfours_milking_3,,
Kitsune,Kitsune_atk_boss,,,depthref_head_side_nipple_2,,
Kitsune,Kitsune_lose_btl_m1,,,depthref_lap_pillow_hj_side_2,,
Kitsune,Kitsune_lose_inochi_m1,,,depthref_hug_standing_chest_2,,
Kitsune,Kitsune_lose_onedari_m1,,,depthref_kneel_stand_leash,,
Kitsune,Kitsune_lose_btl_m2,,,depth3d_hero_only_lie,,
Kitsune,Kitsune_lose_inochi_m2,,,depth3d_hero_only_lie,,
Kitsune,Kitsune_lose_onedari_m2,,,depth3d_hero_only_kneel,,
Kitsune,Kitsune_lose_btl_m3,,,depthref_futa_3,,
Kitsune,Kitsune_lose_inochi_m3,,,depthref_futadom_p_2,,
Kitsune,Kitsune_lose_onedari_m3,,,depthref_futa_8,,
Kitsune,Kitsune_lose_btl_e1,,,depthref_prostate_p,,
Kitsune,Kitsune_lose_inochi_e1,,,depthref_finger_front_legs,,
Kitsune,Kitsune_lose_onedari_e1,,,depthref_prostate_p_4,,
Kitsune,Kitsune_lose_btl_e2,,,depthref_rusty_3,,
Kitsune,Kitsune_lose_inochi_e2,,,depthref_rusty_3,,
Kitsune,Kitsune_lose_onedari_e2,,,depthref_rusty_3,,
Kitsune,Kitsune_lose_btl_e3,,,depthref_collar_5,,
Kitsune,Kitsune_lose_inochi_e3,,,depthref_sit_side_bench_hj,,
Kitsune,Kitsune_lose_onedari_e3,,,depthref_side_allfours_milking_3,,
Kitsune,Kitsune_lose_btl_boss,,,depthref_futa_8,,
Kitsune,Kitsune_lose_inochi_boss,,,,,
Kitsune,Kitsune_lose_onedari_boss,,,depthref_futa_7,,
Knight,Knight_atk_m1,,,depthref_kiss_lap_4,,
Knight,Knight_atk_m2,,,depthref_rah_behind_2,,
Knight,Knight_atk_m3,,,depthref_finger_front_legs,,
Knight,Knight_atk_e1,,,depthref_nipple_side_lying_2,,
Knight,Knight_atk_e2,,,depthref_xcross_5,,
Knight,Knight_atk_e3,,,depthref_chastity_3,,
Knight,Knight_atk_boss,,,depthref_prostate_p_4,,
Knight,Knight_lose_btl_m1,,,depthref_kiss_lap_5,,
Knight,Knight_lose_inochi_m1,,,depthref_kiss_p,,
Knight,Knight_lose_onedari_m1,,,depthref_kiss_lap,,
Knight,Knight_lose_btl_m2,,,depthref_nipple_pov_straddle,横長,
Knight,Knight_lose_inochi_m2,,,depthref_kneel_bed_edge_nipple,,
Knight,Knight_lose_onedari_m2,,,depthref_rah_behind,,
Knight,Knight_lose_btl_m3,,,depthref_prostate_p_4,,
Knight,Knight_lose_inochi_m3,,,depthref_prostate_p,,
Knight,Knight_lose_onedari_m3,,,depthref_prostate_p,,
Knight,Knight_lose_btl_e1,,,depthref_nipple_side_lying_2,,
Knight,Knight_lose_inochi_e1,,,depthref_lap_pillow_hj_side_2,,
Knight,Knight_lose_onedari_e1,,,depthref_lap_pillow_hj_side_2,,
Knight,Knight_lose_btl_e2,,,,,
Knight,Knight_lose_inochi_e2,,,depthref_xcross_5,,
Knight,Knight_lose_onedari_e2,,,depthref_kneel_throne_chin,,
Knight,Knight_lose_btl_e3,,,depthref_chastity_5,,
Knight,Knight_lose_inochi_e3,,,depthref_fingering_p_3,,
Knight,Knight_lose_onedari_e3,,,depthref_chastity_2,,
Knight,Knight_lose_btl_boss,,,depthref_prostate_p_4,,
Knight,Knight_lose_inochi_boss,,,depthref_kiss_lap,,
Knight,Knight_lose_onedari_boss,,,depthref_prostate_p_4,,
Konoha,Konoha_atk_m1,,,depthref_whisper,,
Konoha,Konoha_atk_m2,,,,,
Konoha,Konoha_atk_m3,,,depthref_kiss_lap_5,,
Konoha,Konoha_atk_e1,,succubus_tail,depthref_lap_finger_2,,succubus_tail: demon tail
Konoha,Konoha_atk_e2,,,depthref_kiss_lap_6,,
Konoha,Konoha_atk_e3,,,depthref_rah_behind_2,,
Konoha,Konoha_atk_boss,,,depthref_nipple_behind_standing,,
Konoha,Konoha_lose_btl_m1,,,depthref_lap_pillow_hj_side_2,,
Konoha,Konoha_lose_inochi_m1,,,depth3d_hero_only_sit,,
Konoha,Konoha_lose_onedari_m1,,,depthref_kneel_bed_edge_nipple_3,,
Konoha,Konoha_lose_btl_m2,,,depthref_rah_lying_7,,
Konoha,Konoha_lose_inochi_m2,,,depthref_rah_lying_6,,
Konoha,Konoha_lose_onedari_m2,,,depthref_pov_paizuri_4,,
Konoha,Konoha_lose_btl_m3,,,depthref_kiss_lap,,
Konoha,Konoha_lose_inochi_m3,,,depthref_kiss_wall_5,,
Konoha,Konoha_lose_onedari_m3,,,depthref_kiss_lap_2,,
Konoha,Konoha_lose_btl_e1,,succubus_tail,depth3d_hero_only_lie,,succubus_tail: demon tail
Konoha,Konoha_lose_inochi_e1,,succubus_tail,depthref_rah_lying_2,,succubus_tail: demon tail
Konoha,Konoha_lose_onedari_e1,,succubus_tail,depthref_nipple_side_lying_2,,succubus_tail: demon tail
Konoha,Konoha_lose_btl_e2,,,depthref_kiss_lap_3,,
Konoha,Konoha_lose_inochi_e2,,,depthref_kiss_wall_5,,
Konoha,Konoha_lose_onedari_e2,,,depthref_kiss_lap_3,,
Konoha,Konoha_lose_btl_e3,,,depthref_hj_behind_seated,,
Konoha,Konoha_lose_inochi_e3,,,depthref_rah_behind,,
Konoha,Konoha_lose_onedari_e3,,,depthref_nipple_pov_straddle,横長,
Konoha,Konoha_lose_btl_boss,,,depthref_nipple_pov_lick_7,,
Konoha,Konoha_lose_inochi_boss,,,depthref_head_side_nipple_2,,
Konoha,Konoha_lose_onedari_boss,,,depthref_head_side_nipple_2,,
Lab,Lab_atk_m1,,,depthref_nipple_pov_lick_2,,
Lab,Lab_atk_m2,,,depthref_prostate_p,,
Lab,Lab_atk_m3,,,depthref_lap_pillow_hj_side_2,,
Lab,Lab_atk_e1,,,depthref_nipple_side_lying,,
Lab,Lab_atk_e2,,,,,
Lab,Lab_atk_e3,,,depthref_finger_spoon_side,,
Lab,Lab_atk_boss,,,depthref_head_side_nipple_2,,
Lab,Lab_lose_btl_m1,,,,,
Lab,Lab_lose_inochi_m1,,,,,
Lab,Lab_lose_onedari_m1,,,,,
Lab,Lab_lose_btl_m2,,,depthref_bondage_p,,
Lab,Lab_lose_inochi_m2,,,depth3d_hero_only_lie,,
Lab,Lab_lose_onedari_m2,,,depthref_rah_behind_3,,
Lab,Lab_lose_btl_m3,,,,,
Lab,Lab_lose_inochi_m3,,,depthref_hug_standing_chest,,
Lab,Lab_lose_onedari_m3,,,depthref_hug_seated_chest_4,,
Lab,Lab_lose_btl_e1,,,depthref_nipple_pov_lick_6,,
Lab,Lab_lose_inochi_e1,,,depthref_nipple_behind_standing,,
Lab,Lab_lose_onedari_e1,,,,,
Lab,Lab_lose_btl_e2,,,depthref_bondage_p_3,,
Lab,Lab_lose_inochi_e2,,,depthref_lap_pillow_hj_side_2,,
Lab,Lab_lose_onedari_e2,,,depthref_hug_seated_chest_4,,
Lab,Lab_lose_btl_e3,,,depthref_fingering_p_8,,
Lab,Lab_lose_inochi_e3,,,depthref_finger_front_legs,,
Lab,Lab_lose_onedari_e3,,,depthref_finger_front_legs,,
Lab,Lab_lose_btl_boss,,,depthref_xcross_2,,
Lab,Lab_lose_inochi_boss,,,depthref_hj_behind_seated_2,,
Lab,Lab_lose_onedari_boss,,,depthref_bondage_p_3,,
Labyrinth,Labyrinth_atk_m1,,,depthref_thigh_standing_2,,
Labyrinth,Labyrinth_atk_m2,,,depthref_close_hug_p,,
Labyrinth,Labyrinth_atk_m3,,,depthref_futadom_p_3,,
Labyrinth,Labyrinth_atk_e1,,,depthref_whisper_2,,
Labyrinth,Labyrinth_atk_e2,,,depthref_hug_seated_chest_4,,
Labyrinth,Labyrinth_atk_e3,,,depthref_hug_seated_chest_4,,
Labyrinth,Labyrinth_atk_boss,,,depthref_kiss_wall_5,,
Labyrinth,Labyrinth_lose_btl_m1,,,,,
Labyrinth,Labyrinth_lose_inochi_m1,,,depthref_thigh_5,,
Labyrinth,Labyrinth_lose_onedari_m1,,,depthref_nipple_pov_straddle,横長,
Labyrinth,Labyrinth_lose_btl_m2,,,depthref_wall_standing_nipple_4,,
Labyrinth,Labyrinth_lose_inochi_m2,,,depthref_kiss_wall_5,,
Labyrinth,Labyrinth_lose_onedari_m2,,,depthref_kiss_wall_4,,
Labyrinth,Labyrinth_lose_btl_m3,,,depthref_futa_2,,
Labyrinth,Labyrinth_lose_inochi_m3,,,depthref_kiss_p_3,,
Labyrinth,Labyrinth_lose_onedari_m3,,,depthref_futadom_p_4,,
Labyrinth,Labyrinth_lose_btl_e1,,,depthref_ear_lick_side,,
Labyrinth,Labyrinth_lose_inochi_e1,,,depthref_bondage_p_2,,
Labyrinth,Labyrinth_lose_onedari_e1,,,depthref_whisper_lying_3,,
Labyrinth,Labyrinth_lose_btl_e2,,,depth3d_hero_only_sit,,
Labyrinth,Labyrinth_lose_inochi_e2,,,depth3d_hero_only_kneel,,
Labyrinth,Labyrinth_lose_onedari_e2,,,depth3d_hero_only_kneel,,
Labyrinth,Labyrinth_lose_btl_e3,,,depthref_nipple_lap_facing_2,,
Labyrinth,Labyrinth_lose_inochi_e3,,,depthref_rah_behind_3,,
Labyrinth,Labyrinth_lose_onedari_e3,,,depthref_side_chin_lift_6,,
Labyrinth,Labyrinth_lose_btl_boss,,,depthref_futa_5,,
Labyrinth,Labyrinth_lose_inochi_boss,,,depthref_futadom_p_4,,
Labyrinth,Labyrinth_lose_onedari_boss,,,depthref_kiss_p_3,,
Lamia,Lamia_atk_m1,lamia_coil,lamia,,,lamia_coil: lamia + tail coils around his +  / lamia: lamia
Lamia,Lamia_atk_m2,lamia_coil,lamia,,,lamia_coil: lamia + tail coils around his +  / lamia: lamia
Lamia,Lamia_atk_m3,,lamia,,,lamia: lamia
Lamia,Lamia_atk_e1,lamia_coil,lamia,,,lamia_coil: lamia + tail coils around his +  / lamia: lamia
Lamia,Lamia_atk_e2,lamia_coil,lamia,,,lamia_coil: lamia + tail coils around his +  / lamia: lamia
Lamia,Lamia_atk_e3,lamia_coil,lamia,,,lamia_coil: lamia + tail coils tightly around his +  / lamia: lamia
Lamia,Lamia_atk_boss,lamia_coil,lamia,,,lamia_coil: lamia + tail curls around his +  / lamia: lamia
Lamia,Lamia_inochigoi,lamia_coil,lamia,,,lamia_coil: lamia + tail quietly curling around his +  / lamia: lamia
Lamia,Lamia_lose_btl_m1,lamia_coil,lamia,,,lamia_coil: lamia + coils around his +  / lamia: lamia
Lamia,Lamia_lose_inochi_m1,,lamia,,,lamia: lamia
Lamia,Lamia_lose_onedari_m1,,lamia,,,lamia: lamia
Lamia,Lamia_lose_btl_m2,,lamia,,,lamia: lamia
Lamia,Lamia_lose_inochi_m2,lamia_coil,lamia,,,lamia_coil: lamia + tail suddenly coils around his +  / lamia: lamia
Lamia,Lamia_lose_onedari_m2,,lamia,,,lamia: lamia
Lamia,Lamia_lose_btl_m3,,lamia,,,lamia: lamia
Lamia,Lamia_lose_inochi_m3,lamia_coil,lamia,,,lamia_coil: lamia + tail around his +  / lamia: lamia
Lamia,Lamia_lose_onedari_m3,lamia_coil,lamia,,,lamia_coil: lamia + coils around him +  / lamia: lamia
Lamia,Lamia_lose_btl_e1,,lamia,,,lamia: lamia
Lamia,Lamia_lose_inochi_e1,lamia_coil,lamia,,,lamia_coil: lamia + tail coils around his +  / lamia: lamia
Lamia,Lamia_lose_onedari_e1,,lamia,,,lamia: lamia
Lamia,Lamia_lose_btl_e2,lamia_coil,lamia,,,lamia_coil: lamia + tail coils around him +  / lamia: lamia
Lamia,Lamia_lose_inochi_e2,lamia_coil,lamia,,,lamia_coil: lamia + tail coils around his +  / lamia: lamia
Lamia,Lamia_lose_onedari_e2,,lamia,,,lamia: lamia
Lamia,Lamia_lose_btl_e3,lamia_coil,lamia,,,lamia_coil: lamia + tail coils around his +  / lamia: lamia
Lamia,Lamia_lose_inochi_e3,lamia_coil,lamia,,,lamia_coil: lamia + tail coils tightly around his +  / lamia: lamia
Lamia,Lamia_lose_onedari_e3,,lamia,,,lamia: lamia
Lamia,Lamia_lose_btl_boss,lamia_coil,lamia,,,lamia_coil: lamia + tail curls around his +  / lamia: lamia
Lamia,Lamia_lose_inochi_boss,lamia_coil,lamia,,,lamia_coil: lamia + coils around him +  / lamia: lamia
Lamia,Lamia_lose_onedari_boss,lamia_coil,lamia,,,lamia_coil: lamia + tail curls around his +  / lamia: lamia
Library,Library_atk_m1,,,depthref_sit_side_bench_hj,,
Library,Library_atk_m2,,,depthref_nipple_pov_lick,,
Library,Library_atk_m3,,,depthref_peg_p_3,,
Library,Library_atk_e1,,,depthref_whisper_lying,,
Library,Library_atk_e2,,,depthref_rah_lying_2,,
Library,Library_atk_e3,,,depthref_fingering_p_3,,
Library,Library_atk_boss,,,depthref_hug_standing_chest_2,,
Library,Library_lose_btl_m1,,,depthref_sit_side_bench_hj,,
Library,Library_lose_inochi_m1,,,,,
Library,Library_lose_onedari_m1,,,depthref_sit_side_neck_3,,
Library,Library_lose_btl_m2,,,depthref_lap_pillow_hj_side_2,,
Library,Library_lose_inochi_m2,,,depthref_sit_side_neck_3,,
Library,Library_lose_onedari_m2,,,depthref_hug_standing_chest,,
Library,Library_lose_btl_m3,,,depthref_peg_doggy_7,,
Library,Library_lose_inochi_m3,,,depthref_futadom_p_2,,
Library,Library_lose_onedari_m3,,,depthref_futadom_p_3,,
Library,Library_lose_btl_e1,,,depthref_whisper_lying,,
Library,Library_lose_inochi_e1,,,depthref_sit_side_sofa_nipple_2,,
Library,Library_lose_onedari_e1,,,depthref_hug_seated_chest_4,,
Library,Library_lose_btl_e2,,,depthref_rah_lying_4,,
Library,Library_lose_inochi_e2,,,depthref_nipple_behind_standing,,
Library,Library_lose_onedari_e2,,,depthref_kiss_wall,,
Library,Library_lose_btl_e3,,,depthref_side_allfours_milking_3,,
Library,Library_lose_inochi_e3,,,depthref_fingering_p_2,,
Library,Library_lose_onedari_e3,,,depthref_nipple_side_lying_2,,
Library,Library_lose_btl_boss,,,depthref_peg_prone_side_4,,
Library,Library_lose_inochi_boss,,,depthref_hug_standing_chest,,
Library,Library_lose_onedari_boss,,,depthref_peg_p_4,,
Lingerie,Lingerie_atk_m1,,,depthref_whisper_lying_2,,
Lingerie,Lingerie_atk_m2,,,depthref_rah_behind,,
Lingerie,Lingerie_atk_m3,,,depthref_futa_7,,
Lingerie,Lingerie_atk_e1,,,depthref_wall_standing_nipple_4,,
Lingerie,Lingerie_atk_e2,,,depthref_hug_seated_chest_4,,
Lingerie,Lingerie_atk_e3,,,depthref_fingering_p_8,,
Lingerie,Lingerie_atk_boss,,,depthref_nipple_pov_lick_4,,
Lingerie,Lingerie_lose_btl_m1,,,depthref_ear_lick_side_2,,
Lingerie,Lingerie_lose_inochi_m1,,,depthref_ear_lick_side,,
Lingerie,Lingerie_lose_onedari_m1,,,depthref_whisper_4,,
Lingerie,Lingerie_lose_btl_m2,,,depthref_wall_standing_nipple_4,,
Lingerie,Lingerie_lose_inochi_m2,,,,,
Lingerie,Lingerie_lose_onedari_m2,,,depthref_rah_behind,,
Lingerie,Lingerie_lose_btl_m3,,,depthref_futa_4,,
Lingerie,Lingerie_lose_inochi_m3,,,depthref_futadom_p_2,,
Lingerie,Lingerie_lose_onedari_m3,,,depthref_futa_7,,
Lingerie,Lingerie_lose_btl_e1,,,,,
Lingerie,Lingerie_lose_inochi_e1,,,depthref_kiss_lap_2,,
Lingerie,Lingerie_lose_onedari_e1,,,depthref_kiss_p_3,,
Lingerie,Lingerie_lose_btl_e2,,,,,
Lingerie,Lingerie_lose_inochi_e2,,,depthref_footjob_p_7,,
Lingerie,Lingerie_lose_onedari_e2,,,depthref_footjob_p_4,,
Lingerie,Lingerie_lose_btl_e3,,,depthref_fingering_p_8,,
Lingerie,Lingerie_lose_inochi_e3,,,depthref_lap_pillow_hj_side_2,,
Lingerie,Lingerie_lose_onedari_e3,,,depthref_finger_spoon_side,,
Lingerie,Lingerie_lose_btl_boss,,,depthref_nipple_side_lying_2,,
Lingerie,Lingerie_lose_inochi_boss,,,depthref_hj_behind_seated_4,,
Lingerie,Lingerie_lose_onedari_boss,,,depthref_rah_behind_2,,
Luna,Luna_atk_m1,,,depthref_lap_pillow_hj_side_2,,
Luna,Luna_atk_m2,,,depthref_kiss_wall,,
Luna,Luna_atk_m3,,,depthref_peg_doggy_7,,
Luna,Luna_atk_e1,,,depthref_fingering_p_8,,
Luna,Luna_atk_e2,,,depth3d_hero_only_sit,,
Luna,Luna_atk_e3,,,depthref_finger_pov_legs,,
Luna,Luna_atk_boss,,,depthref_finger_front_legs,,
Luna,Luna_lose_btl_m1,,,depthref_nipple_side_lying_2,,
Luna,Luna_lose_inochi_m1,,,depthref_rah_lying_7,,
Luna,Luna_lose_onedari_m1,,,depthref_nipple_side_lying_2,,
Luna,Luna_lose_btl_m2,,,depthref_kiss_p,,
Luna,Luna_lose_inochi_m2,,,depthref_kiss_p_3,,
Luna,Luna_lose_onedari_m2,,,depthref_hug_seated_chest_4,,
Luna,Luna_lose_btl_m3,,,depthref_peg_doggy_6,,
Luna,Luna_lose_inochi_m3,,,depthref_peg_doggy_8,,
Luna,Luna_lose_onedari_m3,,,depthref_peg_doggy,,
Luna,Luna_lose_btl_e1,,,depthref_side_allfours_milking_3,,
Luna,Luna_lose_inochi_e1,,,depthref_fingering_p_8,,
Luna,Luna_lose_onedari_e1,,,depthref_prostate_p,,
Luna,Luna_lose_btl_e2,,,depthref_ear_lick_side,,
Luna,Luna_lose_inochi_e2,,,depth3d_hero_only_lie,,
Luna,Luna_lose_onedari_e2,,,depthref_whisper_lying,,
Luna,Luna_lose_btl_e3,,,depthref_finger_spoon_side,,
Luna,Luna_lose_inochi_e3,,,depthref_lap_pillow_hj_side_2,,
Luna,Luna_lose_onedari_e3,,,depthref_finger_spoon_side,,
Luna,Luna_lose_btl_boss,,,depthref_finger_front_legs,,
Luna,Luna_lose_inochi_boss,,,depthref_prostate_p_4,,
Luna,Luna_lose_onedari_boss,,,depthref_finger_front_legs,,
Maid,Maid_atk_m1,,,depthref_kiss_wall_4,,
Maid,Maid_atk_m2,,,,,
Maid,Maid_atk_m3,,,depthref_futadom_p_4,,
Maid,Maid_atk_e1,,,depthref_nipple_front_standing,,
Maid,Maid_atk_e2,,,depthref_hug_seated_chest_4,,
Maid,Maid_atk_e3,,,depthref_rusty_3,,
Maid,Maid_atk_boss,,,depthref_futa_5,,
Maid,Maid_lose_btl_m1,,,depthref_kiss_lap,,
Maid,Maid_lose_inochi_m1,,,depthref_kiss_wall_2,,
Maid,Maid_lose_onedari_m1,,,depthref_kiss_lap_2,,
Maid,Maid_lose_btl_m2,,,,,
Maid,Maid_lose_inochi_m2,,,depthref_kiss_wall_2,,
Maid,Maid_lose_onedari_m2,,,depthref_kiss_wall_4,,
Maid,Maid_lose_btl_m3,,,depthref_futadom_p_3,,
Maid,Maid_lose_inochi_m3,,,depthref_futadom_p_2,,
Maid,Maid_lose_onedari_m3,,,depthref_futa_4,,
Maid,Maid_lose_btl_e1,,,depthref_kneel_bed_edge_nipple,,
Maid,Maid_lose_inochi_e1,,,depthref_nipple_front_standing,,
Maid,Maid_lose_onedari_e1,,,depthref_rah_behind_3,,
Maid,Maid_lose_btl_e2,,,depthref_pov_footjob_3,,
Maid,Maid_lose_inochi_e2,,,,,
Maid,Maid_lose_onedari_e2,,,depthref_step_4,,
Maid,Maid_lose_btl_e3,,,depthref_rusty_3,,
Maid,Maid_lose_inochi_e3,,,depthref_finger_front_legs,,
Maid,Maid_lose_onedari_e3,,,depthref_rusty_3,,
Maid,Maid_lose_btl_boss,,,depthref_futa_6,,
Maid,Maid_lose_inochi_boss,,,depthref_side_chin_lift,,
Maid,Maid_lose_onedari_boss,,,depthref_futadom_p_4,,
Masque,Masque_atk_m1,,,depthref_whisper_3,,
Masque,Masque_atk_m2,,,depthref_nipple_behind_standing,,
Masque,Masque_atk_m3,,,depthref_peg_doggy,,
Masque,Masque_atk_e1,,,depthref_step_3,,
Masque,Masque_atk_e2,,,depthref_nipple_pov_pinch,,
Masque,Masque_atk_e3,,,depthref_whisper_6,,
Masque,Masque_atk_boss,,,depthref_futa_4,,
Masque,Masque_lose_btl_m1,,,depthref_ear_lick_side_2,,
Masque,Masque_lose_inochi_m1,,,depthref_ear_lick_side_2,,
Masque,Masque_lose_onedari_m1,,,depthref_kneel_stand_leash_2,,
Masque,Masque_lose_btl_m2,,,depthref_nipple_pov_lick_4,,
Masque,Masque_lose_inochi_m2,,,depthref_nipple_lap_facing_2,,
Masque,Masque_lose_onedari_m2,,,depthref_nipple_front_standing,,
Masque,Masque_lose_btl_m3,,,depthref_peg_fours_front_2,横長,
Masque,Masque_lose_inochi_m3,,,depthref_peg_doggy_7,,
Masque,Masque_lose_onedari_m3,,,depthref_peg_doggy_9,,
Masque,Masque_lose_btl_e1,,,depthref_hug_seated_chest_4,,
Masque,Masque_lose_inochi_e1,,,depthref_footjob_p_4,,
Masque,Masque_lose_onedari_e1,,,depthref_step_3,,
Masque,Masque_lose_btl_e2,,,depthref_nipple_pov_straddle,横長,
Masque,Masque_lose_inochi_e2,,,depthref_kneel_bed_edge_nipple,,
Masque,Masque_lose_onedari_e2,,,depthref_nipple_behind_standing,,
Masque,Masque_lose_btl_e3,,,depthref_finger_front_legs,,
Masque,Masque_lose_inochi_e3,,,depthref_fingering_p_3,,
Masque,Masque_lose_onedari_e3,,,depthref_lap_pillow_hj_side_2,,
Masque,Masque_lose_btl_boss,,,depthref_futa_5,,
Masque,Masque_lose_inochi_boss,,,depthref_nipple_pov_straddle,横長,
Masque,Masque_lose_onedari_boss,,,depthref_hug_seated_chest_4,,
Medusa,Medusa_atk_m1,,,depthref_thigh_ontop,,
Medusa,Medusa_atk_m2,,,depthref_hug_standing_chest,,
Medusa,Medusa_atk_m3,,,depthref_nipple_lap_facing_2,,
Medusa,Medusa_atk_e1,,,depthref_kiss_p_3,,
Medusa,Medusa_atk_e2,,,depthref_nipple_behind_standing,,
Medusa,Medusa_atk_e3,,,depthref_hug_standing_chest,,
Medusa,Medusa_atk_boss,,,depthref_lap_finger_2,,
Medusa,Medusa_lose_btl_m1,,,depthref_thigh_standing_2,,
Medusa,Medusa_lose_inochi_m1,,,depthref_thigh_standing,,
Medusa,Medusa_lose_onedari_m1,,,depthref_thigh_5,,
Medusa,Medusa_lose_btl_m2,,,depthref_kneel_stand_leash_2,,
Medusa,Medusa_lose_inochi_m2,,,depth3d_hero_only_lie,,
Medusa,Medusa_lose_onedari_m2,,,,,
Medusa,Medusa_lose_btl_m3,,,depthref_nipple_behind_standing,,
Medusa,Medusa_lose_inochi_m3,,,depthref_whisper_4,,
Medusa,Medusa_lose_onedari_m3,,,depthref_nipple_lap_facing_2,,
Medusa,Medusa_lose_btl_e1,,,depthref_kiss_p,,
Medusa,Medusa_lose_inochi_e1,,,depthref_kiss_lap_5,,
Medusa,Medusa_lose_onedari_e1,,,depthref_kiss_lap_5,,
Medusa,Medusa_lose_btl_e2,,,depthref_rah_standing,,
Medusa,Medusa_lose_inochi_e2,,,depthref_rah_lying_3,,
Medusa,Medusa_lose_onedari_e2,,,depthref_nipple_behind_standing,,
Medusa,Medusa_lose_btl_e3,,,depthref_hug_standing_chest,,
Medusa,Medusa_lose_inochi_e3,,,,,
Medusa,Medusa_lose_onedari_e3,,,depthref_nipple_side_lying_2,,
Medusa,Medusa_lose_btl_boss,,,depthref_hj_lap_above,,
Medusa,Medusa_lose_inochi_boss,,,,,
Medusa,Medusa_lose_onedari_boss,,,depthref_lap_nursing_hj_5,,
Military,Military_atk_m1,,,depthref_pov_footjob_3,,
Military,Military_atk_m2,,,depthref_hug_seated_chest_4,,
Military,Military_atk_m3,,,depthref_rah_behind,,
Military,Military_atk_e1,,,depthref_nipple_behind_standing,,
Military,Military_atk_e2,,,depthref_finger_spoon_side,,
Military,Military_atk_e3,,,depthref_ear_lick_side,,
Military,Military_atk_boss,,,depthref_kiss_p_3,,
Military,Military_lose_btl_m1,,,depthref_hug_seated_chest_4,,
Military,Military_lose_inochi_m1,,,depthref_hug_seated_chest_4,,
Military,Military_lose_onedari_m1,,,depthref_hug_seated_chest_4,,
Military,Military_lose_btl_m2,,,depthref_wall_standing_nipple_5,,
Military,Military_lose_inochi_m2,,,depthref_close_hug_p,,
Military,Military_lose_onedari_m2,,,depthref_close_hug_p,,
Military,Military_lose_btl_m3,,,depthref_hj_behind_seated_2,,
Military,Military_lose_inochi_m3,,,depthref_wall_standing_nipple,,
Military,Military_lose_onedari_m3,,,depthref_wall_standing_nipple_4,,
Military,Military_lose_btl_e1,,,depthref_thigh_ontop,,
Military,Military_lose_inochi_e1,,,depthref_nipple_front_standing,,
Military,Military_lose_onedari_e1,,,depthref_nipple_front_standing,,
Military,Military_lose_btl_e2,,,depthref_prostate_p,,
Military,Military_lose_inochi_e2,,,depthref_fingering_p_2,,
Military,Military_lose_onedari_e2,,,depthref_finger_pov_legs,,
Military,Military_lose_btl_e3,,,depthref_whisper_lying,,
Military,Military_lose_inochi_e3,,,depthref_whisper_2,,
Military,Military_lose_onedari_e3,,,depthref_whisper_lying_2,,
Military,Military_lose_btl_boss,,,depthref_futadom_p_3,,
Military,Military_lose_inochi_boss,,,depthref_futa_3,,
Military,Military_lose_onedari_boss,,,depthref_futadom_p_4,,
Mimic,Mimic_atk_m1,,,depthref_whisper,,
Mimic,Mimic_atk_m2,,,depthref_rusty_3,,
Mimic,Mimic_atk_m3,,,depthref_futadom_p_4,,
Mimic,Mimic_atk_e1,,,depthref_nipple_side_lying_2,,
Mimic,Mimic_atk_e2,,,,,
Mimic,Mimic_atk_e3,,,depthref_hj_behind_seated_2,,
Mimic,Mimic_atk_boss,,,depthref_prostate_p,,
Mimic,Mimic_lose_btl_m1,,,depthref_ear_lick_side_3,,
Mimic,Mimic_lose_inochi_m1,,,depthref_whisper_lying_2,,
Mimic,Mimic_lose_onedari_m1,,,depthref_ear_lick_side,,
Mimic,Mimic_lose_btl_m2,,,depthref_rusty_3,,
Mimic,Mimic_lose_inochi_m2,,,depthref_rusty_3,,
Mimic,Mimic_lose_onedari_m2,,,depthref_rusty_3,,
Mimic,Mimic_lose_btl_m3,,,depthref_futa_5,,
Mimic,Mimic_lose_inochi_m3,,,depthref_futadom_p_2,,
Mimic,Mimic_lose_onedari_m3,,,depthref_futadom_p_3,,
Mimic,Mimic_lose_btl_e1,,,depthref_nipple_pov_lick_3,,
Mimic,Mimic_lose_inochi_e1,,,depthref_nipple_front_standing,,
Mimic,Mimic_lose_onedari_e1,,,depthref_nipple_pov_lick_6,,
Mimic,Mimic_lose_btl_e2,,,depthref_prostate_p_4,,
Mimic,Mimic_lose_inochi_e2,,,depthref_finger_spoon_side,,
Mimic,Mimic_lose_onedari_e2,,,depthref_kiss_wall_2,,
Mimic,Mimic_lose_btl_e3,,,depthref_rah_behind,,
Mimic,Mimic_lose_inochi_e3,,,depthref_finger_pov_legs,,
Mimic,Mimic_lose_onedari_e3,,,depthref_finger_front_legs,,
Mimic,Mimic_lose_btl_boss,,,depthref_finger_front_legs,,
Mimic,Mimic_lose_inochi_boss,,,depthref_prostate_p_4,,
Mimic,Mimic_lose_onedari_boss,,,depthref_finger_front_legs,,
Mirror,Mirror_atk_m1,,,depthref_rah_standing_5,,
Mirror,Mirror_atk_m2,,,depthref_whisper_lying_3,,
Mirror,Mirror_atk_m3,,,depthref_kiss_p_3,,
Mirror,Mirror_atk_e1,,,depthref_rah_behind_2,,
Mirror,Mirror_atk_e2,,,depthref_hj_behind_seated_2,,
Mirror,Mirror_atk_e3,,,depthref_lap_pillow_hj_side_2,,
Mirror,Mirror_atk_boss,,,depthref_kiss_wall_5,,
Mirror,Mirror_lose_btl_m1,,,depthref_hj_pov_above_2,,
Mirror,Mirror_lose_inochi_m1,,,depthref_rah_3,,
Mirror,Mirror_lose_onedari_m1,,,depthref_hj_pov_above_4,,
Mirror,Mirror_lose_btl_m2,,,depthref_whisper_6,,
Mirror,Mirror_lose_inochi_m2,,,depthref_whisper_lying,,
Mirror,Mirror_lose_onedari_m2,,,depthref_rah_lying,,
Mirror,Mirror_lose_btl_m3,,,depthref_kiss_p,,
Mirror,Mirror_lose_inochi_m3,,,depthref_kiss_lap_3,,
Mirror,Mirror_lose_onedari_m3,,,depthref_kiss_p_3,,
Mirror,Mirror_lose_btl_e1,,,depthref_thigh_ontop,,
Mirror,Mirror_lose_inochi_e1,,,depthref_wall_standing_nipple_5,,
Mirror,Mirror_lose_onedari_e1,,,depthref_nipple_lap_facing_2,,
Mirror,Mirror_lose_btl_e2,,,depthref_hug_seated_chest_4,,
Mirror,Mirror_lose_inochi_e2,,,depthref_nipple_side_lying_2,,
Mirror,Mirror_lose_onedari_e2,,,depthref_rah_behind_2,,
Mirror,Mirror_lose_btl_e3,,,depthref_rah_behind,,
Mirror,Mirror_lose_inochi_e3,,,depthref_kneel_stand_leash_2,,
Mirror,Mirror_lose_onedari_e3,,,depthref_lap_pillow_hj_side_2,,
Mirror,Mirror_lose_btl_boss,,,depthref_peg_doggy_8,,
Mirror,Mirror_lose_inochi_boss,,,depthref_ear_lick_side,,
Mirror,Mirror_lose_onedari_boss,,,depthref_futadom_p_4,,
Moth,Moth_atk_m1,,,depthref_hug_seated_chest_4,,
Moth,Moth_atk_m2,,,depth3d_hero_only_sit,,
Moth,Moth_atk_m3,,,depthref_kiss_wall_3,,
Moth,Moth_atk_e1,,,depthref_lap_pillow_hj_side_2,,
Moth,Moth_atk_e2,,,depthref_ear_lick_side_3,,
Moth,Moth_atk_e3,,,depthref_nipple_pov_straddle,横長,
Moth,Moth_atk_boss,,,depthref_whisper_4,,
Moth,Moth_lose_btl_m1,,,depthref_hug_seated_chest_4,,
Moth,Moth_lose_inochi_m1,,,depthref_hug_seated_chest_4,,
Moth,Moth_lose_onedari_m1,,,depthref_hug_standing_chest_2,,
Moth,Moth_lose_btl_m2,,,depth3d_hero_only_kneel,,
Moth,Moth_lose_inochi_m2,,,depthref_rah_lying_7,,
Moth,Moth_lose_onedari_m2,,,,,
Moth,Moth_lose_btl_m3,,,depthref_kiss_lap,,
Moth,Moth_lose_inochi_m3,,,depthref_kiss_p,,
Moth,Moth_lose_onedari_m3,,,depthref_kiss_lap,,
Moth,Moth_lose_btl_e1,,,depthref_lap_finger_hj,,
Moth,Moth_lose_inochi_e1,,,depthref_nipple_side_lying_2,,
Moth,Moth_lose_onedari_e1,,,depthref_lap_finger_hj,,
Moth,Moth_lose_btl_e2,,,depthref_whisper_lying,,
Moth,Moth_lose_inochi_e2,,,depthref_whisper_lying_2,,
Moth,Moth_lose_onedari_e2,,,depthref_hug_standing_chest,,
Moth,Moth_lose_btl_e3,,,depthref_nipple_pov_pinch,,
Moth,Moth_lose_inochi_e3,,,depthref_rah_behind_2,,
Moth,Moth_lose_onedari_e3,,,depthref_close_hug_p,,
Moth,Moth_lose_btl_boss,,,depthref_peg_p_3,,
Moth,Moth_lose_inochi_boss,,,depthref_peg_p,,
Moth,Moth_lose_onedari_boss,,,depthref_peg_fours_front_2,横長,
Musashi,Musashi_atk_m1,,,depthref_lap_pillow_hj_side_2,,
Musashi,Musashi_atk_m2,,,depthref_hug_seated_chest_4,,
Musashi,Musashi_atk_m3,,,depthref_wall_standing_nipple_5,,
Musashi,Musashi_atk_e1,,,depthref_kneel_stand_leash,,
Musashi,Musashi_atk_e2,,,depthref_kiss_lap_5,,
Musashi,Musashi_atk_e3,,,depthref_whisper_lying,,
Musashi,Musashi_atk_boss,,,depthref_peg_doggy,,
Musashi,Musashi_lose_btl_m1,,,depthref_rah_lying,,
Musashi,Musashi_lose_inochi_m1,,,depth3d_hero_only_sit,,
Musashi,Musashi_lose_onedari_m1,,,depthref_hug_seated_chest_4,,
Musashi,Musashi_lose_btl_m2,,,depthref_hug_seated_chest_4,,
Musashi,Musashi_lose_inochi_m2,,,depth3d_hero_only_sit,,
Musashi,Musashi_lose_onedari_m2,,,depthref_hug_seated_chest_4,,
Musashi,Musashi_lose_btl_m3,,,depthref_wall_standing_nipple_4,,
Musashi,Musashi_lose_inochi_m3,,,depthref_sit_side_bench_hj,,
Musashi,Musashi_lose_onedari_m3,,,depthref_nipple_side_lying,,
Musashi,Musashi_lose_btl_e1,,,depthref_kneel_throne_chin,,
Musashi,Musashi_lose_inochi_e1,,,depthref_nipple_side_lying_2,,
Musashi,Musashi_lose_onedari_e1,,,depthref_rah_lying_5,,
Musashi,Musashi_lose_btl_e2,,,depthref_kiss_lap_3,,
Musashi,Musashi_lose_inochi_e2,,,depthref_sit_side_bench_hj,,
Musashi,Musashi_lose_onedari_e2,,,depthref_kiss_p_3,,
Musashi,Musashi_lose_btl_e3,,,depthref_whisper_lying_2,,
Musashi,Musashi_lose_inochi_e3,,,depthref_nipple_side_lying_2,,
Musashi,Musashi_lose_onedari_e3,,,depthref_rah_lying_2,,
Musashi,Musashi_lose_btl_boss,,,depthref_peg_doggy_3,,
Musashi,Musashi_lose_inochi_boss,,,depthref_peg_doggy_5,,
Musashi,Musashi_lose_onedari_boss,,,depthref_peg_doggy,,
Necro,Necro_atk_m1,,,depthref_pov_paizuri,,
Necro,Necro_atk_m2,,,depthref_kiss_p_3,,
Necro,Necro_atk_m3,,,depthref_ear_lick_side_3,,
Necro,Necro_atk_e1,,,depthref_nipple_pov_pinch,,
Necro,Necro_atk_e2,,,depthref_lap_pillow_hj_side_2,,
Necro,Necro_atk_e3,,,depthref_fingering_p_8,,
Necro,Necro_atk_boss,,,depthref_head_side_nipple_2,,
Necro,Necro_lose_btl_m1,,,depthref_pov_paizuri_3,,
Necro,Necro_lose_inochi_m1,,,depthref_rah_lying_5,,
Necro,Necro_lose_onedari_m1,,,depthref_paizuri_side,,
Necro,Necro_lose_btl_m2,,,depthref_kiss_p,,
Necro,Necro_lose_inochi_m2,,,depthref_kiss_p_3,,
Necro,Necro_lose_onedari_m2,,,depthref_kiss_p_3,,
Necro,Necro_lose_btl_m3,,,depthref_ear_lick_side_2,,
Necro,Necro_lose_inochi_m3,,,depth3d_hero_only_lie,,
Necro,Necro_lose_onedari_m3,,,depthref_whisper_4,,
Necro,Necro_lose_btl_e1,,,depthref_nipple_pov_straddle,横長,
Necro,Necro_lose_inochi_e1,,,depthref_nipple_pov_lick_7,,
Necro,Necro_lose_onedari_e1,,,depthref_nipple_pov_pinch,,
Necro,Necro_lose_btl_e2,,,depthref_rah_lying_7,,
Necro,Necro_lose_inochi_e2,,,depthref_hj_behind_seated_2,,
Necro,Necro_lose_onedari_e2,,,depthref_hug_seated_chest_4,,
Necro,Necro_lose_btl_e3,,,depthref_collar_2,,
Necro,Necro_lose_inochi_e3,,,depthref_fingering_p_3,,
Necro,Necro_lose_onedari_e3,,,depthref_finger_front_legs,,
Necro,Necro_lose_btl_boss,,,depthref_nipple_side_lying_2,,
Necro,Necro_lose_inochi_boss,,,depthref_nipple_side_lying,,
Necro,Necro_lose_onedari_boss,,,depthref_nipple_pov_lick_3,,
Nekomata,Nekomata_atk_m1,,,depthref_nipple_pov_lick_5,,
Nekomata,Nekomata_atk_m2,,,depth3d_hero_only_fours,,
Nekomata,Nekomata_atk_m3,,,depthref_futadom_p_4,,
Nekomata,Nekomata_atk_e1,,,depthref_whisper,,
Nekomata,Nekomata_atk_e2,,,depthref_rusty_3,,
Nekomata,Nekomata_atk_e3,,,depthref_prostate_p,,
Nekomata,Nekomata_atk_boss,,,depthref_hj_lap_above,,
Nekomata,Nekomata_lose_btl_m1,,,depthref_nipple_pov_lick_7,,
Nekomata,Nekomata_lose_inochi_m1,,,depthref_rah_behind_3,,
Nekomata,Nekomata_lose_onedari_m1,,,depthref_nipple_pov_lick_2,,
Nekomata,Nekomata_lose_btl_m2,,,depthref_nipple_pov_lick,,
Nekomata,Nekomata_lose_inochi_m2,,,depthref_nipple_lap_facing_2,,
Nekomata,Nekomata_lose_onedari_m2,,,depthref_nipple_pov_straddle,横長,
Nekomata,Nekomata_lose_btl_m3,,,depthref_futa_2,,
Nekomata,Nekomata_lose_inochi_m3,,,depthref_futadom_p_3,,
Nekomata,Nekomata_lose_onedari_m3,,,depthref_futadom_p_2,,
Nekomata,Nekomata_lose_btl_e1,,,depthref_whisper_lying_2,,
Nekomata,Nekomata_lose_inochi_e1,,,depthref_whisper_lying_3,,
Nekomata,Nekomata_lose_onedari_e1,,,depthref_rah_behind_3,,
Nekomata,Nekomata_lose_btl_e2,,,depthref_rusty_3,,
Nekomata,Nekomata_lose_inochi_e2,,,depthref_rusty_3,,
Nekomata,Nekomata_lose_onedari_e2,,,depthref_rusty_3,,
Nekomata,Nekomata_lose_btl_e3,,,depthref_prostate_p,,
Nekomata,Nekomata_lose_inochi_e3,,,depthref_prostate_p_4,,
Nekomata,Nekomata_lose_onedari_e3,,,depthref_prostate_p,,
Nekomata,Nekomata_lose_btl_boss,,,depthref_futadom_p_2,,
Nekomata,Nekomata_lose_inochi_boss,,,depthref_nipple_pov_straddle,横長,
Nekomata,Nekomata_lose_onedari_boss,,,depthref_futadom_p_3,,
Neneko,Neneko_atk_m1,,,depthref_thigh_lying,,
Neneko,Neneko_atk_m2,,,depthref_wall_standing_nipple_5,,
Neneko,Neneko_atk_m3,,,depthref_hj_behind_seated_4,,
Neneko,Neneko_atk_e1,,,depth3d_hero_only_lie,,
Neneko,Neneko_atk_e2,,,depthref_whisper_2,,
Neneko,Neneko_atk_e3,,,depthref_rusty_3,,
Neneko,Neneko_atk_boss,,,depthref_rah_behind,,
Neneko,Neneko_lose_btl_m1,,,depthref_rah_lying_4,,
Neneko,Neneko_lose_inochi_m1,,,depthref_rah_lying_6,,
Neneko,Neneko_lose_onedari_m1,,,depthref_alt_thigh_top_3,,
Neneko,Neneko_lose_btl_m2,,,,,
Neneko,Neneko_lose_inochi_m2,,,depthref_hug_standing_chest_2,,
Neneko,Neneko_lose_onedari_m2,,,depthref_hug_seated_chest_4,,
Neneko,Neneko_lose_btl_m3,,,depthref_rah_behind_3,,
Neneko,Neneko_lose_inochi_m3,,,depthref_rah_behind_2,,
Neneko,Neneko_lose_onedari_m3,,,depthref_kneel_bed_edge_nipple_2,,
Neneko,Neneko_lose_btl_e1,,,depthref_peg_spoon_hj,,
Neneko,Neneko_lose_inochi_e1,,,depthref_pov_paizuri,,
Neneko,Neneko_lose_onedari_e1,,,depthref_hug_seated_chest_4,,
Neneko,Neneko_lose_btl_e2,,,depthref_whisper_lying_3,,
Neneko,Neneko_lose_inochi_e2,,,depthref_whisper_lying_3,,
Neneko,Neneko_lose_onedari_e2,,,depthref_whisper_lying,,
Neneko,Neneko_lose_btl_e3,,,depthref_rusty_3,,
Neneko,Neneko_lose_inochi_e3,,,depthref_rusty_3,,
Neneko,Neneko_lose_onedari_e3,,,depthref_rusty_3,,
Neneko,Neneko_lose_btl_boss,,,depthref_rah_behind_3,,
Neneko,Neneko_lose_inochi_boss,,,depthref_rah_lying_7,,
Neneko,Neneko_lose_onedari_boss,,,depthref_paizuri_side,,
Ninja,Ninja_atk_m1,,,depthref_side_chin_lift_6,,
Ninja,Ninja_atk_m2,,,depthref_hug_seated_chest_4,,
Ninja,Ninja_atk_m3,,,depthref_futa_7,,
Ninja,Ninja_atk_e1,,,depthref_finger_spoon_side,,
Ninja,Ninja_atk_e2,,,depthref_rusty_3,,
Ninja,Ninja_atk_e3,,,depthref_finger_front_legs,,
Ninja,Ninja_atk_boss,,,depthref_prostate_p_4,,
Ninja,Ninja_lose_btl_m1,,,depthref_side_chin_lift_4,,
Ninja,Ninja_lose_inochi_m1,,,depthref_rah_behind,,
Ninja,Ninja_lose_onedari_m1,,,depthref_side_chin_lift_3,,
Ninja,Ninja_lose_btl_m2,,,depthref_hug_seated_chest_4,,
Ninja,Ninja_lose_inochi_m2,,,,,
Ninja,Ninja_lose_onedari_m2,,,depthref_kneel_throne_chin,,
Ninja,Ninja_lose_btl_m3,,,depthref_futadom_p_3,,
Ninja,Ninja_lose_inochi_m3,,,depthref_futa_4,,
Ninja,Ninja_lose_onedari_m3,,,depthref_futadom_p_4,,
Ninja,Ninja_lose_btl_e1,,,depthref_finger_front_legs,,
Ninja,Ninja_lose_inochi_e1,,,depthref_bondage_p_3,,
Ninja,Ninja_lose_onedari_e1,,,depthref_side_chin_lift_5,,
Ninja,Ninja_lose_btl_e2,,,depthref_rusty_3,,
Ninja,Ninja_lose_inochi_e2,,,depthref_rusty_3,,
Ninja,Ninja_lose_onedari_e2,,,depthref_rusty_3,,
Ninja,Ninja_lose_btl_e3,,,depthref_prostate_p_4,,
Ninja,Ninja_lose_inochi_e3,,,depthref_prostate_p_4,,
Ninja,Ninja_lose_onedari_e3,,,depthref_finger_front_legs,,
Ninja,Ninja_lose_btl_boss,,,depthref_prostate_p,,
Ninja,Ninja_lose_inochi_boss,,,depthref_nipple_front_standing,,
Ninja,Ninja_lose_onedari_boss,,,depthref_futadom_p_4,,
Octa,Octa_atk_m1,,,depthref_sit_side_sofa_nipple_3,,
Octa,Octa_atk_m2,,,depthref_hj_behind_seated,,
Octa,Octa_atk_m3,,,depthref_whisper_5,,
Octa,Octa_atk_e1,,,depthref_nipple_front_standing,,
Octa,Octa_atk_e2,,succubus_tail,depthref_hug_seated_chest_4,,succubus_tail: demon tail
Octa,Octa_atk_e3,,,depthref_hug_seated_chest_4,,
Octa,Octa_atk_boss,,,,,
Octa,Octa_lose_btl_m1,,,depthref_kneel_throne_chin,,
Octa,Octa_lose_inochi_m1,,,depthref_kneel_front_nipple,,
Octa,Octa_lose_onedari_m1,,,depthref_hug_standing_chest_2,,
Octa,Octa_lose_btl_m2,,,depth3d_hero_only_sit,,
Octa,Octa_lose_inochi_m2,,,depthref_nipple_side_lying_2,,
Octa,Octa_lose_onedari_m2,,,depthref_nipple_behind_standing,,
Octa,Octa_lose_btl_m3,,,depthref_whisper_4,,
Octa,Octa_lose_inochi_m3,,,depthref_whisper_lying_3,,
Octa,Octa_lose_onedari_m3,,,depthref_whisper_lying_2,,
Octa,Octa_lose_btl_e1,,,depthref_rah_behind,,
Octa,Octa_lose_inochi_e1,,,depthref_thigh_lying,,
Octa,Octa_lose_onedari_e1,,,depth3d_hero_only_lie,,
Octa,Octa_lose_btl_e2,,succubus_tail,depthref_hug_seated_chest_4,,succubus_tail: demon tail
Octa,Octa_lose_inochi_e2,,succubus_tail,depthref_hug_standing_chest_2,,succubus_tail: demon tail
Octa,Octa_lose_onedari_e2,,succubus_tail,depthref_kneel_throne_chin,,succubus_tail: demon tail
Octa,Octa_lose_btl_e3,,,depthref_hug_standing_chest_2,,
Octa,Octa_lose_inochi_e3,,,depthref_hug_seated_chest_4,,
Octa,Octa_lose_onedari_e3,,,depthref_wall_standing_nipple,,
Octa,Octa_lose_btl_boss,,,depth3d_hero_only_lie,,
Octa,Octa_lose_inochi_boss,,,depthref_lap_finger_2,,
Octa,Octa_lose_onedari_boss,,,depth3d_hero_only_lie,,
Office,Office_atk_m1,,,,,
Office,Office_atk_m2,,,depthref_hug_seated_chest_4,,
Office,Office_atk_m3,,,depthref_peg_p_3,,
Office,Office_atk_e1,,,depthref_alt_ashikoki_4,,
Office,Office_atk_e2,,,,,
Office,Office_atk_e3,,,depthref_lap_pillow_hj_side_2,,
Office,Office_atk_boss,,,depthref_futa_4,,
Office,Office_lose_btl_m1,,,depthref_ear_lick_side_3,,
Office,Office_lose_inochi_m1,,,depthref_rah_standing_5,,
Office,Office_lose_onedari_m1,,,depthref_whisper_lying,,
Office,Office_lose_btl_m2,,,depthref_hug_seated_chest_4,,
Office,Office_lose_inochi_m2,,,depthref_nipple_pov_straddle,横長,
Office,Office_lose_onedari_m2,,,depthref_nipple_lap_pinch,,
Office,Office_lose_btl_m3,,,depthref_peg_spoon,,
Office,Office_lose_inochi_m3,,,depthref_peg_chair_5,,
Office,Office_lose_onedari_m3,,,depthref_peg_p,,
Office,Office_lose_btl_e1,,,depthref_footjob_side_lying,,
Office,Office_lose_inochi_e1,,,depthref_footjob_p_7,,
Office,Office_lose_onedari_e1,,,depthref_footjob_side_lying,,
Office,Office_lose_btl_e2,,,depthref_finger_front_legs,,
Office,Office_lose_inochi_e2,,,depth3d_hero_only_kneel,,
Office,Office_lose_onedari_e2,,,depthref_finger_spoon_side,,
Office,Office_lose_btl_e3,,,depthref_whisper_lying_3,,
Office,Office_lose_inochi_e3,,,depthref_whisper_2,,
Office,Office_lose_onedari_e3,,,depthref_rah_lying_6,,
Office,Office_lose_btl_boss,,,depthref_futadom_p_2,,
Office,Office_lose_inochi_boss,,,depthref_futa_6,,
Office,Office_lose_onedari_boss,,,depthref_futadom_p_3,,
Oiran,Oiran_atk_m1,,,depth3d_hero_only_lie,,
Oiran,Oiran_atk_m2,,,depthref_kiss_p,,
Oiran,Oiran_atk_m3,,,depthref_peg_doggy_8,,
Oiran,Oiran_atk_e1,,,depthref_hj_behind_seated_2,,
Oiran,Oiran_atk_e2,,,depthref_finger_pov_legs,,
Oiran,Oiran_atk_e3,,,depthref_whisper,,
Oiran,Oiran_atk_boss,,,depthref_nipple_lap_facing_2,,
Oiran,Oiran_lose_btl_m1,,,depth3d_hero_only_lie,,
Oiran,Oiran_lose_inochi_m1,,,depth3d_hero_only_kneel,,
Oiran,Oiran_lose_onedari_m1,,,depthref_kneel_stand_leash,,
Oiran,Oiran_lose_btl_m2,,,depthref_kiss_p_3,,
Oiran,Oiran_lose_inochi_m2,,,depthref_kiss_lap_4,,
Oiran,Oiran_lose_onedari_m2,,,depthref_kiss_p_3,,
Oiran,Oiran_lose_btl_m3,,,depthref_peg_doggy_5,,
Oiran,Oiran_lose_inochi_m3,,,depthref_peg_doggy_8,,
Oiran,Oiran_lose_onedari_m3,,,depthref_peg_doggy_5,,
Oiran,Oiran_lose_btl_e1,,,depthref_hj_behind_seated_4,,
Oiran,Oiran_lose_inochi_e1,,,depthref_nipple_front_standing,,
Oiran,Oiran_lose_onedari_e1,,,depthref_nipple_side_lying,,
Oiran,Oiran_lose_btl_e2,,,depthref_finger_spoon_side,,
Oiran,Oiran_lose_inochi_e2,,,depthref_finger_pov_legs,,
Oiran,Oiran_lose_onedari_e2,,,depthref_fingering_p_3,,
Oiran,Oiran_lose_btl_e3,,,depthref_ear_lick_side_3,,
Oiran,Oiran_lose_inochi_e3,,,depthref_kneel_front_nipple,,
Oiran,Oiran_lose_onedari_e3,,,depthref_whisper,,
Oiran,Oiran_lose_btl_boss,,,depthref_nipple_front_standing,,
Oiran,Oiran_lose_inochi_boss,,,depthref_futa_6,,
Oiran,Oiran_lose_onedari_boss,,,depthref_finger_spoon_side,,
Oni,Oni_atk_m1,,,depthref_kiss_lap_4,,
Oni,Oni_atk_m2,,,depthref_nipple_pov_pinch,,
Oni,Oni_atk_m3,,,depthref_futa_4,,
Oni,Oni_atk_e1,,,depthref_nipple_side_lying,,
Oni,Oni_atk_e2,,,depthref_step_3,,
Oni,Oni_atk_e3,,,depthref_finger_front_legs,,
Oni,Oni_atk_boss,,,depthref_kiss_p,,
Oni,Oni_lose_btl_m1,,,depthref_kiss_p,,
Oni,Oni_lose_inochi_m1,,,depthref_kiss_p,,
Oni,Oni_lose_onedari_m1,,,depthref_kiss_p_3,,
Oni,Oni_lose_btl_m2,,,depthref_head_side_nipple_2,,
Oni,Oni_lose_inochi_m2,,,depthref_kiss_lap_2,,
Oni,Oni_lose_onedari_m2,,,depthref_hug_seated_chest_4,,
Oni,Oni_lose_btl_m3,,,depthref_futa_6,,
Oni,Oni_lose_inochi_m3,,,depthref_futadom_p_4,,
Oni,Oni_lose_onedari_m3,,,depthref_futadom_p_4,,
Oni,Oni_lose_btl_e1,,,depthref_whisper_lying_2,,
Oni,Oni_lose_inochi_e1,,,depthref_whisper_lying_3,,
Oni,Oni_lose_onedari_e1,,,depthref_collar_2,,
Oni,Oni_lose_btl_e2,,,depthref_footjob_p_4,,
Oni,Oni_lose_inochi_e2,,,depthref_footjob_p_7,,
Oni,Oni_lose_onedari_e2,,,depthref_alt_ashikoki_6,,
Oni,Oni_lose_btl_e3,,,depthref_prostate_p_4,,
Oni,Oni_lose_inochi_e3,,,depthref_prostate_p_4,,
Oni,Oni_lose_onedari_e3,,,depthref_finger_front_legs,,
Oni,Oni_lose_btl_boss,,,depthref_futadom_p_3,,
Oni,Oni_lose_inochi_boss,,,depthref_finger_spoon_side,,
Oni,Oni_lose_onedari_boss,,,depthref_futadom_p_3,,
Onsen,Onsen_atk_m1,,,depthref_sit_side_bench_hj,,
Onsen,Onsen_atk_m2,,,depthref_kiss_lap_3,,
Onsen,Onsen_atk_m3,,,depthref_peg_doggy_8,,
Onsen,Onsen_atk_e1,,,depthref_finger_front_legs,,
Onsen,Onsen_atk_e2,,,depthref_lap_pillow_hj_side_2,,
Onsen,Onsen_atk_e3,,,depthref_prostate_p_4,,
Onsen,Onsen_atk_boss,,,depthref_kiss_lap_3,,
Onsen,Onsen_lose_btl_m1,,,depthref_kiss_lap_3,,
Onsen,Onsen_lose_inochi_m1,,,depthref_rah_lying_4,,
Onsen,Onsen_lose_onedari_m1,,,depthref_nipple_pov_straddle,横長,
Onsen,Onsen_lose_btl_m2,,,depthref_kiss_lap_6,,
Onsen,Onsen_lose_inochi_m2,,,depthref_kiss_lap_2,,
Onsen,Onsen_lose_onedari_m2,,,depthref_kiss_wall_2,,
Onsen,Onsen_lose_btl_m3,,,depthref_peg_doggy_9,,
Onsen,Onsen_lose_inochi_m3,,,depthref_peg_doggy_4,,
Onsen,Onsen_lose_onedari_m3,,,depthref_peg_doggy_4,,
Onsen,Onsen_lose_btl_e1,,,depthref_hj_behind_seated_2,,
Onsen,Onsen_lose_inochi_e1,,,depthref_prostate_p_4,,
Onsen,Onsen_lose_onedari_e1,,,depthref_collar_2,,
Onsen,Onsen_lose_btl_e2,,,depthref_lap_pillow_hj_side_2,,
Onsen,Onsen_lose_inochi_e2,,,depthref_alt_ashikoki_6,,
Onsen,Onsen_lose_onedari_e2,,,depthref_nipple_side_lying_2,,
Onsen,Onsen_lose_btl_e3,,,depthref_finger_front_legs,,
Onsen,Onsen_lose_inochi_e3,,,depthref_finger_front_legs,,
Onsen,Onsen_lose_onedari_e3,,,depthref_prostate_p_4,,
Onsen,Onsen_lose_btl_boss,,,depthref_peg_doggy_5,,
Onsen,Onsen_lose_inochi_boss,,,depthref_lap_nursing_hj,,
Onsen,Onsen_lose_onedari_boss,,,depthref_peg_doggy_5,,
Patra,Patra_atk_m1,,,depthref_lap_pillow_hj_side_2,,
Patra,Patra_atk_m2,,,depthref_whisper_lying_3,,
Patra,Patra_atk_m3,,,depthref_thigh_lying,,
Patra,Patra_atk_e1,,,depthref_kneel_bed_edge_nipple_2,,
Patra,Patra_atk_e2,lamia_coil,lamia,,,lamia_coil: lamia + coils her snake tail around his +  / lamia: lamia
Patra,Patra_atk_e3,,,depth3d_hero_only_kneel,,
Patra,Patra_atk_boss,,,depthref_lap_pillow_hj_side_2,,
Patra,Patra_lose_btl_m1,,,depthref_lap_pillow_hj_side_2,,
Patra,Patra_lose_inochi_m1,,,depthref_nipple_side_lying_2,,
Patra,Patra_lose_onedari_m1,,,depthref_nipple_side_lying,,
Patra,Patra_lose_btl_m2,,,depth3d_hero_only_sit,,
Patra,Patra_lose_inochi_m2,,,depthref_whisper_lying_3,,
Patra,Patra_lose_onedari_m2,,,depthref_whisper_lying_2,,
Patra,Patra_lose_btl_m3,,,depthref_thigh_side_2,,
Patra,Patra_lose_inochi_m3,,,depthref_rah_lying_7,,
Patra,Patra_lose_onedari_m3,,,depthref_nipple_lap_facing_2,,
Patra,Patra_lose_btl_e1,,,depthref_side_chin_lift_4,,
Patra,Patra_lose_inochi_e1,,,depthref_nipple_side_lying,,
Patra,Patra_lose_onedari_e1,,,depthref_nipple_lap_pinch,,
Patra,Patra_lose_btl_e2,,lamia,,,lamia: lamia
Patra,Patra_lose_inochi_e2,,lamia,,,lamia: lamia
Patra,Patra_lose_onedari_e2,,lamia,,,lamia: lamia
Patra,Patra_lose_btl_e3,,,depth3d_hero_only_lie,,
Patra,Patra_lose_inochi_e3,,,depth3d_hero_only_kneel,,
Patra,Patra_lose_onedari_e3,,,depthref_lap_pillow_hj_side_2,,
Patra,Patra_lose_btl_boss,,,depthref_rah_lying_7,,
Patra,Patra_lose_inochi_boss,,,depthref_lap_pillow_hj_side_2,,
Patra,Patra_lose_onedari_boss,,,depthref_nipple_side_lying,,
Pawn,Pawn_atk_m1,,,depthref_hj_behind_seated_4,,
Pawn,Pawn_atk_m2,,,depthref_hug_seated_chest_4,,
Pawn,Pawn_atk_m3,,,depthref_ear_lick_side_3,,
Pawn,Pawn_atk_e1,,,depth3d_hero_only_sit,,
Pawn,Pawn_atk_e2,,,depthref_kiss_lap_2,,
Pawn,Pawn_atk_e3,,,depthref_close_hug_p,,
Pawn,Pawn_atk_boss,,,depthref_hj_behind_seated_2,,
Pawn,Pawn_lose_btl_m1,,,depthref_hj_behind_seated_4,,
Pawn,Pawn_lose_inochi_m1,,,depthref_handjob_side_p_2,,
Pawn,Pawn_lose_onedari_m1,,,depthref_hj_pov_above_9,,
Pawn,Pawn_lose_btl_m2,,,depthref_nipple_lap_pinch,,
Pawn,Pawn_lose_inochi_m2,,,depthref_sit_side_sofa_nipple_3,,
Pawn,Pawn_lose_onedari_m2,,,depthref_nipple_pov_straddle,横長,
Pawn,Pawn_lose_btl_m3,,,depthref_kiss_lap_3,,
Pawn,Pawn_lose_inochi_m3,,,depthref_kiss_p_3,,
Pawn,Pawn_lose_onedari_m3,,,depthref_kiss_p_3,,
Pawn,Pawn_lose_btl_e1,,,depthref_pov_footjob_5,,
Pawn,Pawn_lose_inochi_e1,,,depth3d_hero_only_sit,,
Pawn,Pawn_lose_onedari_e1,,,depthref_footjob_p_5,,
Pawn,Pawn_lose_btl_e2,,,depthref_kiss_lap_5,,
Pawn,Pawn_lose_inochi_e2,,,depthref_kiss_p,,
Pawn,Pawn_lose_onedari_e2,,,depthref_kiss_lap_4,,
Pawn,Pawn_lose_btl_e3,,,depthref_thigh_standing_5,,
Pawn,Pawn_lose_inochi_e3,,,depthref_hug_seated_chest_4,,
Pawn,Pawn_lose_onedari_e3,,,depthref_nipple_side_lying_2,,
Pawn,Pawn_lose_btl_boss,,,depthref_futadom_p_3,,
Pawn,Pawn_lose_inochi_boss,,,depthref_rah_behind_2,,
Pawn,Pawn_lose_onedari_boss,,,depthref_futa_4,,
Perfume,Perfume_atk_m1,,,depthref_hug_seated_chest_4,,
Perfume,Perfume_atk_m2,,,depthref_hug_seated_chest_4,,
Perfume,Perfume_atk_m3,,,depthref_hj_behind_seated_4,,
Perfume,Perfume_atk_e1,,,depthref_nipple_lap_pinch,,
Perfume,Perfume_atk_e2,,,depthref_ear_lick_side_3,,
Perfume,Perfume_atk_e3,,,depthref_rah_standing_2,,
Perfume,Perfume_atk_boss,,,depthref_kiss_lap_6,,
Perfume,Perfume_lose_btl_m1,,,depthref_paizuri_side_2,,
Perfume,Perfume_lose_inochi_m1,,,depthref_close_hug_p,,
Perfume,Perfume_lose_onedari_m1,,,depthref_wall_standing_nipple,,
Perfume,Perfume_lose_btl_m2,,,depth3d_hero_only_sit,,
Perfume,Perfume_lose_inochi_m2,,,depth3d_hero_only_sit,,
Perfume,Perfume_lose_onedari_m2,,,depthref_kneel_throne_chin,,
Perfume,Perfume_lose_btl_m3,,,depthref_hj_behind_seated_2,,
Perfume,Perfume_lose_inochi_m3,,,depthref_hug_standing_chest,,
Perfume,Perfume_lose_onedari_m3,,,depthref_peg_spoon_hj_3,,
Perfume,Perfume_lose_btl_e1,,,depthref_thigh,,
Perfume,Perfume_lose_inochi_e1,,,depthref_kneel_bed_edge_nipple_2,,
Perfume,Perfume_lose_onedari_e1,,,depthref_hug_seated_chest_4,,
Perfume,Perfume_lose_btl_e2,,,depthref_futadom_p_3,,
Perfume,Perfume_lose_inochi_e2,,,depthref_futa_5,,
Perfume,Perfume_lose_onedari_e2,,,depthref_hug_standing_chest,,
Perfume,Perfume_lose_btl_e3,,,depthref_rah_standing_3,,
Perfume,Perfume_lose_inochi_e3,,,depthref_rah_standing_4,,
Perfume,Perfume_lose_onedari_e3,,,depthref_nipple_behind_standing,,
Perfume,Perfume_lose_btl_boss,,,depthref_futadom_p_3,,
Perfume,Perfume_lose_inochi_boss,,,depthref_futadom_p_2,,
Perfume,Perfume_lose_onedari_boss,,,depthref_kiss_lap_6,,
Police,Police_atk_m1,,,depthref_rah_behind,,
Police,Police_atk_m2,,,depthref_kiss_lap_3,,
Police,Police_atk_m3,,,depthref_peg_chair_3,,
Police,Police_atk_e1,,,depthref_prostate_p_4,,
Police,Police_atk_e2,,,depthref_finger_front_legs,,
Police,Police_atk_e3,,,depthref_whisper_lying_2,,
Police,Police_atk_boss,,,depthref_futa_3,,
Police,Police_lose_btl_m1,,,depthref_rah_behind_2,,
Police,Police_lose_inochi_m1,,,depthref_hj_behind_seated_2,,
Police,Police_lose_onedari_m1,,,depthref_rah_behind_2,,
Police,Police_lose_btl_m2,,,depthref_kiss_lap_3,,
Police,Police_lose_inochi_m2,,,depthref_kiss_lap,,
Police,Police_lose_onedari_m2,,,depthref_kiss_wall_2,,
Police,Police_lose_btl_m3,,,depthref_peg_chair_2,,
Police,Police_lose_inochi_m3,,,depthref_peg_chair,,
Police,Police_lose_onedari_m3,,,depthref_peg_chair_5,,
Police,Police_lose_btl_e1,,,depthref_prostate_p_4,,
Police,Police_lose_inochi_e1,,,depthref_finger_spoon_side,,
Police,Police_lose_onedari_e1,,,depthref_finger_front_legs,,
Police,Police_lose_btl_e2,,,depthref_prostate_p,,
Police,Police_lose_inochi_e2,,,depthref_prostate_p_4,,
Police,Police_lose_onedari_e2,,,depthref_prostate_p_4,,
Police,Police_lose_btl_e3,,,depthref_whisper_4,,
Police,Police_lose_inochi_e3,,,depthref_whisper_4,,
Police,Police_lose_onedari_e3,,,depthref_whisper_3,,
Police,Police_lose_btl_boss,,,depthref_futa_5,,
Police,Police_lose_inochi_boss,,,depthref_futa_6,,
Police,Police_lose_onedari_boss,,,depthref_futadom_p_4,,
Prison,Prison_atk_m1,,,depthref_chastity_6,,
Prison,Prison_atk_m2,,,depthref_chastity_5,,
Prison,Prison_atk_m3,,,depthref_prostate_p_4,,
Prison,Prison_atk_e1,,,depthref_chastity_3,,
Prison,Prison_atk_e2,,,depthref_prostate_p,,
Prison,Prison_atk_e3,,,depthref_kiss_lap_2,,
Prison,Prison_atk_boss,,,depthref_fingering_p_3,,
Prison,Prison_lose_btl_m1,,,depthref_chastity_8,,
Prison,Prison_lose_inochi_m1,,,depthref_chastity_7,,
Prison,Prison_lose_onedari_m1,,,depthref_chastity_2,,
Prison,Prison_lose_btl_m2,,,depthref_chastity_7,,
Prison,Prison_lose_inochi_m2,,,depthref_chastity_8,,
Prison,Prison_lose_onedari_m2,,,depthref_chastity,,
Prison,Prison_lose_btl_m3,,,depthref_finger_front_legs,,
Prison,Prison_lose_inochi_m3,,,depthref_peg_p,,
Prison,Prison_lose_onedari_m3,,,depthref_peg_p_2,,
Prison,Prison_lose_btl_e1,,,depthref_ear_lick_side,,
Prison,Prison_lose_inochi_e1,,,depthref_chastity_2,,
Prison,Prison_lose_onedari_e1,,,depthref_chastity_6,,
Prison,Prison_lose_btl_e2,,,depthref_finger_front_legs,,
Prison,Prison_lose_inochi_e2,,,depthref_prostate_p_4,,
Prison,Prison_lose_onedari_e2,,,depthref_chastity_4,,
Prison,Prison_lose_btl_e3,,,depthref_kiss_lap,,
Prison,Prison_lose_inochi_e3,,,depthref_kiss_p_3,,
Prison,Prison_lose_onedari_e3,,,depthref_kiss_lap_4,,
Prison,Prison_lose_btl_boss,,,depthref_fingering_p_8,,
Prison,Prison_lose_inochi_boss,,,depthref_finger_pov_legs,,
Prison,Prison_lose_onedari_boss,,,depthref_finger_front_legs,,
Puppet,Puppet_atk_m1,,,depthref_nipple_front_standing,,
Puppet,Puppet_atk_m2,,,depthref_hug_standing_chest,,
Puppet,Puppet_atk_m3,,,depthref_whisper_lying_2,,
Puppet,Puppet_atk_e1,,,depthref_rah_lying_2,,
Puppet,Puppet_atk_e2,,,depthref_hug_standing_chest_2,,
Puppet,Puppet_atk_e3,,,depthref_lap_pillow_hj_side_2,,
Puppet,Puppet_atk_boss,,,depthref_bondage_p_2,,
Puppet,Puppet_lose_btl_m1,,,depthref_suspension_peg_4,,
Puppet,Puppet_lose_inochi_m1,,,depthref_suspension_4,,
Puppet,Puppet_lose_onedari_m1,,,depthref_bound_chair_front,,
Puppet,Puppet_lose_btl_m2,,,depthref_hug_standing_chest_2,,
Puppet,Puppet_lose_inochi_m2,,,depthref_bound_chair_front,,
Puppet,Puppet_lose_onedari_m2,,,depthref_hug_standing_chest,,
Puppet,Puppet_lose_btl_m3,,,depthref_whisper_lying,,
Puppet,Puppet_lose_inochi_m3,,,depthref_nipple_side_lying,,
Puppet,Puppet_lose_onedari_m3,,,depthref_whisper_lying,,
Puppet,Puppet_lose_btl_e1,,,depthref_nipple_side_lying,,
Puppet,Puppet_lose_inochi_e1,,,depthref_nipple_pov_pinch,,
Puppet,Puppet_lose_onedari_e1,,,depthref_hug_seated_chest_4,,
Puppet,Puppet_lose_btl_e2,,,depthref_whisper_2,,
Puppet,Puppet_lose_inochi_e2,,,depthref_suspension_peg_3,,
Puppet,Puppet_lose_onedari_e2,,,depthref_nipple_behind_standing,,
Puppet,Puppet_lose_btl_e3,,,depthref_lap_nursing_hj_5,,
Puppet,Puppet_lose_inochi_e3,,,depthref_suspension_peg_3,,
Puppet,Puppet_lose_onedari_e3,,,depth3d_seated_behind,,
Puppet,Puppet_lose_btl_boss,,,depthref_bondage_p_2,,
Puppet,Puppet_lose_inochi_boss,,,depthref_xcross_4,,
Puppet,Puppet_lose_onedari_boss,,,depthref_hug_seated_chest_4,,
Queen,Queen_atk_m1,,succubus_tail,depthref_footjob_side_lying,,succubus_tail: succubus tail
Queen,Queen_atk_m2,,succubus_tail,depth3d_hero_only_kneel,,succubus_tail: succubus tail
Queen,Queen_atk_m3,,succubus_tail,depthref_nipple_behind_standing,,succubus_tail: succubus tail
Queen,Queen_atk_e1,,,depthref_hj_behind_seated_4,,
Queen,Queen_atk_e2,,,depthref_nipple_behind_standing,,
Queen,Queen_atk_e3,,,depthref_lap_nursing_hj_5,,
Queen,Queen_atk_boss,,,depthref_hj_behind_seated_2,,
Queen,Queen_lose_btl_m1,,succubus_tail,depthref_kneel_seiza_head_2,,succubus_tail: succubus tail
Queen,Queen_lose_inochi_m1,,succubus_tail,depth3d_hero_only_kneel,,succubus_tail: succubus tail
Queen,Queen_lose_onedari_m1,,succubus_tail,depthref_pov_footjob_2,,succubus_tail: succubus tail
Queen,Queen_lose_btl_m2,,succubus_tail,depthref_nipple_side_lying,,succubus_tail: succubus tail
Queen,Queen_lose_inochi_m2,,succubus_tail,depthref_whisper,,succubus_tail: succubus tail
Queen,Queen_lose_onedari_m2,,succubus_tail,depth3d_hero_only_lie,,succubus_tail: succubus tail
Queen,Queen_lose_btl_m3,,succubus_tail,depthref_wall_standing_nipple_3,,succubus_tail: succubus tail
Queen,Queen_lose_inochi_m3,,succubus_tail,depthref_nipple_pov_pinch,,succubus_tail: succubus tail
Queen,Queen_lose_onedari_m3,,succubus_tail,depthref_nipple_lap_pinch,,succubus_tail: succubus tail
Queen,Queen_lose_btl_e1,,,depthref_whisper_2,,
Queen,Queen_lose_inochi_e1,,,depthref_ear_lick_side_2,,
Queen,Queen_lose_onedari_e1,,,depthref_whisper,,
Queen,Queen_lose_btl_e2,,,depthref_futa_5,,
Queen,Queen_lose_inochi_e2,,,depthref_kneel_stand_leash_2,,
Queen,Queen_lose_onedari_e2,,,depthref_futa_6,,
Queen,Queen_lose_btl_e3,,,depth3d_hero_only_lie,,
Queen,Queen_lose_inochi_e3,,,depthref_lap_pillow_hj_side_2,,
Queen,Queen_lose_onedari_e3,,,depthref_lap_nursing_hj_5,,
Queen,Queen_lose_btl_boss,,,depthref_futadom_p_2,,
Queen,Queen_lose_inochi_boss,,,depthref_nipple_lap_pinch,,
Queen,Queen_lose_onedari_boss,,,depthref_futa_6,,
Ranch,Ranch_atk_m1,,,depthref_pov_paizuri_2,,
Ranch,Ranch_atk_m2,,,depthref_rah_behind_2,,
Ranch,Ranch_atk_m3,,,depthref_futa_3,,
Ranch,Ranch_atk_e1,,,depthref_lap_pillow_hj_side_2,,
Ranch,Ranch_atk_e2,,,depthref_whisper_lying_3,,
Ranch,Ranch_atk_e3,,,depthref_kiss_lap_3,,
Ranch,Ranch_atk_boss,,,depthref_nipple_front_standing,,
Ranch,Ranch_lose_btl_m1,,,depthref_pov_paizuri_4,,
Ranch,Ranch_lose_inochi_m1,,,depthref_pov_paizuri,,
Ranch,Ranch_lose_onedari_m1,,,depthref_paizuri_side_2,,
Ranch,Ranch_lose_btl_m2,,,depthref_hj_behind_seated,,
Ranch,Ranch_lose_inochi_m2,,,depthref_rah_behind_3,,
Ranch,Ranch_lose_onedari_m2,,,depthref_hug_standing_chest_2,,
Ranch,Ranch_lose_btl_m3,,,depthref_futa_3,,
Ranch,Ranch_lose_inochi_m3,,,depthref_futadom_p_2,,
Ranch,Ranch_lose_onedari_m3,,,depthref_futadom_p_2,,
Ranch,Ranch_lose_btl_e1,,,depthref_thigh_ontop,,
Ranch,Ranch_lose_inochi_e1,,,,,
Ranch,Ranch_lose_onedari_e1,,,depthref_thigh_ontop,,
Ranch,Ranch_lose_btl_e2,,,depthref_footjob_side_lying,,
Ranch,Ranch_lose_inochi_e2,,,depthref_kneel_seiza_head_2,,
Ranch,Ranch_lose_onedari_e2,,,depthref_footjob_side_lying,,
Ranch,Ranch_lose_btl_e3,,,depthref_kiss_lap,,
Ranch,Ranch_lose_inochi_e3,,,depthref_kiss_lap_6,,
Ranch,Ranch_lose_onedari_e3,,,depthref_kiss_lap_6,,
Ranch,Ranch_lose_btl_boss,,,depthref_futadom_p_4,,
Ranch,Ranch_lose_inochi_boss,,,depthref_futa_4,,
Ranch,Ranch_lose_onedari_boss,,,depthref_futa_6,,
Revue,Revue_atk_m1,,,,,
Revue,Revue_atk_m2,,,depthref_nipple_side_lying_2,,
Revue,Revue_atk_m3,,,depthref_kiss_p_3,,
Revue,Revue_atk_e1,,,depthref_hug_standing_chest_2,,
Revue,Revue_atk_e2,,,depthref_prostate_p,,
Revue,Revue_atk_e3,,,depthref_sit_side_sofa_nipple,,
Revue,Revue_atk_boss,,,,,
Revue,Revue_lose_btl_m1,,,,,
Revue,Revue_lose_inochi_m1,,,depthref_hug_standing_chest,,
Revue,Revue_lose_onedari_m1,,,depthref_whisper_2,,
Revue,Revue_lose_btl_m2,,,depthref_side_chin_lift_3,,
Revue,Revue_lose_inochi_m2,,,depthref_hug_standing_chest_2,,
Revue,Revue_lose_onedari_m2,,,depthref_hug_standing_chest_2,,
Revue,Revue_lose_btl_m3,,,depthref_kiss_wall,,
Revue,Revue_lose_inochi_m3,,,depthref_kiss_p,,
Revue,Revue_lose_onedari_m3,,,depthref_kiss_wall_2,,
Revue,Revue_lose_btl_e1,,,depthref_nipple_behind_standing,,
Revue,Revue_lose_inochi_e1,,,depthref_kiss_wall,,
Revue,Revue_lose_onedari_e1,,,depthref_kiss_wall_4,,
Revue,Revue_lose_btl_e2,,,depthref_finger_pov_legs,,
Revue,Revue_lose_inochi_e2,,,depthref_fingering_p_2,,
Revue,Revue_lose_onedari_e2,,,depthref_finger_spoon_side,,
Revue,Revue_lose_btl_e3,,,depthref_sit_side_bench_hj,,
Revue,Revue_lose_inochi_e3,,,depthref_sit_side_neck_3,,
Revue,Revue_lose_onedari_e3,,,depthref_sit_side_neck_3,,
Revue,Revue_lose_btl_boss,,,,,
Revue,Revue_lose_inochi_boss,,,depthref_rah_lying_7,,
Revue,Revue_lose_onedari_boss,,,depthref_kneel_seiza_head_2,,
SEruru,SEruru_atk_m1,,succubus_tail,depthref_kneel_front_nipple,,succubus_tail: demon tail
SEruru,SEruru_atk_m2,,succubus_tail,depthref_kiss_lap,,succubus_tail: demon tail
SEruru,SEruru_atk_m3,,succubus_tail,depthref_kneel_bed_edge_nipple_2,,succubus_tail: demon tail
SEruru,SEruru_atk_e1,,,,,
SEruru,SEruru_atk_e2,,,depthref_hug_seated_chest_4,,
SEruru,SEruru_atk_e3,,succubus_tail,depthref_whisper_lying_3,,succubus_tail: demon tail
SEruru,SEruru_atk_boss,,succubus_tail,depthref_pov_paizuri_3,,succubus_tail: demon tail
SEruru,SEruru_lose_btl_m1,,succubus_tail,depthref_kneel_seiza_head,,succubus_tail: demon tail
SEruru,SEruru_lose_inochi_m1,,succubus_tail,depthref_kneel_stand_leash,,succubus_tail: demon tail
SEruru,SEruru_lose_onedari_m1,,succubus_tail,depthref_hug_seated_chest_4,,succubus_tail: demon tail
SEruru,SEruru_lose_btl_m2,,succubus_tail,depthref_kiss_p,,succubus_tail: demon tail
SEruru,SEruru_lose_inochi_m2,,succubus_tail,depthref_kiss_lap_5,,succubus_tail: demon tail
SEruru,SEruru_lose_onedari_m2,,succubus_tail,depthref_kiss_wall_3,,succubus_tail: demon tail
SEruru,SEruru_lose_btl_m3,,succubus_tail,depthref_rah_behind_3,,succubus_tail: demon tail
SEruru,SEruru_lose_inochi_m3,,succubus_tail,depthref_lap_pillow_hj_side_2,,succubus_tail: demon tail
SEruru,SEruru_lose_onedari_m3,,succubus_tail,depthref_nipple_lap_facing_2,,succubus_tail: demon tail
SEruru,SEruru_lose_btl_e1,,,depthref_ear_lick_side_2,,
SEruru,SEruru_lose_inochi_e1,,,depthref_whisper_6,,
SEruru,SEruru_lose_onedari_e1,,,depthref_ear_lick_side_2,,
SEruru,SEruru_lose_btl_e2,,,depthref_hug_seated_chest_4,,
SEruru,SEruru_lose_inochi_e2,,,depthref_lap_finger_2,,
SEruru,SEruru_lose_onedari_e2,,,depthref_nipple_side_lying_2,,
SEruru,SEruru_lose_btl_e3,,succubus_tail,depthref_whisper_6,,succubus_tail: demon tail
SEruru,SEruru_lose_inochi_e3,,succubus_tail,depth3d_hero_only_sit,,succubus_tail: demon tail
SEruru,SEruru_lose_onedari_e3,,succubus_tail,,,succubus_tail: demon tail
SEruru,SEruru_lose_btl_boss,,succubus_tail,depthref_pov_paizuri_3,,succubus_tail: demon tail
SEruru,SEruru_lose_inochi_boss,,succubus_tail,depthref_peg_doggy_3,,succubus_tail: demon tail
SEruru,SEruru_lose_onedari_boss,,succubus_tail,depthref_peg_p_4,,succubus_tail: demon tail
Salon,Salon_atk_m1,,,depthref_nipple_lap_facing_2,,
Salon,Salon_atk_m2,,,depthref_nipple_front_standing,,
Salon,Salon_atk_m3,,,depthref_chastity_7,,
Salon,Salon_atk_e1,,,depthref_nipple_behind_standing,,
Salon,Salon_atk_e2,,,depthref_nipple_lap_facing_2,,
Salon,Salon_atk_e3,,,depthref_chastity_2,,
Salon,Salon_atk_boss,,,depthref_chastity_6,,
Salon,Salon_lose_btl_m1,,,depthref_rah_behind,,
Salon,Salon_lose_inochi_m1,,,depthref_hj_behind_seated_2,,
Salon,Salon_lose_onedari_m1,,,depthref_lap_pillow_hj_side_2,,
Salon,Salon_lose_btl_m2,,,depthref_nipple_pov_lick_5,,
Salon,Salon_lose_inochi_m2,,,depthref_chastity_5,,
Salon,Salon_lose_onedari_m2,,,,,
Salon,Salon_lose_btl_m3,,,depthref_chastity_3,,
Salon,Salon_lose_inochi_m3,,,depthref_chastity_5,,
Salon,Salon_lose_onedari_m3,,,depthref_chastity,,
Salon,Salon_lose_btl_e1,,,depthref_head_side_nipple_2,,
Salon,Salon_lose_inochi_e1,,,depthref_chastity_7,,
Salon,Salon_lose_onedari_e1,,,depthref_chastity_3,,
Salon,Salon_lose_btl_e2,,,depthref_nipple_pov_pinch,,
Salon,Salon_lose_inochi_e2,,,depthref_chastity_7,,
Salon,Salon_lose_onedari_e2,,,depthref_rah_behind,,
Salon,Salon_lose_btl_e3,,,depthref_chastity_4,,
Salon,Salon_lose_inochi_e3,,,depthref_nipple_pov_pinch,,
Salon,Salon_lose_onedari_e3,,,,,
Salon,Salon_lose_btl_boss,,,depthref_chastity_7,,
Salon,Salon_lose_inochi_boss,,,depthref_chastity_7,,
Salon,Salon_lose_onedari_boss,,,depthref_chastity_3,,
Scylla,Scylla_atk_m1,,,,,
Scylla,Scylla_atk_m2,,,,,
Scylla,Scylla_atk_m3,,,,,
Scylla,Scylla_atk_e1,,,,,
Scylla,Scylla_atk_e2,,,,,
Scylla,Scylla_atk_e3,,,,,
Scylla,Scylla_atk_boss,,,depthref_futadom_p_3,,
Scylla,Scylla_lose_btl_m1,,,,,
Scylla,Scylla_lose_inochi_m1,,,,,
Scylla,Scylla_lose_onedari_m1,,,,,
Scylla,Scylla_lose_btl_m2,,,,,
Scylla,Scylla_lose_inochi_m2,,,,,
Scylla,Scylla_lose_onedari_m2,,,,,
Scylla,Scylla_lose_btl_m3,,,,,
Scylla,Scylla_lose_inochi_m3,,,,,
Scylla,Scylla_lose_onedari_m3,,,,,
Scylla,Scylla_lose_btl_e1,,,,,
Scylla,Scylla_lose_inochi_e1,,,,,
Scylla,Scylla_lose_onedari_e1,,,,,
Scylla,Scylla_lose_btl_e2,,,,,
Scylla,Scylla_lose_inochi_e2,,,,,
Scylla,Scylla_lose_onedari_e2,,,,,
Scylla,Scylla_lose_btl_e3,,,,,
Scylla,Scylla_lose_inochi_e3,,,,,
Scylla,Scylla_lose_onedari_e3,,,depthref_side_chin_lift,,
Scylla,Scylla_lose_btl_boss,,,depthref_futadom_p_2,,
Scylla,Scylla_lose_inochi_boss,,,depthref_futadom_p_2,,
Scylla,Scylla_lose_onedari_boss,,,depthref_futadom_p_4,,
ShowPub,ShowPub_atk_m1,,,depthref_whisper_lying_2,,
ShowPub,ShowPub_atk_m2,,,depthref_kiss_lap,,
ShowPub,ShowPub_atk_m3,,,depthref_futa_5,,
ShowPub,ShowPub_atk_e1,,,depthref_step,,
ShowPub,ShowPub_atk_e2,,,depthref_finger_spoon_side,,
ShowPub,ShowPub_atk_e3,,,depthref_hug_seated_chest_4,,
ShowPub,ShowPub_atk_boss,,,depthref_head_side_nipple_2,,
ShowPub,ShowPub_lose_btl_m1,,,depthref_whisper_6,,
ShowPub,ShowPub_lose_inochi_m1,,,depthref_whisper_6,,
ShowPub,ShowPub_lose_onedari_m1,,,depthref_whisper_4,,
ShowPub,ShowPub_lose_btl_m2,,,depthref_kiss_lap_6,,
ShowPub,ShowPub_lose_inochi_m2,,,depthref_kiss_lap,,
ShowPub,ShowPub_lose_onedari_m2,,,depthref_kiss_lap_5,,
ShowPub,ShowPub_lose_btl_m3,,,depthref_futa_7,,
ShowPub,ShowPub_lose_inochi_m3,,,depthref_futa_7,,
ShowPub,ShowPub_lose_onedari_m3,,,depthref_futa_4,,
ShowPub,ShowPub_lose_btl_e1,,,depthref_footjob_side_lying,,
ShowPub,ShowPub_lose_inochi_e1,,,depthref_pov_footjob_6,,
ShowPub,ShowPub_lose_onedari_e1,,,depthref_footjob_side_lying,,
ShowPub,ShowPub_lose_btl_e2,,,depthref_fingering_p_2,,
ShowPub,ShowPub_lose_inochi_e2,,,depthref_prostate_p_4,,
ShowPub,ShowPub_lose_onedari_e2,,,depthref_fingering_p_2,,
ShowPub,ShowPub_lose_btl_e3,,,depthref_hug_seated_chest_4,,
ShowPub,ShowPub_lose_inochi_e3,,,depthref_hug_standing_chest_2,,
ShowPub,ShowPub_lose_onedari_e3,,,depthref_sit_side_sofa_nipple,,
ShowPub,ShowPub_lose_btl_boss,,,depthref_nipple_pov_lick_4,,
ShowPub,ShowPub_lose_inochi_boss,,,depthref_nipple_pov_straddle,横長,
ShowPub,ShowPub_lose_onedari_boss,,,depthref_rah_behind_3,,
Shrine,Shrine_atk_m1,,,depthref_toes_nipple_hj_6,,
Shrine,Shrine_atk_m2,,,depthref_hug_seated_chest_4,,
Shrine,Shrine_atk_m3,,,depthref_kiss_lap_3,,
Shrine,Shrine_atk_e1,,,depthref_whisper_2,,
Shrine,Shrine_atk_e2,,,depthref_rah_standing_6,,
Shrine,Shrine_atk_e3,,,,,
Shrine,Shrine_atk_boss,,,depthref_wall_standing_nipple_5,,
Shrine,Shrine_lose_btl_m1,,,depthref_lap_pillow_hj_side_2,,
Shrine,Shrine_lose_inochi_m1,,,depthref_hug_seated_chest_4,,
Shrine,Shrine_lose_onedari_m1,,,depthref_hug_seated_chest_4,,
Shrine,Shrine_lose_btl_m2,,,depthref_side_chin_lift_2,,
Shrine,Shrine_lose_inochi_m2,,,depthref_hug_seated_chest_4,,
Shrine,Shrine_lose_onedari_m2,,,,,
Shrine,Shrine_lose_btl_m3,,,depthref_kiss_wall_4,,
Shrine,Shrine_lose_inochi_m3,,,depthref_kiss_p_3,,
Shrine,Shrine_lose_onedari_m3,,,depthref_kiss_wall_2,,
Shrine,Shrine_lose_btl_e1,,,depthref_whisper_lying_3,,
Shrine,Shrine_lose_inochi_e1,,,depthref_whisper_4,,
Shrine,Shrine_lose_onedari_e1,,,depthref_hug_standing_chest_2,,
Shrine,Shrine_lose_btl_e2,,,depthref_rah_behind_2,,
Shrine,Shrine_lose_inochi_e2,,,depthref_hug_standing_chest_2,,
Shrine,Shrine_lose_onedari_e2,,,,,
Shrine,Shrine_lose_btl_e3,,,,,
Shrine,Shrine_lose_inochi_e3,,,depthref_straddle_pov_2,,
Shrine,Shrine_lose_onedari_e3,,,,,
Shrine,Shrine_lose_btl_boss,,,depthref_close_hug_p,,
Shrine,Shrine_lose_inochi_boss,,,depthref_lap_finger_2,,
Shrine,Shrine_lose_onedari_boss,,,depthref_wall_standing_nipple,,
Sister,Sister_atk_m1,,,depthref_kneel_front_nipple,,
Sister,Sister_atk_m2,,,depthref_lap_pillow_hj_side_2,,
Sister,Sister_atk_m3,,,depthref_peg_doggy_2,,
Sister,Sister_atk_e1,,,depthref_hug_seated_chest_4,,
Sister,Sister_atk_e2,,,depthref_hj_lap_above,,
Sister,Sister_atk_e3,,,depthref_lap_pillow_hj_side_2,,
Sister,Sister_atk_boss,,,depthref_kiss_wall,,
Sister,Sister_lose_btl_m1,,,depthref_kneel_stand_leash_2,,
Sister,Sister_lose_inochi_m1,,,depth3d_hero_only_kneel,,
Sister,Sister_lose_onedari_m1,,,depthref_side_chin_lift_5,,
Sister,Sister_lose_btl_m2,,,depthref_nipple_side_lying,,
Sister,Sister_lose_inochi_m2,,,depthref_hug_seated_chest_4,,
Sister,Sister_lose_onedari_m2,,,depthref_hug_seated_chest_4,,
Sister,Sister_lose_btl_m3,,,depthref_peg_doggy_5,,
Sister,Sister_lose_inochi_m3,,,depthref_peg_doggy_7,,
Sister,Sister_lose_onedari_m3,,,depthref_peg_doggy,,
Sister,Sister_lose_btl_e1,,,depthref_hug_seated_chest_4,,
Sister,Sister_lose_inochi_e1,,,depthref_nipple_pov_straddle,横長,
Sister,Sister_lose_onedari_e1,,,depthref_sit_side_sofa_nipple,,
Sister,Sister_lose_btl_e2,,,depthref_lap_nursing_hj_2,,
Sister,Sister_lose_inochi_e2,,,depthref_rah_lying_4,,
Sister,Sister_lose_onedari_e2,,,depthref_nipple_side_lying,,
Sister,Sister_lose_btl_e3,,,depthref_lap_pillow_hj_side_2,,
Sister,Sister_lose_inochi_e3,,,depthref_whisper_lying_3,,
Sister,Sister_lose_onedari_e3,,,depthref_hug_seated_chest_4,,
Sister,Sister_lose_btl_boss,,,depthref_kiss_lap_5,,
Sister,Sister_lose_inochi_boss,,,depthref_kiss_p,,
Sister,Sister_lose_onedari_boss,,,depthref_kiss_lap_4,,
Sky,Sky_atk_m1,,,depthref_paizuri_side_3,,
Sky,Sky_atk_m2,,,,,
Sky,Sky_atk_m3,,,depthref_kiss_p,,
Sky,Sky_atk_e1,,,depthref_ear_lick_side,,
Sky,Sky_atk_e2,,,depthref_wall_standing_nipple,,
Sky,Sky_atk_e3,,,,,
Sky,Sky_atk_boss,,,depthref_nipple_front_standing,,
Sky,Sky_lose_btl_m1,,,depthref_pov_paizuri_4,,
Sky,Sky_lose_inochi_m1,,,depthref_pov_paizuri_2,,
Sky,Sky_lose_onedari_m1,,,depthref_pov_paizuri_3,,
Sky,Sky_lose_btl_m2,,,,,
Sky,Sky_lose_inochi_m2,,,,,
Sky,Sky_lose_onedari_m2,,,,,
Sky,Sky_lose_btl_m3,,,depthref_kiss_wall_2,,
Sky,Sky_lose_inochi_m3,,,depthref_kiss_lap_6,,
Sky,Sky_lose_onedari_m3,,,depthref_kiss_p_3,,
Sky,Sky_lose_btl_e1,,,depthref_whisper_4,,
Sky,Sky_lose_inochi_e1,,,depthref_hug_seated_chest_4,,
Sky,Sky_lose_onedari_e1,,,depthref_whisper,,
Sky,Sky_lose_btl_e2,,,,,
Sky,Sky_lose_inochi_e2,,,depthref_kiss_wall_5,,
Sky,Sky_lose_onedari_e2,,,depthref_close_hug_p,,
Sky,Sky_lose_btl_e3,,,,,
Sky,Sky_lose_inochi_e3,,,depthref_nipple_side_lying_2,,
Sky,Sky_lose_onedari_e3,,,,,
Sky,Sky_lose_btl_boss,,,depthref_futadom_p_3,,
Sky,Sky_lose_inochi_boss,,,depthref_futa_8,,
Sky,Sky_lose_onedari_boss,,,depthref_futa_3,,
Slime,Slime_atk_m1,,,depthref_kiss_lap_2,,
Slime,Slime_atk_m2,,,depth3d_hero_only_lie,,
Slime,Slime_atk_m3,,,depth3d_hero_only_lie,,
Slime,Slime_atk_e1,,,depthref_nipple_pov_lick_5,,
Slime,Slime_atk_e2,,,depthref_kiss_lap_5,,
Slime,Slime_atk_e3,,,depthref_whisper_3,,
Slime,Slime_atk_boss,,,depthref_prostate_p_4,,
Slime,Slime_lose_btl_m1,,,depthref_hj_lap_above,,
Slime,Slime_lose_inochi_m1,,,,,
Slime,Slime_lose_onedari_m1,,,,,
Slime,Slime_lose_btl_m2,,,,,
Slime,Slime_lose_inochi_m2,,,depth3d_hero_only_lie,,
Slime,Slime_lose_onedari_m2,,,depth3d_hero_only_lie,,
Slime,Slime_lose_btl_m3,,,depth3d_hero_only_lie,,
Slime,Slime_lose_inochi_m3,,,,,
Slime,Slime_lose_onedari_m3,,,,,
Slime,Slime_lose_btl_e1,,,depthref_head_side_nipple_2,,
Slime,Slime_lose_inochi_e1,,,,,
Slime,Slime_lose_onedari_e1,,,depthref_hj_behind_seated_2,,
Slime,Slime_lose_btl_e2,,,depthref_kiss_p_3,,
Slime,Slime_lose_inochi_e2,,,depthref_kiss_p_3,,
Slime,Slime_lose_onedari_e2,,,depthref_kiss_lap_5,,
Slime,Slime_lose_btl_e3,,,depthref_peg_spoon_2,,
Slime,Slime_lose_inochi_e3,,,depth3d_hero_only_fours,,
Slime,Slime_lose_onedari_e3,,,depth3d_hero_only_lie,,
Slime,Slime_lose_btl_boss,,,depthref_finger_front_legs,,
Slime,Slime_lose_inochi_boss,,,depth3d_hero_only_fours,,
Slime,Slime_lose_onedari_boss,,,depth3d_hero_only_lie,,
Smith,Smith_atk_m1,,,depthref_close_hug_p,,
Smith,Smith_atk_m2,,,depthref_nipple_side_lying,,
Smith,Smith_atk_m3,,,depthref_kiss_lap_2,,
Smith,Smith_atk_e1,,,depth3d_hero_only_sit,,
Smith,Smith_atk_e2,,,depthref_fingering_p_8,,
Smith,Smith_atk_e3,,,depthref_hug_seated_chest_4,,
Smith,Smith_atk_boss,,,depthref_hj_behind_seated_2,,
Smith,Smith_lose_btl_m1,,,depthref_nipple_behind_standing,,
Smith,Smith_lose_inochi_m1,,,depthref_nipple_pov_lick_2,,
Smith,Smith_lose_onedari_m1,,,depthref_nipple_lap_pinch,,
Smith,Smith_lose_btl_m2,,,depthref_nipple_side_lying,,
Smith,Smith_lose_inochi_m2,,,depthref_hj_behind_seated_4,,
Smith,Smith_lose_onedari_m2,,,depthref_hj_behind_seated,,
Smith,Smith_lose_btl_m3,,,depthref_whisper_lying_3,,
Smith,Smith_lose_inochi_m3,,,depthref_kiss_wall_3,,
Smith,Smith_lose_onedari_m3,,,depthref_whisper,,
Smith,Smith_lose_btl_e1,,,depthref_straddle_pov_2,,
Smith,Smith_lose_inochi_e1,,,depthref_hug_seated_chest_4,,
Smith,Smith_lose_onedari_e1,,,depthref_straddle_pov_2,,
Smith,Smith_lose_btl_e2,,,depthref_fingering_p_2,,
Smith,Smith_lose_inochi_e2,,,depthref_fingering_p_2,,
Smith,Smith_lose_onedari_e2,,,depthref_fingering_p_3,,
Smith,Smith_lose_btl_e3,,,depthref_thigh_5,,
Smith,Smith_lose_inochi_e3,,,depthref_hug_seated_chest_4,,
Smith,Smith_lose_onedari_e3,,,depthref_hug_seated_chest_4,,
Smith,Smith_lose_btl_boss,,,depthref_futa_3,,
Smith,Smith_lose_inochi_boss,,,depthref_futa_8,,
Smith,Smith_lose_onedari_boss,,,depthref_futa_8,,
Snow,Snow_atk_m1,,,depthref_rah_lying,,
Snow,Snow_atk_m2,,,depthref_kiss_wall_4,,
Snow,Snow_atk_m3,,,depthref_futadom_p_2,,
Snow,Snow_atk_e1,,,depthref_side_allfours_milking_3,,
Snow,Snow_atk_e2,,,depthref_prostate_p_4,,
Snow,Snow_atk_e3,,,depthref_rusty_3,,
Snow,Snow_atk_boss,,,depthref_chastity_3,,
Snow,Snow_lose_btl_m1,,,depthref_kiss_p,,
Snow,Snow_lose_inochi_m1,,,depthref_kiss_lap_4,,
Snow,Snow_lose_onedari_m1,,,depthref_hug_seated_chest_4,,
Snow,Snow_lose_btl_m2,,,depthref_kiss_lap_6,,
Snow,Snow_lose_inochi_m2,,,depthref_kiss_lap_3,,
Snow,Snow_lose_onedari_m2,,,depthref_kiss_lap_6,,
Snow,Snow_lose_btl_m3,,,depthref_futa_4,,
Snow,Snow_lose_inochi_m3,,,depthref_futadom_p_3,,
Snow,Snow_lose_onedari_m3,,,depthref_futa_8,,
Snow,Snow_lose_btl_e1,,,depthref_nipple_front_standing,,
Snow,Snow_lose_inochi_e1,,,depthref_hj_behind_seated_2,,
Snow,Snow_lose_onedari_e1,,,depthref_collar,,
Snow,Snow_lose_btl_e2,,,depthref_prostate_p_4,,
Snow,Snow_lose_inochi_e2,,,depthref_pov_footjob_2,,
Snow,Snow_lose_onedari_e2,,,depthref_finger_front_legs,,
Snow,Snow_lose_btl_e3,,,depthref_rusty_3,,
Snow,Snow_lose_inochi_e3,,,depthref_hj_behind_seated_2,,
Snow,Snow_lose_onedari_e3,,,depthref_rusty_3,,
Snow,Snow_lose_btl_boss,,,depthref_futadom_p_3,,
Snow,Snow_lose_inochi_boss,,,depthref_chastity_7,,
Snow,Snow_lose_onedari_boss,,,depthref_futadom_p_2,,
Sphinx,Sphinx_atk_m1,,,depthref_whisper_lying,,
Sphinx,Sphinx_atk_m2,,,depthref_whisper_lying_3,,
Sphinx,Sphinx_atk_m3,,,depthref_close_hug_p,,
Sphinx,Sphinx_atk_e1,,,depthref_kneel_bed_edge_nipple,,
Sphinx,Sphinx_atk_e2,,,,,
Sphinx,Sphinx_atk_e3,,,depthref_kiss_lap_5,,
Sphinx,Sphinx_atk_boss,,,depthref_hj_behind_seated,,
Sphinx,Sphinx_lose_btl_m1,,,depthref_whisper_lying_3,,
Sphinx,Sphinx_lose_inochi_m1,,,depthref_whisper_2,,
Sphinx,Sphinx_lose_onedari_m1,,,depthref_step_3,,
Sphinx,Sphinx_lose_btl_m2,,,depthref_ear_lick_side_2,,
Sphinx,Sphinx_lose_inochi_m2,,,depthref_whisper_lying_3,,
Sphinx,Sphinx_lose_onedari_m2,,,depthref_whisper_2,,
Sphinx,Sphinx_lose_btl_m3,,,depthref_close_hug_p,,
Sphinx,Sphinx_lose_inochi_m3,,,depthref_kiss_wall_5,,
Sphinx,Sphinx_lose_onedari_m3,,,depthref_nipple_side_lying_2,,
Sphinx,Sphinx_lose_btl_e1,,,depthref_hj_behind_seated_4,,
Sphinx,Sphinx_lose_inochi_e1,,,depthref_kneel_seiza_head,,
Sphinx,Sphinx_lose_onedari_e1,,,depthref_rah_behind_2,,
Sphinx,Sphinx_lose_btl_e2,,,,,
Sphinx,Sphinx_lose_inochi_e2,,,,,
Sphinx,Sphinx_lose_onedari_e2,,,depthref_kneel_stand_leash_2,,
Sphinx,Sphinx_lose_btl_e3,,,depthref_kiss_lap_3,,
Sphinx,Sphinx_lose_inochi_e3,,,depthref_kiss_lap_5,,
Sphinx,Sphinx_lose_onedari_e3,,,depthref_kiss_lap_3,,
Sphinx,Sphinx_lose_btl_boss,,,depthref_peg_doggy_3,,
Sphinx,Sphinx_lose_inochi_boss,,,depthref_peg_spoon_2,,
Sphinx,Sphinx_lose_onedari_boss,,,depthref_peg_doggy_5,,
Spirit,Spirit_atk_m1,,,depthref_paizuri_side,,
Spirit,Spirit_atk_m2,,,depthref_close_hug_p,,
Spirit,Spirit_atk_m3,,,depthref_futa_8,,
Spirit,Spirit_atk_e1,,,depth3d_hero_only_lie,,
Spirit,Spirit_atk_e2,,,depthref_whisper_lying,,
Spirit,Spirit_atk_e3,,,depth3d_hero_only_lie,,
Spirit,Spirit_atk_boss,,,depthref_kiss_p_3,,
Spirit,Spirit_lose_btl_m1,,,depthref_pov_paizuri_4,,
Spirit,Spirit_lose_inochi_m1,,,depthref_hug_seated_chest_4,,
Spirit,Spirit_lose_onedari_m1,,,depthref_wall_standing_nipple,,
Spirit,Spirit_lose_btl_m2,,,depthref_hj_behind_seated_4,,
Spirit,Spirit_lose_inochi_m2,,,depthref_rah_standing_5,,
Spirit,Spirit_lose_onedari_m2,,,,,
Spirit,Spirit_lose_btl_m3,,,depthref_futadom_p_3,,
Spirit,Spirit_lose_inochi_m3,,,depthref_futadom_p_4,,
Spirit,Spirit_lose_onedari_m3,,,depthref_futadom_p_3,,
Spirit,Spirit_lose_btl_e1,,,depthref_step_5,,
Spirit,Spirit_lose_inochi_e1,,,depthref_rah_lying,,
Spirit,Spirit_lose_onedari_e1,,,depthref_side_chin_lift_2,,
Spirit,Spirit_lose_btl_e2,,,depthref_whisper_lying,,
Spirit,Spirit_lose_inochi_e2,,,depthref_whisper_lying_2,,
Spirit,Spirit_lose_onedari_e2,,,depthref_kneel_behind_hug_2,,
Spirit,Spirit_lose_btl_e3,,,depthref_straddle_pin_side_6,,
Spirit,Spirit_lose_inochi_e3,,,depthref_lap_pillow_hj_side_2,,
Spirit,Spirit_lose_onedari_e3,,,depth3d_hero_only_lie,,
Spirit,Spirit_lose_btl_boss,,,depthref_futa_8,,
Spirit,Spirit_lose_inochi_boss,,,depthref_kiss_lap_2,,
Spirit,Spirit_lose_onedari_boss,,,depthref_futadom_p_4,,
Starship,Starship_atk_m1,,,depthref_hj_behind_seated,,
Starship,Starship_atk_m2,,,depth3d_hero_only_sit,,
Starship,Starship_atk_m3,,,depthref_futa_6,,
Starship,Starship_atk_e1,,,depth3d_hero_only_lie,,
Starship,Starship_atk_e2,,,depthref_nipple_side_lying,,
Starship,Starship_atk_e3,,,depthref_hj_behind_seated_4,,
Starship,Starship_atk_boss,,,depthref_kneel_seiza_head,,
Starship,Starship_lose_btl_m1,,,depthref_nipple_pov_lick_5,,
Starship,Starship_lose_inochi_m1,,,depthref_hj_behind_seated_2,,
Starship,Starship_lose_onedari_m1,,,depthref_nipple_side_lying_2,,
Starship,Starship_lose_btl_m2,,,depth3d_hero_only_sit,,
Starship,Starship_lose_inochi_m2,,,,,
Starship,Starship_lose_onedari_m2,,,,,
Starship,Starship_lose_btl_m3,,,depthref_futadom_p_3,,
Starship,Starship_lose_inochi_m3,,,depthref_futadom_p_4,,
Starship,Starship_lose_onedari_m3,,,depthref_futadom_p_4,,
Starship,Starship_lose_btl_e1,,,depth3d_hero_only_lie,,
Starship,Starship_lose_inochi_e1,,,depthref_lap_pillow_hj_side_2,,
Starship,Starship_lose_onedari_e1,,,depth3d_hero_only_lie,,
Starship,Starship_lose_btl_e2,,,depthref_head_side_nipple_2,,
Starship,Starship_lose_inochi_e2,,,depthref_nipple_pov_pinch,,
Starship,Starship_lose_onedari_e2,,,depthref_rah_behind,,
Starship,Starship_lose_btl_e3,,,depthref_nipple_lap_facing_2,,
Starship,Starship_lose_inochi_e3,,,depthref_nipple_pov_straddle,横長,
Starship,Starship_lose_onedari_e3,,,depthref_rah_behind_3,,
Starship,Starship_lose_btl_boss,,,depthref_rah_lying_6,,
Starship,Starship_lose_inochi_boss,,,depthref_nipple_side_lying,,
Starship,Starship_lose_onedari_boss,,,depthref_hj_behind_seated,,
Studio,Studio_atk_m1,,,depthref_whisper_6,,
Studio,Studio_atk_m2,,,depth3d_hero_only_sit,,
Studio,Studio_atk_m3,,,depthref_nipple_side_lying_2,,
Studio,Studio_atk_e1,,,depthref_hj_behind_seated_2,,
Studio,Studio_atk_e2,,,depthref_fingering_p_2,,
Studio,Studio_atk_e3,,,depthref_step_2,,
Studio,Studio_atk_boss,,,depthref_chastity,,
Studio,Studio_lose_btl_m1,,,depthref_ear_lick_side,,
Studio,Studio_lose_inochi_m1,,,depthref_whisper_3,,
Studio,Studio_lose_onedari_m1,,,depthref_rah_behind_3,,
Studio,Studio_lose_btl_m2,,,depth3d_hero_only_fours,,
Studio,Studio_lose_inochi_m2,,,depth3d_hero_only_sit,,
Studio,Studio_lose_onedari_m2,,,depth3d_hero_only_sit,,
Studio,Studio_lose_btl_m3,,,depthref_nipple_pov_straddle,横長,
Studio,Studio_lose_inochi_m3,,,depthref_nipple_lap_pinch,,
Studio,Studio_lose_onedari_m3,,,depthref_hj_behind_seated,,
Studio,Studio_lose_btl_e1,,,depthref_hj_behind_seated_4,,
Studio,Studio_lose_inochi_e1,,,depthref_kiss_p_3,,
Studio,Studio_lose_onedari_e1,,,depthref_kiss_lap_6,,
Studio,Studio_lose_btl_e2,,,depthref_fingering_p_3,,
Studio,Studio_lose_inochi_e2,,,depthref_finger_front_legs,,
Studio,Studio_lose_onedari_e2,,,depthref_fingering_p_2,,
Studio,Studio_lose_btl_e3,,,depthref_alt_ashikoki_4,,
Studio,Studio_lose_inochi_e3,,,depthref_alt_ashikoki_3,,
Studio,Studio_lose_onedari_e3,,,depthref_toes_nipple_7,,
Studio,Studio_lose_btl_boss,,,depthref_chastity_5,,
Studio,Studio_lose_inochi_boss,,,depthref_chastity_6,,
Studio,Studio_lose_onedari_boss,,,depthref_chastity_6,,
Summoner,Summoner_atk_m1,,,depthref_nipple_front_standing,,
Summoner,Summoner_atk_m2,,,depth3d_hero_only_lie,,
Summoner,Summoner_atk_m3,,,depthref_futa_8,,
Summoner,Summoner_atk_e1,,,depthref_finger_front_legs,,
Summoner,Summoner_atk_e2,,,depthref_rusty_3,,
Summoner,Summoner_atk_e3,,,depth3d_hero_only_fours,,
Summoner,Summoner_atk_boss,,,depthref_finger_front_legs,,
Summoner,Summoner_lose_btl_m1,,,depthref_wall_standing_nipple,,
Summoner,Summoner_lose_inochi_m1,,,depthref_wall_standing_nipple,,
Summoner,Summoner_lose_onedari_m1,,,depthref_nipple_behind_standing,,
Summoner,Summoner_lose_btl_m2,,,depth3d_hero_only_lie,,
Summoner,Summoner_lose_inochi_m2,,,depthref_hj_behind_seated,,
Summoner,Summoner_lose_onedari_m2,,,depth3d_hero_only_lie,,
Summoner,Summoner_lose_btl_m3,,,depthref_futa_7,,
Summoner,Summoner_lose_inochi_m3,,,depthref_futa_6,,
Summoner,Summoner_lose_onedari_m3,,,depthref_futa_2,,
Summoner,Summoner_lose_btl_e1,,,depthref_prostate_p_4,,
Summoner,Summoner_lose_inochi_e1,,,depthref_prostate_p_4,,
Summoner,Summoner_lose_onedari_e1,,,depthref_prostate_p_4,,
Summoner,Summoner_lose_btl_e2,,,depthref_rusty_3,,
Summoner,Summoner_lose_inochi_e2,,,depthref_rusty_3,,
Summoner,Summoner_lose_onedari_e2,,,depthref_rusty_3,,
Summoner,Summoner_lose_btl_e3,,,depthref_prostate_p,,
Summoner,Summoner_lose_inochi_e3,,,depth3d_hero_only_lie,,
Summoner,Summoner_lose_onedari_e3,,,depth3d_hero_only_kneel,,
Summoner,Summoner_lose_btl_boss,,,depthref_prostate_p_4,,
Summoner,Summoner_lose_inochi_boss,,,depthref_finger_front_legs,,
Summoner,Summoner_lose_onedari_boss,,,depthref_prostate_p_4,,
Sylvia,Sylvia_atk_m1,,,depthref_pov_paizuri,,
Sylvia,Sylvia_atk_m2,,,depth3d_hero_only_kneel,,
Sylvia,Sylvia_atk_m3,,,depthref_thigh_side_6,,
Sylvia,Sylvia_atk_e1,,,depth3d_hero_only_kneel,,
Sylvia,Sylvia_atk_e2,,,depthref_rah_lying_3,,
Sylvia,Sylvia_atk_e3,,,depthref_whisper_5,,
Sylvia,Sylvia_atk_boss,,,depthref_kiss_lap,,
Sylvia,Sylvia_lose_btl_m1,,,depthref_pov_paizuri,,
Sylvia,Sylvia_lose_inochi_m1,,,depthref_pov_paizuri_3,,
Sylvia,Sylvia_lose_onedari_m1,,,depthref_paizuri_side_3,,
Sylvia,Sylvia_lose_btl_m2,,,depth3d_hero_only_kneel,,
Sylvia,Sylvia_lose_inochi_m2,,,depth3d_hero_only_sit,,
Sylvia,Sylvia_lose_onedari_m2,,,depth3d_hero_only_sit,,
Sylvia,Sylvia_lose_btl_m3,,,depthref_thigh_side_6,,
Sylvia,Sylvia_lose_inochi_m3,,,depthref_step_5,,
Sylvia,Sylvia_lose_onedari_m3,,,depthref_thigh_5,,
Sylvia,Sylvia_lose_btl_e1,,,depth3d_hero_only_kneel,,
Sylvia,Sylvia_lose_inochi_e1,,,,,
Sylvia,Sylvia_lose_onedari_e1,,,depthref_hj_behind_seated,,
Sylvia,Sylvia_lose_btl_e2,,,depthref_rah_lying,,
Sylvia,Sylvia_lose_inochi_e2,,,depthref_hug_seated_chest_4,,
Sylvia,Sylvia_lose_onedari_e2,,,,,
Sylvia,Sylvia_lose_btl_e3,,,depthref_futadom_p_4,,
Sylvia,Sylvia_lose_inochi_e3,,,depthref_whisper_lying_3,,
Sylvia,Sylvia_lose_onedari_e3,,,depthref_futadom_p_2,,
Sylvia,Sylvia_lose_btl_boss,,,depthref_futa_4,,
Sylvia,Sylvia_lose_inochi_boss,,,depth3d_hero_only_lie,,
Sylvia,Sylvia_lose_onedari_boss,,,depthref_futadom_p_3,,
Tavern,Tavern_atk_m1,,,depthref_inverted_seated_toy,,
Tavern,Tavern_atk_m2,,,depthref_inverted_7,,
Tavern,Tavern_atk_m3,,,depthref_inverted_2,,
Tavern,Tavern_atk_e1,,,depthref_whisper_lying,,
Tavern,Tavern_atk_e2,,,depthref_inverted_seated_toy,,
Tavern,Tavern_atk_e3,,,depthref_rah_standing_2,,
Tavern,Tavern_atk_boss,,succubus_tail,depthref_nipple_lap_pinch,,succubus_tail: demon tail
Tavern,Tavern_lose_btl_m1,,,depthref_inverted_seated_toy,,
Tavern,Tavern_lose_inochi_m1,,,depthref_lap_pillow_hj_side_2,,
Tavern,Tavern_lose_onedari_m1,,,depthref_inverted_seated_toy,,
Tavern,Tavern_lose_btl_m2,,,depthref_inverted_2,,
Tavern,Tavern_lose_inochi_m2,,,depthref_lap_pillow_hj_side_2,,
Tavern,Tavern_lose_onedari_m2,,,depthref_lap_finger_hj,,
Tavern,Tavern_lose_btl_m3,,,depthref_inverted,,
Tavern,Tavern_lose_inochi_m3,,,depthref_inverted_seated_toy,,
Tavern,Tavern_lose_onedari_m3,,,depthref_nipple_lap_facing_2,,
Tavern,Tavern_lose_btl_e1,,,depthref_whisper_lying_2,,
Tavern,Tavern_lose_inochi_e1,,,depth3d_hero_only_lie,,
Tavern,Tavern_lose_onedari_e1,,,depthref_inverted,,
Tavern,Tavern_lose_btl_e2,,,depthref_inverted_seated_toy,,
Tavern,Tavern_lose_inochi_e2,,,depthref_inverted,,
Tavern,Tavern_lose_onedari_e2,,,depthref_nipple_pov_lick_5,,
Tavern,Tavern_lose_btl_e3,,,depthref_nipple_behind_standing,,
Tavern,Tavern_lose_inochi_e3,,,depthref_rah_standing_5,,
Tavern,Tavern_lose_onedari_e3,,,depthref_inverted_seated_toy,,
Tavern,Tavern_lose_btl_boss,,succubus_tail,depthref_hj_behind_seated_2,,succubus_tail: demon tail
Tavern,Tavern_lose_inochi_boss,,succubus_tail,depthref_nipple_lap_pinch,,succubus_tail: demon tail
Tavern,Tavern_lose_onedari_boss,,succubus_tail,depth3d_hero_only_sit,,succubus_tail: demon tail
Tea,Tea_atk_m1,,,depthref_kneel_seiza_head,,
Tea,Tea_atk_m2,,,depthref_kiss_p_3,,
Tea,Tea_atk_m3,,,depthref_whisper_lying_3,,
Tea,Tea_atk_e1,,,depthref_kneel_front_nipple,,
Tea,Tea_atk_e2,,,depth3d_hero_only_kneel,,
Tea,Tea_atk_e3,,,depthref_fingering_p_8,,
Tea,Tea_atk_boss,,,depthref_hj_behind_seated_2,,
Tea,Tea_lose_btl_m1,,,depthref_kiss_lap,,
Tea,Tea_lose_inochi_m1,,,depthref_kiss_lap_4,,
Tea,Tea_lose_onedari_m1,,,depthref_hj_behind_seated_2,,
Tea,Tea_lose_btl_m2,,,depthref_kneel_stand_leash_2,,
Tea,Tea_lose_inochi_m2,,,depthref_kiss_lap_6,,
Tea,Tea_lose_onedari_m2,,,depthref_kiss_lap,,
Tea,Tea_lose_btl_m3,,,depthref_lap_pillow_hj_side_2,,
Tea,Tea_lose_inochi_m3,,,depthref_kiss_p,,
Tea,Tea_lose_onedari_m3,,,depthref_nipple_pov_straddle,横長,
Tea,Tea_lose_btl_e1,,,depthref_side_chin_lift_4,,
Tea,Tea_lose_inochi_e1,,,depthref_kneel_stand_leash,,
Tea,Tea_lose_onedari_e1,,,depthref_kneel_seiza_head_2,,
Tea,Tea_lose_btl_e2,,,depthref_wall_standing_nipple_5,,
Tea,Tea_lose_inochi_e2,,,depth3d_hero_only_sit,,
Tea,Tea_lose_onedari_e2,,,depthref_hug_seated_chest_4,,
Tea,Tea_lose_btl_e3,,,depthref_finger_front_legs,,
Tea,Tea_lose_inochi_e3,,,depthref_fingering_p_3,,
Tea,Tea_lose_onedari_e3,,,depthref_collar,,
Tea,Tea_lose_btl_boss,,,depthref_peg_doggy_7,,
Tea,Tea_lose_inochi_boss,,,depthref_rah_behind_2,,
Tea,Tea_lose_onedari_boss,,,depthref_peg_doggy_2,,
Tengu,Tengu_atk_m1,,,depthref_step_3,,
Tengu,Tengu_atk_m2,,,,,
Tengu,Tengu_atk_m3,,,depthref_futadom_p_2,,
Tengu,Tengu_atk_e1,,,depth3d_hero_only_lie,,
Tengu,Tengu_atk_e2,,,depthref_whisper_lying_2,,
Tengu,Tengu_atk_e3,,,depth3d_hero_only_lie,,
Tengu,Tengu_atk_boss,,,depthref_nipple_lap_facing_2,,
Tengu,Tengu_lose_btl_m1,,,depthref_foot_chest_pov_3,,
Tengu,Tengu_lose_inochi_m1,,,depthref_alt_ashikoki_5,,
Tengu,Tengu_lose_onedari_m1,,,depthref_step_4,,
Tengu,Tengu_lose_btl_m2,,,depth3d_hero_only_kneel,,
Tengu,Tengu_lose_inochi_m2,,,depth3d_hero_only_kneel,,
Tengu,Tengu_lose_onedari_m2,,,depth3d_hero_only_kneel,,
Tengu,Tengu_lose_btl_m3,,,depthref_futadom_p_4,,
Tengu,Tengu_lose_inochi_m3,,,depthref_futadom_p_2,,
Tengu,Tengu_lose_onedari_m3,,,depthref_futa_5,,
Tengu,Tengu_lose_btl_e1,,,depthref_lap_nursing_hj_2,,
Tengu,Tengu_lose_inochi_e1,,,depthref_rah_standing,,
Tengu,Tengu_lose_onedari_e1,,,depthref_hj_lap_above,,
Tengu,Tengu_lose_btl_e2,,,depthref_hug_seated_chest_4,,
Tengu,Tengu_lose_inochi_e2,,,,,
Tengu,Tengu_lose_onedari_e2,,,depthref_whisper_3,,
Tengu,Tengu_lose_btl_e3,,,depth3d_hero_only_lie,,
Tengu,Tengu_lose_inochi_e3,,,depthref_kiss_wall_3,,
Tengu,Tengu_lose_onedari_e3,,,depthref_kiss_p_3,,
Tengu,Tengu_lose_btl_boss,,,depthref_futadom_p_4,,
Tengu,Tengu_lose_inochi_boss,,,depthref_futa_7,,
Tengu,Tengu_lose_onedari_boss,,,depthref_futa_6,,
Train,Train_atk_m1,,,depthref_hj_behind_seated_2,,
Train,Train_atk_m2,,,depthref_hug_standing_chest_2,,
Train,Train_atk_m3,,,depthref_peg_doggy_8,,
Train,Train_atk_e1,,,depthref_nipple_behind_standing,,
Train,Train_atk_e2,,,depthref_kiss_lap_5,,
Train,Train_atk_e3,,,depthref_nipple_side_lying,,
Train,Train_atk_boss,,,depthref_finger_front_legs,,
Train,Train_lose_btl_m1,,,depthref_hj_behind_seated_2,,
Train,Train_lose_inochi_m1,,,depthref_nipple_lap_pinch,,
Train,Train_lose_onedari_m1,,,depthref_nipple_behind_standing,,
Train,Train_lose_btl_m2,,,depthref_rah_behind,,
Train,Train_lose_inochi_m2,,,depthref_nipple_behind_standing,,
Train,Train_lose_onedari_m2,,,depthref_hug_standing_chest,,
Train,Train_lose_btl_m3,,,depthref_peg_doggy,,
Train,Train_lose_inochi_m3,,,depthref_peg_chair_5,,
Train,Train_lose_onedari_m3,,,depthref_peg_p,,
Train,Train_lose_btl_e1,,,depthref_nipple_behind_standing,,
Train,Train_lose_inochi_e1,,,,,
Train,Train_lose_onedari_e1,,,depthref_futa_8,,
Train,Train_lose_btl_e2,,,depthref_kiss_lap_6,,
Train,Train_lose_inochi_e2,,,depthref_kiss_lap_2,,
Train,Train_lose_onedari_e2,,,depthref_kiss_lap_6,,
Train,Train_lose_btl_e3,,,depthref_lap_pillow_hj_side_2,,
Train,Train_lose_inochi_e3,,,depthref_nipple_side_lying,,
Train,Train_lose_onedari_e3,,,depthref_whisper_6,,
Train,Train_lose_btl_boss,,,depthref_prostate_p,,
Train,Train_lose_inochi_boss,,,depthref_peg_doggy_4,,
Train,Train_lose_onedari_boss,,,depthref_finger_front_legs,,
Tutor,Tutor_atk_m1,,,depthref_nipple_behind_standing,,
Tutor,Tutor_atk_m2,,,depthref_kiss_wall_3,,
Tutor,Tutor_atk_m3,,,depthref_peg_fours_front,横長,
Tutor,Tutor_atk_e1,,,depthref_whisper_3,,
Tutor,Tutor_atk_e2,,,depthref_finger_front_legs,,
Tutor,Tutor_atk_e3,,,depthref_rah_lying_7,,
Tutor,Tutor_atk_boss,,,depthref_chastity_5,,
Tutor,Tutor_lose_btl_m1,,,depthref_kiss_wall_5,,
Tutor,Tutor_lose_inochi_m1,,,depthref_kiss_lap_6,,
Tutor,Tutor_lose_onedari_m1,,,depthref_kiss_lap_4,,
Tutor,Tutor_lose_btl_m2,,,depthref_kiss_lap_2,,
Tutor,Tutor_lose_inochi_m2,,,depthref_kiss_p,,
Tutor,Tutor_lose_onedari_m2,,,depthref_kiss_p_3,,
Tutor,Tutor_lose_btl_m3,,,depthref_peg_desk_side_3,,
Tutor,Tutor_lose_inochi_m3,,,depthref_peg_p_2,,
Tutor,Tutor_lose_onedari_m3,,,depthref_peg_spoon_2,,
Tutor,Tutor_lose_btl_e1,,,depthref_whisper,,
Tutor,Tutor_lose_inochi_e1,,,depthref_footjob_side_lying,,
Tutor,Tutor_lose_onedari_e1,,,depthref_whisper,,
Tutor,Tutor_lose_btl_e2,,,depthref_prostate_p,,
Tutor,Tutor_lose_inochi_e2,,,depthref_finger_spoon_side,,
Tutor,Tutor_lose_onedari_e2,,,depthref_finger_front_legs,,
Tutor,Tutor_lose_btl_e3,,,depthref_kiss_p,,
Tutor,Tutor_lose_inochi_e3,,,depthref_rah_standing_3,,
Tutor,Tutor_lose_onedari_e3,,,,,
Tutor,Tutor_lose_btl_boss,,,depthref_peg_chair_4,,
Tutor,Tutor_lose_inochi_boss,,,depthref_chastity_2,,
Tutor,Tutor_lose_onedari_boss,,,depthref_peg_chair_5,,
Twins,Twins_atk_m1,,succubus_tail,depthref_nipple_pov_lick_5,,succubus_tail: demon tail
Twins,Twins_atk_m2,,succubus_tail,depthref_rusty_3,,succubus_tail: demon tail
Twins,Twins_atk_m3,,succubus_tail,depthref_futa_7,,succubus_tail: demon tail
Twins,Twins_atk_e1,,,depthref_whisper_lying_3,,
Twins,Twins_atk_e2,,succubus_tail,depthref_nipple_side_lying_2,,succubus_tail: demon tail
Twins,Twins_atk_e3,,,depthref_prostate_p,,
Twins,Twins_atk_boss,,succubus_tail,depthref_nipple_lap_pinch,,succubus_tail: demon tail
Twins,Twins_lose_btl_m1,,succubus_tail,depthref_energy_drain_kiss_2,,succubus_tail: demon tail
Twins,Twins_lose_inochi_m1,,succubus_tail,depthref_energy_drain_kiss_2,,succubus_tail: demon tail
Twins,Twins_lose_onedari_m1,,succubus_tail,depthref_energy_drain_kiss_2,,succubus_tail: demon tail
Twins,Twins_lose_btl_m2,,succubus_tail,depthref_energy_drain_8,,succubus_tail: demon tail
Twins,Twins_lose_inochi_m2,,succubus_tail,depthref_energy_drain_ride_4,,succubus_tail: demon tail
Twins,Twins_lose_onedari_m2,,succubus_tail,depthref_energy_drain_kiss_2,,succubus_tail: demon tail
Twins,Twins_lose_btl_m3,,succubus_tail,depthref_energy_drain_kiss_2,,succubus_tail: demon tail
Twins,Twins_lose_inochi_m3,,succubus_tail,depthref_energy_drain_4,,succubus_tail: demon tail
Twins,Twins_lose_onedari_m3,,succubus_tail,depthref_energy_drain_ride_4,,succubus_tail: demon tail
Twins,Twins_lose_btl_e1,,,depthref_energy_drain_kiss_2,,
Twins,Twins_lose_inochi_e1,,,depthref_energy_drain_4,,
Twins,Twins_lose_onedari_e1,,,depthref_energy_drain_kiss_2,,
Twins,Twins_lose_btl_e2,,succubus_tail,depthref_energy_drain_ride_5,,succubus_tail: demon tail
Twins,Twins_lose_inochi_e2,,succubus_tail,depthref_energy_drain_kiss_2,,succubus_tail: demon tail
Twins,Twins_lose_onedari_e2,,succubus_tail,depthref_energy_drain_kiss_2,,succubus_tail: demon tail
Twins,Twins_lose_btl_e3,,,depthref_prostate_p_4,,
Twins,Twins_lose_inochi_e3,,,depthref_energy_drain_6,,
Twins,Twins_lose_onedari_e3,,,depthref_prostate_p_4,,
Twins,Twins_lose_btl_boss,,succubus_tail,depthref_energy_drain_8,,succubus_tail: demon tail
Twins,Twins_lose_inochi_boss,,succubus_tail,depthref_energy_drain_ride_4,,succubus_tail: demon tail
Twins,Twins_lose_onedari_boss,,succubus_tail,depthref_energy_drain_ride_4,,succubus_tail: demon tail
Underworld,Underworld_atk_m1,,,depthref_side_chin_lift_2,,
Underworld,Underworld_atk_m2,,,depthref_kiss_lap_2,,
Underworld,Underworld_atk_m3,,,depthref_futadom_p_3,,
Underworld,Underworld_atk_e1,,,depthref_hj_lap_above,,
Underworld,Underworld_atk_e2,,,,,
Underworld,Underworld_atk_e3,,,depthref_hug_standing_chest,,
Underworld,Underworld_atk_boss,,,depthref_whisper_lying_2,,
Underworld,Underworld_lose_btl_m1,,,depthref_kneel_seiza_head_2,,
Underworld,Underworld_lose_inochi_m1,,,depthref_rah_lying_4,,
Underworld,Underworld_lose_onedari_m1,,,depthref_side_chin_lift_2,,
Underworld,Underworld_lose_btl_m2,,,depthref_kiss_lap_3,,
Underworld,Underworld_lose_inochi_m2,,,depthref_kiss_wall_4,,
Underworld,Underworld_lose_onedari_m2,,,depthref_kiss_lap_3,,
Underworld,Underworld_lose_btl_m3,,,depthref_futadom_p_3,,
Underworld,Underworld_lose_inochi_m3,,,depthref_futadom_p_2,,
Underworld,Underworld_lose_onedari_m3,,,depthref_nipple_lap_pinch,,
Underworld,Underworld_lose_btl_e1,,,depthref_hj_lap_above,,
Underworld,Underworld_lose_inochi_e1,,,depthref_rah_lying_7,,
Underworld,Underworld_lose_onedari_e1,,,depthref_nipple_side_lying_2,,
Underworld,Underworld_lose_btl_e2,,,,,
Underworld,Underworld_lose_inochi_e2,,,depthref_lap_pillow_hj_side_2,,
Underworld,Underworld_lose_onedari_e2,,,depthref_lap_pillow_hj_side_2,,
Underworld,Underworld_lose_btl_e3,,,depthref_hug_seated_chest_4,,
Underworld,Underworld_lose_inochi_e3,,,depthref_rah_lying_5,,
Underworld,Underworld_lose_onedari_e3,,,depthref_hug_seated_chest_4,,
Underworld,Underworld_lose_btl_boss,,,depthref_futadom_p_2,,
Underworld,Underworld_lose_inochi_boss,,,depthref_rah_behind_2,,
Underworld,Underworld_lose_onedari_boss,,,depthref_futadom_p_4,,
Valkyrie,Valkyrie_atk_m1,,,depthref_kiss_p_3,,
Valkyrie,Valkyrie_atk_m2,,,depthref_kiss_wall_4,,
Valkyrie,Valkyrie_atk_m3,,,depthref_ear_lick_side_2,,
Valkyrie,Valkyrie_atk_e1,,,depthref_nipple_lap_pinch,,
Valkyrie,Valkyrie_atk_e2,,,depthref_kneel_behind_hug_2,,
Valkyrie,Valkyrie_atk_e3,,,depthref_hug_seated_chest_4,,
Valkyrie,Valkyrie_atk_boss,,,depthref_nipple_pov_lick_4,,
Valkyrie,Valkyrie_lose_btl_m1,,,depthref_kiss_wall_2,,
Valkyrie,Valkyrie_lose_inochi_m1,,,depthref_kiss_lap_2,,
Valkyrie,Valkyrie_lose_onedari_m1,,,depthref_kiss_lap,,
Valkyrie,Valkyrie_lose_btl_m2,,,depthref_kiss_lap_6,,
Valkyrie,Valkyrie_lose_inochi_m2,,,depthref_kiss_p_3,,
Valkyrie,Valkyrie_lose_onedari_m2,,,depthref_kiss_wall_5,,
Valkyrie,Valkyrie_lose_btl_m3,,,depthref_hug_seated_chest_4,,
Valkyrie,Valkyrie_lose_inochi_m3,,,depthref_whisper_2,,
Valkyrie,Valkyrie_lose_onedari_m3,,,depthref_kiss_wall_2,,
Valkyrie,Valkyrie_lose_btl_e1,,,depthref_paizuri_side_2,,
Valkyrie,Valkyrie_lose_inochi_e1,,,depthref_nipple_behind_standing,,
Valkyrie,Valkyrie_lose_onedari_e1,,,depthref_hj_behind_seated,,
Valkyrie,Valkyrie_lose_btl_e2,,,depthref_nipple_pov_straddle,横長,
Valkyrie,Valkyrie_lose_inochi_e2,,,depthref_rah_standing,,
Valkyrie,Valkyrie_lose_onedari_e2,,,depthref_hug_seated_chest_4,,
Valkyrie,Valkyrie_lose_btl_e3,,,depthref_handjob_side_p,,
Valkyrie,Valkyrie_lose_inochi_e3,,,depthref_pov_paizuri_3,,
Valkyrie,Valkyrie_lose_onedari_e3,,,depthref_paizuri_side,,
Valkyrie,Valkyrie_lose_btl_boss,,,depthref_peg_doggy_7,,
Valkyrie,Valkyrie_lose_inochi_boss,,,depthref_peg_doggy_5,,
Valkyrie,Valkyrie_lose_onedari_boss,,,depthref_peg_doggy_2,,
Vampire,Vampire_atk_m1,,,depthref_energy_drain_8,,
Vampire,Vampire_atk_m2,,,depthref_bloodsuck_p,,
Vampire,Vampire_atk_m3,,,depthref_futa_7,,
Vampire,Vampire_atk_e1,,,depthref_rusty_3,,
Vampire,Vampire_atk_e2,,,depthref_rah_standing_3,,
Vampire,Vampire_atk_e3,,,depthref_chastity_7,,
Vampire,Vampire_atk_boss,,,depthref_futadom_p_3,,
Vampire,Vampire_lose_btl_m1,,,depthref_kiss_lap_4,,
Vampire,Vampire_lose_inochi_m1,,,depthref_kiss_wall_5,,
Vampire,Vampire_lose_onedari_m1,,,depthref_kiss_lap,,
Vampire,Vampire_lose_btl_m2,,,depthref_bloodsuck_p_3,,
Vampire,Vampire_lose_inochi_m2,,,depthref_bloodsuck_p_2,,
Vampire,Vampire_lose_onedari_m2,,,depthref_bloodsuck_p_2,,
Vampire,Vampire_lose_btl_m3,,,depthref_futadom_p_2,,
Vampire,Vampire_lose_inochi_m3,,,depthref_futa_3,,
Vampire,Vampire_lose_onedari_m3,,,depthref_futa_4,,
Vampire,Vampire_lose_btl_e1,,,depthref_rusty_3,,
Vampire,Vampire_lose_inochi_e1,,,depthref_bloodsuck_p_3,,
Vampire,Vampire_lose_onedari_e1,,,depthref_rusty_3,,
Vampire,Vampire_lose_btl_e2,,,depthref_hj_behind_seated_4,,
Vampire,Vampire_lose_inochi_e2,,,depthref_hug_seated_chest_4,,
Vampire,Vampire_lose_onedari_e2,,,depthref_lap_pillow_hj_side_2,,
Vampire,Vampire_lose_btl_e3,,,depthref_chastity_3,,
Vampire,Vampire_lose_inochi_e3,,,depthref_chastity_7,,
Vampire,Vampire_lose_onedari_e3,,,depthref_chastity_2,,
Vampire,Vampire_lose_btl_boss,,,depthref_futadom_p_3,,
Vampire,Vampire_lose_inochi_boss,,,depthref_futa_3,,
Vampire,Vampire_lose_onedari_boss,,,depthref_futa_6,,
Werewolf,Werewolf_atk_m1,,,depthref_wall_standing_nipple,,
Werewolf,Werewolf_atk_m2,,,depthref_rah_lying_4,,
Werewolf,Werewolf_atk_m3,,,depthref_futa_8,,
Werewolf,Werewolf_atk_e1,,,depth3d_hero_only_lie,,
Werewolf,Werewolf_atk_e2,,,depthref_rah_behind_3,,
Werewolf,Werewolf_atk_e3,,,depthref_side_chin_lift_2,,
Werewolf,Werewolf_atk_boss,,,depthref_kiss_wall,,
Werewolf,Werewolf_lose_btl_m1,,,,,
Werewolf,Werewolf_lose_inochi_m1,,,depthref_hug_seated_chest_4,,
Werewolf,Werewolf_lose_onedari_m1,,,depthref_pov_paizuri_2,,
Werewolf,Werewolf_lose_btl_m2,,,depth3d_hero_only_lie,,
Werewolf,Werewolf_lose_inochi_m2,,,,,
Werewolf,Werewolf_lose_onedari_m2,,,depthref_kneel_front_nipple,,
Werewolf,Werewolf_lose_btl_m3,,,depthref_futadom_p_3,,
Werewolf,Werewolf_lose_inochi_m3,,,depthref_futa_7,,
Werewolf,Werewolf_lose_onedari_m3,,,depthref_futa_4,,
Werewolf,Werewolf_lose_btl_e1,,,depthref_step_3,,
Werewolf,Werewolf_lose_inochi_e1,,,depthref_hug_seated_chest_4,,
Werewolf,Werewolf_lose_onedari_e1,,,depthref_rah_lying_4,,
Werewolf,Werewolf_lose_btl_e2,,,depthref_nipple_pov_lick,,
Werewolf,Werewolf_lose_inochi_e2,,,depthref_hug_seated_chest_4,,
Werewolf,Werewolf_lose_onedari_e2,,,depthref_nipple_behind_standing,,
Werewolf,Werewolf_lose_btl_e3,,,depthref_kneel_throne_chin,,
Werewolf,Werewolf_lose_inochi_e3,,,depthref_whisper_lying,,
Werewolf,Werewolf_lose_onedari_e3,,,depthref_kiss_p_3,,
Werewolf,Werewolf_lose_btl_boss,,,depthref_futadom_p_4,,
Werewolf,Werewolf_lose_inochi_boss,,,depthref_kiss_lap_6,,
Werewolf,Werewolf_lose_onedari_boss,,,depthref_futadom_p_2,,
Witch,Witch_atk_m1,,,depthref_kiss_lap,,
Witch,Witch_atk_m2,,,depthref_whisper_lying,,
Witch,Witch_atk_m3,,,depthref_nipple_front_standing,,
Witch,Witch_atk_e1,,,,,
Witch,Witch_atk_e2,,,depthref_hug_standing_chest,,
Witch,Witch_atk_e3,,,,,
Witch,Witch_atk_boss,,,depthref_nipple_side_lying_2,,
Witch,Witch_lose_btl_m1,,,depthref_kiss_lap_5,,
Witch,Witch_lose_inochi_m1,,,depthref_kiss_p_3,,
Witch,Witch_lose_onedari_m1,,,depthref_kiss_lap_2,,
Witch,Witch_lose_btl_m2,,,depthref_hug_standing_chest_2,,
Witch,Witch_lose_inochi_m2,,,depthref_kiss_lap,,
Witch,Witch_lose_onedari_m2,,,depthref_kiss_lap_5,,
Witch,Witch_lose_btl_m3,,,depthref_nipple_lap_facing_2,,
Witch,Witch_lose_inochi_m3,,,depthref_nipple_pov_straddle,横長,
Witch,Witch_lose_onedari_m3,,,depthref_nipple_lap_facing_2,,
Witch,Witch_lose_btl_e1,,,depthref_rah_lying,,
Witch,Witch_lose_inochi_e1,,,depthref_lap_pillow_hj_side_2,,
Witch,Witch_lose_onedari_e1,,,depthref_lap_pillow_hj_side_2,,
Witch,Witch_lose_btl_e2,,,depthref_hug_standing_chest,,
Witch,Witch_lose_inochi_e2,,,depthref_kneel_bed_edge_nipple_2,,
Witch,Witch_lose_onedari_e2,,,depthref_hug_standing_chest_2,,
Witch,Witch_lose_btl_e3,,,depthref_straddle_pov_2,,
Witch,Witch_lose_inochi_e3,,,depthref_hug_seated_chest_4,,
Witch,Witch_lose_onedari_e3,,,depthref_lap_finger_hj,,
Witch,Witch_lose_btl_boss,,,depthref_nipple_side_lying,,
Witch,Witch_lose_inochi_boss,,,depthref_lap_pillow_hj_side_2,,
Witch,Witch_lose_onedari_boss,,,depthref_nipple_side_lying,,
Yatsume,Yatsume_atk_m1,,,depthref_footjob_p_7,,
Yatsume,Yatsume_atk_m2,,,depthref_lap_pillow_hj_side_2,,
Yatsume,Yatsume_atk_m3,,,depthref_peg_doggy,,
Yatsume,Yatsume_atk_e1,,arachne,,,arachne: arachne
Yatsume,Yatsume_atk_e2,,arachne,,,arachne: arachne
Yatsume,Yatsume_atk_e3,,,depthref_kiss_p,,
Yatsume,Yatsume_atk_boss,,arachne,,,arachne: arachne
Yatsume,Yatsume_lose_btl_m1,,,depthref_side_chin_lift_6,,
Yatsume,Yatsume_lose_inochi_m1,,,depthref_toes_nipple_7,,
Yatsume,Yatsume_lose_onedari_m1,,,depthref_kneel_throne_chin,,
Yatsume,Yatsume_lose_btl_m2,,,depthref_bondage_p,,
Yatsume,Yatsume_lose_inochi_m2,,,depthref_lap_pillow_hj_side_2,,
Yatsume,Yatsume_lose_onedari_m2,,,depthref_kneel_seiza_head,,
Yatsume,Yatsume_lose_btl_m3,,,depthref_peg_doggy,,
Yatsume,Yatsume_lose_inochi_m3,,,depthref_peg_doggy_2,,
Yatsume,Yatsume_lose_onedari_m3,,,depthref_peg_p_3,,
Yatsume,Yatsume_lose_btl_e1,,arachne,,,arachne: arachne
Yatsume,Yatsume_lose_inochi_e1,,arachne,,,arachne: arachne
Yatsume,Yatsume_lose_onedari_e1,,arachne,,,arachne: arachne
Yatsume,Yatsume_lose_btl_e2,,arachne,,,arachne: arachne
Yatsume,Yatsume_lose_inochi_e2,,arachne,,,arachne: arachne
Yatsume,Yatsume_lose_onedari_e2,,arachne,,,arachne: arachne
Yatsume,Yatsume_lose_btl_e3,,,depthref_kiss_lap_6,,
Yatsume,Yatsume_lose_inochi_e3,,,depthref_kiss_lap_2,,
Yatsume,Yatsume_lose_onedari_e3,,,depthref_kiss_wall_3,,
Yatsume,Yatsume_lose_btl_boss,,arachne,,,arachne: arachne
Yatsume,Yatsume_lose_inochi_boss,,arachne,,,arachne: arachne
Yatsume,Yatsume_lose_onedari_boss,,arachne,,,arachne: arachne
