MOD,ファイル,行,記述,前後の文,文字コード
N100_Sphinx_MOD,CSV\Card\Sphinx_master.txt,4777,二十一センチ,"    セリフ,二十一センチの黄金、全部あなたの中です。\n黄金がわたくしの体温で温まっ",utf-8-sig
N100_Sphinx_MOD,CSV\Card\Sphinx_mons_boss.txt,305,二十一センチ,"    セリフ,謎に詰まった分だけ、奥へ進むのです。二十一センチの黄金が、殿方の証の裏側を通って・・・奥の宝珠に、こつん。",utf-8-sig
N100_Sphinx_MOD,CSV\Card\Sphinx_mons_boss.txt,322,二十一センチ,"    セリフ,解けない謎が三つ。二十一センチの黄金が、お供の方の奥の宝珠に届いたのです。こつん、こつん。",utf-8-sig
N103_Amazon_MOD,CSV\Card\Amazon_master.txt,1920,二十センチ,壇に供えられていた木彫りの張り型を手に取り、赤い革の腰帯を締めた。黒檀色の、蔓と花を彫った二十センチの張り型が、蜜蝋の艶に光っている。,utf-8-sig
N103_Amazon_MOD,CSV\Card\Amazon_master.txt,2985,二十センチ,さまは祭壇から持ってきた木彫りの張り型を腰に締めた。赤い革の腰帯、黒檀色の、蔓と花を彫った二十センチ。蜜蝋の艶が焚き火に揺れる。,utf-8-sig
N10_Lab_MOD_v4,CSV\Card\Lab_master.txt,1180,一センチ,"    セリフ,了解しました。検査着の布、上方向へ一センチ。計測します。",utf-8-sig
N10_Lab_MOD_v4,CSV\Card\Lab_master.txt,1189,一センチ,"    説明,布がまた引かれる。一センチ。たった一センチの動きで、胸の中の糸がぴんと張る。二回、三回",utf-8-sig
N10_Lab_MOD_v4,CSV\Card\Lab_master.txt,1189,一センチ,"    説明,布がまた引かれる。一センチ。たった一センチの動きで、胸の中の糸がぴんと張る。二回、三回と繰り返されるた",utf-8-sig
N10_Lab_MOD_v4,CSV\Card\Lab_master.txt,1561,二センチ,"    セリフ,触診でも確認。脈の直後、下腹の筋が内側へ引き込まれる。深さ、約二センチ。",utf-8-sig
N10_Lab_MOD_v4,CSV\Card\Lab_master.txt,2179,六十センチ,"    説明,彼女は僕の脇に肩を入れて、軽々と引き起こした。身長百六十センチの僕の体は、袖をまくった白衣の胸もとに抱きすくめられてしまう",utf-8-sig
N10_Lab_MOD_v4,CSV\Card\Lab_master.txt,2368,六十センチ,"    セリフ,ユニット形状、スキャン完了。身長、百六十センチ。筋量、低。……感覚受容体ノ密度、高。良好デス。",utf-8-sig
N10_Lab_MOD_v4,CSV\Card\Lab_master.txt,2403,一センチ,"    セリフ,指型アーム、一本、挿入。深度、一センチ。痛覚反応、ナシ。",utf-8-sig
N10_Lab_MOD_v4,CSV\Card\Lab_master.txt,2405,一センチ,"    説明,一センチ、二センチ。指はゆっくり奥へ進み、途中で何度も止まって、僕の",utf-8-sig
N10_Lab_MOD_v4,CSV\Card\Lab_master.txt,2405,二センチ,"    説明,一センチ、二センチ。指はゆっくり奥へ進み、途中で何度も止まって、僕のお尻が慣れ",utf-8-sig
N10_Lab_MOD_v4,CSV\Card\Lab_master.txt,2557,六十センチ,"    セリフ,百六十センチ。平均より細身なきみの体は、最初から機体の空洞に合う寸法だっ",utf-8-sig
N10_Lab_MOD_v4,CSV\Card\Lab_master.txt,3233,一センチ,"    説明,膝が、ほんの一センチだけ開いた。",utf-8-sig
N10_Lab_MOD_v4,CSV\Card\Lab_master.txt,3362,一センチ,は僕だった。誰にも言われていないのに。あと一回弾けば越えられるのに。僕の指は、乳首の先から一センチ浮いた所で、ふるえながら止まっていた。,utf-8-sig
N10_Lab_MOD_v4,CSV\Card\Lab_master.txt,3376,一センチ,けれど、そのままの姿勢で、という言葉が、腕の付け根におもりのように残っていた。指は乳首の上一センチに浮いたまま、動かなかった。,utf-8-sig
N10_Lab_MOD_v4,CSV\Card\Lab_master.txt,3470,一センチ,"    説明,止めようと思わなかった。止めたくなかった。なのに、爪の先が乳首の上一センチで固まって、そこから一ミリも下りていかない。",utf-8-sig
N10_Lab_MOD_v4,CSV\Card\Lab_master.txt,3494,一センチ,ブレットから目を上げた。浮いたままふるえている僕の指先と、赤くはれた乳首のあいだの、ほんの一センチのすき間を見ていた。,utf-8-sig
N10_Lab_MOD_v4,CSV\Card\Lab_master.txt,3496,一センチ,"    セリフ,指先と乳首の距離、一センチ。止まるたびに同じ距離です。……この一センチを、あなたの体は",utf-8-sig
N10_Lab_MOD_v4,CSV\Card\Lab_master.txt,3496,一センチ,"    セリフ,指先と乳首の距離、一センチ。止まるたびに同じ距離です。……この一センチを、あなたの体は越えてはいけない線として登録しました。",utf-8-sig
N10_Lab_MOD_v4,CSV\Card\Lab_master.txt,3498,一センチ,指先を無理に押し下げようとした。肩に力を入れて、息を止めて、歯を食いしばった。それでも指は一センチの手前で、柔らかい何かに押し返されるように止まった。,utf-8-sig
N10_Lab_MOD_v4,CSV\Card\Lab_master.txt,3501,一センチ,"    セリフ,（いけない……いけ、ない……あと、一センチ、なのに……っ♡）",utf-8-sig
N10_Lab_MOD_v4,CSV\Card\Lab_master.txt,3553,一センチ,"    説明,触れてはいけない。そう言われたわけでもないのに、僕の手は頭の後ろから一センチも離れなかった。\n誘導音声が言っていないことを、この体はも",utf-8-sig
N10_Lab_MOD_v4,CSV\Card\Lab_master.txt,3956,一センチ,"    説明,一センチずつ。止まって、撫でて、また一センチ。僕のお尻がそれを受け入",utf-8-sig
N10_Lab_MOD_v4,CSV\Card\Lab_master.txt,3956,一センチ,"    説明,一センチずつ。止まって、撫でて、また一センチ。僕のお尻がそれを受け入れるのを、機械は数字で確かめながら待",utf-8-sig
N10_Lab_MOD_v4,CSV\Card\Lab_master.txt,5163,一センチ,"    セリフ,位置が一センチ高いです。そのままで結構です。\n留め具を締める前に、帯を左",utf-8-sig
N10_Lab_MOD_v4,CSV\Card\Lab_master.txt,5164,一センチ,"    説明,一センチ高い。分かっていて、直せとは言わない。帯を動かせと言う。\n",utf-8-sig
N10_Lab_MOD_v4,CSV\Card\Lab_master.txt,5485,一センチ,"    セリフ,一本目、挿入。深度、一センチ。……痛覚、ナシ。",utf-8-sig
N10_Lab_MOD_v4,CSV\Card\Lab_master.txt,5486,一センチ,側を、ゆっくり一周撫でる。\n押し広げるのではなく、内側の縁の形を覚えるように。やがて指は一センチずつ進んでは止まり、撫でて、また進んでいった。,utf-8-sig
N10_Lab_MOD_v4,CSV\Card\Lab_master.txt,6773,一センチ,"    説明,指が鎖骨で止まり、そのまま薄い胸の上を横切っていく。乳首のほんの一センチ横を、触れずに通り過ぎた。\n通り過ぎた所が、空気の動きだけ",utf-8-sig
N10_Lab_MOD_v4,CSV\Card\Lab_master.txt,7121,一センチ,"    セリフ,一本目、挿入。深度、一センチ。……痛覚、ナシ。",utf-8-sig
N10_Lab_MOD_v4,CSV\Card\Lab_master.txt,7122,一センチ,に濡れた細い指は、お尻の穴のすぐ内側で止まり、そこを中からゆっくり撫でる。\n慣れたころに一センチ進んで、また止まって、また撫でる。僕のお尻が、少しずつその形,utf-8-sig
N12_Salon_MOD_v4,CSV\Card\Salon_master.txt,1593,六十センチ,"    説明,エマは僕の脇に手を入れて、軽々と抱き起こした。身長百六十センチしかない僕の体は、彼女の腕の中に抱きすくめられてしまう。",utf-8-sig
N12_Salon_MOD_v4,CSV\Card\Salon_master.txt,6130,一センチ,くて、乳首の先がひくひく震えるのが自分でも分かった。\n檻の中が疼く。その疼きが全部、あと一センチの舌先に向かっている。,utf-8-sig
N14_Idol_MOD_v4,CSV\Card\Idol_master.txt,965,一センチ,"    説明,指先は一拍ごとに一センチずつ下りていく。レオタードの上から、あばら骨のでこぼこをなぞ",utf-8-sig
N14_Idol_MOD_v4,CSV\Card\Idol_master.txt,1174,七十一センチ,"    セリフ,七十一センチ。細いわね。アンダーは……六十三。差が少ないから、胸元はフリ",utf-8-sig
N14_Idol_MOD_v4,CSV\Card\Idol_master.txt,1236,二センチ,"    セリフ,締めたら何センチになったか、測り直しね。……トップ、七十三。二センチも盛れたわ。偉いわね。",utf-8-sig
N14_Idol_MOD_v4,CSV\Card\Idol_master.txt,1581,二十センチ,かった。黒いノースリーブのスポーツシャツ越しに、引き締まったお腹が僕の背中に当たる。僕より二十センチ以上高い体が、後ろからすっぽり僕を包んだ。,utf-8-sig
N14_Idol_MOD_v4,CSV\Card\Idol_master.txt,1666,一センチ,"    セリフ,呼吸止めない。吸って……吐いて。吐くたびに一センチずつ開く。",utf-8-sig
N14_Idol_MOD_v4,CSV\Card\Idol_master.txt,1667,一センチ,"    説明,吐く。股関節がほどけて、脚が一センチ高くなる。そのたびに、付け根を押さえるアキの手のひらも一セン",utf-8-sig
N14_Idol_MOD_v4,CSV\Card\Idol_master.txt,1667,一センチ,吐く。股関節がほどけて、脚が一センチ高くなる。そのたびに、付け根を押さえるアキの手のひらも一センチ内側へすべった。四回、五回と吐くうちに、手のひらのふちは脚の,utf-8-sig
N14_Idol_MOD_v4,CSV\Card\Idol_master.txt,1674,五センチ,"フ,柔軟だよ。ちんちんの力が抜けないと、脚は上がらないの。ほら、抜けてきた。脚、さっきより五センチ高い。",utf-8-sig
N14_Idol_MOD_v4,CSV\Card\Idol_master.txt,1694,三センチ,"    セリフ,押さないと倒れないでしょ。ほら、あと三センチ。吐いて。",utf-8-sig
N14_Idol_MOD_v4,CSV\Card\Idol_master.txt,2151,四センチ,"    セリフ,あごから唇、四センチ。……完璧。キス顔のための顔ね。",utf-8-sig
N14_Idol_MOD_v4,CSV\Card\Idol_master.txt,2305,一センチ,"    説明,首の付け根から、肩甲骨の間、腰のくびれへ。冷たい金属が一センチずつ下りてくる。その間も、お尻の中の二本の指は止まらない。背",utf-8-sig
N14_Idol_MOD_v4,CSV\Card\Idol_master.txt,2331,一センチ,"    説明,吐いた。ディルドがまた一センチ入る。指では届かなかった所へ、丸い先がゆっくり進んでいく。お",utf-8-sig
N14_Idol_MOD_v4,CSV\Card\Idol_master.txt,2776,十六センチ,"    セリフ,印と印の間、十六センチ。……動かないで。金具がずれたら測り直しよ。",utf-8-sig
N14_Idol_MOD_v4,CSV\Card\Idol_master.txt,3176,一センチ,"    説明,止められた指先が、おちんちんのほんの一センチ手前で震える。そのあいだにも、後ろではアキの腰がかすめては離",utf-8-sig
N14_Idol_MOD_v4,CSV\Card\Idol_master.txt,3186,一センチ,、自分の乳首がアキの力につぶされる。お腹の手は、重なったアキの手に連れていかれて、とうとう一センチの線を越えた。自分の手のひらが、アキの手に押されて、自分のお,utf-8-sig
N14_Idol_MOD_v4,CSV\Card\Idol_master.txt,3737,一センチ,されたお尻の穴は、先が触れただけでゆるんで、つるつるの表面をぬるりと受け入れた。吐くたびに一センチずつ入っていく。自分の息で、自分のお尻の奥へ迎え入れていく姿,utf-8-sig
N14_Idol_MOD_v4,CSV\Card\Idol_master.txt,4495,五センチ,"    セリフ,インターバル十秒。……二セット目。さっきより五センチ広く。",utf-8-sig
N14_Idol_MOD_v4,CSV\Card\Idol_master.txt,4496,一センチ,れる。今度は最初から付け根ぎりぎりに手のひらが置かれた。押し広げながら、指先が下着のふちを一センチだけ越えて、筋の内側のくぼみを撫でた。,utf-8-sig
N14_Idol_MOD_v4,CSV\Card\Idol_master.txt,4921,一センチ,"    説明,頬に、軽く唇が落とされた。唇じゃなくて、頬。\n欲しかった場所から一センチずれたキス。唇だけが取り残されて、うずいた。\nわざと外され",utf-8-sig
N14_Idol_MOD_v4,CSV\Card\Idol_master.txt,4926,十九センチ,"    セリフ,足首、十九センチ。……ふくらはぎ、二十九。細いわね。",utf-8-sig
N14_Idol_MOD_v4,CSV\Card\Idol_master.txt,4931,十九センチ,"    説明,生地が上ってくる。足首の十九センチを包み、ふくらはぎの二十九センチをなぞり、膝を越える。\nレ",utf-8-sig
N14_Idol_MOD_v4,CSV\Card\Idol_master.txt,4931,二十九センチ,"    説明,生地が上ってくる。足首の十九センチを包み、ふくらはぎの二十九センチをなぞり、膝を越える。\nレイは指の腹で一センチずつ生地を送",utf-8-sig
N14_Idol_MOD_v4,CSV\Card\Idol_master.txt,4931,一センチ,。足首の十九センチを包み、ふくらはぎの二十九センチをなぞり、膝を越える。\nレイは指の腹で一センチずつ生地を送り、さっき親指で押さえた場所に、ぴたりとフリルの,utf-8-sig
N14_Idol_MOD_v4,CSV\Card\Idol_master.txt,5011,四十二センチ,掛けられたメジャーの端が、キスのたびに胸のリボンの上で揺れた。\nニーハイの縁が、測られた四十二センチの場所で、脈を打つみたいに締めつけてくる。\n体じゅうどこを,utf-8-sig
N14_Idol_MOD_v4,CSV\Card\Idol_master.txt,5154,一センチ,"    説明,息を吐く。入口がゆるんで、先がぬるりと入る。もう一度吐く。胴が一センチ進む。自分の息で、自分の手で解除届の空欄を埋めていくように、",utf-8-sig
N14_Idol_MOD_v4,CSV\Card\Idol_master.txt,6376,十二センチ,"    セリフ,縁から膝まで、左右とも十二センチ。そろってる。……アンタの脚、光の中だと本当に映えるわね。",utf-8-sig
N14_Idol_MOD_v4,CSV\Card\Idol_master.txt,6643,一センチ,"    説明,息を吐く。入口がゆるんで、先がぬるりと入る。吐くたびに一センチずつ。自分で言った奥まで、自分で進んでいかなければならない。",utf-8-sig
N14_Idol_MOD_v4,CSV\Card\Idol_mons_e1.txt,115,二センチ,"   セリフ,レッスン着の上から腰と胸、固定するよ。開脚あと二センチ。息止めない！汗ばんでるの、あたしの体温で温めてあげてるだけ",utf-8-sig
N15_Dorm_MOD_v4,CSV\Card\Dorm_master.txt,1557,163センチ,背中にぴたりと体を寄せた。桃色のエプロンごしに、柔らかい胸のふくらみが肩甲骨に当たる。\n163センチの彼女に後ろから包まれると、160センチの僕は、腕の中に包み,utf-8-sig
N15_Dorm_MOD_v4,CSV\Card\Dorm_master.txt,1557,160センチ,ごしに、柔らかい胸のふくらみが肩甲骨に当たる。\n163センチの彼女に後ろから包まれると、160センチの僕は、腕の中に包みこまれてしまう。,utf-8-sig
N15_Dorm_MOD_v4,CSV\Card\Dorm_master.txt,1679,十センチ,"    セリフ,寮規則第十四条。寮生のスカート丈は、膝上十センチと定められております。\nそれから第十五条。点検の際、寮生は",utf-8-sig
N15_Dorm_MOD_v4,CSV\Card\Dorm_master.txt,1689,八センチ,"    セリフ,膝から……八センチ。少し長うございますね。ウエストでひとつ折り返しましょう。",utf-8-sig
N15_Dorm_MOD_v4,CSV\Card\Dorm_master.txt,1695,一センチ,"    説明,一センチごとに、指先が肌を押す。押されるたびに、そこから熱が波の輪に",utf-8-sig
N15_Dorm_MOD_v4,CSV\Card\Dorm_master.txt,1699,十四センチ,"    セリフ,十二、十三……十四センチ。規則どおりでございます。",utf-8-sig
N15_Dorm_MOD_v4,CSV\Card\Dorm_master.txt,1700,十四センチ,"    説明,十四センチ。そこはもう、レースのふちのすぐ下だった。巻き尺の端を押さえ",utf-8-sig
N15_Dorm_MOD_v4,CSV\Card\Dorm_master.txt,1783,十センチ,"    説明,姿見の中の僕は、胸に赤いリボンを結び、膝上十センチのスカートをはき、黒いガーターでソックスを留めていた。\n頬",utf-8-sig
N15_Dorm_MOD_v4,CSV\Card\Dorm_master.txt,3165,一センチ,りゆるむ。ゆるむ時、ハナの人差し指がひもから肌へ降りて、内腿のいちばん柔らかい所を、ほんの一センチだけ撫でた。,utf-8-sig
N15_Dorm_MOD_v4,CSV\Card\Dorm_master.txt,3275,五センチ,そういえば、ネグリジェの丈もお測りしなくてはなりませんね。寮規則第二十条、就寝着の裾は膝下五センチでございます。,utf-8-sig
N15_Dorm_MOD_v4,CSV\Card\Dorm_master.txt,3279,五センチ,"    セリフ,指が三本と半分。……五センチ、ちょうどでございます。規則どおりですね。",utf-8-sig
N15_Dorm_MOD_v4,CSV\Card\Dorm_master.txt,4528,160センチ,畳み、別のかごに入れて、脱衣所の棚のいちばん上にしまってしまった。\n届かない高さだった。160センチの僕では、背伸びしても指先すらかからない。,utf-8-sig
N15_Dorm_MOD_v4,CSV\Card\Dorm_master.txt,4614,十センチ,"    セリフ,寮規則第十四条はご存じですね。スカート丈は膝上十センチ。ペチコートはスカートの下にはくものですから、同じ丈に合わせ",utf-8-sig
N15_Dorm_MOD_v4,CSV\Card\Dorm_master.txt,4618,十一センチ,"    セリフ,十一センチ……少し短うございますね。寮生のスカートは、短すぎても規則違",utf-8-sig
N15_Dorm_MOD_v4,CSV\Card\Dorm_master.txt,6014,一センチ,音。それから、約束どおりの指。\nレースのふちといっしょに、指先が内腿をなぞり上げていく。一センチ進んでは止まり、止まった所を小さく撫でてから、また一センチ。,utf-8-sig
N15_Dorm_MOD_v4,CSV\Card\Dorm_master.txt,6014,一センチ,、指先が内腿をなぞり上げていく。一センチ進んでは止まり、止まった所を小さく撫でてから、また一センチ。,utf-8-sig
N15_Dorm_MOD_v4,CSV\Card\Dorm_master.txt,6020,一センチ,"    説明,レースが脚の付け根まで届いた。そこで指は、最後の一センチをいちばんゆっくり進んだ。\n付け根のくぼみを、指の腹がじっ",utf-8-sig
N15_Dorm_MOD_v4,CSV\Card\Dorm_master.txt,6081,十センチ,"    セリフ,では次に、スカートの規則でございます。寮では膝上十センチと決まっておりますが、スズさんのご希望があれば、別に定めるこ",utf-8-sig
N15_Dorm_MOD_v4,CSV\Card\Dorm_master.txt,6090,十センチ,"    説明,僕の指が、プリーツの端をつまんだ。膝の上から、少しずつ、持ち上げていく。\n十センチ。十二センチ。ハナは何も言わない。まだ止めちゃいけないのだと",utf-8-sig
N15_Dorm_MOD_v4,CSV\Card\Dorm_master.txt,6090,十二センチ,"明,僕の指が、プリーツの端をつまんだ。膝の上から、少しずつ、持ち上げていく。\n十センチ。十二センチ。ハナは何も言わない。まだ止めちゃいけないのだと、黙っている",utf-8-sig
N15_Dorm_MOD_v4,CSV\Card\Dorm_master.txt,6091,十五センチ,"    説明,十五センチ。白いレースのふちが、ちらりとのぞいた。",utf-8-sig
N15_Dorm_MOD_v4,CSV\Card\Dorm_master.txt,6095,十五センチ,"    セリフ,はい。第四項。寮生スズのスカート丈は膝上十五センチとし、点検の際はご自分でこの高さまで裾を持ち上げること。",utf-8-sig
N15_Dorm_MOD_v4,CSV\Card\Dorm_master.txt,6132,十五センチ,"    説明,裾を十五センチの高さに持ち上げたまま、僕は二度目にいった。第一項の白いレー",utf-8-sig
N15_Dorm_MOD_v4,CSV\Card\Dorm_master.txt,6158,十五センチ,"    セリフ,第四項……スカート丈は、膝上十五センチとし……点検の際は、自分で、この高さまで……♡",utf-8-sig
N15_Dorm_MOD_v4,CSV\Card\Dorm_master.txt,6159,十五センチ,"    説明,僕の手が、読み上げながら勝手に裾を持ち上げていた。十五センチ。もう目で測らなくても、指が高さを覚えていた。",utf-8-sig
N16_Alraune_MOD,CSV\Card\Alraune_master.txt,53,178cm,こす花の女王。慈母の微笑みで蔦を伸ばし、迷い込んだ男を蜜の一滴ずつ苗床に変えていく。（身長178cm・花の直径約2m／B96・W58・H92）。得意技：蔦の愛撫,utf-8-sig
N16_Alraune_MOD,CSV\Card\Alraune_master.txt,881,178センチ,くい、僕の体はふわりと宙に浮く。\nフローラは花の上から身をかがめ、両腕で僕を抱き上げた。178センチの上半身が、さらに直径二メートルの花の上にある。160センチ,utf-8-sig
N16_Alraune_MOD,CSV\Card\Alraune_master.txt,881,160センチ,かがめ、両腕で僕を抱き上げた。178センチの上半身が、さらに直径二メートルの花の上にある。160センチの僕の爪先は、花びらの縁にさえ届かなかった。,utf-8-sig
N16_Alraune_MOD,CSV\Card\Alraune_master.txt,1012,六十センチ,た瞬間、僕の指はもうカードをめくれなかった。足もとから伸びた蔦が腰と膝の裏をすくい、身長百六十センチの体はあっけなく宙に浮く。\n頭ふたつ上から見下ろす金の瞳が,utf-8-sig
N16_Alraune_MOD,CSV\Card\Alraune_master.txt,1143,六十センチ,"    説明,足首にからんだ蔦が、ふわりと僕を持ち上げる。百六十センチの僕の体は思いのほか軽々と持ち上げられているらしく、足先は空",utf-8-sig
N16_Alraune_MOD,CSV\Card\Alraune_master.txt,1169,一センチ,じけた瞬間、お尻の力が抜けた。\nそのすきを待っていたように、細い蔦の先がつぷりと、ほんの一センチだけ中へもぐりこんだ。,utf-8-sig
N16_Alraune_MOD,CSV\Card\Alraune_master.txt,1170,二センチ,でも蔦は深追いしなかった。入り口の内側のふちをなぞり、蜜を塗りこんではまた外へ出て、今度は二センチ。\n出ては入り、入っては出る。そのたびにお尻の中がとろりと,utf-8-sig
N16_Alraune_MOD,CSV\Card\Alraune_master.txt,1268,165センチ,"    説明,彼女は腕の蔦をほどいて僕の腰に回し、片腕で軽々と抱え上げた。\n165センチの彼女の胸元で、160センチの僕の爪先はどこにも届かない。運",utf-8-sig
N16_Alraune_MOD,CSV\Card\Alraune_master.txt,1268,160センチ,女は腕の蔦をほどいて僕の腰に回し、片腕で軽々と抱え上げた。\n165センチの彼女の胸元で、160センチの僕の爪先はどこにも届かない。運ばれた先は、温室のいちばん奥,utf-8-sig
N16_Alraune_MOD,CSV\Card\Alraune_master.txt,1413,五十八センチ,"    説明,身長百五十八センチのポレンの腕が、僕の脇の下に差し込まれた。百六十センチの僕の",utf-8-sig
N16_Alraune_MOD,CSV\Card\Alraune_master.txt,1413,六十センチ,"    説明,身長百五十八センチのポレンの腕が、僕の脇の下に差し込まれた。百六十センチの僕の体は、あっけなく持ち上がる。つま先が床から離れた。",utf-8-sig
N16_Alraune_MOD,CSV\Card\Alraune_master.txt,1559,六十センチ,た。\n頭ひとつ半上から、赤紫の髪が垂れてくる。黄緑の瞳がとろんと細められた。ネペンテは百六十センチの僕を軽々と抱き上げ、温室のいちばん低い一角、食虫花の沼へ運,utf-8-sig
N16_Alraune_MOD,CSV\Card\Alraune_master.txt,1704,六十センチ,"  説明,床板を割って、白い樹皮の根が生えてきた。根は僕の腰と膝の裏をすくい上げる。身長百六十センチの体はあっけなく浮き上がり、足はもうどこにも届かない。\n運",utf-8-sig
N16_Alraune_MOD,CSV\Card\Alraune_master.txt,1706,八十五センチ,背中には枝が翼のように広がり、ドレスの裾からは数えきれない根が床へ流れ落ちている。背丈は百八十五センチ。根まで含めれば四メートルを超える。一人の女性というより、ひ,utf-8-sig
N16_Alraune_MOD,CSV\Card\Alraune_master.txt,1942,六十センチ,"    説明,蔦に抱え上げられ、身長百六十センチの体は宙で揺れながら温室の奥へ運ばれた。着いたのは「蜜蔵」。",utf-8-sig
N16_Alraune_MOD,CSV\Card\Alraune_master.txt,2124,一センチ,頭の中の霧を濃くした。その瞬間、張りつめていたお尻の入り口がふっとゆるみ、蔦の先がつぷりと一センチだけもぐりこんだ。\nびっくりして締めつけると、蔦はそれ以上,utf-8-sig
N16_Alraune_MOD,CSV\Card\Alraune_master.txt,2198,160センチ,"    説明,アイビーは僕を小脇に抱えて、温室の裏手へ回った。\n160センチの体は彼女の腕の中で浮き上がって、爪先が宙をかく。連れこまれ",utf-8-sig
N16_Alraune_MOD,CSV\Card\Alraune_master.txt,2252,165センチ,"明,アイビーは日誌を置いて立ち上がった。\n椅子の前にしゃがみこんで、僕の顔をのぞきこむ。165センチの彼女がひざを折っても、低い丸椅子の僕より目の高さはまだ上だ",utf-8-sig
N16_Alraune_MOD,CSV\Card\Alraune_master.txt,2421,五十八センチ,。見上げると、彼女の大きな胸のふくらみの向こうに、オレンジ色の瞳が逆さまに浮かんでいた。百五十八センチの彼女の膝に横たえられると、百六十センチの僕は、見下ろしてく,utf-8-sig
N16_Alraune_MOD,CSV\Card\Alraune_master.txt,2421,六十センチ,こうに、オレンジ色の瞳が逆さまに浮かんでいた。百五十八センチの彼女の膝に横たえられると、百六十センチの僕は、見下ろしてくる影の中に閉じこめられてしまう。,utf-8-sig
N16_Alraune_MOD,CSV\Card\Alraune_master.txt,2591,六十センチ,け柔らかな小山を作った。上半身は蜜の中に沈み、腰だけが袋の口のほうへ持ち上げられる。\n百六十センチの体は、蜜の中ではとても軽い。足はどこにも届かず、つま先がぬ,utf-8-sig
N16_Alraune_MOD,CSV\Card\Alraune_master.txt,2785,160センチ,"    説明,160センチの僕の体は、フローラの膝の上に抱きすくめられてしまう。見下ろ",utf-8-sig
N16_Alraune_MOD,CSV\Card\Alraune_master.txt,2864,六十センチ,ス天井から、月の光がまっすぐ落ちてくる。花びらも蔦も僕の肌も、青白く光っていた。\n身長百六十センチの僕の体は、蔦に抱かれたまま、足先が床に届かなかった。,utf-8-sig
N16_Alraune_MOD,CSV\Card\Alraune_master.txt,2999,六十センチ,"  説明,蔦が僕の服を一枚ずつぬがせ、水盤の浅い所へ下ろした。ぬるい水が腰まで僕を包む。百六十センチの僕の体は、フローラの花の前では、ずいぶん頼りなく見えるだろ",utf-8-sig
N16_Alraune_MOD,CSV\Card\Alraune_master.txt,3023,一センチ,った。乳首の根元をきゅっと締めた瞬間、お尻がふっとゆるむ。そのすきに、細い蔦の先がつぷりと一センチだけもぐりこんだ。\nびっくりして締めつけると、蔦はそれ以上,utf-8-sig
N16_Alraune_MOD,CSV\Card\Alraune_master.txt,3023,二センチ,して締めつけると、蔦はそれ以上進まない。入り口の内側のふちを蜜でなぞり、また外へ出る。次は二センチ。出ては入り、入っては出る。,utf-8-sig
N16_Alraune_MOD,CSV\Card\Alraune_master.txt,3120,165センチ,迷路のように続いていて、その一角だけ、背の高い生け垣がコの字に囲んで小さな庭になっている。165センチの彼女の背中は、160センチの僕には壁の一部みたいに高く見え,utf-8-sig
N16_Alraune_MOD,CSV\Card\Alraune_master.txt,3120,160センチ,一角だけ、背の高い生け垣がコの字に囲んで小さな庭になっている。165センチの彼女の背中は、160センチの僕には壁の一部みたいに高く見えた。,utf-8-sig
N16_Alraune_MOD,CSV\Card\Alraune_master.txt,3260,五十八センチ,振り返ると、薄い衣に包まれたやわらかい胸が目の高さにあった。見上げなければ顔も見えない。百五十八センチの彼女の影に、百六十センチの僕は閉じこめられてしまう。その影,utf-8-sig
N16_Alraune_MOD,CSV\Card\Alraune_master.txt,3260,六十センチ,やわらかい胸が目の高さにあった。見上げなければ顔も見えない。百五十八センチの彼女の影に、百六十センチの僕は閉じこめられてしまう。その影の中は、ひなたみたいに温か,utf-8-sig
N16_Alraune_MOD,CSV\Card\Alraune_master.txt,3514,六十センチ,た。中は苔と若葉でふかふかに敷きつめられ、壁の樹皮が琥珀色にぼんやり光っている。\n身長百六十センチの僕は、洞の奥のくぼみに閉じこめられた。入口をふさぐように、,utf-8-sig
N16_Alraune_MOD,CSV\Card\Alraune_master.txt,3525,八十五センチ,と、ユグの白い長い髪が若葉ごと垂れ下がって、僕のまわりにすだれのような影を落としていた。百八十五センチの彼女の体が洞の入口をふさいで、外の光はもう、髪のすき間から,utf-8-sig
N16_Alraune_MOD,CSV\Card\Alraune_master.txt,3750,六十センチ,"    説明,僕の椅子は蔦で編んだ高い椅子で、座ると身長百六十センチの僕の足は床に届かず、宙に浮いた。テーブルの向こう、大きな花",utf-8-sig
N16_Alraune_MOD,CSV\Card\Alraune_master.txt,3932,一センチ,n乳首の蔦が根元を締めた瞬間、お尻がふっとゆるむ。そのすきを待っていたように、先がつぷりと一センチだけもぐりこんだ。,utf-8-sig
N16_Alraune_MOD,CSV\Card\Alraune_master.txt,3937,二センチ,さがした。一本目が、お尻の入り口の、少し奥。出ては入り、入っては出るたびに、深さが変わる。二センチ。三センチ。\n自分の中に何がどこまで入っているのかを、自分,utf-8-sig
N16_Alraune_MOD,CSV\Card\Alraune_master.txt,3937,三センチ,一本目が、お尻の入り口の、少し奥。出ては入り、入っては出るたびに、深さが変わる。二センチ。三センチ。\n自分の中に何がどこまで入っているのかを、自分の口で報告,utf-8-sig
N16_Alraune_MOD,CSV\Card\Alraune_master.txt,4018,160センチ,素焼きの鉢が置かれている。中には黒く湿った土が入っていて、うっすら湯気を立てていた。彼女は160センチの僕をわきの下から抱え上げ、165センチの目の高さで一度止め,utf-8-sig
N16_Alraune_MOD,CSV\Card\Alraune_master.txt,4018,165センチ,た土が入っていて、うっすら湯気を立てていた。彼女は160センチの僕をわきの下から抱え上げ、165センチの目の高さで一度止めてから、鉢の中へゆっくりと下ろした。,utf-8-sig
N16_Alraune_MOD,CSV\Card\Alraune_master.txt,4166,五十八センチ,"    説明,振り返ると、薄い衣に包まれたやわらかい胸が目の前にあった。百五十八センチの彼女が棚と僕のあいだに立つと、百六十センチの僕は瓶の列と彼",utf-8-sig
N16_Alraune_MOD,CSV\Card\Alraune_master.txt,4166,六十センチ,衣に包まれたやわらかい胸が目の前にあった。百五十八センチの彼女が棚と僕のあいだに立つと、百六十センチの僕は瓶の列と彼女の体にはさまれて、どこにも逃げられない。\,utf-8-sig
N16_Alraune_MOD,CSV\Card\Alraune_master.txt,4315,六十センチ,どうしても開かない。\nふちに手をかけたまま、片ひざを持ち上げる。つま先がふちを越える。百六十センチの体では、袋のふちをまたぐだけでもひと苦労だった。僕は自分の,utf-8-sig
N16_Alraune_MOD,CSV\Card\Alraune_master.txt,4446,六十センチ,うに揺れていた。\n若葉を敷きつめた揺りかごに降ろされると、足の下にはもう何もない。身長百六十センチの僕は、枝のすき間からのぞく、ずっと下の温室を見て、ユグの腕,utf-8-sig
N16_Alraune_MOD,CSV\Card\Alraune_mons_boss.txt,25,185cm,して刻むという。「急がぬ。汝を苗床に変える一夜など、葉が一枚色づくほどの短さである」（身長185cm・根を含む全長4m超／B100・W62・H98）。得意技：根,utf-8-sig
N16_Alraune_MOD,CSV\Card\Alraune_mons_e1.txt,21,165cm,り、帳面に記録しながら几帳面に植え替えていく。「……動かない。植え替え、すぐ終わる」（身長165cm／B84・W57・H86）。得意技：細い蔦,utf-8-sig
N16_Alraune_MOD,CSV\Card\Alraune_mons_e2.txt,22,158cm,吸った者は、触れられずとも頭の中から花を咲かされる。「おにーさん、すーってしてぇ？」（身長158cm／B80・W55・H82）。得意技：花粉の香り,utf-8-sig
N16_Alraune_MOD,CSV\Card\Alraune_mons_e3.txt,21,168cm,溶かす花弁が詰まっている。「いらっしゃぁい、お客さん。いちばん奥の席が空いてるのぉ」（身長168cm／B90・W58・H92）。得意技：蜜壺の舌,utf-8-sig
N16_Alraune_MOD,CSV\Card\Alraune_recall.txt,142,165cm,り、帳面に記録しながら几帳面に植え替えていく。「……動かない。植え替え、すぐ終わる」（身長165cm／B84・W57・H86）。得意技：細い蔦,utf-8-sig
N16_Alraune_MOD,CSV\Card\Alraune_recall.txt,150,158cm,吸った者は、触れられずとも頭の中から花を咲かされる。「おにーさん、すーってしてぇ？」（身長158cm／B80・W55・H82）。得意技：花粉の香り,utf-8-sig
N16_Alraune_MOD,CSV\Card\Alraune_recall.txt,158,168cm,溶かす花弁が詰まっている。「いらっしゃぁい、お客さん。いちばん奥の席が空いてるのぉ」（身長168cm／B90・W58・H92）。得意技：蜜壺の舌,utf-8-sig
N16_Alraune_MOD,CSV\Card\Alraune_recall.txt,166,185cm,して刻むという。「急がぬ。汝を苗床に変える一夜など、葉が一枚色づくほどの短さである」（身長185cm・根を含む全長4m超／B100・W62・H98）。得意技：根,utf-8-sig
N17_Scylla_MOD,CSV\Card\Scylla_master.txt,53,175cm,を抱き、歌うように深みへ誘う。溺れない魔法は、慈悲ではなく逃がさないための檻である。（身長175cm・触手を広げると約4m／B98・W59）。得意技：吸盤の愛撫,utf-8-sig
N17_Scylla_MOD,CSV\Card\Scylla_master.txt,881,175センチ,"    説明,貝の内側は水より少しだけ温かくて、誰かの肌の上に寝かされたみたいだった。\n175センチの彼女がのぞきこむと、160センチの僕はその影に覆われてしま",utf-8-sig
N17_Scylla_MOD,CSV\Card\Scylla_master.txt,881,160センチ,だけ温かくて、誰かの肌の上に寝かされたみたいだった。\n175センチの彼女がのぞきこむと、160センチの僕はその影に覆われてしまう。金色の瞳だけが、頭の上で二つの,utf-8-sig
N17_Scylla_MOD,CSV\Card\Scylla_master.txt,1191,六十センチ,し、腰から下の八本の脚を扇のように広げた。\n伸ばせば四メートルにもなる女王の前で、身長百六十センチの僕は、扇の真ん中にぽつんと置かれているにすぎなかった。,utf-8-sig
N17_Scylla_MOD,CSV\Card\Scylla_master.txt,1352,168センチ,"    説明,脇の下に腕が差し込まれ、軽々と持ち上げられる。168センチの上半身に、長い金色の尾。\n160センチの僕は、しっかりと",utf-8-sig
N17_Scylla_MOD,CSV\Card\Scylla_master.txt,1352,160センチ,",脇の下に腕が差し込まれ、軽々と持ち上げられる。168センチの上半身に、長い金色の尾。\n160センチの僕は、しっかりと胸に抱えられた。珊瑚の森を抜けて、声がいち",utf-8-sig
N17_Scylla_MOD,CSV\Card\Scylla_master.txt,1487,六十センチ,ら、何百本もの桃色の触手が重なって広がっている。柔らかくて丸い、座布団のような形だ。\n百六十センチの大人の女性の体がその真ん中から僕を見下ろしていた。胸のふく,utf-8-sig
N17_Scylla_MOD,CSV\Card\Scylla_master.txt,1490,六十センチ,"    説明,嫌がる声ごと、僕の体はゆっくり下ろされた。\n百六十センチの僕の体は、膝の上に乗せられるまま、座面の真ん中に抱きすくめ",utf-8-sig
N17_Scylla_MOD,CSV\Card\Scylla_master.txt,1504,一センチ,"    説明,ぬるり、と。\n触手の先っぽが一センチだけ、ぬるぬるの上をすべるように中へ入ってきた。\n押し込ま",utf-8-sig
N17_Scylla_MOD,CSV\Card\Scylla_master.txt,1509,一センチ,"    説明,触手は一センチの所で止まって、動かなかった。\nお尻の入り口に先っぽをくわ",utf-8-sig
N17_Scylla_MOD,CSV\Card\Scylla_master.txt,1510,一センチ,のでもない。潮に揺れる海藻みたいに、お尻の入り口の内側をやわらかく撫でる。\n右へ、左へ。一センチのまま小さな円を描いて、僕が息を吐くたびに、入り口をほんのち,utf-8-sig
N17_Scylla_MOD,CSV\Card\Scylla_master.txt,1511,二センチ,、吐けば開く。\nいつの間にか、僕の呼吸そのものが、触手を迎え入れる合図にされていた。\n二センチ。揺れて、なじませて、また少し。三センチ。僕の体がほどけた分,utf-8-sig
N17_Scylla_MOD,CSV\Card\Scylla_master.txt,1511,三センチ,そのものが、触手を迎え入れる合図にされていた。\n二センチ。揺れて、なじませて、また少し。三センチ。僕の体がほどけた分だけ、きっちり正確に、触手は中へ進んでく,utf-8-sig
N17_Scylla_MOD,CSV\Card\Scylla_master.txt,1631,六十四センチ,の体の内側の道を探っていたのだと思う。どこがいちばんよく痺れるのかを確かめるように。\n百六十四センチの彼女が少しかがむだけで、百六十センチの僕は爪先まで傘の内側,utf-8-sig
N17_Scylla_MOD,CSV\Card\Scylla_master.txt,1631,六十センチ,こがいちばんよく痺れるのかを確かめるように。\n百六十四センチの彼女が少しかがむだけで、百六十センチの僕は爪先まで傘の内側に包まれてしまう。そのまま運ばれた先は,utf-8-sig
N17_Scylla_MOD,CSV\Card\Scylla_master.txt,1789,六十センチ,"    説明,丸太ほどもある触手が、ひと巻きで百六十センチの僕をさらっていく。大広間の青緑の光が遠ざかる。岩の裂け目を",utf-8-sig
N17_Scylla_MOD,CSV\Card\Scylla_master.txt,1796,九十センチ,"    説明,触手が僕の体をくるりと回して、女王の膝の上へ背中から座らせた。百九十センチの女王の胸に、僕の後頭部が沈む。柔らかすぎる重みが、頭の両側",utf-8-sig
N17_Scylla_MOD,CSV\Card\Scylla_master.txt,1810,二十センチ,女王の体には似合わない、熱をもった大きなものがのぞいていた。女王のふたなりのおちんちんだ。二十センチを軽く超えている。赤い光を受けてつやつやと光り、水の中なのに,utf-8-sig
N17_Scylla_MOD,CSV\Card\Scylla_master.txt,1953,160センチ,"  説明,連れてこられたのは、潮だまりの回廊だった。大人の腰くらいまで溜まったぬるい水は、160センチの僕だと胸の下まで届く。\n天井の割れ目から差す光が水面で砕",utf-8-sig
N17_Scylla_MOD,CSV\Card\Scylla_master.txt,2247,六十センチ,。何重にも垂れた真珠のすだれがしゃらしゃらと鳴り、大きな二枚貝が口を開けている。\n身長百六十センチの僕は、白い海綿の上に横たえられていた。すだれの外には、セイ,utf-8-sig
N17_Scylla_MOD,CSV\Card\Scylla_master.txt,2373,160センチ,座には、人魚たちが腰かけていた。銀の尾、青い尾、珊瑚色の尾。みんな大人の女の人で、背の低い160センチの僕を上から覗きこんで、くすくす笑っていた。,utf-8-sig
N17_Scylla_MOD,CSV\Card\Scylla_master.txt,2512,六十センチ,"    説明,アネモは岩に根を張ったまま体をかがめて、赤い瞳で僕を見下ろした。百六十センチの彼女の影に、百六十センチの僕はすっぽり覆われる。\n彼女は",utf-8-sig
N17_Scylla_MOD,CSV\Card\Scylla_master.txt,2512,六十センチ,ネモは岩に根を張ったまま体をかがめて、赤い瞳で僕を見下ろした。百六十センチの彼女の影に、百六十センチの僕はすっぽり覆われる。\n彼女は触手の房から、朝露みたいに,utf-8-sig
N17_Scylla_MOD,CSV\Card\Scylla_master.txt,2602,六十センチ,のもっと奥、自分でも知らなかった深さまで。お尻のいちばん奥、結腸の入り口の手前まで。\n百六十センチの細い体の中が、下から桃色の触手でいっぱいにされていく。おな,utf-8-sig
N17_Scylla_MOD,CSV\Card\Scylla_master.txt,2652,六十四センチ,"    説明,メドゥが白い指で、僕の手首をそっと持ち上げて、ふわりと引いた。百六十四センチの彼女に手を引かれると、百六十センチの僕は爪先が浮いてしまう",utf-8-sig
N17_Scylla_MOD,CSV\Card\Scylla_master.txt,2652,六十センチ,指で、僕の手首をそっと持ち上げて、ふわりと引いた。百六十四センチの彼女に手を引かれると、百六十センチの僕は爪先が浮いてしまう。ただ漂うように、ついていくしかなか,utf-8-sig
N17_Scylla_MOD,CSV\Card\Scylla_master.txt,2822,六十センチ,"    説明,百六十センチの僕は、岩棚の上で膝をついて前へかがみ、片手を後ろへ回した格",utf-8-sig
N17_Scylla_MOD,CSV\Card\Scylla_master.txt,2822,九十センチ,センチの僕は、岩棚の上で膝をついて前へかがみ、片手を後ろへ回した格好になった。頭の上には百九十センチの女王の影がかぶさっている。\nまわりの娘たちは、みんな僕よ,utf-8-sig
N17_Scylla_MOD,CSV\Card\Scylla_master.txt,2907,九十センチ,顔が、すぐ目の前まで降りてきた。深紅の髪がカーテンのように垂れて、赤い光をさえぎる。\n百九十センチの女王が身をかがめても、僕の目線はまだその胸元にしか届かない,utf-8-sig
N17_Scylla_MOD,CSV\Card\Scylla_master.txt,2966,175センチ,"    説明,見下ろすと、メルティナは玉座の横に立って、昇っていく僕を見上げていた。\n175センチの彼女が、今は小さく見える。けれど足首に添えられた脚はずっと",utf-8-sig
N17_Scylla_MOD,CSV\Card\Scylla_master.txt,3364,六十センチ,いて、その内側の吸盤を、一つ残らず肌に吸いつかせた。\nメルティナは水に体を沈めて、身長百六十センチの僕を正面から胸の高さに抱えた。足の先さえ、もう回廊の底に届,utf-8-sig
N17_Scylla_MOD,CSV\Card\Scylla_master.txt,3396,168センチ,"    説明,セイレは僕を正面から抱きしめた。168センチの上半身が、160センチの僕を丸ごと包みこむ。\n胸飾りの真",utf-8-sig
N17_Scylla_MOD,CSV\Card\Scylla_master.txt,3396,160センチ,"    説明,セイレは僕を正面から抱きしめた。168センチの上半身が、160センチの僕を丸ごと包みこむ。\n胸飾りの真珠がほっぺに当たって、金",utf-8-sig
N17_Scylla_MOD,CSV\Card\Scylla_master.txt,3530,一センチ,"    説明,七周目の円の終わりに、ぬるり、と。\n触手の先っぽが一センチだけ、ぬるぬるに乗ってお尻の中へすべりこんだ。\n押し込まれ",utf-8-sig
N17_Scylla_MOD,CSV\Card\Scylla_master.txt,3535,一センチ,"    説明,触手は一センチの所で、じっと待った。\nぬるぬるが中になじんで、熱がうすい",utf-8-sig
N17_Scylla_MOD,CSV\Card\Scylla_master.txt,3536,一センチ,"    説明,右へ、左へ。一センチのまま小さな円を描いて、揺れるたびに新しいぬるぬるをにじませ",utf-8-sig
N17_Scylla_MOD,CSV\Card\Scylla_master.txt,3536,二センチ,",右へ、左へ。一センチのまま小さな円を描いて、揺れるたびに新しいぬるぬるをにじませる。\n二センチ。三センチ。僕の体がほどけた分だけ、きっちり正確に、触手はお",utf-8-sig
N17_Scylla_MOD,CSV\Card\Scylla_master.txt,3536,三センチ,へ。一センチのまま小さな円を描いて、揺れるたびに新しいぬるぬるをにじませる。\n二センチ。三センチ。僕の体がほどけた分だけ、きっちり正確に、触手はお尻の中へ進,utf-8-sig
N17_Scylla_MOD,CSV\Card\Scylla_master.txt,3560,一センチ,"    説明,触手は入ってきたときと同じ速さで、一センチずつ引いていった。\nイッたばかりのお尻の中を、ぬるぬるの表",utf-8-sig
N17_Scylla_MOD,CSV\Card\Scylla_master.txt,3560,一センチ,ていく。前立腺をさびしそうにひと撫でして、中の壁を撫でて、お尻の入り口をくぐる。\n最後の一センチが抜ける瞬間、お尻の穴がすがりつくようにひくっと締まった。僕,utf-8-sig
N17_Scylla_MOD,CSV\Card\Scylla_master.txt,3648,六十四センチ,"    説明,百六十四センチの彼女のドレスは、広げると丸い舟のようになった。百六十センチ",utf-8-sig
N17_Scylla_MOD,CSV\Card\Scylla_master.txt,3648,六十センチ,"    説明,百六十四センチの彼女のドレスは、広げると丸い舟のようになった。百六十センチの僕は、その上にあお向けに寝かされた。\n運ばれたのは、神殿",utf-8-sig
N17_Scylla_MOD,CSV\Card\Scylla_master.txt,3796,六十センチ,"    説明,大きな触手が優しく僕の腰を抱いて、百六十センチの体をふわりと持ち上げる。運ばれた先は深い海溝。黒い岩壁が真",utf-8-sig
N17_Scylla_MOD,CSV\Card\Scylla_master.txt,3845,一センチ,"    説明,ほぐされたお尻の穴が、熱いものを一センチずつ飲みこんでいく。張り出したカリが入り口を越えた瞬間、ぬる",utf-8-sig
N17_Scylla_MOD,CSV\Card\Scylla_master.txt,3959,160センチ,"    説明,メルティナは僕を船長の椅子に座らせた。\n古い革張りの大きな椅子で、160センチの僕が座ると足が床に届かない。彼女は正面に立って、175セン",utf-8-sig
N17_Scylla_MOD,CSV\Card\Scylla_master.txt,3959,175センチ,n古い革張りの大きな椅子で、160センチの僕が座ると足が床に届かない。彼女は正面に立って、175センチの高さから、膝に手をついてのぞきこんだ。,utf-8-sig
N17_Scylla_MOD,CSV\Card\Scylla_master.txt,4267,六十センチ,腰から下の八本の脚を狭い船室いっぱいに広げた。\n壁にも天井にも床にも紫の脚が這う。身長百六十センチの僕はその真ん中に、放り出されるように浮かべられた。どこへ手,utf-8-sig
N17_Scylla_MOD,CSV\Card\Scylla_master.txt,4416,160センチ,合わせてさらさらと触れ合っている。\nその奥に、大きな二枚貝が虹色の口を開けていた。彼女は160センチの僕をその中に寝かせ、自分はふちにひじをついて見下ろした。貝,utf-8-sig
N17_Scylla_MOD,CSV\Card\Scylla_master.txt,4552,六十センチ,げていた。\n水は人肌くらいに温かい。光の柱の中で、細かい泡がきらきらのぼっていく。\n百六十センチの大人の女性の体が、ひざをついた百六十センチの僕を上からのぞ,utf-8-sig
N17_Scylla_MOD,CSV\Card\Scylla_master.txt,4552,六十センチ,の中で、細かい泡がきらきらのぼっていく。\n百六十センチの大人の女性の体が、ひざをついた百六十センチの僕を上からのぞきこむ。桃色の短い髪のふさが、うれしそうにそ,utf-8-sig
N17_Scylla_MOD,CSV\Card\Scylla_master.txt,4573,一センチ,しまう距離。\nけれど、腰を落とすことは、ねだるのと同じだった。僕はひざをふるわせて、その一センチの距離を、自分の体重でたもち続けなければならなかった。,utf-8-sig
N17_Scylla_MOD,CSV\Card\Scylla_master.txt,4581,一センチ,"    説明,小指くらいの細い触手が、ぬるぬるに乗って、ぬるりと入ってきた。\n一センチ。そこで止まって、お尻の入り口に先っぽをくわえさせたまま、な",utf-8-sig
N17_Scylla_MOD,CSV\Card\Scylla_master.txt,4581,一センチ,、お尻の入り口に先っぽをくわえさせたまま、なじむのを待つ。\n待たされた分だけ、そのたった一センチが、信じられないくらい甘かった。,utf-8-sig
N17_Scylla_MOD,CSV\Card\Scylla_master.txt,4584,二センチ,揺れた。押しこむのでも、引きぬくのでもない。海藻が潮にそよぐように、お尻の中を撫でる。\n二センチ。三センチ。揺れて、なじませて、また少し。僕の体がほどけた分,utf-8-sig
N17_Scylla_MOD,CSV\Card\Scylla_master.txt,4584,三センチ,しこむのでも、引きぬくのでもない。海藻が潮にそよぐように、お尻の中を撫でる。\n二センチ。三センチ。揺れて、なじませて、また少し。僕の体がほどけた分だけ、きっ,utf-8-sig
N17_Scylla_MOD,CSV\Card\Scylla_master.txt,4606,十センチ,"    セリフ,ここまでだね。十センチくらいかな。きみの指で、ちゃんと言えたね。えらーい。",utf-8-sig
N17_Scylla_MOD,CSV\Card\Scylla_master.txt,4607,六センチ,"    説明,三本の触手が、そろってゆっくりお尻の奥へ進んだ。\n六センチ。七センチ。進むたびに中の壁が押し広げられて、ぬるぬるが新し",utf-8-sig
N17_Scylla_MOD,CSV\Card\Scylla_master.txt,4607,七センチ,"    説明,三本の触手が、そろってゆっくりお尻の奥へ進んだ。\n六センチ。七センチ。進むたびに中の壁が押し広げられて、ぬるぬるが新しくぬり広げ",utf-8-sig
N17_Scylla_MOD,CSV\Card\Scylla_master.txt,4607,九センチ,ンチ。七センチ。進むたびに中の壁が押し広げられて、ぬるぬるが新しくぬり広げられていく。\n九センチ。そして十センチ。僕が指で示したその深さで、触手の先が、ぷっ,utf-8-sig
N17_Scylla_MOD,CSV\Card\Scylla_master.txt,4607,十センチ,進むたびに中の壁が押し広げられて、ぬるぬるが新しくぬり広げられていく。\n九センチ。そして十センチ。僕が指で示したその深さで、触手の先が、ぷっくりしたふくらみ,utf-8-sig
N17_Scylla_MOD,CSV\Card\Scylla_master.txt,4612,十センチ,"    セリフ,そこ、前立腺っていうんだよ。きみのいちばん揺れちゃうところ。十センチ、ぴったりだね。",utf-8-sig
N17_Scylla_MOD,CSV\Card\Scylla_master.txt,4615,十センチ,"    セリフ,ほら、きみが言った数だよ。三本で、十センチ。これ、きみが選んだの。だから、いっちゃってもきみのせいだよ",utf-8-sig
N17_Scylla_MOD,CSV\Card\Scylla_master.txt,4624,十センチ,"    説明,三本の触手は、イッたあとも十センチの深さから一ミリも下がらなかった。\nイッて敏感になった前立",utf-8-sig
N17_Scylla_MOD,CSV\Card\Scylla_master.txt,4627,十センチ,の中へ、じゅわっとしみこんでいった。\n乳首がぷっくりふくらむ。そのうずきは背骨を降りて、十センチの前立腺へまっすぐ落ちていく。,utf-8-sig
N17_Scylla_MOD,CSV\Card\Scylla_master.txt,4635,十センチ,柱がひとつ、またひとつとイソギンチャクを照らしていく、長い長い揺れだった。\n三本の触手が十センチの深さで揺れて、刺胞の房が乳首を撫でて、アネモの笑い声が耳元,utf-8-sig
N17_Scylla_MOD,CSV\Card\Scylla_master.txt,4651,十センチ,"    説明,ふたつ目の数。\n「十センチ」と示した深さで撫でられ続けて、刺胞で乳首をしびれさせられて",utf-8-sig
N17_Scylla_MOD,CSV\Card\Scylla_master.txt,4651,十センチ,、僕は自分がどこでイッたのかも分からなかった。\nアネモは台のふちに、今度は細い線を一本、十センチの長さできざんだ。,utf-8-sig
N17_Scylla_MOD,CSV\Card\Scylla_master.txt,4655,十センチ,、この時間になれば芽を出すうずきのたねを、胸の中にうめていくように。\nお尻の中の三本は、十センチの深さを一度も外れなかった。僕が指で示した前立腺を、正確に、,utf-8-sig
N17_Scylla_MOD,CSV\Card\Scylla_master.txt,4667,十センチ,"    説明,頭の中にはもう、数しかなかった。\n三本。十センチ。十回。そして今、何個目の白いイソギンチャクなのか。自分の名",utf-8-sig
N17_Scylla_MOD,CSV\Card\Scylla_master.txt,4674,十センチ,つくと僕はアネモの胸にぐったり沈んで、あらい息を吐いていた。\n台のふちには、三つの点と、十センチの線と、光の一周を示す丸いきざみ。僕が自分の口で言った数が、,utf-8-sig
N17_Scylla_MOD,CSV\Card\Scylla_master.txt,4676,十センチ,"    セリフ,これが、きみの日課。三本で、十センチで、光が一周するまで。毎日だよ？　それとね、毎日ひとつずつ数",utf-8-sig
N17_Scylla_MOD,CSV\Card\Scylla_master.txt,4677,十センチ,日が床をはうのを見るたびに、光の柱が白いイソギンチャクを照らす景色を思い出した。\n三本、十センチ、一周。四本、十一センチ、一周。気がつけば、足していく数まで,utf-8-sig
N17_Scylla_MOD,CSV\Card\Scylla_master.txt,4677,十一センチ,びに、光の柱が白いイソギンチャクを照らす景色を思い出した。\n三本、十センチ、一周。四本、十一センチ、一周。気がつけば、足していく数までとなえていた。,utf-8-sig
N17_Scylla_MOD,CSV\Card\Scylla_master.txt,4682,十四センチ,"    セリフ,七本……十四センチ……光が、二周するまで……♡　座らせて、ください……アネモさ",utf-8-sig
N17_Scylla_MOD,CSV\Card\Scylla_master.txt,4695,六十四センチ,負は終わっていた。\n糸に引かれて漂い着いたのは、神殿のわきに沈んだ古い船の部屋だった。百六十四センチの彼女が扉をくぐると、白く半透明の髪とドレスの裾が、百六十セ,utf-8-sig
N17_Scylla_MOD,CSV\Card\Scylla_master.txt,4695,六十センチ,だ古い船の部屋だった。百六十四センチの彼女が扉をくぐると、白く半透明の髪とドレスの裾が、百六十センチの僕の目の前をすっかりおおった。,utf-8-sig
N17_Scylla_MOD,CSV\Card\Scylla_master.txt,4857,六十センチ,"    説明,触手のひと巻きに百六十センチの体をすっぽり包まれて、光のないほうへ運ばれる。深い海溝の途",utf-8-sig
N17_Scylla_MOD,CSV\Card\Scylla_master.txt,4861,二十センチ,鱗の衣装の合わせ目から、熱をもった大きなものがのぞいている。女王のふたなりのおちんちんだ。二十センチを軽く超えるそれを、女王は自慢するように隠さなかった。\nそ,utf-8-sig
N17_Scylla_MOD,CSV\Card\Scylla_master.txt,4934,二十センチ,、僕自身の重さだけ。\n一ミリ、また一ミリ。息を吐くたびに少し沈んで、吸うたびに少し沈む。二十センチを超える熱いおちんちんが、少しずつ、たしかに、僕のお尻の中を,utf-8-sig
N17_Scylla_MOD,CSV\Card\Scylla_mons_boss.txt,25,190cm,物を抱いたまま深淵へ降りていく。その番（つがい）に選ばれた者は、二度と水面を見ない。（身長190cm・触手の全長約10m／B104・W64）。得意技：深淵の交わ,utf-8-sig
N17_Scylla_MOD,CSV\Card\Scylla_mons_e1.txt,21,168cm,息を分け与える。その歌を一度聞いた者は、潮騒の中にいつまでも同じ旋律を探してしまう。（身長168cm・尾を含む全長2.4m／B86・W56）。得意技：人魚の歌声,utf-8-sig
N17_Scylla_MOD,CSV\Card\Scylla_mons_e2.txt,22,160cm,た相手を触手のスカートに座らせて離さない。刺胞の毒は痛くない。ただ、甘く火照るだけ。（身長160cm／B82・W55・H84）。得意技：揺れる触手,utf-8-sig
N17_Scylla_MOD,CSV\Card\Scylla_mons_e3.txt,22,164cm,途切れがち。傘のドレスの裾から垂れる透明な糸は、触れたところに甘い痺れを残していく。（身長164cm／B78・W54・H80）。得意技：透明な糸,utf-8-sig
N17_Scylla_MOD,CSV\Card\Scylla_recall.txt,142,168cm,息を分け与える。その歌を一度聞いた者は、潮騒の中にいつまでも同じ旋律を探してしまう。（身長168cm・尾を含む全長2.4m／B86・W56）。得意技：人魚の歌声,utf-8-sig
N17_Scylla_MOD,CSV\Card\Scylla_recall.txt,150,160cm,た相手を触手のスカートに座らせて離さない。刺胞の毒は痛くない。ただ、甘く火照るだけ。（身長160cm／B82・W55・H84）。得意技：揺れる触手,utf-8-sig
N17_Scylla_MOD,CSV\Card\Scylla_recall.txt,158,164cm,途切れがち。傘のドレスの裾から垂れる透明な糸は、触れたところに甘い痺れを残していく。（身長164cm／B78・W54・H80）。得意技：透明な糸,utf-8-sig
N17_Scylla_MOD,CSV\Card\Scylla_recall.txt,166,190cm,物を抱いたまま深淵へ降りていく。その番（つがい）に選ばれた者は、二度と水面を見ない。（身長190cm・触手の全長約10m／B104・W64）。得意技：深淵の交わ,utf-8-sig
N18_Lamia_MOD,CSV\Card\Lamia_lose_btl_boss.txt,14,五十センチ,蛇体が音もなく床を擦り、僕の身体はその胴にすくい上げられるようにして宙に浮いた。\n身長百五十センチの僕は、百八十八センチの女王の上半身に届くことすらなく、十二,utf-8-sig
N18_Lamia_MOD,CSV\Card\Lamia_lose_btl_boss.txt,14,八十八センチ,り、僕の身体はその胴にすくい上げられるようにして宙に浮いた。\n身長百五十センチの僕は、百八十八センチの女王の上半身に届くことすらなく、十二メートルの蛇体にとって,utf-8-sig
N18_Lamia_MOD,CSV\Card\Lamia_lose_btl_m2.txt,13,五十センチ,で僕の顎を持ち上げた。頭ひとつ以上も高い位置から、縦長の瞳孔がすうっと細くなる。\n身長百五十センチの僕は、彼女の胸元にも届かない。蛇体を含めれば、僕は彼女のと,utf-8-sig
N18_Lamia_MOD,CSV\Card\Lamia_lose_btl_m3.txt,14,五十センチ,った。ひんやりとした鱗がすべるように絡み、次の瞬間には体ごと持ち上げられていた。\n身長百五十センチの僕は、百七十六センチの彼女の胸の高さにも届かない。蛇体を含,utf-8-sig
N18_Lamia_MOD,CSV\Card\Lamia_lose_btl_m3.txt,14,七十六センチ,鱗がすべるように絡み、次の瞬間には体ごと持ち上げられていた。\n身長百五十センチの僕は、百七十六センチの彼女の胸の高さにも届かない。蛇体を含めれば六メートル。僕は,utf-8-sig
N18_Lamia_MOD,CSV\Card\Lamia_lose_inochi_m2.txt,17,五十センチ,くなった。\nけれど他に道はなかった。尾がやわらかく腰に回され、僕は抱き上げられた。身長百五十センチの体は、頭ひとつ以上も高い彼女の腕の中で、軽々と運ばれていっ,utf-8-sig
N18_Lamia_MOD,CSV\Card\Lamia_lose_onani_boss.txt,15,五十センチ,と、玉座のとぐろに身を預けたウロボラが、王冠の下から紅い瞳で僕を見下ろしていた。\n身長百五十センチの僕にとって、玉座の女王は見上げる首が痛くなるほど高かった。,utf-8-sig
N18_Lamia_MOD,CSV\Card\Lamia_lose_onani_m2.txt,13,五十センチ,"説明,尾がするりと腰に巻き付き、僕は床から持ち上げられた。身長百五十センチの体は、彼女の腕と胴の間にあっけなく収まってしまう。\n頭ひ",utf-8-sig
N18_Lamia_MOD,CSV\Card\Lamia_lose_onedari_boss.txt,15,五十センチ,ぎ落としたものを重ねて作ったのだと分かった。\n僕はその白い褥の真ん中に下ろされた。身長百五十センチの僕の身体は、褥の広さに比べてあまりに小さかった。,utf-8-sig
N18_Lamia_MOD,CSV\Card\Lamia_lose_onedari_m2.txt,13,五十センチ,"説明,尾がするりと腰に巻き付き、僕は持ち上げられた。身長百五十センチの体は、頭ひとつ以上も高い彼女の腕の中にすっぽりと収まり、ひ",utf-8-sig
N18_Lamia_MOD,CSV\Card\Lamia_lose_onedari_m3.txt,14,五十センチ,"説明,尾が腰に回り、僕の体はふわりと持ち上げられた。百五十センチの僕は、彼女の豊かな胸の下にすっぽり抱えられ、とぐろの内側で",utf-8-sig
N18_Lamia_MOD,CSV\Card\Lamia_master.txt,1249,一センチ,"    説明,舌の先が、ゆるんだふちをくぐった。\n細い。でも長い。一センチ、二センチと、冷たく濡れたものが中の壁を押し広げながら進んで",utf-8-sig
N18_Lamia_MOD,CSV\Card\Lamia_master.txt,1249,二センチ,"    説明,舌の先が、ゆるんだふちをくぐった。\n細い。でも長い。一センチ、二センチと、冷たく濡れたものが中の壁を押し広げながら進んでくる。指と",utf-8-sig
N18_Lamia_MOD,CSV\Card\Lamia_master.txt,1374,170センチ,る。彼女はそれをちらりと見てから、僕を見下ろした。\n身長の差は、頭ひとつどころではない。170センチの上半身に4メートルの蛇の胴。僕なんか、とぐろの内側に閉じこ,utf-8-sig
N18_Lamia_MOD,CSV\Card\Lamia_master.txt,2600,三十センチ,細い、先の割れた舌。それが空中で、ゆっくり二つに開いては閉じる。\n触れてはいない。僕から三十センチもはなれたところで、空気を舐めているだけだ。なのに首筋のうぶ,utf-8-sig
N18_Lamia_MOD,CSV\Card\Lamia_master.txt,3308,一センチ,真ん中へ、舌の先がもぐりこんだ。細くて骨のないものが、中の壁の形に沿ってうねりながら進む。一センチ、二センチ。指では絶対に出せないなめらかさで、ひだを一枚ずつ,utf-8-sig
N18_Lamia_MOD,CSV\Card\Lamia_master.txt,3308,二センチ,舌の先がもぐりこんだ。細くて骨のないものが、中の壁の形に沿ってうねりながら進む。一センチ、二センチ。指では絶対に出せないなめらかさで、ひだを一枚ずつ舐め広げて,utf-8-sig
N18_Lamia_MOD,CSV\Card\Lamia_master.txt,4330,一センチ,ゆるんだ真ん中へ、舌の先がもぐりこんだ。骨のないものが中の壁の形に沿ってうねりながら進む。一センチ、二センチ。ひだを一枚ずつめくるように舐め広げながら、僕が言,utf-8-sig
N18_Lamia_MOD,CSV\Card\Lamia_master.txt,4330,二センチ,ん中へ、舌の先がもぐりこんだ。骨のないものが中の壁の形に沿ってうねりながら進む。一センチ、二センチ。ひだを一枚ずつめくるように舐め広げながら、僕が言った所を目,utf-8-sig
N19_Twins_MOD,CSV\Card\Twins_master.txt,1001,六十センチ,われたのは、そこから一番よく吸えると双子に見抜かれていたからだ。二人に両腕を取られると、百六十センチの僕の足は床から浮いてしまった。\n重いカーテンをくぐると、,utf-8-sig
N19_Twins_MOD,CSV\Card\Twins_master.txt,1696,三センチ,量、増加。線に混ざりましたね。構いません。被験者さんの体液は、紋の定着を早めます。……あと三センチです。,utf-8-sig
N19_Twins_MOD,CSV\Card\Twins_master.txt,1697,三センチ,"    説明,残り三センチが、ものすごく長かった。ペン先は急がない。一ミリ進んでは止ま",utf-8-sig
N19_Twins_MOD,CSV\Card\Twins_master.txt,1727,二センチ,"    セリフ,交点まで、あと二センチ。被験者さんの腰が浮いています。浮かせても線は曲げません。留",utf-8-sig
N19_Twins_MOD,CSV\Card\Twins_master.txt,1786,一センチ,"    セリフ,残り一センチ。……被験者さん、ご自分で言ってください。閉じてほしいですか",utf-8-sig
N19_Twins_MOD,CSV\Card\Twins_master.txt,1824,八センチ,"    セリフ,百五十八と百六十。たった八センチなのに、ざこおにいさんってば、どこから見ても見下ろせちゃうん",utf-8-sig
N19_Twins_MOD,CSV\Card\Twins_master.txt,1948,八センチ,"    セリフ,ねえ、今どんな気持ち？　背の低いよわよわおにいさんが、八センチ高い私に見下ろされて、ざこちんちんの中もケツ穴の中もはさまれ",utf-8-sig
N19_Twins_MOD,CSV\Card\Twins_master.txt,1977,八十センチ,めれば乳首を吸われる。どちらを守っても崩れる責めを、盤の上で体に覚えこまされたのだ。\n百八十センチの腕に抱え上げられると、百六十センチの僕は胸と腕の間に抱きす,utf-8-sig
N19_Twins_MOD,CSV\Card\Twins_master.txt,1977,六十センチ,も崩れる責めを、盤の上で体に覚えこまされたのだ。\n百八十センチの腕に抱え上げられると、百六十センチの僕は胸と腕の間に抱きすくめられた。そのまま螺旋階段を運ばれ,utf-8-sig
N19_Twins_MOD,CSV\Card\Twins_master.txt,2085,八十センチ,"    説明,根元まで収まると、ノクスは動かずに、僕を翼ごと抱きしめた。百八十センチの体に覆われると、百六十センチの僕は胸の下に覆われて、顔は大",utf-8-sig
N19_Twins_MOD,CSV\Card\Twins_master.txt,2085,六十センチ,根元まで収まると、ノクスは動かずに、僕を翼ごと抱きしめた。百八十センチの体に覆われると、百六十センチの僕は胸の下に覆われて、顔は大きな胸にうもれてしまう。\nお,utf-8-sig
N19_Twins_MOD,CSV\Card\Twins_master.txt,2874,四センチ,"    セリフ,尻尾、第一節。前立腺の位置、確認しました。交点の真下、四センチ。……紋と一致しています。美しい配置です。",utf-8-sig
N19_Twins_MOD,CSV\Card\Twins_master.txt,2959,五十八センチ,のじゅうたんに膝をつかされると、ピクシは手すりに腰かけて、脚を組んで見下ろしてきた。\n百五十八センチの彼女が手すりの上にいると、座りこんだ僕の頭は、彼女の膝より,utf-8-sig
N19_Twins_MOD,CSV\Card\Twins_master.txt,3044,八センチ,"    説明,ピクシは僕の両わきに手を入れて、ひょいと持ち上げた。八センチの差でも、力の抜けた僕の体は荷物みたいに軽々と運ばれて、踊り",utf-8-sig
N19_Twins_MOD,CSV\Card\Twins_master.txt,3201,六十センチ,が、目の前の半分をふさいでいる。その向こうから、金色の瞳が静かに僕を見下ろしていた。\n百六十センチの体は、母の膝と翼の間に包まれている。手足をどう動かしても、,utf-8-sig
N19_Twins_MOD,CSV\Card\Twins_master.txt,4034,八センチ,"    セリフ,立ってても私のほうが八センチ高いのに、座ったらもう胸の高さじゃん。見上げてる顔、かわいー",utf-8-sig
N19_Twins_MOD,CSV\Card\Twins_master.txt,4197,八十センチ,と夜の花の香りでいっぱいだった。\n背中は扉に押しつけられて、正面にはノクスの体がある。百八十センチの彼女と、百六十センチの僕。目の前にあるのは、夜色のドレスに,utf-8-sig
N19_Twins_MOD,CSV\Card\Twins_master.txt,4197,六十センチ,いだった。\n背中は扉に押しつけられて、正面にはノクスの体がある。百八十センチの彼女と、百六十センチの僕。目の前にあるのは、夜色のドレスに包まれた大きな胸の下の,utf-8-sig
N19_Twins_MOD,CSV\Card\Twins_master.txt,5298,八十センチ,"    説明,ノクスは僕の手を取って、螺旋階段を上った。百八十センチの彼女の歩幅に合わせて、百六十センチの僕は小走りになる。\n",utf-8-sig
N19_Twins_MOD,CSV\Card\Twins_master.txt,5298,六十センチ,"  説明,ノクスは僕の手を取って、螺旋階段を上った。百八十センチの彼女の歩幅に合わせて、百六十センチの僕は小走りになる。\n最上階の奥、銀の錠前のついた扉の向こ",utf-8-sig
N1_Host_MOD_v4,CSV\Card\Host_master.txt,1172,160センチ,"  説明,ソファに座ったレンの膝の上へ、背中から抱きかかえられるように座らされた。\n身長160センチの僕の体は、長い脚のあいだに包みこまれてしまう。後頭部が、黒",utf-8-sig
N1_Host_MOD_v4,CSV\Card\Host_master.txt,1372,六十センチ,"    セリフ,ほら、見て。これが今夜の君。\n百六十センチの細い体に、こんなに薄い胸。指名したくなるだろ？",utf-8-sig
N1_Host_MOD_v4,CSV\Card\Host_master.txt,1460,三十センチ,黒いスラックスの中から出てきた彼のおちんちんは、あの細い体からは想像できないほど長かった。三十センチ近くある。熱を持って、上に反り返っている。\n鏡越しに見ただ,utf-8-sig
N1_Host_MOD_v4,CSV\Card\Host_master.txt,1476,一センチ,"    説明,舌を吸われながら、少しずつ、少しずつ中へ。\n一センチ進むたびにレンは止まって、僕の中が形になじむのを待って、また",utf-8-sig
N1_Host_MOD_v4,CSV\Card\Host_master.txt,1483,六十センチ,"    セリフ,ほら、根元まで。百六十センチの体に、俺のちんぽが全部入った。\n君はもう、お尻の穴のいち",utf-8-sig
N1_Host_MOD_v4,CSV\Card\Host_master.txt,1746,六十七センチ,"    説明,灰色の瞳が、レンズ越しに僕を見下ろす。百六十七センチのユウと並ぶと、百六十センチの僕はその影に包まれてしまう。",utf-8-sig
N1_Host_MOD_v4,CSV\Card\Host_master.txt,1746,六十センチ,"    説明,灰色の瞳が、レンズ越しに僕を見下ろす。百六十七センチのユウと並ぶと、百六十センチの僕はその影に包まれてしまう。",utf-8-sig
N1_Host_MOD_v4,CSV\Card\Host_master.txt,2604,六十センチ,"    説明,首を伸ばす。背伸びをする。百六十センチの僕の体では、百七十四センチのレンの唇に届くのがやっとだった",utf-8-sig
N1_Host_MOD_v4,CSV\Card\Host_master.txt,2604,七十四センチ,"    説明,首を伸ばす。背伸びをする。百六十センチの僕の体では、百七十四センチのレンの唇に届くのがやっとだった。\nつま先立ちで、震えなが",utf-8-sig
N1_Host_MOD_v4,CSV\Card\Host_master.txt,2944,三十センチ,いスーツの前だけを開けたレンが、長く反り返った彼のおちんちんを、ローションで濡らしていた。三十センチ近くある。,utf-8-sig
N1_Host_MOD_v4,CSV\Card\Host_master.txt,2961,一センチ,"    説明,鏡の中で、僕の体がレンの上にじわじわ沈んでいく。\n一センチ、また一センチ。途中で前立腺をごりっとこすり上げられた瞬間、",utf-8-sig
N1_Host_MOD_v4,CSV\Card\Host_master.txt,2961,一センチ,"    説明,鏡の中で、僕の体がレンの上にじわじわ沈んでいく。\n一センチ、また一センチ。途中で前立腺をごりっとこすり上げられた瞬間、腰がびくんと跳",utf-8-sig
N1_Host_MOD_v4,CSV\Card\Host_master.txt,4333,三十センチ,"    説明,出てきた彼のおちんちんは、細い体に似合わないほど長くて、三十センチ近くあった。熱を持って、上に反り返っている。\nレンはそれに",utf-8-sig
N1_Host_MOD_v4,CSV\Card\Host_master.txt,4620,六十七センチ,"    説明,背中がユウの胸にぴたりとつく。百六十七センチの細い体に、百六十センチの僕が抱きすくめられる。左右の耳のす",utf-8-sig
N1_Host_MOD_v4,CSV\Card\Host_master.txt,4620,六十センチ,"    説明,背中がユウの胸にぴたりとつく。百六十七センチの細い体に、百六十センチの僕が抱きすくめられる。左右の耳のすぐ横に、ユウのほおがあっ",utf-8-sig
N1_Host_MOD_v4,CSV\Card\Host_master.txt,5653,六十センチ,"    説明,ソファに深く座ったレンの膝の上に、向かい合わせにまたがらされた。\n百六十センチの僕の体は、座ったレンの胸に抱きすくめられてしまう。見上げた",utf-8-sig
N1_Host_MOD_v4,CSV\Card\Host_master.txt,5762,三十センチ,いまま、そこだけを。\n出てきた彼のおちんちんは、細い体からは想像もできないほど長かった。三十センチ近くある。熱を持って反り返って、僕の太ももの内側にぴたりと触,utf-8-sig
N1_Host_MOD_v4,CSV\Card\Host_master.txt,5784,一センチ,"    説明,悲鳴はキスの中で溶けた。舌を吸われながら、一センチ、また一センチと沈められていく。\nレンは進むたびに止まって",utf-8-sig
N1_Host_MOD_v4,CSV\Card\Host_master.txt,5784,一センチ,"    説明,悲鳴はキスの中で溶けた。舌を吸われながら、一センチ、また一センチと沈められていく。\nレンは進むたびに止まって、僕の中が形に",utf-8-sig
N1_Host_MOD_v4,CSV\Card\Host_master.txt,6050,六十七センチ,"    説明,椅子の背もたれ越しに、細い黒スーツの腕が両側からのびてくる。百六十七センチの体におおいかぶさられて、百六十センチの僕は、その腕のおりの",utf-8-sig
N1_Host_MOD_v4,CSV\Card\Host_master.txt,6050,六十センチ,れ越しに、細い黒スーツの腕が両側からのびてくる。百六十七センチの体におおいかぶさられて、百六十センチの僕は、その腕のおりの中に閉じこめられた。,utf-8-sig
N20_Vampire_MOD,CSV\Card\Vampire_master.txt,977,七十四センチ,"    説明,彼女は立ったまま、僕の前に来た。百七十四センチの長身と、座らされた僕。顔の高さがまるで違う。黒と赤のドレス",utf-8-sig
N20_Vampire_MOD,CSV\Card\Vampire_master.txt,3390,七十四センチ,"    説明,橋のたもとで、ノクティアは僕の前に立った。百七十四センチの長身が霧の中にすらりと立っていて、銀の髪が湿った夜の空気の",utf-8-sig
N20_Vampire_MOD,CSV\Card\Vampire_master.txt,4578,七十四センチ,"    説明,腰を抱かれて、軽々と膝の上に乗せられた。百七十四センチの彼女の膝の上に座ると、背の低い僕の顔がちょうど彼女の顔の高",utf-8-sig
N21_Hive_MOD,CSV\Card\Hive_master.txt,1163,一センチ,たさじ目よりも遅い。\nでもたしかに、温かいかたまりが内側を撫でながら降りてくる。通り道の一センチごとに、尿道の壁が甘く痺れた。,utf-8-sig
N21_Hive_MOD,CSV\Card\Hive_master.txt,1205,八十センチ,"    説明,最後の一枚を女王の羽に払われた時、僕は膝から床に落ちていた。百八十センチの女王は、百六十センチの僕をひょいと抱き上げた。見下ろされる",utf-8-sig
N21_Hive_MOD,CSV\Card\Hive_master.txt,1205,六十センチ,"説明,最後の一枚を女王の羽に払われた時、僕は膝から床に落ちていた。百八十センチの女王は、百六十センチの僕をひょいと抱き上げた。見下ろされる僕の体は、彼女の腕の中",utf-8-sig
N21_Hive_MOD,CSV\Card\Hive_master.txt,1846,六十センチ,"    説明,僕は上の甲殻の腕に両脇をすくわれ、百六十センチの体ごと宙に持ち上げられた。\n金色に光る六角形の通路を抜け",utf-8-sig
N21_Hive_MOD,CSV\Card\Hive_master.txt,3102,六十センチ,"    説明,身長百六十センチの彼女が隣に座ると、横になった僕の頭は、彼女の腰のあたりにし",utf-8-sig
N21_Hive_MOD,CSV\Card\Hive_master.txt,4046,八十センチ,畑だった。白や黄色や薄紅の花が波打ち、その向こうの木立の切れ目に、街道の土の色が見える。百八十センチの女王は、見下ろされる僕を、花の真ん中にそっと下ろした。,utf-8-sig
N21_Hive_MOD,CSV\Card\Hive_master.txt,4639,六十センチ,"説明,背中に当たる鎧はひんやりと硬い。その奥から、彼女の体温がじわじわとしみてくる。\n百六十センチの細い体は、百七十二センチの腕の中に抱きすくめられていた。",utf-8-sig
N21_Hive_MOD,CSV\Card\Hive_master.txt,4639,七十二センチ,んやりと硬い。その奥から、彼女の体温がじわじわとしみてくる。\n百六十センチの細い体は、百七十二センチの腕の中に抱きすくめられていた。,utf-8-sig
N21_Hive_MOD,CSV\Card\Hive_master.txt,6217,六十四センチ,"    説明,ハニーは僕をひょいと抱き上げた。百六十四センチの腕の中に、百六十センチの僕は抱きすくめられてしまう。\n運",utf-8-sig
N21_Hive_MOD,CSV\Card\Hive_master.txt,6217,六十センチ,"    説明,ハニーは僕をひょいと抱き上げた。百六十四センチの腕の中に、百六十センチの僕は抱きすくめられてしまう。\n運ばれたのは巣の奥、六角の",utf-8-sig
N21_Hive_MOD,CSV\Card\Hive_master.txt,6324,一センチ,"    説明,腰のくぼみから尾てい骨までの短い距離を、舌は時間をかけて下りた。\n蜜の線が一センチ消えるごとに、お尻の穴の上に溜まった蜜が、次は自分の番だと言",utf-8-sig
N22_Prison_MOD,CSV\Card\Prison_master.txt,66,六十センチ,"  セリフ,身長百六十センチ。受刑者番号は百六十番とします。身長と同じ。覚えやすいでしょ",utf-8-sig
N22_Prison_MOD,CSV\Card\Prison_master.txt,1197,六十センチ,"    セリフ,百六十センチ。記録します。……服を下ろしなさい。自分の手で。",utf-8-sig
N22_Prison_MOD,CSV\Card\Prison_master.txt,1629,六十五センチ,"    説明,ケイが僕の後ろに回った。彼女は百六十五センチ、僕は百六十センチ。\n見下ろされる僕の耳は、彼女が少し背を",utf-8-sig
N22_Prison_MOD,CSV\Card\Prison_master.txt,1629,六十センチ,"    説明,ケイが僕の後ろに回った。彼女は百六十五センチ、僕は百六十センチ。\n見下ろされる僕の耳は、彼女が少し背をかがめるだけで、ち",utf-8-sig
N22_Prison_MOD,CSV\Card\Prison_master.txt,1831,六十センチ,"    セリフ,百六十番。身長百六十センチ、記録と相違なし。細いですね。足台に乗って、仰向けに寝てくだ",utf-8-sig
N22_Prison_MOD,CSV\Card\Prison_master.txt,2215,八十センチ,獄マグダレーナは外套を椅子の背に掛け、軍服のような制服の袖口をひとつだけ留め直した。\n百八十センチの長身が机の横に立つと、百六十センチの僕の頭は、彼女の胸の高,utf-8-sig
N22_Prison_MOD,CSV\Card\Prison_master.txt,2215,六十センチ,、軍服のような制服の袖口をひとつだけ留め直した。\n百八十センチの長身が机の横に立つと、百六十センチの僕の頭は、彼女の胸の高さにも届かなかった。,utf-8-sig
N22_Prison_MOD,CSV\Card\Prison_master.txt,3303,一センチ,"    セリフ,会陰を押す指、浅いですね。もう一センチ内側へ。……そう。直腸の指は第二関節まで。曲げる角度は、器具",utf-8-sig
N22_Prison_MOD,CSV\Card\Prison_master.txt,6424,六十センチ,ぶせで体をあずけた。\n制服の厚い布ごしに、彼女の太ももの温かさとかたさがお腹に伝わる。百六十センチの僕の体は、頭から膝まで、その膝の上に包みこまれてしまった。,utf-8-sig
N22_Prison_MOD,CSV\Card\Prison_mons_e2.txt,28,六十センチ,"    セリフ,百六十番。身長百六十センチ、記録と相違なし。細いですね。脈と顔色から所見を取っていきま",utf-8-sig
N23_Heels_MOD,CSV\Card\Heels_master.txt,956,八十六センチ,"    説明,黒い壁に燭台の灯りが揺れる玉座の間。\nヒール込みで百八十六センチの女王が玉座に腰を下ろしてもなお、跪いた僕の目の高さは彼女の",utf-8-sig
N23_Heels_MOD,CSV\Card\Heels_master.txt,978,十センチ,"    説明,クラウディアは玉座で脚を組み替え、右足を僕の前へ差し出した。\n細い踵は十センチ近くあり、甲をなめらかに覆うエナメルは燭台の火を映して濡れた",utf-8-sig
N23_Heels_MOD,CSV\Card\Heels_master.txt,1134,八十六センチ,"    説明,彼女は立ち上がった。\nヒールを履いた百八十六センチの影が、踏み台の上の僕にさえ覆いかぶさる。見上げた先に、黒い",utf-8-sig
N23_Heels_MOD,CSV\Card\Heels_master.txt,1202,十センチ,"    説明,並んだ二足の靴を見下ろした。\n彼女の十センチの細い踵と赤い靴底。その横に、小さく、低い、僕の黒い靴。同じ",utf-8-sig
N23_Heels_MOD,CSV\Card\Heels_master.txt,1269,七十六センチ,"    説明,百七十六センチの長身に、十センチのピンヒール。\n台の上に転がされた百六十",utf-8-sig
N23_Heels_MOD,CSV\Card\Heels_master.txt,1269,十センチ,"    説明,百七十六センチの長身に、十センチのピンヒール。\n台の上に転がされた百六十センチの僕からは、",utf-8-sig
N23_Heels_MOD,CSV\Card\Heels_master.txt,1269,六十センチ,"    説明,百七十六センチの長身に、十センチのピンヒール。\n台の上に転がされた百六十センチの僕からは、黒いボンデージドレスの裾と長い脚が、塔のように天",utf-8-sig
N23_Heels_MOD,CSV\Card\Heels_master.txt,1329,二十センチ,回し、留め具を締める。ボンデージドレスの上に、黒く艶やかなディルドが反り返って据えられた。二十センチはあろうかというそれに、彼女は瓶の香油を惜しげもなく垂らした,utf-8-sig
N23_Heels_MOD,CSV\Card\Heels_master.txt,1414,166センチ,"説明,手首を軽く引かれて立たされると、金色のボブの毛先がちょうど僕の目の高さで揺れた。\n166センチのミナに対して、160センチの僕は、少し見上げる格好になる。",utf-8-sig
N23_Heels_MOD,CSV\Card\Heels_master.txt,1414,160センチ,されると、金色のボブの毛先がちょうど僕の目の高さで揺れた。\n166センチのミナに対して、160センチの僕は、少し見上げる格好になる。見上げた先の緑の瞳が、玩具の,utf-8-sig
N23_Heels_MOD,CSV\Card\Heels_master.txt,1503,166センチ,"    説明,見上げると、ミナが寝台の脇に立っていた。\n仰向けの僕から見る166センチは、天井に届きそうなほど高い。侍女服の裾の下から、黒いストッ",utf-8-sig
N23_Heels_MOD,CSV\Card\Heels_master.txt,1566,173センチ,"    説明,ザラさんの背は173センチ。そこへブーツの踵が加わって、160センチの僕は顔を上げなけ",utf-8-sig
N23_Heels_MOD,CSV\Card\Heels_master.txt,1566,160センチ,"    説明,ザラさんの背は173センチ。そこへブーツの踵が加わって、160センチの僕は顔を上げなければ彼女の顎すら見えない。\n部屋の中央に",utf-8-sig
N23_Heels_MOD,CSV\Card\Heels_master.txt,1709,173センチ,"    説明,ザラさんは身を屈め、僕の耳元に顔を寄せた。\n173センチの彼女が、ずっと低いところにいる僕のために腰を折っている。そ",utf-8-sig
N23_Heels_MOD,CSV\Card\Heels_master.txt,1747,六十八センチ,"    説明,百六十八センチのリタは、立ち上がれない僕を苦もなく抱き上げた。\n見下ろさ",utf-8-sig
N23_Heels_MOD,CSV\Card\Heels_master.txt,1918,八十二センチ,"    説明,玉座に腰を下ろした女帝は、立てば百八十二センチ、紫のハイヒールを履けば百九十を超える。\n床に下ろされた百",utf-8-sig
N23_Heels_MOD,CSV\Card\Heels_master.txt,1918,六十センチ,た女帝は、立てば百八十二センチ、紫のハイヒールを履けば百九十を超える。\n床に下ろされた百六十センチの僕は、壇の下から見上げても彼女の膝にさえ目線が届かなかった,utf-8-sig
N23_Heels_MOD,CSV\Card\Heels_master.txt,1976,二十センチ,"明,リタが銀の盆から取り上げたのは、黒い革のハーネスと、そこに据えられた黒く艶のあるもの。二十センチを優に超える長さが、燭台の光を鈍く跳ね返した。",utf-8-sig
N23_Heels_MOD,CSV\Card\Heels_master.txt,2184,六十センチ,"    説明,百六十センチの僕が立っていても、頭ひとつ以上も上から見下ろされる相手だ。",utf-8-sig
N23_Heels_MOD,CSV\Card\Heels_master.txt,2248,十センチ,"    説明,最後に、足首にストラップのついた低い踵の靴を履かされた。\n彼女の十センチのピンヒールの横に置かれると、その踵はあまりにも低く、頼りな",utf-8-sig
N23_Heels_MOD,CSV\Card\Heels_master.txt,2405,六十センチ,"    説明,コツ、と絨毯を踏む音がして、赤い靴底が僕の顔のすぐ横に置かれた。\n百六十センチの僕が床に伏せていると、ヒールを込めて百八十六センチの彼女は",utf-8-sig
N23_Heels_MOD,CSV\Card\Heels_master.txt,2405,八十六センチ,い靴底が僕の顔のすぐ横に置かれた。\n百六十センチの僕が床に伏せていると、ヒールを込めて百八十六センチの彼女は、もはや見上げることさえできない高さにいる。視界には,utf-8-sig
N23_Heels_MOD,CSV\Card\Heels_master.txt,2478,二十センチ,"説明,玉座の脇から黒い革のハーネスを取り、ボンデージドレスの腰に回して留め具を締める。\n二十センチを優に超える黒いディルドが反り返り、そこに香油がたっぷりと垂",utf-8-sig
N23_Heels_MOD,CSV\Card\Heels_master.txt,2482,八十六センチ,裏を片手で押し上げた。\n長い脚の一方がすっと伸び、左の乳首の上にヒールの踵が置かれる。百八十六センチの彼女の脚なら、足台の向こうの胸まで、たやすく届いた。,utf-8-sig
N23_Heels_MOD,CSV\Card\Heels_master.txt,2530,166センチ,"    説明,顔を上げると、166センチのミナが腰に手を当てて僕を見下ろしていた。\n160センチの",utf-8-sig
N23_Heels_MOD,CSV\Card\Heels_master.txt,2530,160センチ,"    説明,顔を上げると、166センチのミナが腰に手を当てて僕を見下ろしていた。\n160センチの僕が床にへたり込んでいるせいで、金色のボブの向こうに干し紐",utf-8-sig
N23_Heels_MOD,CSV\Card\Heels_master.txt,2620,160センチ,向けに寝かせた。\n見上げると、干し紐のストッキングの向こうに、ミナが立っている。仰向けの160センチから見上げる166センチは、天井よりも高く思えた。,utf-8-sig
N23_Heels_MOD,CSV\Card\Heels_master.txt,2620,166センチ,げると、干し紐のストッキングの向こうに、ミナが立っている。仰向けの160センチから見上げる166センチは、天井よりも高く思えた。,utf-8-sig
N23_Heels_MOD,CSV\Card\Heels_master.txt,2762,173センチ,"    説明,細長い小部屋が、一気に狭くなった。\n173センチの背にブーツの踵。丸椅子に座り込んだ僕からは、黒いレザーの腰",utf-8-sig
N23_Heels_MOD,CSV\Card\Heels_master.txt,2841,六十八センチ,"    説明,湯船の縁に腰かけたリタは、百六十八センチの高みから、湯に肩まで沈んだ僕を見下ろしていた。\nメイド服",utf-8-sig
N23_Heels_MOD,CSV\Card\Heels_master.txt,2989,六十センチ,。玉座に座ったままの彼女は、僕の背を家具として使いながら、遥か上から見下ろしている。\n百六十センチの僕は、いま、彼女の膝よりも低い場所にいた。,utf-8-sig
N23_Heels_MOD,CSV\Card\Heels_master.txt,3077,二十センチ,"    説明,二十センチを優に超える黒いもの。女帝の手がその全体に香油を塗り広げる、",utf-8-sig
N23_Heels_MOD,CSV\Card\Heels_master.txt,3158,八十六センチ,"  説明,クラウディアは階段の一段目に立ち、右足を僕の前へ差し出した。\nヒールを履いて百八十六センチ。そこからさらに一段上に立たれると、跪いた僕の目の前にあるの",utf-8-sig
N23_Heels_MOD,CSV\Card\Heels_master.txt,3315,八十六センチ,"    説明,彼女は立ち上がり、黒いドレスを僕の頭からかぶせた。\n百八十六センチの高さから落ちてくる布は、まるで夜そのものが覆いかぶさるよう",utf-8-sig
N23_Heels_MOD,CSV\Card\Heels_master.txt,3360,五十六センチ,"    セリフ,五十六センチの腰が、まだ詰められるわ。締めるたびに、言いなさい。ありがと",utf-8-sig
N23_Heels_MOD,CSV\Card\Heels_master.txt,3398,七センチ,"    説明,三つ目の包みから出てきたのは、ストラップ付きの黒い靴だった。\n踵は細く、七センチはある。つま先は丸く、甲に一本のストラップが渡され、小さな銀",utf-8-sig
N23_Heels_MOD,CSV\Card\Heels_master.txt,3400,七センチ,"    説明,立ち上がると、体が前へ傾いた。\n七センチ高くなっても、目の前にあるのは彼女の胸元だった。見上げる角度",utf-8-sig
N23_Heels_MOD,CSV\Card\Heels_master.txt,3465,八十六センチ,た。\n女王は立ち上がり、ヒールの音を一歩ずつ絨毯に沈ませて僕の前まで来た。ヒール込みで百八十六センチ。僕の目の高さには、彼女の胸元の黒い革しかなかった。,utf-8-sig
N23_Heels_MOD,CSV\Card\Heels_master.txt,3552,二十センチ,をひとつずつ締める。その前に、艶のある黒いディルドがまっすぐに立った。僕の前腕ほどもある、二十センチを超える長さ。,utf-8-sig
N23_Heels_MOD,CSV\Card\Heels_master.txt,3625,一六六センチ,"    説明,言われるまま、一段目の端に横向きに腰を下ろした。\nミナは二つ上の段に座る。一六六センチの彼女が段の上にいると、座っていても頭の位置はずっと上で、見",utf-8-sig
N23_Heels_MOD,CSV\Card\Heels_master.txt,3814,173センチ,"    説明,ザラさんの靴音が近づいて、僕の真後ろで止まった。173センチの長身に踵の高さが加わり、跪いた僕の頭の上から、影が月を隠す",utf-8-sig
N23_Heels_MOD,CSV\Card\Heels_master.txt,3955,168センチ,き、背の低い僕とようやく目の高さを合わせた。\nそれでも彼女の茶色の瞳はわずかに上にあり、168センチの体が作る影に、僕の薄い胸板は覆われてしまう。,utf-8-sig
N23_Heels_MOD,CSV\Card\Heels_master.txt,4232,六十センチ,スの感触が、めくれたスカートの上から伝わってくる。根元まで。百九十を超える女帝の全部が、百六十センチの僕の奥に収まっていた。,utf-8-sig
N23_Heels_MOD,CSV\Card\Heels_master.txt,4389,六十センチ,いストッキングの長い脚がどこまでも伸び、そのはるか上から赤い瞳が僕を見下ろしていた。\n百六十センチの体を床に伸ばしても、その脚の長さにすら届かない気がした。,utf-8-sig
N23_Heels_MOD,CSV\Card\Heels_master.txt,4467,七十二センチ,"    セリフ,胸回り。七十二センチ。薄いわね。筋もない。でも問題は数字ではないの。どのくらいき",utf-8-sig
N23_Heels_MOD,CSV\Card\Heels_master.txt,4503,五十六センチ,"    セリフ,次は腰回りよ。五十六センチ。細い腰ね。でも、侍女の腰はもっと細く締めるもの。いくつにし",utf-8-sig
N23_Heels_MOD,CSV\Card\Heels_master.txt,4546,十五センチ,"    セリフ,ひ……膝上、十五センチに……。跪いたとき……裾が、女王様の、靴のつま先に……届く、",utf-8-sig
N23_Heels_MOD,CSV\Card\Heels_master.txt,4579,十五センチ,"    説明,胸回りが締まり、腰回りが詰まり、スカートの裾が膝上十五センチの位置で、きっちりと折り返された。\n仮縫いのドレスは、僕が",utf-8-sig
N23_Heels_MOD,CSV\Card\Heels_master.txt,4609,八十六センチ,剥いだ。\n薄い胸板と細い腰、筋肉のない白い脚が、燭台の揺れる光に晒される。ヒール込みで百八十六センチの彼女の前で、百六十センチの僕は、胸元の高さにも届かなかった,utf-8-sig
N23_Heels_MOD,CSV\Card\Heels_master.txt,4609,六十センチ,、筋肉のない白い脚が、燭台の揺れる光に晒される。ヒール込みで百八十六センチの彼女の前で、百六十センチの僕は、胸元の高さにも届かなかった。,utf-8-sig
N23_Heels_MOD,CSV\Card\Heels_master.txt,4698,二十センチ,のハーネスを腰に回し、留め具をひとつずつ締めた。\n艶やかな黒いディルドがまっすぐに立つ。二十センチを超える長さ。香油を手のひらに受けて、先から根元までゆっくり,utf-8-sig
N23_Heels_MOD,CSV\Card\Heels_master.txt,4888,一六六センチ,"    説明,ミナは天板から、ゆっくりと床に降り立った。\n一六六センチの彼女が、腰掛けに座る僕の真正面に立つ。見上げる首が痛いほど",utf-8-sig
N23_Heels_MOD,CSV\Card\Heels_master.txt,4963,173センチ,"    説明,ザラさんが椅子から立った。机を回り込み、跪いた僕の真後ろに立つ。173センチの長身に踵の高さが加わって、見上げても顔が見えないほど遠い。",utf-8-sig
N23_Heels_MOD,CSV\Card\Heels_master.txt,5104,168センチ,"    説明,膝をついた彼女の頭でさえ、立っている僕の胸のあたりにある。\n168センチの体がかがみこむと、茶色の長い髪が僕の腿をかすめ、甘い香油の",utf-8-sig
N23_Heels_MOD,CSV\Card\Heels_master.txt,5268,八十二センチ,、ちょうど女帝の膝のあたりに僕の顔が来た。座っていてさえ、彼女の胸元ははるか頭上にある。百八十二センチの女帝と、百六十センチの僕。その差は、跪くために誂えられたも,utf-8-sig
N23_Heels_MOD,CSV\Card\Heels_master.txt,5268,六十センチ,りに僕の顔が来た。座っていてさえ、彼女の胸元ははるか頭上にある。百八十二センチの女帝と、百六十センチの僕。その差は、跪くために誂えられたものに思えた。,utf-8-sig
N23_Heels_MOD,CSV\Card\Heels_master.txt,5377,一センチ,、これは満たすものだった。つるりとした幹が、ほぐされた壁を隙間なく押し分け、僕の中の空洞を一センチずつ女帝の形に塗り替えていく。,utf-8-sig
N24_Maid_MOD,CSV\Card\Maid_master.txt,954,七十センチ,び、燭台の灯りが黒檀の艶を鈍く照らしている。\nシオンは机を回り込んで僕の正面に立った。百七十センチの背丈は、僕の頭ひとつ半ぶん上にある。,utf-8-sig
N24_Maid_MOD,CSV\Card\Maid_master.txt,1118,七十センチ,"    説明,シオンは机を回り込み、座ったままの僕の前に立った。百七十センチの背丈は、見上げると喉が反るほど高い。\n黒いロング丈のメイ",utf-8-sig
N24_Maid_MOD,CSV\Card\Maid_master.txt,1261,七十センチ,見上げた先で、シオンさんは白い手袋の指先を組み合わせ、紫の瞳で静かに僕を見下ろしていた。百七十センチの背丈は、跪いた僕には塔のように見える。,utf-8-sig
N24_Maid_MOD,CSV\Card\Maid_master.txt,1341,二十八センチ,"    セリフ,二十八センチです。入りますよ。そのために二本の指で確かめたのですから。…",utf-8-sig
N24_Maid_MOD,CSV\Card\Maid_master.txt,1343,一センチ,仕方が分からなくなって、口を開けたまま彼女の紫の瞳を見上げていた。\n彼女は急がなかった。一センチ進んでは止まり、僕の内側が馴染むのを待ってから、また一センチ,utf-8-sig
N24_Maid_MOD,CSV\Card\Maid_master.txt,1343,一センチ,いた。\n彼女は急がなかった。一センチ進んでは止まり、僕の内側が馴染むのを待ってから、また一センチ。,utf-8-sig
N24_Maid_MOD,CSV\Card\Maid_master.txt,1415,六十センチ,"    説明,コハクは百六十センチしかないはずなのに、座り込んだ僕を見下ろすその顔は、天井のラ",utf-8-sig
N24_Maid_MOD,CSV\Card\Maid_master.txt,1594,六十四センチ,"    説明,ミツキは椅子から立ち上がると、桃色の髪を揺らして僕の前に来た。\n百六十四センチ。座り込んだ僕からは、白いストッキングの脚が壁のように見上げ",utf-8-sig
N24_Maid_MOD,CSV\Card\Maid_master.txt,1756,六十六センチ,"    説明,百六十六センチのナズナは、コック帽の位置をのんびり直しながら、僕を見下ろし",utf-8-sig
N24_Maid_MOD,CSV\Card\Maid_master.txt,1919,七十五センチ,服のレインが机を回ってこちらへ来ると、床から見上げる僕には、その姿が塔のように高かった。百七十五センチ。僕より頭ひとつ半も上にある灰色の瞳が、感情を見せずに僕を測,utf-8-sig
N24_Maid_MOD,CSV\Card\Maid_master.txt,2035,二十四センチ,"    セリフ,二十四センチございます。鍵をかけたまま、前には一切触れずに、これを受け入",utf-8-sig
N24_Maid_MOD,CSV\Card\Maid_master.txt,2387,七十センチ,"    説明,シオンさんは燭台を壁の鉤に掛け、白い手袋の指を静かに組み合わせた。百七十センチの影が、寝台の上の僕を頭のてっぺんから爪先まで、ゆっくりと覆",utf-8-sig
N24_Maid_MOD,CSV\Card\Maid_master.txt,2462,二十八センチ,られる。\n白いストッキングの脚の付け根で、彼女自身が、蝋燭の灯りに濡れて反り返っていた。二十八センチ。さっき見たばかりなのに、目が離せなかった。,utf-8-sig
N24_Maid_MOD,CSV\Card\Maid_master.txt,2468,一センチ,"    説明,一センチ、また一センチ。急がない律動で、彼女は僕の中に沈んできた。\",utf-8-sig
N24_Maid_MOD,CSV\Card\Maid_master.txt,2468,一センチ,"    説明,一センチ、また一センチ。急がない律動で、彼女は僕の中に沈んできた。\n押し広げられ",utf-8-sig
N24_Maid_MOD,CSV\Card\Maid_master.txt,2538,六十センチ,"    説明,コハクは百六十センチの体で、シーツの山の前に立つ僕を見下ろした。\n琥珀色の瞳が",utf-8-sig
N24_Maid_MOD,CSV\Card\Maid_master.txt,2857,六十六センチ,"    説明,樫の扉が開いた音に、気づかなかった。\n気づいたときには、百六十六センチの影が明かり取りの光を遮っていて、コック帽の下から眠そうな金",utf-8-sig
N24_Maid_MOD,CSV\Card\Maid_master.txt,3141,二十四センチ,"    セリフ,二十四センチございます。半分でこれです。……はい、根元まで。よく呑み込み",utf-8-sig
N24_Maid_MOD,CSV\Card\Maid_master.txt,3545,二十八センチ,丈の裾が、たくし上げられる。\n白いストッキングの脚の付け根で、彼女自身が反り返っていた。二十八センチ。僕の腕ほどもある熱が、蝋燭の灯りに濡れて光っている。,utf-8-sig
N24_Maid_MOD,CSV\Card\Maid_master.txt,3550,一センチ,n広げられる。押し開かれる。呼吸の仕方が分からなくなって、口を開けたまま紫の瞳を見上げた。一センチ進んでは止まり、馴染むのを待って、また一センチ。,utf-8-sig
N24_Maid_MOD,CSV\Card\Maid_master.txt,3550,一センチ,なくなって、口を開けたまま紫の瞳を見上げた。一センチ進んでは止まり、馴染むのを待って、また一センチ。,utf-8-sig
N24_Maid_MOD,CSV\Card\Maid_master.txt,3608,一センチ,"    説明,根元まで、一息に満たされた。\nもう一センチずつ待ってはもらえない。それでも痛みは一つもなくて、代わりに",utf-8-sig
N24_Maid_MOD,CSV\Card\Maid_master.txt,3649,六十センチ,"    説明,百六十センチの先輩メイドが、鉄の門を背にした僕を見下ろしていた。\n夕日",utf-8-sig
N24_Maid_MOD,CSV\Card\Maid_master.txt,3957,六十六センチ,、それから、伏せていたカードの上から、のんびりと手を離した。\n竈の鍋がことことと鳴る。百六十六センチの厨房係は、コック帽の位置を直しながら、僕を見下ろした。,utf-8-sig
N24_Maid_MOD,CSV\Card\Maid_master.txt,4127,七十五センチ,"    説明,燕尾服のレインは、馬車の扉の前に立って、僕を待っていた。\n百七十五センチの長身が、夕日を背に黒い影になって、頭ひとつ半も低い僕を見下",utf-8-sig
N24_Maid_MOD,CSV\Card\Maid_master.txt,4241,二十四センチ,"    セリフ,二十四センチございます。……はい、根元まで。帰るはずの体が、こんなにも素",utf-8-sig
N24_Maid_MOD,CSV\Card\Maid_master.txt,4667,二十八センチ,られる。\n白いストッキングの脚の付け根で、彼女自身が、蝋燭の灯りに濡れて反り返っていた。二十八センチ。目が離せなかった。,utf-8-sig
N24_Maid_MOD,CSV\Card\Maid_master.txt,4683,一センチ,"    セリフ,二の申告、根元まで。よく言えました。……差し上げます。一センチずつ。申告どおり、根元まで。",utf-8-sig
N24_Maid_MOD,CSV\Card\Maid_master.txt,4684,一センチ,"    説明,一センチ進んでは止まり、内側が馴染むのを待って、また一センチ。\n広",utf-8-sig
N24_Maid_MOD,CSV\Card\Maid_master.txt,4684,一センチ,"    説明,一センチ進んでは止まり、内側が馴染むのを待って、また一センチ。\n広げられる。押し開かれる。呼吸の仕方が分からなくなって",utf-8-sig
N24_Maid_MOD,CSV\Card\Maid_master.txt,4689,一センチ,の一つ一つが内壁をなぞって進む。\n熱い。太い。腹の奥が彼女の形に押し広げられていくのを、一センチごとに、全部数えさせられているようだった。ストッキングの爪先,utf-8-sig
N24_Maid_MOD,CSV\Card\Maid_master.txt,4772,六十センチ,"    説明,コハクは棚から小さな紙の束と鉛筆を取り、姿見の前の低い椅子を指さした。\n百六十センチの先輩メイドが、鉛筆を構えて僕を見下ろしている。姿見の中の僕",utf-8-sig
N24_Maid_MOD,CSV\Card\Maid_master.txt,4961,六十センチ,着とズボンが、洗い物を畳むのと同じ手つきで剥がされていった。\n窓から差す午後の光の中、百六十センチの僕は、湯気の残る部屋で、白い肌を晒して立っていた。,utf-8-sig
N24_Maid_MOD,CSV\Card\Maid_master.txt,5122,六十六センチ,を伏せ、眠そうな金の瞳をゆっくりとしばたたかせた。\nコック帽の下の緑のおさげが揺れる。百六十六センチの厨房係は、僕を見下ろしながら、のんびりと立ち上がった。,utf-8-sig
N24_Maid_MOD,CSV\Card\Maid_master.txt,5425,二十四センチ,"    セリフ,二十四センチございます。ご自身で、と仰ったのはあなたです。……はい、根元",utf-8-sig
N24_Maid_MOD,CSV\Card\Maid_mons_boss.txt,260,二十四センチ,"    セリフ,前には鍵をかけました。当館の規則でございます。……二十四センチ。鍵をかけたまま、前に一切触れずに、お受け入れなさい。",utf-8-sig
N24_Maid_MOD,CSV\Card\Maid_mons_boss.txt,277,二十四センチ,"    セリフ,大きな方にも同じ檻を。前には鍵。……二十四センチ、鍵をかけたまま、後ろで受けていただきます。",utf-8-sig
N25_Auction_MOD,CSV\Card\Auction_master.txt,957,七十二センチ,"    説明,時計塔の地下、会員制オークションハウス「ルーメン」。\n身長百七十二センチの競売人が燕尾服の裾を払って立ち上がると、百六十センチの僕は",utf-8-sig
N25_Auction_MOD,CSV\Card\Auction_master.txt,957,六十センチ,ョンハウス「ルーメン」。\n身長百七十二センチの競売人が燕尾服の裾を払って立ち上がると、百六十センチの僕は、彼の胸元より下から見上げることしかできなかった。,utf-8-sig
N25_Auction_MOD,CSV\Card\Auction_master.txt,974,六十センチ,"    セリフ,さあ、皆様。本日の最後の出品物です。身長百六十センチ、胸囲七十二。ご覧の通り筋肉はなく、肌は薄く、……さて、味は",utf-8-sig
N25_Auction_MOD,CSV\Card\Auction_master.txt,1134,七十二センチ,"    説明,彼は立ち上がった。\n百七十二センチの燕尾服の影が、僕にすっぽりと覆いかぶさる。見上げた先に、平",utf-8-sig
N25_Auction_MOD,CSV\Card\Auction_master.txt,1327,二十九センチ,ずつ外して開く。中から現れたのは、彼の細い体からは想像もつかないほど長く、太いものだった。二十九センチ。彼は瓶の香油を、惜しげもなくその上に垂らした。,utf-8-sig
N25_Auction_MOD,CSV\Card\Auction_master.txt,1415,166センチ,"    説明,166センチのユリが、160センチの僕を見下ろす。\n頭ひとつ以上高いと",utf-8-sig
N25_Auction_MOD,CSV\Card\Auction_master.txt,1415,160センチ,"    説明,166センチのユリが、160センチの僕を見下ろす。\n頭ひとつ以上高いところから降ってくる声は",utf-8-sig
N25_Auction_MOD,CSV\Card\Auction_master.txt,1522,二十二センチ,"  セリフ,反応の確認には私自身を使用します。指では測れない深さの反応を記録するためです。二十二センチ。出品物の中の位置は、すでに特定済みです。",utf-8-sig
N25_Auction_MOD,CSV\Card\Auction_master.txt,1591,168センチ,"    説明,カナタさんの背は168センチ。作業ベストの胸元は平らで、赤い髪が金の瞳の上で乱れている。",utf-8-sig
N25_Auction_MOD,CSV\Card\Auction_master.txt,1591,160センチ,ナタさんの背は168センチ。作業ベストの胸元は平らで、赤い髪が金の瞳の上で乱れている。\n160センチの僕は、彼の顎を見るのにも顔を上げなくてはならない。ガラスに,utf-8-sig
N25_Auction_MOD,CSV\Card\Auction_master.txt,1759,六十二センチ,コトが軽い足取りで近づいてくる。黒のボブ、赤い瞳、ベストとネクタイにショートパンツ。\n百六十二センチの彼が僕の前に立つと、座ったままの僕は顎を上げないと顔が見え,utf-8-sig
N25_Auction_MOD,CSV\Card\Auction_master.txt,2011,二十五センチ,"    説明,ずぶ、と根元まで沈んだ。二十五センチの熱が内側を余すところなく満たし、先端があの一点を押し潰す。",utf-8-sig
N25_Auction_MOD,CSV\Card\Auction_master.txt,2073,七十二センチ,めきが揺れている。\n僕は姿見の前に立たされ、ルシアンはその斜め後ろに立った。鏡の中で、百七十二センチの燕尾服が、百六十センチの白いドレスを見下ろしている。,utf-8-sig
N25_Auction_MOD,CSV\Card\Auction_master.txt,2073,六十センチ,姿見の前に立たされ、ルシアンはその斜め後ろに立った。鏡の中で、百七十二センチの燕尾服が、百六十センチの白いドレスを見下ろしている。,utf-8-sig
N25_Auction_MOD,CSV\Card\Auction_master.txt,2421,二十九センチ,のスポットライトの中に現れたのは、彼の細い体からは想像もつかないほど長く、太いものだった。二十九センチ。彼はそれに香油を垂らし、僕の膝裏を片手で押し上げた。,utf-8-sig
N25_Auction_MOD,CSV\Card\Auction_master.txt,2615,二十二センチ,"    セリフ,二十二センチです。出品物の指では、決して届かない深さまで。……力を抜いて",utf-8-sig
N25_Auction_MOD,CSV\Card\Auction_master.txt,3101,二十五センチ,"    説明,指が抜かれ、衣擦れの音。白い貴族服の前が開かれ、外套は肩に掛かったまま。二十五センチの熱が、香油に濡れた窄まりに押し当てられた。\n入ってこない",utf-8-sig
N25_Auction_MOD,CSV\Card\Auction_master.txt,3574,二十九センチ,、燕尾服の前を開いたルシアンが立っていた。彼の細い体からは想像もつかないほど長く太いもの。二十九センチ。香油が、その上を伝って光っていた。,utf-8-sig
N25_Auction_MOD,CSV\Card\Auction_master.txt,3741,二十二センチ,"    セリフ,二十二センチ。取り下げの触診としては、最も深い項目です。……扉を、ご自分",utf-8-sig
N25_Auction_MOD,CSV\Card\Auction_master.txt,4255,二十五センチ,、外套は肩に掛かったまま。\n横向きの姿勢から、彼と向かい合う形に抱え直される。膝の上で、二十五センチの熱が、香油に濡れた窄まりに押し当てられた。,utf-8-sig
N25_Auction_MOD,CSV\Card\Auction_master.txt,4734,二十九センチ,前が、ボタンを一つずつ外して開かれた。\n彼の細い体からは想像もつかないほど長く太いもの。二十九センチ。香油が惜しげもなく垂らされ、光を跳ね返しながら伝い落ちる。,utf-8-sig
N25_Auction_MOD,CSV\Card\Auction_master.txt,4914,二十二センチ,"    セリフ,項目三。鑑定士自身、根元まで、強く。記録します。……出品物自身の言葉です。二十二センチ。そのとおりに行います。",utf-8-sig
N25_Auction_MOD,CSV\Card\Auction_master.txt,5414,二十五センチ," 説明,指が抜かれる。衣擦れの音。白い貴族服の前が開かれ、外套は寝台の脇へ落とされた。\n二十五センチの熱が、香油に濡れた窄まりに押し当てられる。指の太さの比では",utf-8-sig
N25_Auction_MOD,CSV\Card\Auction_mons_e1.txt,115,二十二センチ,"   セリフ,最終入札です。指では測れない深さを、私自身で確認します。二十二センチ。息を吐いて。……根元まで。記録します。",utf-8-sig
N26_Kitsune_MOD,CSV\Card\Kitsune_master.txt,938,七十三センチ,"    説明,百七十三センチのハクエンは、座り込んだ僕を片腕で軽々と抱き上げた。\n見下",utf-8-sig
N26_Kitsune_MOD,CSV\Card\Kitsune_master.txt,1101,七十三センチ,"   説明,見上げた先に、九尾の妖狐が立っていた。白と紅の狩衣。金の長い髪。紅い瞳。\n百七十三センチの体は、板の上に寝かされた僕からは見上げるほど高い。その背中",utf-8-sig
N26_Kitsune_MOD,CSV\Card\Kitsune_master.txt,1266,七十三センチ,"    説明,百七十三センチのハクエンは、立てない僕を軽々と抱き上げた。\n見下ろされる",utf-8-sig
N26_Kitsune_MOD,CSV\Card\Kitsune_master.txt,1353,三十センチ,のまま狩衣の前を割った。\n細い腰に、線の細い肩。平らな胸。女の人みたいな綺麗な顔の下で、三十センチのおちんちんが狐火の光を受けて、重たそうに反り返っていた。僕,utf-8-sig
N26_Kitsune_MOD,CSV\Card\Kitsune_master.txt,1782,六十二センチ,"説明,アカネは僕の手からカードを取り上げ、丈の短い赤い着物の裾をひるがえして笑った。\n百六十二センチの彼は、立ち上がれない僕を見下ろしている。素足で玉砂利をざく",utf-8-sig
N26_Kitsune_MOD,CSV\Card\Kitsune_master.txt,1976,七十六センチ,くり歩いてくる。\n白無垢の裾が板の上をすべる音。綿帽子の下からのぞく銀の髪と、金の瞳。百七十六センチの天狐は、座りこんだ僕の前に立つと、頭ひとつどころか二つ分も,utf-8-sig
N26_Kitsune_MOD,CSV\Card\Kitsune_master.txt,2320,七十三センチ,"    説明,火鉢の向こうで、九尾の妖狐が札を伏せた。\n狩衣の袖を膝に置いたまま、百七十三センチの体をゆったりと傾ける。畳に座っていても僕を見下ろしてくる紅",utf-8-sig
N26_Kitsune_MOD,CSV\Card\Kitsune_master.txt,2476,七十三センチ,"   説明,板戸が音もなく開いていた。\n蝋燭の炎が揺れて、戸口にハクエンが立っている。百七十三センチの影が小屋の天井まで届いた。九本の尾が戸口をふさぐように広が",utf-8-sig
N26_Kitsune_MOD,CSV\Card\Kitsune_master.txt,2511,三十センチ,れする。届かない。届かないから、よけいに想像がふくらむ。九本の尾が胸を包んで、指のかわりに三十センチのおちんちんが根元まで入ってくる。そう思い描いた瞬間、胸とお,utf-8-sig
N26_Kitsune_MOD,CSV\Card\Kitsune_master.txt,2558,三十センチ,かれ、ハクエンは膝立ちのまま狩衣の前を割った。\n平らな胸、細い腰、線の細い肩。その下で、三十センチのおちんちんが蝋燭の光を受けて、重たそうに反り返っている。想,utf-8-sig
N26_Kitsune_MOD,CSV\Card\Kitsune_master.txt,3351,七十三センチ,"    説明,百七十三センチのハクエンは、僕より頭ひとつ以上高いところから、かわいがるよ",utf-8-sig
N26_Kitsune_MOD,CSV\Card\Kitsune_master.txt,3744,三十センチ,。\n振り返ると、ハクエンは狩衣の前を割っていた。平らな胸、細い腰、線の細い肩。その下で、三十センチのおちんちんが狐火の光を受けて、重たそうに反り返っている。僕,utf-8-sig
N26_Kitsune_MOD,CSV\Card\Kitsune_master.txt,4551,七十三センチ,"    説明,百七十三センチのハクエンは、池の縁に片膝をついて、頭ひとつ以上高いところか",utf-8-sig
N26_Kitsune_MOD,CSV\Card\Kitsune_master.txt,4951,三十センチ,られて振り返ると、ハクエンは狩衣の前を割っていた。平らな胸、細い腰、線の細い肩。その下で、三十センチのおちんちんが狐火の光を受けて、重たそうに反り返っている。僕,utf-8-sig
N27_Knight_MOD,CSV\Card\Knight_master.txt,1402,六十センチ," 説明,服は尋問の途中でもう脱がされていた。薄い胸も、細い腰も、篝火の下で何も隠せない。百六十センチの僕の体は、石の台の上で、いやに細く見えた。",utf-8-sig
N27_Knight_MOD,CSV\Card\Knight_master.txt,1516,二十八センチ,"    説明,長かった。二十八センチ。僕の腕のひじから先くらいある。太いというより、長い。それが",utf-8-sig
N27_Knight_MOD,CSV\Card\Knight_master.txt,3023,二十八センチ,かちり、と鎧の留め具の音。団長が腰の前を外す。せまい牢の灰色の光の中に、長いものが現れた。二十八センチ。僕のひじから先くらいある。格子の向こうで、リオが口笛を吹き,utf-8-sig
N27_Knight_MOD,CSV\Card\Knight_master.txt,3852,二十五センチ,"    説明,長い。二十五センチはある。白くて、まっすぐで、聖騎士の体と同じように綺麗だった",utf-8-sig
N27_Knight_MOD,CSV\Card\Knight_master.txt,4375,六十センチ,"    説明,樫の机は石の台ほど冷たくない。でも背中に当たる木目は硬い。その上に、百六十センチの僕の体が仰向けに伸ばされている。細い光の帯が僕のお腹の上を",utf-8-sig
N27_Knight_MOD,CSV\Card\Knight_master.txt,4475,二十八センチ,"    説明,長かった。二十八センチ。僕のひじから先くらいある。太いというより、長い。それが油の",utf-8-sig
N27_Knight_MOD,CSV\Card\Knight_master.txt,5308,二十五センチ,ら現れたのは、聖騎士の顔には似合わない大きさのおちんちんだった。\n白い肌に、静かに脈打つ二十五センチ。彼はそれに聖油を垂らし、手のひらで一度だけ撫でて、僕の前に,utf-8-sig
N27_Knight_MOD,CSV\Card\Knight_master.txt,5893,六十センチ,"    説明,硬い寝台のふちに、裸で座らされた。百六十センチの僕の体が、団長の寝台の上で、蝋燭の灯りに照らされている。ひ",utf-8-sig
N27_Knight_MOD,CSV\Card\Knight_master.txt,6010,二十八センチ,"    説明,長かった。二十八センチ。僕のひじから先くらいある。太いというより、長い。それが油の",utf-8-sig
N28_Gym_MOD,CSV\Card\Gym_master.txt,566,二十七センチ,"    セリフ,体験メニュー、胸と奥を同時にね。ボクより大きな体でも、ボクの二十七センチには敵わないよ。",utf-8-sig
N28_Gym_MOD,CSV\Card\Gym_master.txt,938,七十センチ,"    説明,茶色のショートポニーテールを揺らして、ハヤテさんが僕の横に立った。百七十センチの細い体が、頭ひとつ以上高い所から僕をのぞき込む。\n首に掛",utf-8-sig
N28_Gym_MOD,CSV\Card\Gym_master.txt,1051,二十七センチ,りに、レギンスの布を押し上げる、すごく大きくて熱いかたまり。ハヤテさんのおちんちんだった。二十七センチあると、入会の日に笑いながら言われたそれが、僕の背中のくぼみ,utf-8-sig
N28_Gym_MOD,CSV\Card\Gym_master.txt,1105,七十センチ,"    説明,肩を軽く押されただけで、僕はシートの上で四つん這いになっていた。\n百七十センチのハヤテさんが後ろに立つと、鏡の中の僕はその影に覆われてしま",utf-8-sig
N28_Gym_MOD,CSV\Card\Gym_master.txt,1275,七十センチ,"    説明,百七十センチのハヤテは、立てない僕の脇に腕を入れて、軽々と抱き上げた。\",utf-8-sig
N28_Gym_MOD,CSV\Card\Gym_master.txt,1370,二十七センチ,"    説明,出てきたものに、僕は息をのんだ。\n二十七センチ。細い腰には似合わないくらいの長さと太さが、琥珀色の灯りを受",utf-8-sig
N28_Gym_MOD,CSV\Card\Gym_master.txt,1381,一センチ,"明,アームが戻り、ハヤテもほんの少し腰を引く。\nまたアームが前に出て、ハヤテがさっきより一センチ深く入ってくる。一レップごとに、少しずつ。マシンと人が、まっ",utf-8-sig
N28_Gym_MOD,CSV\Card\Gym_master.txt,1389,二十七センチ,",名前呼んでくれた。うれしいな。はい、じゅう……じゅういち……じゅうに。……全部入ったよ。二十七センチ、根元まで。会員さん、すごいよ。ボクの自己ベスト更新だ。",utf-8-sig
N28_Gym_MOD,CSV\Card\Gym_master.txt,1410,二十七センチ,ンプがひときわ強く唸った。\nカップが乳首を根元から吸い上げ、突起が先を細かく弾く。同時に二十七センチが結腸の入り口まで届き、戻り、また届く。いーち、にーい、と数,utf-8-sig
N28_Gym_MOD,CSV\Card\Gym_master.txt,1438,六十四センチ,"    説明,百六十四センチのアイさんと、百六十センチの僕。支えられたまま見上げると、紫",utf-8-sig
N28_Gym_MOD,CSV\Card\Gym_master.txt,1438,六十センチ,"    説明,百六十四センチのアイさんと、百六十センチの僕。支えられたまま見上げると、紫の瞳が微笑んで僕を見下ろし",utf-8-sig
N28_Gym_MOD,CSV\Card\Gym_master.txt,1624,六十七センチ,"    説明,百六十七センチのソウさんに見下ろされると、百六十センチの僕は施術台の高さと",utf-8-sig
N28_Gym_MOD,CSV\Card\Gym_master.txt,1624,六十センチ,"    説明,百六十七センチのソウさんに見下ろされると、百六十センチの僕は施術台の高さとあまり変わらない。\n壁の姿見に並んで映",utf-8-sig
N28_Gym_MOD,CSV\Card\Gym_master.txt,1796,六十一センチ,"    説明,金色のボブが揺れて、緑の瞳が僕を覗き込む。\n百六十一センチのルイさんと、百六十センチの僕。カウンターのこちら側に出てき",utf-8-sig
N28_Gym_MOD,CSV\Card\Gym_master.txt,1796,六十センチ,"    説明,金色のボブが揺れて、緑の瞳が僕を覗き込む。\n百六十一センチのルイさんと、百六十センチの僕。カウンターのこちら側に出てきた彼の前に立つと、僕の目の",utf-8-sig
N28_Gym_MOD,CSV\Card\Gym_master.txt,1903,二十センチ,"    セリフ,あ、見ちゃいました？　ルイのおちんぽ、二十センチあるんですよぉ。でも、今日は使いません。受付のお仕事は、キス",utf-8-sig
N28_Gym_MOD,CSV\Card\Gym_master.txt,1945,七十八センチ,った。黒いジャージの裾が目に入り、見上げると、金色の瞳が真上から僕を見下ろしていた。\n百七十八センチのオーナー、タイガさん。黒い長い髪が肩からさらりと落ちて、そ,utf-8-sig
N28_Gym_MOD,CSV\Card\Gym_master.txt,2071,二十五センチ,"    説明,長さも太さも、さっきのアタッチメントの倍はある。\n二十五センチ。細くしなやかな体に似合わないくらい大きなそれが、琥珀色の灯",utf-8-sig
N28_Gym_MOD,CSV\Card\Gym_master.txt,2215,二十七センチ,っていた。\nレギンスの布を押し上げる、すごく大きくて熱いもの。ハヤテさんのおちんちんだ。二十七センチあると、入会の日に笑いながら教えられたそれが、僕の背骨のくぼ,utf-8-sig
N28_Gym_MOD,CSV\Card\Gym_master.txt,2309,七十センチ,"    説明,座りこんだ僕から見上げると、百七十センチの体は天井に届きそうなほど高かった。\n壁一面の鏡に、しゃが",utf-8-sig
N28_Gym_MOD,CSV\Card\Gym_master.txt,2370,六十センチ,言い返せなかった。\nハヤテさんは僕の脇に手を入れて、ひょいと持ち上げる。細い腕なのに、百六十センチの僕の体は、軽々とシートの上に運ばれた。,utf-8-sig
N28_Gym_MOD,CSV\Card\Gym_master.txt,2454,七十センチ,していた。\nスポーツブラ風のトップとレギンスのまま、湯気で少し湿った前髪をかき上げる。百七十センチの背の高い体が、狭いシャワールームの天井に届きそうに見えた。,utf-8-sig
N28_Gym_MOD,CSV\Card\Gym_master.txt,2524,二十七センチ,まがいいの。シャワールームのメニューは、壁に手をついて受け入れるフォーム。ボクのちんちん、二十七センチ、会員さんの背中の高さにちょうどいいんだよ。……カップ、レベ,utf-8-sig
N28_Gym_MOD,CSV\Card\Gym_master.txt,2525,一センチ,とオイルで濡れたそこは、びっくりするほど素直に開いた。指とはまるで違う重さが、ゆっくりと、一センチずつ沈んでくる。胸の上ではカップが、その一センチごとに合わせ,utf-8-sig
N28_Gym_MOD,CSV\Card\Gym_master.txt,2525,一センチ,いた。指とはまるで違う重さが、ゆっくりと、一センチずつ沈んでくる。胸の上ではカップが、その一センチごとに合わせて吸った。,utf-8-sig
N28_Gym_MOD,CSV\Card\Gym_master.txt,2533,二十七センチ,。ねえ、会員さん、分かる？　自分の指だと二本で第二関節までだったのが、今、ボクのちんちん、二十七センチ根元まで入ってる。自主トレより、ずっと伸びたね。,utf-8-sig
N28_Gym_MOD,CSV\Card\Gym_master.txt,2760,六十七センチ,"    説明,扉の前に、白い施術着のソウさんが立っていた。\n百六十七センチの影が、ソファに丸まった百六十センチの僕の上に落ちてくる。腰",utf-8-sig
N28_Gym_MOD,CSV\Card\Gym_master.txt,2760,六十センチ,",扉の前に、白い施術着のソウさんが立っていた。\n百六十七センチの影が、ソファに丸まった百六十センチの僕の上に落ちてくる。腰のオイルの瓶が、かちりと鳴った。",utf-8-sig
N28_Gym_MOD,CSV\Card\Gym_master.txt,3070,七十八センチ,"    説明,タイガさんは扉の枠にもたれて、腕を組んだ。\n百七十八センチの影が廊下に長く伸びて、座りこんだ僕の体をすっぽり覆う。見下",utf-8-sig
N28_Gym_MOD,CSV\Card\Gym_master.txt,3184,二十五センチ,んが黒いジャージの前を、腰のあたりまで開けた。\n平らな胸、細い腰。そしてずらした下には、二十五センチのおちんちんが、灯りを受けて静かに脈打っていた。さっきのアタ,utf-8-sig
N28_Gym_MOD,CSV\Card\Gym_master.txt,3266,一センチ,nその手首を、ハヤテさんの細い指がそっと押さえた。力はほとんど入っていない。なのに、すそは一センチも上がらなかった。,utf-8-sig
N28_Gym_MOD,CSV\Card\Gym_master.txt,3303,五センチ,"    セリフ,はい、二セット目。いいね、いいフォーム！　開脚、入会の時より五センチも開くようになってる。筋肉はつかないけど、柔らかさはちゃんと",utf-8-sig
N28_Gym_MOD,CSV\Card\Gym_master.txt,3487,九センチ,ゅうご、じゅうろく……あ、数えるのが遅れてきたね。いいよ、ボクが横で読み上げてあげる。深さ九センチ、角度はばっちり前立腺のまん中、お尻の穴の締めつけは……わあ,utf-8-sig
N28_Gym_MOD,CSV\Card\Gym_master.txt,3488,九センチ,"    説明,自分の体の中のことを、数字で読み上げられる。\n九センチ。まん中。新記録。その一つ一つが耳から入って、ちょうど今叩か",utf-8-sig
N28_Gym_MOD,CSV\Card\Gym_master.txt,3628,二十七センチ,ンスの腰のゴムを前だけ下げた。\nスポーツブラ風のトップも、首のタオルもそのまま。出てきた二十七センチのおちんちんが、琥珀色の灯りの下で静かに脈打って、僕の持ち上,utf-8-sig
N28_Gym_MOD,CSV\Card\Gym_master.txt,3643,二十七センチ,"    セリフ,じゅう、じゅういち……じゅうに。全部入った。二十七センチ、根元まで。……ねえ会員さん、この橋、筋肉じゃなくて、ボクの",utf-8-sig
N28_Gym_MOD,CSV\Card\Gym_master.txt,3688,六十四センチ,"    説明,百六十四センチのアイさんが、座布団の前に膝をついて僕を見下ろした。\n紫の",utf-8-sig
N28_Gym_MOD,CSV\Card\Gym_master.txt,3872,六十七センチ,施術室だった。\n銅のたらいから温かいタオルの湯気が立ち、棚にはオイルの瓶が並んでいる。百六十七センチのソウさんが施術台のわきに立つと、百六十センチの僕は台のふち,utf-8-sig
N28_Gym_MOD,CSV\Card\Gym_master.txt,3872,六十センチ,気が立ち、棚にはオイルの瓶が並んでいる。百六十七センチのソウさんが施術台のわきに立つと、百六十センチの僕は台のふちに手をつくのがやっとだった。,utf-8-sig
N28_Gym_MOD,CSV\Card\Gym_master.txt,4181,七十八センチ,"    説明,タイガさんはしばらく黙って僕を見下ろしていた。\n百七十八センチの長身から落ちてくる金色の視線には、怒りもあわれみもない。た",utf-8-sig
N28_Gym_MOD,CSV\Card\Gym_master.txt,4285,二十五センチ,"説明,黒いジャージの前が、腰のあたりまで開けられる。\n平らな胸、細い腰。ずらした下には、二十五センチのおちんちんが、琥珀色の灯りを受けて静かに脈打っていた。さっ",utf-8-sig
N28_Gym_MOD,CSV\Card\Gym_master.txt,4565,五センチ,"    セリフ,速さ、三十レップで決定！　メモしとくね。……さて、次は深さ。今は浅めの五センチ。どこまで入れてほしい？",utf-8-sig
N28_Gym_MOD,CSV\Card\Gym_master.txt,4570,一センチ,"    セリフ,じゃあ、ボクが一センチずつ入れていくから、「ここ」ってところで止めてって言って。言",utf-8-sig
N28_Gym_MOD,CSV\Card\Gym_master.txt,4571,一センチ,"    説明,パネルの数字が、六になった。\nアタッチメントが、一センチ深く入る。とん、とん。行き止まりまでは、まだ余裕がある。",utf-8-sig
N28_Gym_MOD,CSV\Card\Gym_master.txt,4577,七センチ,"    説明,当たりだった。\n七センチの先っぽが、二秒に一回、知らない所をこつんと叩く。そのたびに",utf-8-sig
N28_Gym_MOD,CSV\Card\Gym_master.txt,4580,七センチ,"    セリフ,七センチ。……まだ止めない？　じゃ、八。",utf-8-sig
N28_Gym_MOD,CSV\Card\Gym_master.txt,4584,九センチ,"    セリフ,あはは、黙っちゃった。九センチ、いくよー？",utf-8-sig
N28_Gym_MOD,CSV\Card\Gym_master.txt,4589,九センチ,"    セリフ,九センチ、決定！　お尻の穴のいちばん奥が好きなんだね、会員さん。……",utf-8-sig
N28_Gym_MOD,CSV\Card\Gym_master.txt,4590,九センチ,"    説明,二秒に一回。九センチ。\n一回ごとに、先っぽが前立腺をずるっとこすり、結腸の入り",utf-8-sig
N28_Gym_MOD,CSV\Card\Gym_master.txt,4604,九センチ,"    セリフ,深さ、九センチで決定。……うん、今の震え方、すっごくよかった。会員さんの一",utf-8-sig
N28_Gym_MOD,CSV\Card\Gym_master.txt,4605,九センチ,"    説明,手帳に、さらさらと数字が書きこまれていく。\n三十レップ。九センチ。僕の体の一番恥ずかしい好みが、明るい字で記録されていく。",utf-8-sig
N28_Gym_MOD,CSV\Card\Gym_master.txt,4614,九センチ,つっ。二つ目、ぷつっ。三つ目。四つ目。越えるたびに小さな衝撃があって、全部入ったときには、九センチの奥までみっちりと満たされていた。,utf-8-sig
N28_Gym_MOD,CSV\Card\Gym_master.txt,4617,九センチ,ームの角度が少し下がり、段が前立腺のはしっこを、ころ、ころ、と転がりはじめた。二秒に一回。九センチ。,utf-8-sig
N28_Gym_MOD,CSV\Card\Gym_master.txt,4635,九センチ,"    説明,ハヤテさんが、手帳を見ながら一つずつ読み上げる。\n三十レップ。九センチ。四度下げ。段付きの太いアタッチメント。読み上げられるたびに",utf-8-sig
N28_Gym_MOD,CSV\Card\Gym_master.txt,4638,九センチ,"    説明,ブウゥン。\n低くて重い唸り。二秒に一回、九センチの奥まで、四度下げた角度で、段付きの樹脂が前立腺を下から押し",utf-8-sig
N28_Gym_MOD,CSV\Card\Gym_master.txt,4764,二十七センチ,"    説明,二十七センチ。\n細い腰には似合わない熱いおちんちんが、琥珀色の灯りの下",utf-8-sig
N28_Gym_MOD,CSV\Card\Gym_master.txt,4795,二十七センチ,"   セリフ,じゅう、じゅういち……じゅうに。……お尻のいちばん奥、到着。ボクのちんちん、二十七センチ、根元まで。ご注文、承りました。",utf-8-sig
N28_Gym_MOD,CSV\Card\Gym_master.txt,5023,六十七センチ,"    説明,百六十七センチのソウさんが机の前に座っても、施術台のふちに腰かけた百六十セ",utf-8-sig
N28_Gym_MOD,CSV\Card\Gym_master.txt,5023,六十センチ,"    説明,百六十七センチのソウさんが机の前に座っても、施術台のふちに腰かけた百六十センチの僕より、目線はまだ高い。\n白い施術着の袖をまくりながら、",utf-8-sig
N28_Gym_MOD,CSV\Card\Gym_master.txt,5340,七十八センチ,"    説明,タイガさんは眉ひとつ動かさなかった。\n百七十八センチの高さから、金色の瞳がしばらく僕を見下ろし、それからあごで短",utf-8-sig
N28_Gym_MOD,CSV\Card\Gym_master.txt,5456,二十五センチ,イガさんの黒いジャージのズボンが、はっきり盛り上がっているのが、窓ガラスに映っていた。\n二十五センチ。さっきのアタッチメントの倍はある。それが、僕の最後の注文を,utf-8-sig
N28_Gym_MOD,CSV\Card\Gym_mons_boss.txt,279,二十五センチ,"    セリフ,最終メニューだ。ほぐれているか、指で確かめ直した。……もう入る。二十五センチ、全部だ。",utf-8-sig
N29_Summoner_MOD,CSV\Card\Summoner_master.txt,1110,七十センチ,んである、と頭の上から穏やかな声がする。\n見上げると、深紫のローブのルークさんがいた。百七十センチの高さから、台に伏せた百六十センチの僕を、静かに見下ろしてい,utf-8-sig
N29_Summoner_MOD,CSV\Card\Summoner_master.txt,1110,六十センチ,する。\n見上げると、深紫のローブのルークさんがいた。百七十センチの高さから、台に伏せた百六十センチの僕を、静かに見下ろしている。,utf-8-sig
N29_Summoner_MOD,CSV\Card\Summoner_master.txt,1308,七十センチ,"    説明,百七十センチのルークが、深紫のローブの裾を揺らして僕の前に立つ。\n膝を",utf-8-sig
N29_Summoner_MOD,CSV\Card\Summoner_master.txt,1308,六十センチ,"  説明,百七十センチのルークが、深紫のローブの裾を揺らして僕の前に立つ。\n膝をついた百六十センチの僕は、彼の腰くらいの高さから見上げるしかない。金の瞳に、蝋",utf-8-sig
N29_Summoner_MOD,CSV\Card\Summoner_master.txt,1403,一センチ,"    説明,二本の指が、お腹側の壁を這いはじめた。\n一センチずつ、なぞっては止まり、軽く押しては離れる。研究者が地図を広",utf-8-sig
N29_Summoner_MOD,CSV\Card\Summoner_master.txt,1435,二十八センチ,"    説明,二十八センチ。聞かされていた数字が、目の前で本物の重さを持っていた。\n",utf-8-sig
N29_Summoner_MOD,CSV\Card\Summoner_master.txt,1443,一センチ,"セリフ,取れないよ。ちゃんと観察しているからね。息を吐いて。……吐いたね。じゃあ、行くよ。一センチずつ。君のお尻の中がどう広がるか、全部感じ取りながら。",utf-8-sig
N29_Summoner_MOD,CSV\Card\Summoner_master.txt,1448,二十八センチ," セリフ,うん、先が入った。君のお尻の穴が、僕のペニスをくわえている。……まだ先は長いよ。二十八センチぶん、ゆっくり記録していこう。",utf-8-sig
N29_Summoner_MOD,CSV\Card\Summoner_master.txt,1456,七十センチ,"    説明,百七十センチの体に上からおおわれると、百六十センチの僕は、その影の中に覆",utf-8-sig
N29_Summoner_MOD,CSV\Card\Summoner_master.txt,1456,六十センチ,"    説明,百七十センチの体に上からおおわれると、百六十センチの僕は、その影の中に覆われてしまう。\nローブの袖が僕の肩に",utf-8-sig
N29_Summoner_MOD,CSV\Card\Summoner_master.txt,1558,三センチ,"  セリフ,あちゃあ……線がはみ出てたところから崩れちゃった。でもでも、おちんちんの先から三センチくらいまではちゃんと入ったよね！　おにいさん、白いのいっぱい",utf-8-sig
N29_Summoner_MOD,CSV\Card\Summoner_master.txt,1573,三センチ,"   説明,入ってきた。ねじれ合った二本が、ねじを締めるように回りながら進んでいく。さっき三センチで止まったところを越えて、もっと先へ。\n回るのに合わせて、",utf-8-sig
N29_Summoner_MOD,CSV\Card\Summoner_master.txt,1575,六センチ,"    セリフ,わあ、今どこかな？　えっと、ぼくの指がこのくらいだから……六センチ！　すごいすごい、一回目より深いよ！　おにいさん、どんな感じ",utf-8-sig
N29_Summoner_MOD,CSV\Card\Summoner_master.txt,1605,六センチ,"    セリフ,うーん、二回目も途中で帰っちゃった。でも六センチは行けたし、前立腺も見つけたし！　次こそ根元まで行くからね。",utf-8-sig
N29_Summoner_MOD,CSV\Card\Summoner_master.txt,1620,三センチ,"    セリフ,あ……っ♡　入って……っ、さっきより、するする、入って……っ、三センチ……六センチ……っ、あ、あぁ……っ♡　そこ、また……っ♡",utf-8-sig
N29_Summoner_MOD,CSV\Card\Summoner_master.txt,1620,六センチ,"    セリフ,あ……っ♡　入って……っ、さっきより、するする、入って……っ、三センチ……六センチ……っ、あ、あぁ……っ♡　そこ、また……っ♡",utf-8-sig
N29_Summoner_MOD,CSV\Card\Summoner_master.txt,1623,十センチ,"    セリフ,いける、いける……！　十センチ……十二センチ……あっ、根元まで入ったよ！　やったあ！　おに",utf-8-sig
N29_Summoner_MOD,CSV\Card\Summoner_master.txt,1623,十二センチ,"    セリフ,いける、いける……！　十センチ……十二センチ……あっ、根元まで入ったよ！　やったあ！　おにいさん、成功！",utf-8-sig
N29_Summoner_MOD,CSV\Card\Summoner_master.txt,1640,三センチ,"    セリフ,あと三センチ……あと半分……えへへ、おにいさん、すっごい顔してる。ルーク",utf-8-sig
N29_Summoner_MOD,CSV\Card\Summoner_master.txt,2013,七十九センチ,"    説明,百七十九センチのヴェルナーは、膝をついた百六十センチの僕から見ると、塔その",utf-8-sig
N29_Summoner_MOD,CSV\Card\Summoner_master.txt,2013,六十センチ,"    説明,百七十九センチのヴェルナーは、膝をついた百六十センチの僕から見ると、塔そのものみたいに高かった。\n白い長髪が法",utf-8-sig
N29_Summoner_MOD,CSV\Card\Summoner_master.txt,2136,一センチ,開いたすきまへ粘液が流れこんで、お尻の中の奥まで熱が行きわたる。それから指は、お腹側の壁を一センチずつ、地図の上の一点を探すように這い始めた。,utf-8-sig
N29_Summoner_MOD,CSV\Card\Summoner_master.txt,2149,二十五センチ,"    説明,二十五センチ。白い肌に淡い紫の血管が浮いた、長くて太いものだった。\n女",utf-8-sig
N29_Summoner_MOD,CSV\Card\Summoner_master.txt,2164,七十九センチ,"    説明,百七十九センチの体が、おおいかぶさるように僕の上へかたむいた。\n白い長髪",utf-8-sig
N29_Summoner_MOD,CSV\Card\Summoner_master.txt,2164,六十センチ,い長髪が僕の顔の両側に垂れて、カーテンのようになる。その内側で、紫の瞳だけが光っていた。百六十センチの僕はその影の中に閉じこめられて、見えるのは彼と光の環だけに,utf-8-sig
N29_Summoner_MOD,CSV\Card\Summoner_master.txt,2355,七十センチ,上げた。\n深紫のローブのルークさんが、薄い革の手袋をはめた手を後ろで組んで立っていた。百七十センチの高さから、僕を見下ろしている。いつから見ていたのか分からな,utf-8-sig
N29_Summoner_MOD,CSV\Card\Summoner_master.txt,2479,六十センチ,を払うと、浴槽の底から太めの触手が二本伸びて、僕の腰とひざの裏をそっとすくい上げた。\n百六十センチの体は、あっけなく持ち上げられる。温かい粘液の湯船の中へ、ゆ,utf-8-sig
N29_Summoner_MOD,CSV\Card\Summoner_master.txt,2536,七十センチ,、僕を見下ろしていた。\n紫の長い髪が燭台の光で揺れ、金の瞳が面白そうに細くなっている。百七十センチの彼の前で、寝台に座りこんだ百六十センチの僕は、指を止めるこ,utf-8-sig
N29_Summoner_MOD,CSV\Card\Summoner_master.txt,2536,六十センチ,台の光で揺れ、金の瞳が面白そうに細くなっている。百七十センチの彼の前で、寝台に座りこんだ百六十センチの僕は、指を止めることもできずに固まった。,utf-8-sig
N29_Summoner_MOD,CSV\Card\Summoner_master.txt,2631,二十八センチ,"    説明,二十八センチ。\n細い肩、平らな胸、細い腰、女の人みたいな顔。そのどれと",utf-8-sig
N29_Summoner_MOD,CSV\Card\Summoner_master.txt,2634,七十センチ,っと横向きに倒した。\n背中にルークの胸が重なる。平らで、ローブごしにほんのり温かい胸。百七十センチの彼に後ろから抱えられると、僕の体は彼の腕の中に抱きすくめら,utf-8-sig
N29_Summoner_MOD,CSV\Card\Summoner_master.txt,3150,七十九センチ,"    説明,目を開けると、白と銀の法衣がすぐ目の前にあった。\n百七十九センチのヴェルナーが、壁ぎわに座りこんだ百六十センチの僕を、月明か",utf-8-sig
N29_Summoner_MOD,CSV\Card\Summoner_master.txt,3150,六十センチ,、白と銀の法衣がすぐ目の前にあった。\n百七十九センチのヴェルナーが、壁ぎわに座りこんだ百六十センチの僕を、月明かりを背にして見下ろしている。紫の瞳は冷たかった,utf-8-sig
N29_Summoner_MOD,CSV\Card\Summoner_master.txt,3237,六十センチ,n群れに持ち上げられて、やっと見下ろされる角度が少しだけゆるくなる。そのせいで、かえって百六十センチの自分が、彼の前でどれだけ頼りないかを思い知らされた。,utf-8-sig
N29_Summoner_MOD,CSV\Card\Summoner_master.txt,3266,二十五センチ,ェルナーは指を抜くと、白と銀の法衣の前の留め具を二つだけ外した。\n布の合わせ目の影から、二十五センチのものが重たげに現れる。白い肌に淡い紫の血管を浮かべた長いそ,utf-8-sig
N29_Summoner_MOD,CSV\Card\Summoner_master.txt,3339,六十センチ,"    セリフ,膝、曲げないで。陣が君の身長を測り直さないといけなくなる。……ふふ、百六十センチ。この陣に立った中でいちばん小さな被験体だ。記録しておこう。",utf-8-sig
N29_Summoner_MOD,CSV\Card\Summoner_master.txt,3438,六十センチ,からは吸盤、後ろからは毛。薄い体を前と後ろからはさまれて、逃げ場がどこにもなかった。\n百六十センチの細い体は、光の柱の中に閉じこめられて、柱ごと触手たちに抱き,utf-8-sig
N29_Summoner_MOD,CSV\Card\Summoner_master.txt,3475,七十センチ,ま、標本棚の間の低い作業台に座らされた。\nルークさんは棚から琥珀色の小瓶を一つ取った。百七十センチの高さから差し出されたそれは、蝋燭の火が透けて、はちみつのよ,utf-8-sig
N29_Summoner_MOD,CSV\Card\Summoner_master.txt,3686,七十センチ,"    説明,後ろで、ルークが膝を曲げる気配がした。\n百七十センチの彼がかがんでも、その頭はまだ僕の肩より高い。長い紫の髪が僕",utf-8-sig
N29_Summoner_MOD,CSV\Card\Summoner_master.txt,3734,一センチ,"    説明,二本の指が、お腹側の壁をそろそろと這いはじめた。\n一センチずつ、なぞって、止まって、押して、離す。扉の外の暗がりを見つ",utf-8-sig
N29_Summoner_MOD,CSV\Card\Summoner_master.txt,3758,二十八センチ,"    説明,二十八センチ。\n細い肩と平らな胸、細い腰の下に、手首くらいある太い竿。",utf-8-sig
N29_Summoner_MOD,CSV\Card\Summoner_master.txt,3764,六十センチ,"    説明,百六十センチの僕の腰が、百七十センチのルークの腰の高さまで持ち上げられた",utf-8-sig
N29_Summoner_MOD,CSV\Card\Summoner_master.txt,3764,七十センチ,"    説明,百六十センチの僕の腰が、百七十センチのルークの腰の高さまで持ち上げられた。\n両手は扉のふちにし",utf-8-sig
N29_Summoner_MOD,CSV\Card\Summoner_master.txt,3786,七十センチ,"    説明,百七十センチの彼に後ろからおおわれると、僕の頭は彼のあごの下に包みこまれ",utf-8-sig
N29_Summoner_MOD,CSV\Card\Summoner_master.txt,4291,七十九センチ,ルナーの指が、宙で止まった。\n群れを呼ぶはずだった白い手袋の手が、ゆっくり下ろされる。百七十九センチの塔の主は、百六十センチの僕を長いあいだ見下ろした。それから,utf-8-sig
N29_Summoner_MOD,CSV\Card\Summoner_master.txt,4291,六十センチ,。\n群れを呼ぶはずだった白い手袋の手が、ゆっくり下ろされる。百七十九センチの塔の主は、百六十センチの僕を長いあいだ見下ろした。それから書架のいちばん奥から、一,utf-8-sig
N29_Summoner_MOD,CSV\Card\Summoner_master.txt,4412,二十五センチ,、後ろで法衣の留め具が二つ外される音がした。\n振り返ると、白と銀の布の合わせ目の影から、二十五センチのものが重たげに現れていた。白い肌に淡い紫の血管が浮いている,utf-8-sig
N29_Summoner_MOD,CSV\Card\Summoner_master.txt,4612,六十センチ,で、寝台の上に仰向けにされた。ローブのルークさんが、寝台の横に立って見下ろしている。\n百六十センチの体は寝台の半分も埋まらない。百七十センチの影が、その上に覆,utf-8-sig
N29_Summoner_MOD,CSV\Card\Summoner_master.txt,4612,七十センチ,クさんが、寝台の横に立って見下ろしている。\n百六十センチの体は寝台の半分も埋まらない。百七十センチの影が、その上に覆いかぶさっていた。,utf-8-sig
N29_Summoner_MOD,CSV\Card\Summoner_master.txt,4820,七十センチ,"   説明,見上げると、たくさんの星のあいだにルークの顔があった。\n長椅子のわきに立つ百七十センチの彼は、寝そべった僕からは空の一部みたいに高い。紫の長い髪が",utf-8-sig
N29_Summoner_MOD,CSV\Card\Summoner_master.txt,4916,二十八センチ,"    説明,二十八センチ。\n細い肩、平らな胸、細い腰。女の人みたいな顔の下に、手首",utf-8-sig
N29_Summoner_MOD,CSV\Card\Summoner_master.txt,4936,六十センチ,尻の奥へ。\n薄いお腹の皮が、内側から少しずつ持ち上がっていくのが星明かりの下で見えた。百六十センチの細い体の中に、ルークの全部が収まろうとしていた。,utf-8-sig
N29_Summoner_MOD,CSV\Card\Summoner_master.txt,5050,三センチ,"    説明,三センチ。冷たい糸が、さっき撫でられつくした入口を越えて、その先の道",utf-8-sig
N29_Summoner_MOD,CSV\Card\Summoner_master.txt,5050,六センチ,"    説明,三センチ。冷たい糸が、さっき撫でられつくした入口を越えて、その先の道へ。\n六センチ。粘液が先に流れこんで、甘いしびれで内側を塗っていく。薄荷み",utf-8-sig
N29_Summoner_MOD,CSV\Card\Summoner_master.txt,5057,九センチ,"    セリフ,九センチ……今、ちょうど真ん中くらい。おにいさん、息止めてるよ？　ち",utf-8-sig
N29_Summoner_MOD,CSV\Card\Summoner_master.txt,5462,七十九センチ,"    説明,百七十九センチのヴェルナーは、白い長髪を揺らして、百六十センチの僕をゆっく",utf-8-sig
N29_Summoner_MOD,CSV\Card\Summoner_master.txt,5462,六十センチ,"    説明,百七十九センチのヴェルナーは、白い長髪を揺らして、百六十センチの僕をゆっくり見下ろした。\n紫の瞳に、驚いた色はなかった。",utf-8-sig
N29_Summoner_MOD,CSV\Card\Summoner_master.txt,5560,七十九センチ,記録帳を開いたまま、椅子から立ち上がった。\n台座に横になった僕を、すぐ横から見下ろす。百七十九センチの長身がろうそくの光をさえぎって、白と銀の法衣の影が、僕の体,utf-8-sig
N29_Summoner_MOD,CSV\Card\Summoner_master.txt,5592,二十五センチ,て、膝立ちのまま、白と銀の法衣の前の留め具を二つだけ外した。\n重い布の合わせ目の影から、二十五センチのものが重たげに現れる。白い肌に淡い紫の血管を浮かべた、長く,utf-8-sig
N2_Circle_MOD_v4,CSV\Card\Circle_master.txt,1135,六十センチ,"    説明,細い腕が胸の前で交差して、逃げ道はきれいにふさがれた。百六十センチの僕の体は、先輩の腕の中に抱きすくめられてしまう。",utf-8-sig
N2_Circle_MOD_v4,CSV\Card\Circle_master.txt,1505,一センチ,"    セリフ,どうしたの？唇、震えてるよ。\n私はここにいるのにね。あと一センチなのにね。",utf-8-sig
N2_Circle_MOD_v4,CSV\Card\Circle_master.txt,1763,六十センチ,"    説明,百六十センチの僕の体は、八センチ背の高い後輩の腕の中に、ちょうどよく包み",utf-8-sig
N2_Circle_MOD_v4,CSV\Card\Circle_master.txt,1763,八センチ,"    説明,百六十センチの僕の体は、八センチ背の高い後輩の腕の中に、ちょうどよく包みこまれてしまう。足の",utf-8-sig
N2_Circle_MOD_v4,CSV\Card\Circle_master.txt,1974,六十センチ,"  説明,カイトは読みかけの文庫本に栞を挟むと、僕の脇に手を入れて軽々と抱き上げた。\n百六十センチの僕の体は、OBの腕の中に包みこまれてしまう。",utf-8-sig
N2_Circle_MOD_v4,CSV\Card\Circle_master.txt,3325,六十センチ,"    説明,腕を通される。頭からかぶせられる。ツバサの体に合わせた大きなパーカーは、百六十センチの僕には大きすぎて、袖が指先を完全に隠し、すそは太ももの真ん",utf-8-sig
N2_Circle_MOD_v4,CSV\Card\Circle_master.txt,3855,一センチ,"    説明,シズクは紐の先をつまんで、ほんの一センチだけ引いた。五つの珠がそろって入り口のほうへ寄り、いちばん手",utf-8-sig
N2_Circle_MOD_v4,CSV\Card\Circle_master.txt,4749,八センチ,"    説明,ツバサが正面に立った。八センチの差で、少しだけ見下ろされる。夕日を背にした後輩のふちどりが",utf-8-sig
N2_Circle_MOD_v4,CSV\Card\Circle_master.txt,5066,一センチ,"    セリフ,指を少しだけ、出し入れするよ。一センチだけ。……ほら、聞いて。",utf-8-sig
N2_Circle_MOD_v4,CSV\Card\Circle_master.txt,6280,六十センチ,ずおずと、後輩の膝の上に腰を下ろした。向かい合わせに、脚をツバサの腰の両側に投げ出して。百六十センチの僕の体は、あぐらのくぼみに包みこまれてしまった。,utf-8-sig
N30_Ninja_MOD,CSV\Card\Ninja_master.txt,938,七十一センチ,"    説明,百七十一センチの黒装束が、足音もなく僕の後ろに回った。\n黒いポニーテール",utf-8-sig
N30_Ninja_MOD,CSV\Card\Ninja_master.txt,1104,七十一センチ,まで下げて、紅い瞳で静かに僕を見ている。\n座っていても、彼の目は僕の頭より上にあった。百七十一センチの影が、行灯に照らされて僕の体を覆いつくしている。,utf-8-sig
N30_Ninja_MOD,CSV\Card\Ninja_master.txt,1278,七十一センチ,"    説明,百七十一センチのカゲロウは、立てない僕を軽々と抱き上げた。\n見下ろされる",utf-8-sig
N30_Ninja_MOD,CSV\Card\Ninja_master.txt,1367,二十九センチ,行灯の明かりに照らされたものを見て、僕は息をのんだ。細い腰と平らな胸からは想像もできない、二十九センチのおちんちん。太さも、僕の手首くらいある。先にはもう香油がた,utf-8-sig
N30_Ninja_MOD,CSV\Card\Ninja_master.txt,1375,二十九センチ,わせよ。吹き込まれたら吸え。塞がれたら止めよ。……わたしが入る時に、吐け。一息で一寸ずつ。二十九センチ、焦らずに入れてゆく。,utf-8-sig
N30_Ninja_MOD,CSV\Card\Ninja_master.txt,1384,二十九センチ,"    説明,最後の「吐け」で、本体の腰が僕のお尻にぴたりとくっついた。\n二十九センチが根元まで全部入っている。信じられなかった。でも、お腹の中の",utf-8-sig
N30_Ninja_MOD,CSV\Card\Ninja_master.txt,1433,六十一センチ,"  説明,ハヤブサは灰色の短髪をかき上げ、金色の目を得意そうに細めて僕を見下ろした。\n百六十一センチの下忍と、百六十センチの僕。座り込んだ今は、見上げるしかなか",utf-8-sig
N30_Ninja_MOD,CSV\Card\Ninja_master.txt,1433,六十センチ,の短髪をかき上げ、金色の目を得意そうに細めて僕を見下ろした。\n百六十一センチの下忍と、百六十センチの僕。座り込んだ今は、見上げるしかなかった。,utf-8-sig
N30_Ninja_MOD,CSV\Card\Ninja_master.txt,1933,七十七センチ,"    説明,オボロは札を懐にしまうと、足音もなく僕の前に立った。\n百七十七センチ。白い長髪が上忍の装束の肩に流れている。額当ての下の赤い瞳が",utf-8-sig
N30_Ninja_MOD,CSV\Card\Ninja_master.txt,2057,二十五センチ,"    説明,二十五センチ。僕のおちんちんなんて、並べたら半分もない。\n上忍の男の娘",utf-8-sig
N30_Ninja_MOD,CSV\Card\Ninja_master.txt,2068,二十五センチ,では届かなかった所。影針の珠でも触れられなかった所。\nお尻のいちばん奥、結腸の入り口を、二十五センチの先っぽが、とん、と押した。根元まで全部入っていた。僕の細い,utf-8-sig
N30_Ninja_MOD,CSV\Card\Ninja_master.txt,2115,七十一センチ,がちかちか明るくなった。\nあと一息で何かがはじける。その寸前で、長持の影から声がした。百七十一センチの黒装束が、足音ひとつ立てずに、月明かりの中へ歩み出てきた。,utf-8-sig
N30_Ninja_MOD,CSV\Card\Ninja_master.txt,2442,七十一センチ,"    説明,本体が低い梁をくぐって、板間の真ん中に立った。\n天井の低い屋根裏では、百七十一センチの彼は頭が梁に届きそうだった。膝をついた僕の目の高さに、ちょ",utf-8-sig
N30_Ninja_MOD,CSV\Card\Ninja_master.txt,2524,二十九センチ,。袴の紐をほどいて、前だけをずらす、小さな音。\n見えないのに、背中に伝わる熱で分かった。二十九センチ。細い腰の男の娘の装束の下に隠れていた、僕のおちんちんとは比,utf-8-sig
N30_Ninja_MOD,CSV\Card\Ninja_master.txt,2539,二十九センチ,"    説明,入っている。二十九センチが、全部。\n自分の指先では入り口のひと関節しか知らなかった",utf-8-sig
N30_Ninja_MOD,CSV\Card\Ninja_master.txt,2588,六十一センチ,"    説明,竹の葉がざわめき、ハヤブサが音もなくござの前に立った。\n百六十一センチの下忍が腰に手を当てて、座り込んだ僕を真上から見下ろしている",utf-8-sig
N30_Ninja_MOD,CSV\Card\Ninja_master.txt,3088,七十七センチ,預け、腕を組んで見下ろしていた。\n白い長髪が夜風に流れ、額当ての銀が月の光をはね返す。百七十七センチの上忍が、板敷きにぺたんと座る僕を、頭ふたつ近く上から眺めて,utf-8-sig
N30_Ninja_MOD,CSV\Card\Ninja_master.txt,3243,七十一センチ,は紅い麻縄が掛けられていた。後ろ手に縛られ、胸の前には結び目が三つ、縦に並んでいる。\n百七十一センチの黒装束が、橋を背にして僕の前に立った。月明かりにぬれたよう,utf-8-sig
N30_Ninja_MOD,CSV\Card\Ninja_master.txt,3584,七十一センチ,"    説明,分身が音もなく立ち上がった。\n百七十一センチの影が近づいてきて、見下ろされる僕の前で止まる。見下ろされた",utf-8-sig
N30_Ninja_MOD,CSV\Card\Ninja_master.txt,3672,二十九センチ,た。\n行灯の光に照らされたおちんちんは、細い腰と平らな胸からは想像もつかない太さだった。二十九センチ。僕のおちんちんが恥ずかしくなるほど小さく見えて、思わず目を,utf-8-sig
N30_Ninja_MOD,CSV\Card\Ninja_master.txt,4229,七十七センチ,った。\n分身の手は温かかった。煙から生まれたとは思えない、ちゃんとした人の肌の温かさ。百七十七センチの体が、僕を頭ふたつ近く上から見下ろしていた。,utf-8-sig
N30_Ninja_MOD,CSV\Card\Ninja_master.txt,4387,七十一センチ,"    説明,裸のまま板張りに正座させられた僕の前に、百七十一センチの黒装束が片膝をつく。それでも紅い瞳は、頭ひとつ以上高い所に",utf-8-sig
N30_Ninja_MOD,CSV\Card\Ninja_master.txt,4837,二十九センチ,n本体が袴の紐をほどき、前をずらした。囲炉裏の光に浮かんだのは、細い腰からは想像もつかない二十九センチのおちんちん。僕のおちんちんが、ひどく小さく見えた。,utf-8-sig
N30_Ninja_MOD,CSV\Card\Ninja_master.txt,5402,七十七センチ,細い腰が、行灯のオレンジ色の光にさらされた。オボロは僕の正面に立ったまま、膝もつかない。百七十七センチの上忍の赤い瞳は、頭ふたつ近く上から、ただ僕の口もとを見てい,utf-8-sig
N30_Ninja_MOD,CSV\Card\Ninja_master.txt,5491,二十五センチ,た。\nまだはだけてはいない。でも黒い装束の下で、何かが大きく形を持っているのが分かった。二十五センチ。上忍の男の娘のおちんちんを、僕はまだ見たことがなかった。,utf-8-sig
N30_Ninja_MOD,CSV\Card\Ninja_master.txt,5541,二十五センチ,"  説明,さらに、奥へ。\n指でも影針でも届かなかった、お尻のいちばん奥、結腸の入り口を、二十五センチの先っぽが、とん、と押した。根元まで全部入った。僕の細い腰は",utf-8-sig
N30_Ninja_MOD,CSV\Card\Ninja_mons_boss.txt,280,二十五センチ,"    セリフ,……ほぐした。もう入る。奥義だ。二十五センチ、根元まで。……受けろ。",utf-8-sig
N31_Onsen_MOD,CSV\Card\Onsen_master.txt,1407,171センチ,"    説明,ミヤコさんが僕の脚の間に膝をつく。171センチの体が上から覆いかぶさってくると、行灯の灯りがすっかり遮られ",utf-8-sig
N31_Onsen_MOD,CSV\Card\Onsen_master.txt,1499,二十センチ,"    セリフ,二十センチどすえ。かいらしいおちんちんの、何倍ありますやろなあ。\nこ",utf-8-sig
N31_Onsen_MOD,CSV\Card\Onsen_master.txt,1524,二十センチ,"    セリフ,ぜんぶ、入りましたえ。お客さまのお尻の穴、わたくしの二十センチをぜんぶ、飲みこまはりました。",utf-8-sig
N31_Onsen_MOD,CSV\Card\Onsen_master.txt,2224,174センチ,"    説明,大女将のセツさんが立ち上がった。174センチの長身に、黒留袖と金の帯。結い上げた白い髪の下で、金の瞳が僕",utf-8-sig
N31_Onsen_MOD,CSV\Card\Onsen_master.txt,2378,二十二センチ,"    セリフ,二十二センチじゃ。婿殿の魔羅の、幾つ分かの。これが婿入りの儀の証よ。",utf-8-sig
N31_Onsen_MOD,CSV\Card\Onsen_master.txt,2814,171センチ,影が近づいてきた。濡れた薄い布が肌に張りついて、女将さんの体の線がそのまま透けている。\n171センチの長身が、石の腰掛けに座る僕を、真上から見下ろした。,utf-8-sig
N31_Onsen_MOD,CSV\Card\Onsen_master.txt,2923,二十センチ,"    説明,湯帷子は、濡れて肌に張りついたまま。前を少しはだけただけ。\nその裾から、二十センチの飴色が、まっすぐに僕へ向けられていた。",utf-8-sig
N31_Onsen_MOD,CSV\Card\Onsen_master.txt,2949,二十センチ,"    セリフ,ぜんぶどす。二十センチ、ぜんぶお客さまの中。\n想像してはったより、深いですやろ。",utf-8-sig
N31_Onsen_MOD,CSV\Card\Onsen_master.txt,3643,174センチ,"    説明,セツさんは、僕の前にゆっくりと立った。174センチの長身が、座りこんだ僕の上に影を落とす。\n見上げると首が痛",utf-8-sig
N31_Onsen_MOD,CSV\Card\Onsen_master.txt,3772,二十二センチ,"    セリフ,二十二センチの、婿入りの張形じゃ。本来は儀の夜に使うものよ。されど、廊下",utf-8-sig
N31_Onsen_MOD,CSV\Card\Onsen_master.txt,4357,二十センチ,"    セリフ,二十センチどす。けど、あなたのお尻の穴は、もう入る言うてます。わたくし",utf-8-sig
N31_Onsen_MOD,CSV\Card\Onsen_master.txt,4371,二十センチ,",女将さんの腰が、最後にやさしく押しつけられた。藤色の帯の結び目が、僕のお尻に当たる。\n二十センチが、ぜんぶ、お尻の中に収まっていた。",utf-8-sig
N31_Onsen_MOD,CSV\Card\Onsen_master.txt,5043,174センチ,",座っていても、セツさんの顎は僕の頭の上にあった。白い髪から、白檀の匂いが降ってくる。\n174センチの体に後ろから抱えこまれると、僕の体はほとんど見えなくなった",utf-8-sig
N31_Onsen_MOD,CSV\Card\Onsen_master.txt,5197,二十二センチ,"    セリフ,二十二センチの、婿入りの張形じゃ。湯守の尻の穴に、ぜんぶ入れてやる。",utf-8-sig
N31_Onsen_MOD,CSV\Card\Onsen_master.txt,5612,171センチ,"    説明,濡れた白い湯帷子が、女将さんの体に張りついていた。171センチの長身が、湯の中の僕を見下ろす。\n彼女は湯縁の、平たく大き",utf-8-sig
N31_Onsen_MOD,CSV\Card\Onsen_master.txt,5729,二十センチ,"    説明,湯帷子は濡れて肌に張りついたまま。前を少しはだけただけ。\nその裾から、二十センチの飴色が、湯けむりの中で僕の方を向いていた。",utf-8-sig
N31_Onsen_MOD,CSV\Card\Onsen_master.txt,5752,二十センチ,将さんの腰が、最後にやさしく押しつけられた。藤色の帯の結び目が、お尻にぴたりと当たる。\n二十センチが、ぜんぶ、お尻の中に入っていた。,utf-8-sig
N31_Onsen_MOD,CSV\Card\Onsen_master.txt,6469,174センチ,ど目の高さが同じになった。\n立っている僕と、座っているセツさん。それでやっと、目が合う。174センチと160センチの差だった。,utf-8-sig
N31_Onsen_MOD,CSV\Card\Onsen_master.txt,6469,160センチ,じになった。\n立っている僕と、座っているセツさん。それでやっと、目が合う。174センチと160センチの差だった。,utf-8-sig
N31_Onsen_MOD,CSV\Card\Onsen_master.txt,6603,二十二センチ,"    セリフ,二十二センチじゃ。先だけか。半ばまでか。それとも。",utf-8-sig
N31_Onsen_MOD,CSV\Card\Onsen_mons_boss.txt,22,174センチ," 効果設定,0,explain,湯守の宿の大女将。白い髪を結い上げ、黒留袖に金の帯を締めた174センチの長身。離れの金の湯で客を抱きしめ、口と胸を同時に塞いで帰り",utf-8-sig
N31_Onsen_MOD,CSV\Card\Onsen_mons_boss.txt,285,二十二センチ,"    セリフ,これは婿入りの儀の張形じゃ。黒漆に金の蒔絵、長さは二十二センチよ。ほれ、先だけ尻の穴に口づけさせてやろう。",utf-8-sig
N31_Onsen_MOD,CSV\Card\Onsen_recall.txt,166,174センチ,分のターン終了時の効果。\n\n湯守の宿の大女将。白い髪を結い上げ、黒留袖に金の帯を締めた174センチの長身。離れの金の湯で客を抱きしめ、口と胸を同時に塞いで帰り,utf-8-sig
N32_Arachne_MOD,CSV\Card\Arachne_master.txt,1479,二十八センチ,"    説明,長い。僕の前腕よりも長い。二十八センチ。\n僕のおちんちんとは比べものにならない大きさで、先がつや",utf-8-sig
N32_Arachne_MOD,CSV\Card\Arachne_master.txt,1495,二十八センチ,に下がる。体の重さで、僕のほうから深く沈んでいく。\n根元の黒い縞が、お尻の入口に触れた。二十八センチ全部が、僕の中に収まっていた。,utf-8-sig
N32_Arachne_MOD,CSV\Card\Arachne_master.txt,2321,二十五センチ,のぞいていた。\n白くて、太めで、先が丸い。僕の手のひらを縦に並べても、まだ余るほど長い。二十五センチ、と彼女は言った。,utf-8-sig
N32_Arachne_MOD,CSV\Card\Arachne_master.txt,2863,二十八センチ,スの下。人の腰と黒い蜘蛛の体の境目から、紅を帯びた滑らかなものが現れた。\n根元に黒い縞。二十八センチ。僕の指とは比べものにならない長さと太さだった。,utf-8-sig
N32_Arachne_MOD,CSV\Card\Arachne_master.txt,3670,二十五センチ,間から白いものが見えた。\n白くて、太めで、先の丸いもの。僕のおちんちんよりずっと大きい。二十五センチ、と彼女は囁いた。,utf-8-sig
N32_Arachne_MOD,CSV\Card\Arachne_master.txt,4220,二十八センチ,スの下。人の腰と黒い蜘蛛の体の境目から、紅を帯びた滑らかなものが現れた。\n根元に黒い縞。二十八センチ。霧の粒をまとって、月光の中でつやつやと光っていた。,utf-8-sig
N32_Arachne_MOD,CSV\Card\Arachne_master.txt,4242,二十八センチ,"    説明,根元の黒い縞が、お尻の入口に触れた。二十八センチ全部が、僕の中に収まっていた。\nお尻のいちばん奥が、女王の",utf-8-sig
N32_Arachne_MOD,CSV\Card\Arachne_master.txt,5023,二十五センチ,"    説明,白くて、太めで、先の丸いもの。二十五センチ。僕のおちんちんよりずっと大きい。\nそれが、蜜に濡れて、繭",utf-8-sig
N32_Arachne_MOD,CSV\Card\Arachne_master.txt,5598,二十八センチ,"    説明,根元に黒い縞。二十八センチ。僕の前腕より長いそれが、蜜に濡れて月光を映していた。\n玉",utf-8-sig
N32_Arachne_MOD,CSV\Card\Arachne_master.txt,5615,二十八センチ,がさらに下がる。体の重さで、深く、深く沈んでいく。\n根元の黒い縞が、お尻の入口に触れた。二十八センチ全部が、僕の中に収まっていた。,utf-8-sig
N32_Arachne_MOD,CSV\Card\Arachne_master.txt,6362,二十五センチ,"    説明,白くて、太めで、先の丸いもの。二十五センチ。僕のおちんちんよりずっと大きい。\n蝋燭の、ぼんやりした灯",utf-8-sig
N33_Dream_MOD,CSV\Card\Dream_master.txt,2360,二十四センチ,らして現れた、女王のふたなりだった。白く滑らかで、星の粒のような光がかすかに浮かんでいる。二十四センチ。触手よりずっと太い。,utf-8-sig
N33_Dream_MOD,CSV\Card\Dream_master.txt,5088,二十四センチ,らして現れた、女王のふたなりだった。白く滑らかで、星の粒のような光がかすかに浮かんでいる。二十四センチ。,utf-8-sig
N33_Dream_MOD,CSV\Card\Dream_master.txt,6515,二十四センチ,ものが当たっていた。女王のふたなり。白く滑らかで、星の粒のような光がかすかに浮かんでいる。二十四センチ。,utf-8-sig
N34_Library_MOD,CSV\Card\Library_master.txt,1473,二十センチ,"    セリフ,二十センチあります。あなたの本の厚さと、ちょうど同じくらいです。これで",utf-8-sig
N34_Library_MOD,CSV\Card\Library_master.txt,1497,二十センチ,"    説明,こつん、と奥に何かが当たった。お尻のいちばん奥。\n二十センチが、全部入りきったのだとわかった。彼女の腰が、僕のお尻にぴた",utf-8-sig
N34_Library_MOD,CSV\Card\Library_master.txt,2423,二十二センチ,"    セリフ,二十二センチあります。わたくしの蔵書の背は、すべてこれで綴じてきました。",utf-8-sig
N34_Library_MOD,CSV\Card\Library_master.txt,2442,二十二センチ,"    説明,張形は、少しずつ、少しずつ奥へ沈んでいった。\n二十二センチ。お腹の中を、本の背に糸が通っていくみたいにまっすぐ進んでく",utf-8-sig
N34_Library_MOD,CSV\Card\Library_master.txt,3055,二十センチ,う音。\n肩ごしに振り返ると、ランプの光の中に、黒い革の帯と象牙色の滑らかな張形が見えた。二十センチの、閉架の奥で僕を満たしたものだった。,utf-8-sig
N34_Library_MOD,CSV\Card\Library_master.txt,3064,二十センチ,"説明,口づけの中で、張形が奥へ奥へと進んでくる。\nこつん、とお尻のいちばん奥に当たった。二十センチが全部、僕の中に入った。",utf-8-sig
N34_Library_MOD,CSV\Card\Library_master.txt,3987,二十二センチ,を開き、革の帯を締める音がした。\n深紅の革の帯。そこから伸びる、金の縁取りの黒檀の張形。二十二センチ。,utf-8-sig
N34_Library_MOD,CSV\Card\Library_master.txt,4583,二十センチ,"    セリフ,二十センチです。最後の一頁の続きを、これで体に書き込みます。",utf-8-sig
N34_Library_MOD,CSV\Card\Library_master.txt,4591,二十センチ,"    説明,こつん、と奥に当たった。お尻のいちばん奥。\n二十センチが全部入って、彼女の腰が僕のお尻にぴたりと重なった。",utf-8-sig
N34_Library_MOD,CSV\Card\Library_master.txt,5468,二十二センチ,"    セリフ,二十二センチ。取り消しの代わりに、これであなたの背を綴じます。前を向きな",utf-8-sig
N34_Library_MOD,CSV\Card\Library_master.txt,6110,二十センチ,"    説明,背後の棚に、黒い革の帯と象牙色の張形が掛けてあるのが見えた。二十センチ。閉架の奥で、僕を満たしたものだった。\n目が離せなかった。",utf-8-sig
N34_Library_MOD,CSV\Card\Library_master.txt,6119,二十センチ,"    セリフ,利用者の申請、三。二十センチの張形を、肛門のいちばん奥まで。口を塞いで。……受理します。",utf-8-sig
N34_Library_MOD,CSV\Card\Library_master.txt,6127,二十センチ,"  説明,口づけの中で、張形はさらに奥へ進んだ。\nこつん、とお尻のいちばん奥に当たった。二十センチが全部入って、彼女の腰が僕のお尻にぴたりと重なった。",utf-8-sig
N34_Library_MOD,CSV\Card\Library_master.txt,7037,二十二センチ,"    セリフ,二十二センチ。あなたの誓いは、いちばん奥まで。ですから、全部入れます。途",utf-8-sig
N35_Angel_MOD,CSV\Card\Angel_master.txt,1513,二十七センチ,"    説明,白く滑らかで、長い。二十七センチほどもある、彼女自身のものだった。\n先がほのかに金色に光っ",utf-8-sig
N35_Angel_MOD,CSV\Card\Angel_master.txt,1530,二十七センチ," 説明,お尻のいちばん奥に、先端がそっと届いた。\n彼女の腰が、僕のお尻にぴたりと重なる。二十七センチが、全部入っていた。",utf-8-sig
N35_Angel_MOD,CSV\Card\Angel_master.txt,2339,二十五センチ,"明,布の間から、ゆっくり持ち上がるものがあった。わずかに黒みを帯びた、太くて長いもの。\n二十五センチほど。根元に、羽根の形をした淡い紋が浮かんでいる。",utf-8-sig
N35_Angel_MOD,CSV\Card\Angel_master.txt,2957,二十七センチ,"    説明,二十七センチほどもある、彼女自身のものだった。先がほのかに金色に光って、",utf-8-sig
N35_Angel_MOD,CSV\Card\Angel_master.txt,4428,二十七センチ,い先端が当てられた。聖油でぬるりと滑る。\n指よりずっと太くて、ずっと熱い。白く滑らかで、二十七センチもある彼女のものだと、見なくてもわかった。,utf-8-sig
N35_Angel_MOD,CSV\Card\Angel_master.txt,4441,二十七センチ,"    説明,彼女はすぐには動かなかった。奥に届いたまま、じっと僕の中にいる。\n二十七センチの熱が、お腹の中でゆっくりと脈打っているのがわかった。自分の",utf-8-sig
N35_Angel_MOD,CSV\Card\Angel_master.txt,5283,二十五センチ,"    説明,彼女のドレスの留め具の間から持ち上がった、わずかに黒みを帯びたもの。\n二十五センチほど。根元に、羽根の形の淡い紋が浮かんでいる。",utf-8-sig
N35_Angel_MOD,CSV\Card\Angel_master.txt,5881,二十七センチ,"    説明,二十七センチ。燭台の火に照らされて、白い肌がつややかに光っていた。\n見",utf-8-sig
N35_Angel_MOD,CSV\Card\Angel_master.txt,5906,二十七センチ,"    説明,彼女はしばらく動かずに、奥に届いたままでいた。\n二十七センチの温かさが、お腹の中でゆっくり脈打っている。その脈が罪の芯に",utf-8-sig
N35_Angel_MOD,CSV\Card\Angel_master.txt,6740,二十五センチ,持ち上がったものが、ステンドグラスの光を受けた。わずかに黒みを帯びた、太くて長いもの。\n二十五センチほど。根元に、羽根の形の淡い紋が浮かんでいる。,utf-8-sig
N36_Harem_MOD,CSV\Card\Harem_master.txt,1532,二十一センチ,"    説明,長さは二十一センチ。根元には金細工の飾りが巻きつき、燭台の灯りできらきらと光る",utf-8-sig
N36_Harem_MOD,CSV\Card\Harem_master.txt,1558,二十一センチ,"    説明,二十一センチが、全部入っていた。\nお尻のいちばん奥に、象牙の先がこつん",utf-8-sig
N36_Harem_MOD,CSV\Card\Harem_master.txt,2475,二十二センチ,"    説明,長さは二十二センチ。女王のものより少し長く、少し太い。\n大后はそれに香油をた",utf-8-sig
N36_Harem_MOD,CSV\Card\Harem_master.txt,2484,二十二センチ,大后の腰が、僕のお尻にぴたりと重なった。黒と金の衣の裾が、太ももの裏をさらりと撫でる。\n二十二センチが、全部入っていた。お尻のいちばん奥に、黒檀の先がこつんと当,utf-8-sig
N36_Harem_MOD,CSV\Card\Harem_master.txt,3087,二十一センチ,"    説明,彼女は縁に置いてあった金の箱から、象牙色の張形を取り出した。\n二十一センチ。根元に金細工の飾り。それを深紅の絹の帯で、衣の上から自分の",utf-8-sig
N36_Harem_MOD,CSV\Card\Harem_master.txt,4535,二十一センチ,"    説明,二十一センチ。根元には金細工の飾り。\n彼女はそれを、深紅の衣の上から、",utf-8-sig
N36_Harem_MOD,CSV\Card\Harem_master.txt,5953,二十一センチ,"    説明,女王は、泉の縁に置いていた金の箱を開けた。\n象牙色の張形。二十一センチ。根元に金細工の飾り。",utf-8-sig
N36_Harem_MOD,CSV\Card\Harem_master.txt,5971,二十一センチ,"    セリフ,二十一センチ、全部じゃ。三の願い、まず一つ叶えたぞ。……では、胸じゃ。",utf-8-sig
N36_Harem_MOD,CSV\Card\Harem_master.txt,6778,二十二センチ,"  説明,大后は寝台の脇の黒い箱を開けた。中から出てきたのは、黒檀の張形だった。\n長さは二十二センチ。金の象嵌が燭台の火を受けて光り、根元に黒い絹の帯が結ばれて",utf-8-sig
N37_Dragon_MOD,CSV\Card\Dragon_master.txt,1460,二十九センチ,女の身があった。赤みを帯びた、太くて長いもの。表面には細かな鱗の筋が、浅く走っている。\n二十九センチ。僕のおちんちんとは、比べものにならなかった。,utf-8-sig
N37_Dragon_MOD,CSV\Card\Dragon_master.txt,2320,二十五センチ,"    説明,ふたなりのそれは、長さが二十五センチほどあった。白金色で、どこまでも滑らかで、根元に向かって太い",utf-8-sig
N37_Dragon_MOD,CSV\Card\Dragon_master.txt,2901,二十九センチ,れた。女王の身だった。赤みを帯びて、鱗の筋が浅く走っている。\n振り向かなくてもわかった。二十九センチの、根元の太い身。,utf-8-sig
N37_Dragon_MOD,CSV\Card\Dragon_master.txt,4326,二十九センチ,、開いた入口に当てられた。女王の身だった。赤みを帯びて、表面に鱗の筋が浅く走っている。\n二十九センチ。根元の太い、竜の身。離れていても、熱が肌に届いた。,utf-8-sig
N37_Dragon_MOD,CSV\Card\Dragon_master.txt,5760,二十九センチ,彼女の身があった。赤みを帯びた、太くて長いもの。表面に細かな鱗の筋が、浅く走っている。\n二十九センチ。根元にいくほど太い、竜の身。湯気の中で、鱗の筋が金色に光っ,utf-8-sig
N37_Dragon_MOD,CSV\Card\Dragon_master.txt,6641,二十五センチ,"    説明,そこから、白金色のものが重たげに現れた。長さは二十五センチほど。どこまでも滑らかで、根元に向かって太い。\n僕のおちん",utf-8-sig
N37_Dragon_MOD,CSV\Card\Dragon_mons_boss.txt,295,二十五cm,"    セリフ,ほぐれた後門に、我の竜の交わりを受けよ。白金の陽物、二十五cm。温かく重いぞ。先だけ、ゆるりと入れてやろう。",utf-8-sig
N38_Tutor_MOD,CSV\Card\Tutor_master.txt,1561,一センチ,"    セリフ,動かない。息を吐いて。……そう。一センチ。……二センチ。ゆっくり、ゆっくり。",utf-8-sig
N38_Tutor_MOD,CSV\Card\Tutor_master.txt,1561,二センチ,"    セリフ,動かない。息を吐いて。……そう。一センチ。……二センチ。ゆっくり、ゆっくり。",utf-8-sig
N38_Tutor_MOD,CSV\Card\Tutor_master.txt,1605,二十センチ,"    説明,腰の前に、黒く艶のある張形が突き出ている。二十センチ。\nさっきの指二本より、ずっと太くて長い。ブラインドの縞の",utf-8-sig
N38_Tutor_MOD,CSV\Card\Tutor_master.txt,2563,二十二センチ,"    セリフ,挿入、完了。二十二センチを受け入れました。では儀の問いを始めます。在籍者に問います。",utf-8-sig
N38_Tutor_MOD,CSV\Card\Tutor_master.txt,3170,二十センチ,"    説明,二十センチ。非常灯の緑の光が、その表面をゆっくりと滑っていく。\n彼女",utf-8-sig
N38_Tutor_MOD,CSV\Card\Tutor_master.txt,4038,二十二センチ,"    セリフ,受理します。長さは二十二センチです。記録に補足しておきます。挿入の前には、何が行われますか",utf-8-sig
N38_Tutor_MOD,CSV\Card\Tutor_master.txt,4587,一センチ,"    セリフ,一センチ。……ほら、平気でしょう。二センチ。舌を出しなさい。口づけに",utf-8-sig
N38_Tutor_MOD,CSV\Card\Tutor_master.txt,4587,二センチ,"    セリフ,一センチ。……ほら、平気でしょう。二センチ。舌を出しなさい。口づけに集中して。",utf-8-sig
N38_Tutor_MOD,CSV\Card\Tutor_master.txt,4611,一センチ,"    説明,唇がふさがれた。舌が深く入ってくる。\n棒の最後の一センチが、おちんちんの先からするりと抜けた。",utf-8-sig
N38_Tutor_MOD,CSV\Card\Tutor_master.txt,4682,二十センチ,"    説明,腰の前に、黒く艶のある張形が突き出ている。二十センチ。\n蛍光灯の光を、その表面がつるりと跳ね返した。彼女はそれ",utf-8-sig
N38_Tutor_MOD,CSV\Card\Tutor_master.txt,6136,一センチ,"    セリフ,奥までと言ったわね。一センチ、二センチ……止まらずに行くわ。きみが決めたことよ。",utf-8-sig
N38_Tutor_MOD,CSV\Card\Tutor_master.txt,6136,二センチ,"    セリフ,奥までと言ったわね。一センチ、二センチ……止まらずに行くわ。きみが決めたことよ。",utf-8-sig
N38_Tutor_MOD,CSV\Card\Tutor_master.txt,6170,二十センチ,"    説明,腰の前に、黒く艶のある張形が突き出ている。二十センチ。\n模試会場の蛍光灯の光が、その表面をつるりと滑った。",utf-8-sig
N38_Tutor_MOD,CSV\Card\Tutor_master.txt,7098,二十二センチ,"    セリフ,受理します。三つ目の条件。合格の儀において、二十二センチを最奥まで受け入れ、射精すること。記録します。",utf-8-sig
N38_Tutor_MOD,CSV\Card\Tutor_master.txt,7110,五センチ,"    セリフ,五センチ。在籍者に問います。申告した深さは何センチですか。",utf-8-sig
N38_Tutor_MOD,CSV\Card\Tutor_master.txt,7114,十センチ,"    セリフ,受理します。十センチ。",utf-8-sig
N38_Tutor_MOD,CSV\Card\Tutor_master.txt,7117,十五センチ,"    セリフ,十五センチ。",utf-8-sig
N38_Tutor_MOD,CSV\Card\Tutor_master.txt,7121,二十センチ,"    セリフ,二十センチ。在籍者の申告まで、あと二センチです。",utf-8-sig
N38_Tutor_MOD,CSV\Card\Tutor_master.txt,7121,二センチ,"    セリフ,二十センチ。在籍者の申告まで、あと二センチです。",utf-8-sig
N38_Tutor_MOD,CSV\Card\Tutor_master.txt,7127,二センチ,中が、いっぱいだった。おへその下が、内側から押し上げられている気がした。\nそれでも、あと二センチ。自分で言った数字だった。,utf-8-sig
N38_Tutor_MOD,CSV\Card\Tutor_master.txt,7129,二十二センチ,"    セリフ,二十二センチ。最奥です。",utf-8-sig
N38_Tutor_MOD,CSV\Card\Tutor_master.txt,7133,二十二センチ,"    説明,腰が引かれて、入り口まで戻る。そしてまた、二十二センチぶん、ゆっくり奥まで。\nお尻のいちばん奥に、張形の先がこつ",utf-8-sig
N38_Tutor_MOD,CSV\Card\Tutor_master.txt,7152,二十二センチ,腰がゆっくり引かれた。張形が前立腺をずるりとこすって、入り口近くまで戻る。\nそしてまた、二十二センチぶん、奥まで。同じ速さで。同じ深さで。,utf-8-sig
N38_Tutor_MOD,CSV\Card\Tutor_master.txt,7165,二十二センチ,子から、三度目の精液がとろとろと押し出されていく。太ももをつたって、絨毯に落ちていく。\n二十二センチを咥えこんだお尻の穴が、何度も何度もきゅうっと締まった。,utf-8-sig
N38_Tutor_MOD,CSV\Card\Tutor_mons_boss.txt,304,二十二センチ," セリフ,実技に移ります。机に伏せなさい。合格の儀となります。黒い革のベルトに金の留め具、二十二センチ。肛門へ、ゆっくり受理させます。",utf-8-sig
N38_Tutor_MOD,CSV\Card\Tutor_mons_boss.txt,321,二十二センチ,"    セリフ,同伴者にも合格の儀を適用します。机に手をつきなさい。ほぐした肛門へ、二十二センチを。規定どおり、ゆっくりと。",utf-8-sig
N3_Inma_MOD_v4,CSV\Card\Inma_master.txt,2344,六十センチ,"    説明,燭台の火が揺れて、玉座の黒い背もたれに僕の影が小さく映った。\n百六十センチの僕の体は、百八十二センチの長の影の中に包まれてしまう。",utf-8-sig
N3_Inma_MOD_v4,CSV\Card\Inma_master.txt,2344,八十二センチ,燭台の火が揺れて、玉座の黒い背もたれに僕の影が小さく映った。\n百六十センチの僕の体は、百八十二センチの長の影の中に包まれてしまう。,utf-8-sig
N3_Inma_MOD_v4,CSV\Card\Inma_master.txt,2642,一センチ,とんど止まっているような速さで押し下げていく。脚の付け根に向かうカーブを、ひと呼吸にほんの一センチ。,utf-8-sig
N3_Inma_MOD_v4,CSV\Card\Inma_master.txt,4299,一センチ,"説明,言葉にしないまま、腰だけがおねだりしていた。リリムは満足そうに目を細めて、指をほんの一センチだけ、下へ滑らせた。",utf-8-sig
N3_Inma_MOD_v4,CSV\Card\Inma_master.txt,4300,一センチ,"    説明,たった一センチ。その一センチぶん、熱がせきを切ってなだれ落ちた。止められて",utf-8-sig
N3_Inma_MOD_v4,CSV\Card\Inma_master.txt,4300,一センチ,"    説明,たった一センチ。その一センチぶん、熱がせきを切ってなだれ落ちた。止められていたぶん、波は",utf-8-sig
N3_Inma_MOD_v4,CSV\Card\Inma_master.txt,4658,一センチ,"明,先っぽがつるりともぐった。ほぐされた輪は、指より細いそれをかんたんに受け入れる。ほんの一センチ。入口のすぐ内がわで、尻尾の先が止まった。",utf-8-sig
N3_Inma_MOD_v4,CSV\Card\Inma_master.txt,4671,一センチ,"    説明,締めた瞬間、尻尾の先がひょいと逃げた。一センチから、五ミリへ。お尻の穴のほんのふちまで下がって、そこでまた",utf-8-sig
N3_Inma_MOD_v4,CSV\Card\Inma_master.txt,4686,二センチ,"    説明,尻尾がほんの二センチ進んだ。太さが少し増して、お尻の穴がそれに合わせて押し広げら",utf-8-sig
N40_Casino_MOD,CSV\Card\Casino_master.txt,1190,一センチ,"    説明,網がかかとを越え、ふくらはぎを上っていく。一センチずつ、彼女の指が伸ばしながら。\n網の目が肌に軽く食いこんで",utf-8-sig
N40_Casino_MOD,CSV\Card\Casino_master.txt,1478,二十一センチ,"    セリフ,当店のVIP用ですわ。二十一センチ。お客さまの可愛いおちんちんより、ずっと大きいでしょう？",utf-8-sig
N40_Casino_MOD,CSV\Card\Casino_master.txt,1532,二十一センチ,奥の行き止まりにそっと届く。\n彼女の腰のエナメルのベルトが、僕のお尻にぴたりと当たった。二十一センチが、全部入っていた。,utf-8-sig
N40_Casino_MOD,CSV\Card\Casino_master.txt,2383,二十二センチ,"    セリフ,所有権の移転用の器具です。長さ二十二センチ。あなたの陰茎より、はるかに大きい。……移転に先立って、肛門",utf-8-sig
N40_Casino_MOD,CSV\Card\Casino_master.txt,2988,二十一センチ,"    セリフ,お待ちかねのものですわ。二十一センチ。お客さまが想像していらしたのは、これでしょう？",utf-8-sig
N40_Casino_MOD,CSV\Card\Casino_master.txt,4357,二十一センチ,てさしあげますわ。いちばん奥の凝りまでほぐしたら、朝までぐっすり。これは、そのための道具。二十一センチありますの。,utf-8-sig
N40_Casino_MOD,CSV\Card\Casino_master.txt,4855,一センチ,"    説明,彼の指は急がなかった。網を一センチ伸ばすごとに、手のひらで脚を包んで、温めるように撫でる。\n",utf-8-sig
N40_Casino_MOD,CSV\Card\Casino_master.txt,5186,二十二センチ,"    セリフ,所有権の移転用の器具です。長さ二十二センチ。あなたの陰茎より、はるかに大きい。……移転の前に、肛門を再",utf-8-sig
N40_Casino_MOD,CSV\Card\Casino_master.txt,5767,二十一センチ,ルのベルトが、網タイツのお尻にぴたりと当たった。白い尻尾が、彼女の腰に押しつぶされる。\n二十一センチが、全部入っていた。,utf-8-sig
N40_Casino_MOD,CSV\Card\Casino_master.txt,6556,二十二センチ,"    セリフ,所有権の移転用の器具です。長さ二十二センチ。あなたの陰茎より、はるかに大きい。……三つ目は、移転の深さ",utf-8-sig
N40_Casino_MOD,CSV\Card\Casino_mons_boss.txt,300,二十二センチ,"    セリフ,所有権の移転手続きに入ります。白い革のベルトを締めました。銀の張形、二十二センチ。……ほぐした肛門へ、先端を当てます。",utf-8-sig
N41_Nekomata_MOD,CSV\Card\Nekomata_master.txt,565,二十七センチ,"    セリフ,八つ目。うちの子の奥まで、あたしの二十七センチ、ぜぇんぶ入っちゃったぁ。喉鳴りの震え、おなかの奥まで届いて",utf-8-sig
N41_Nekomata_MOD,CSV\Card\Nekomata_master.txt,1518,二十七センチ,わせ目から、白くなめらかなものがのぞいていた。\n根元が淡い桃色で、ゆるやかに反っている。二十七センチもある、タマキさんのふたなりだった。,utf-8-sig
N41_Nekomata_MOD,CSV\Card\Nekomata_master.txt,2341,二十四センチ,"    説明,蜂蜜色で、太かった。長さは二十四センチほど。根元に、金の輪の飾りがはまっている。\n行灯の明かりを",utf-8-sig
N41_Nekomata_MOD,CSV\Card\Nekomata_master.txt,2361,二十四センチ,"    説明,やがて、ひんやりした感触がお尻の入口に触れた。根元の金の輪だった。\n二十四センチ全部が、僕のお尻のいちばん奥まで収まっていた。",utf-8-sig
N41_Nekomata_MOD,CSV\Card\Nekomata_master.txt,2916,二十七センチ,"    説明,二十七センチの、タマキさんのふたなりだった。\n普段は着物の下に隠れてい",utf-8-sig
N41_Nekomata_MOD,CSV\Card\Nekomata_master.txt,3768,二十四センチ,前を割った。腰のあたりに、熱くて硬いものが当たる。\nふたなりだった。蜂蜜色で太く、長さは二十四センチほど。根元に金の輪の飾りがはまっている。,utf-8-sig
N41_Nekomata_MOD,CSV\Card\Nekomata_master.txt,3782,二十四センチ,"    説明,やがて、ひんやりした金の輪が、お尻の入口に触れた。二十四センチ全部が、お尻のいちばん奥まで入っていた。\nおへその下が、内",utf-8-sig
N41_Nekomata_MOD,CSV\Card\Nekomata_master.txt,4349,二十七センチ,わせ目から、白くなめらかなものがのぞいていた。\n根元が淡い桃色で、ゆるやかに反っている。二十七センチの、タマキさんのふたなりだった。,utf-8-sig
N41_Nekomata_MOD,CSV\Card\Nekomata_master.txt,5128,二十四センチ,れる音がした。\nふりむくと、彼女の着物の下からふたなりが現れていた。蜂蜜色で太く、長さは二十四センチほど。根元に金の輪の飾りがはまっている。,utf-8-sig
N41_Nekomata_MOD,CSV\Card\Nekomata_master.txt,5139,二十四センチ,"    説明,やがて、ひんやりした金の輪がお尻の入口に触れた。二十四センチ全部が、お尻のいちばん奥まで収まった。\nおへその下が、内側",utf-8-sig
N41_Nekomata_MOD,CSV\Card\Nekomata_master.txt,5731,二十七センチ,、灯籠の灯の中に、白くなめらかなものが見えた。\n根元が淡い桃色で、ゆるやかに反っている。二十七センチの、タマキさんのふたなりだった。,utf-8-sig
N41_Nekomata_MOD,CSV\Card\Nekomata_master.txt,6588,二十四センチ,"    説明,着物の下から、ふたなりが現れた。蜂蜜色で太く、長さは二十四センチほど。\n根元には、金の輪の飾りがはまっていた。障子越しの夕",utf-8-sig
N41_Nekomata_MOD,CSV\Card\Nekomata_master.txt,6613,二十四センチ,"    説明,二十四センチ全部が、お尻のいちばん奥まで収まっていた。\n彼女の膝の上に",utf-8-sig
N42_Snow_MOD,CSV\Card\Snow_master.txt,1479,二十六センチ,"    説明,二十六センチ。そんな長さのものが、僕の中をゆっくり進んでくる。\nおへそ",utf-8-sig
N42_Snow_MOD,CSV\Card\Snow_master.txt,2310,二十五センチ,"    説明,銀白で、表面にうっすら霜の模様が浮いている、彼女のふたなり。二十五センチ。\n当てられた先は、思っていたほど冷たくなかった。ひんやり",utf-8-sig
N42_Snow_MOD,CSV\Card\Snow_master.txt,2888,二十六センチ,"    説明,二十六センチ。自分の体重で、少しずつ、少しずつ、沈んでいく。\nやがて、",utf-8-sig
N42_Snow_MOD,CSV\Card\Snow_master.txt,3664,二十五センチ,のが当たった。指よりずっと太い。銀白で、表面にうっすら霜の模様がある、彼女のふたなり。\n二十五センチ。それが、僕が腰を下ろすのを、下で待っていた。,utf-8-sig
N42_Snow_MOD,CSV\Card\Snow_master.txt,4252,二十六センチ,"    説明,雪のように白い、彼女のふたなり。二十六センチ。\n最初はひんやりしていたそれが、今は僕の中で、同じ温度に",utf-8-sig
N42_Snow_MOD,CSV\Card\Snow_master.txt,5020,二十五センチ,たった。指よりずっと太い。\n銀白で、表面にうっすら霜の模様がある、彼女のふたなりだった。二十五センチ。,utf-8-sig
N42_Snow_MOD,CSV\Card\Snow_master.txt,5652,二十六センチ,"    説明,二十六センチ。僕が願ったとおりの速さで、奥へ、奥へ。\nやがて、彼女の腰",utf-8-sig
N42_Snow_MOD,CSV\Card\Snow_master.txt,6445,二十五センチ," 説明,鏡の中で、それが見えた。銀白で、表面にうっすらと霜の模様が浮いた、彼女のふたなり。二十五センチ。\n当てられた先は、ひんやりとしているのに、芯には体温があ",utf-8-sig
N43_Oni_MOD,CSV\Card\Oni_master.txt,564,二十九センチ,"    セリフ,八杯目。あたしの膝の上で奥まで呑みこんだじゃないか。二十九センチ、ぜんぶだよ。胸の先をちゅうっと吸うたびに、ケツが締まるねえ",utf-8-sig
N43_Oni_MOD,CSV\Card\Oni_master.txt,1502,二十九センチ,"    説明,朱の着物の前が割れた。そこから、太く反り返ったものが現れた。\nふたなりの、二十九センチ。根元に朱の組紐が巻かれ、先の方が篝火を受けて濡れたように光",utf-8-sig
N43_Oni_MOD,CSV\Card\Oni_master.txt,2319,二十五センチ,"    説明,ふたなりの、二十五センチ。長くて、先がやや細い。根元には金の輪がはまって、行灯の火を",utf-8-sig
N43_Oni_MOD,CSV\Card\Oni_master.txt,2903,二十九センチ,"    説明,朱の着物の前が割れた。現れたのは、太く反り返ったふたなりの二十九センチ。\n根元に巻かれた朱の組紐が、月明かりでほのかに赤い。",utf-8-sig
N43_Oni_MOD,CSV\Card\Oni_master.txt,2931,二十九センチ,"    説明,腰がゆっくり引かれた。二十九センチが、お尻の中を先まで戻っていく。反った先が、前立腺の上をずる",utf-8-sig
N43_Oni_MOD,CSV\Card\Oni_master.txt,3738,二十五センチ,"    説明,振り返ると、長いものが見えた。ふたなりの、二十五センチ。先がやや細く、根元に金の輪がはまっている。\n灯籠の火を受",utf-8-sig
N43_Oni_MOD,CSV\Card\Oni_master.txt,4286,二十九センチ,尻の穴に、熱くて丸いものがぴたりと当てられた。指とは比べものにならない太さ。\nふたなりの二十九センチ。見えないぶん、その熱さと大きさだけがはっきり伝わってくる。,utf-8-sig
N43_Oni_MOD,CSV\Card\Oni_master.txt,5132,二十五センチ,"    説明,見下ろすと、僕の脚のあいだから長いものがのぞいていた。ふたなりの、二十五センチ。\n先がやや細く、根元には金の輪。湯けむりに濡れて、行灯の",utf-8-sig
N43_Oni_MOD,CSV\Card\Oni_master.txt,5724,二十九センチ,"    説明,太く反り返ったふたなりの二十九センチが、格子窓からの月明かりに浮かび上がった。\n根元に巻かれた",utf-8-sig
N43_Oni_MOD,CSV\Card\Oni_master.txt,6575,二十五センチ,"    説明,振り返ると、長いものが見えた。ふたなりの、二十五センチ。先がやや細く、根元に金の輪がはまっている。\n行灯の火を受",utf-8-sig
N44_Mimic_MOD,CSV\Card\Mimic_master.txt,1539,二十七センチ,"    セリフ,私のもの。二十七センチあるの。怖がらなくていいわ。ゆっくり、ゆっくり、あなたの鍵穴",utf-8-sig
N44_Mimic_MOD,CSV\Card\Mimic_master.txt,3015,二十七センチ,"    セリフ,私のもの。二十七センチあるの。あなたが待ってたの、これでしょう。……ゆっくり、鍵穴",utf-8-sig
N44_Mimic_MOD,CSV\Card\Mimic_master.txt,4467,二十七センチ,"    セリフ,私のもの。二十七センチあるの。契約の印に、あなたのいちばん奥まで入れてあげる。",utf-8-sig
N44_Mimic_MOD,CSV\Card\Mimic_master.txt,5930,二十七センチ,"    セリフ,私のもの。二十七センチあるの。あなたの説明のとおり、いちばん奥まで入れてあげる。",utf-8-sig
N45_Train_MOD,CSV\Card\Train_master.txt,1479,二十センチ,"    説明,振り向くと、艶のある黒い張形が見えた。二十センチ。灯りを受けて、濡れたように光っている。\n彼女はそこにもゼ",utf-8-sig
N45_Train_MOD,CSV\Card\Train_master.txt,2943,二十センチ,が締められていく。\n振り向くと、艶のある黒い張形が、デッキの薄い灯りを受けて光っていた。二十センチ。,utf-8-sig
N45_Train_MOD,CSV\Card\Train_master.txt,4267,二十センチ,"    説明,クロスの陰に、艶のある黒い張形が見えた。二十センチ。\n彼女はそれにもゼリーを塗り、手袋の手で根元から先まで撫",utf-8-sig
N45_Train_MOD,CSV\Card\Train_master.txt,5599,二十センチ,と、黒い制服の裾の下に黒革のハーネスが締められ、艶のある黒い張形が灯りを受けて光っていた。二十センチ。\n彼女はそれにゼリーを塗りながら、ソファの角の席に腰を下,utf-8-sig
N45_Train_MOD,CSV\Card\Train_master.txt,5807,二十二センチ,"明,振り向くと、配膳台の銀の盆に、ぼんやりと映っていた。彼の体から伸びた、長くて太いもの。二十二センチ。\nスカートの中で縮こまっている僕のおちんちんより、ずっと",utf-8-sig
N46_ShowPub_MOD,CSV\Card\ShowPub_master.txt,973,178センチ,"    説明,レイカさんは僕の後ろに立った。178センチの長身で、僕より頭ひとつ高い。\n深紅のドレスの胸が背中に当",utf-8-sig
N46_ShowPub_MOD,CSV\Card\ShowPub_master.txt,1065,178センチ,"    説明,レイカさんが僕の前に立った。178センチの長身が、光を背に影になる。\n深紅のドレスのスリットから、",utf-8-sig
N46_ShowPub_MOD,CSV\Card\ShowPub_master.txt,1147,178センチ,"    説明,僕はカウンターの縁に両手をつかされた。\nレイカさんが後ろに立つ。178センチの体が背中に重なり、豊かな胸が肩甲骨の上で柔らかく潰れた。",utf-8-sig
N46_ShowPub_MOD,CSV\Card\ShowPub_master.txt,1454,169センチ,"    説明,彼女はカウンターを回って、僕の隣のスツールに座った。\n肩が触れる。169センチの彼女は、座っても僕より少し目線が高い。",utf-8-sig
N46_ShowPub_MOD,CSV\Card\ShowPub_master.txt,1486,180センチ,"    説明,180センチの長身に、白いチャイナドレス。金の刺繍が照明を受けて光る。\",utf-8-sig
N46_ShowPub_MOD,CSV\Card\ShowPub_master.txt,1571,178センチ,"明,暖簾をかき分けて、レイカさんが入ってきた。\n深紅のドレスに毛皮のストール。鏡の中で、178センチの長身が僕の背後に立つ。",utf-8-sig
N46_ShowPub_MOD,CSV\Card\ShowPub_master.txt,1787,一センチ,"    セリフ,そう、上手。そのまま、少しずつ下りて。……乳首をつまむたびに、一センチずつね。",utf-8-sig
N46_ShowPub_MOD,CSV\Card\ShowPub_master.txt,1788,一センチ,"    説明,乳首をきゅっとつままれる。お尻が緩む。一センチ沈む。\nつままれる。また沈む。長い、長いものが、少しずつお",utf-8-sig
N46_ShowPub_MOD,CSV\Card\ShowPub_master.txt,2024,169センチ,"    説明,カオルさんは僕の前に立った。\n169センチの細い体。金の瞳が、シャツの中の僕の手をまっすぐ見下ろしてい",utf-8-sig
N46_ShowPub_MOD,CSV\Card\ShowPub_master.txt,2119,180センチ,"    説明,ハクランさんは、鏡台の横の椅子にゆったりと腰かけた。\n180センチの長身が、座っていても僕を見下ろしている。金の瞳が、鏡越しに",utf-8-sig
N46_ShowPub_MOD,CSV\Card\ShowPub_master.txt,2222,178センチ,"    説明,レイカさんは僕の隣に座り直し、毛皮のストールで僕の肩を包んだ。\n178センチの長身が、横から僕に寄り添う。深紅のドレスの胸が、二の腕に柔",utf-8-sig
N46_ShowPub_MOD,CSV\Card\ShowPub_master.txt,2300,178センチ,"    説明,レイカさんが一段上に立った。\n178センチの長身が、階段の上からさらに高く僕を見下ろす。紅い瞳が、薄暗",utf-8-sig
N46_ShowPub_MOD,CSV\Card\ShowPub_master.txt,2402,178センチ,"    説明,レイカさんは、僕の腰の横に膝をついた。\n178センチの長身が、上から覆いかぶさってくる。深紅のドレスの胸が、目の",utf-8-sig
N46_ShowPub_MOD,CSV\Card\ShowPub_master.txt,2491,166センチ,"  説明,ポールに背中を預けて、床に座らされた格好になった。\nミラさんが、目の前に立つ。166センチの彼女を、床から見上げる。長い脚が、天井まで伸びているように",utf-8-sig
N46_ShowPub_MOD,CSV\Card\ShowPub_master.txt,2869,178センチ,"    説明,レイカさんは、僕の隣に腰を下ろした。\n178センチの長身が寄り添い、毛皮のストールが肩にかかる。紅い唇が、耳の",utf-8-sig
N46_ShowPub_MOD,CSV\Card\ShowPub_master.txt,2995,178センチ,"    説明,その上に立たされると、ようやく目の高さがレイカさんの顎に届いた。\n178センチの彼女は、それでも少し僕を見下ろしている。",utf-8-sig
N46_ShowPub_MOD,CSV\Card\ShowPub_master.txt,3193,166センチ,"説明,ミラさんが、僕の頭の横に立った。\n見上げると、長い脚が天井までまっすぐ伸びていた。166センチの彼女が、床からはずっと高く見える。",utf-8-sig
N46_ShowPub_MOD,CSV\Card\ShowPub_master.txt,3455,169センチ,"    説明,肩が触れる。169センチの細い体から、柑橘の香りがした。\n黒いベストのボタンを外し",utf-8-sig
N46_ShowPub_MOD,CSV\Card\ShowPub_master.txt,3504,180センチ,り、ハクランさんの椅子の前に膝立ちになった。\n開かれた膝の間に、体を入れる。見上げると、180センチの彼女の顔が、ずっと上にあった。,utf-8-sig
N47_Oiran_MOD,CSV\Card\Oiran_master.txt,1178,二十センチ,"    説明,そこから伸びていたのは、黒漆のように艶のある張形だった。長さは二十センチほど。\n彼女はそれにも丁子油を塗りながら、僕を仰向けに返し",utf-8-sig
N47_Oiran_MOD,CSV\Card\Oiran_master.txt,1771,二十センチ,れた。彼女は打掛の前を開き、黒い革の帯を腰に締めた。\nそこから伸びる艶やかな黒い張形は、二十センチほど。丁子油で、ぬらぬらと光っていた。,utf-8-sig
N47_Oiran_MOD,CSV\Card\Oiran_master.txt,2351,二十センチ,探した。\n彼女は打掛の帯をゆるめ、腰に黒い革の帯を締めた。そこから、艶のある黒い張形が、二十センチほど伸びていた。,utf-8-sig
N47_Oiran_MOD,CSV\Card\Oiran_master.txt,2973,二十センチ,"    説明,彼女は長襦袢の帯の下に、黒い革の帯を締めた。そこから、艶のある黒い張形が二十センチほど伸びている。\n丁子油でぬらりと光るそれを、横向きのまま",utf-8-sig
N48_Office_MOD,CSV\Card\Office_master.txt,1150,二十一センチ,に置かれた書類になった気がした。\n彼女の腰のベルトから、黒いペニバンが伸びていた。長さは二十一センチ。僕の腕の、手首から肘までくらいある。,utf-8-sig
N48_Office_MOD,CSV\Card\Office_master.txt,1188,一センチ,った。少し進んで、止まる。舌をからめる。また少し進む。\nキスが深くなるたびに、ペニバンも一センチずつ奥へ入ってきた。,utf-8-sig
N48_Office_MOD,CSV\Card\Office_master.txt,1195,二十一センチ,腰が、ゆっくりと、最後まで押しつけられた。\n彼女のお腹が、僕のお尻にぴったりと当たった。二十一センチが全部、僕の中にあった。,utf-8-sig
N48_Office_MOD,CSV\Card\Office_master.txt,1418,一センチ,"    説明,バイブはゆっくりと進んだ。一センチ進んで、止まる。\nナツメさんは、そのたびに僕の反応を確かめ",utf-8-sig
N48_Office_MOD,CSV\Card\Office_master.txt,1420,三センチ,"    セリフ,三センチ。抵抗、軽度。……五センチ。まだ余裕があります。",utf-8-sig
N48_Office_MOD,CSV\Card\Office_master.txt,1420,五センチ,"    セリフ,三センチ。抵抗、軽度。……五センチ。まだ余裕があります。",utf-8-sig
N48_Office_MOD,CSV\Card\Office_master.txt,1479,八十一センチ,"    説明,黒いスリーピースのスカートスーツ。胸元には、文字のない社章。背は百八十一センチあって、立ち上がると僕は頭ひとつ以上低かった。\n彼女が出て",utf-8-sig
N48_Office_MOD,CSV\Card\Office_master.txt,1763,二十一センチ,"    説明,黒いペニバンが、彼女の腰から伸びていた。二十一センチ。想像の中のものより、ずっと太くて長かった。\n彼女はそれに",utf-8-sig
N48_Office_MOD,CSV\Card\Office_master.txt,1772,一センチ,"    説明,声は、全部彼女の口の中に消えた。\n彼女は、舌を一度からめるたびに、腰を一センチ進めた。キスの回数だけ、奥へ入ってくる。",utf-8-sig
N48_Office_MOD,CSV\Card\Office_master.txt,1781,二十一センチ,"    説明,また唇がふさがれた。腰が、最後まで沈んだ。二十一センチ全部が、僕の中に入っていた。\nお腹の奥が、重く、熱く、満た",utf-8-sig
N48_Office_MOD,CSV\Card\Office_master.txt,2069,八十一センチ,"    説明,黒いスリーピースのスカートスーツ。百八十一センチの長身が、扉の枠をほとんど埋めていた。金色の瞳が、咥えた指と",utf-8-sig
N48_Office_MOD,CSV\Card\Office_master.txt,2328,二十一センチ,"明,決裁印は十一個。社長デスクの向こうで、リリアンさんが腰に黒いベルトを締めるのが見えた。二十一センチのペニバンが、白いスーツの前から伸びていた。\n勝負の最後の",utf-8-sig
N48_Office_MOD,CSV\Card\Office_master.txt,2389,二十一センチ,腰から離れた。支えがなくなって、膝が震えた。\n震えるたびに、少しずつ、腰が落ちていった。二十一センチが、少しずつ、僕の中に入っていく。,utf-8-sig
N48_Office_MOD,CSV\Card\Office_master.txt,2466,一センチ,の上のヒールが、とん、と押さえて、また沈められた。\n逃げられない。気持ちいいところから、一センチも離れられない。,utf-8-sig
N48_Office_MOD,CSV\Card\Office_master.txt,2617,一センチ,"    セリフ,沈黙も、回答として記録します。……沈黙の場合は、器具を一センチ引きます。",utf-8-sig
N48_Office_MOD,CSV\Card\Office_master.txt,2618,一センチ,"    説明,バイブの根元に、手袋の指がかかった。ゆっくりと、一センチ引き抜かれた。\n先端が、前立腺から少しだけずれた。震えが、",utf-8-sig
N48_Office_MOD,CSV\Card\Office_master.txt,2629,一センチ,"    説明,バイブが、一センチ押しこまれた。先端が、前立腺の真上に戻ってきた。\n同時に、",utf-8-sig
N48_Office_MOD,CSV\Card\Office_master.txt,2949,二十一センチ,は十一個。勝負の間、リリアンさんの腰には、ずっと黒いペニバンのベルトが締められていた。\n二十一センチの黒い形が、白いスーツの前から覗くたびに、僕のお尻の奥がきゅ,utf-8-sig
N48_Office_MOD,CSV\Card\Office_master.txt,3001,一センチ,"    説明,声は、全部彼女の口の中に消えた。彼女は、急がなかった。舌を一度からめて、一センチ。\nもう一度からめて、また一センチ。キスの数だけ、奥へ入っ",utf-8-sig
N48_Office_MOD,CSV\Card\Office_master.txt,3001,一センチ,の中に消えた。彼女は、急がなかった。舌を一度からめて、一センチ。\nもう一度からめて、また一センチ。キスの数だけ、奥へ入ってきた。,utf-8-sig
N48_Office_MOD,CSV\Card\Office_master.txt,3010,二十一センチ,た。腰に回した脚で、自分から彼女を引き寄せた。\n彼女の腰が、僕のお尻にぴたりと当たった。二十一センチ全部が、お腹の一番奥まで入っていた。,utf-8-sig
N49_Lingerie_MOD,CSV\Card\Lingerie_master.txt,967,七十九センチ,"    説明,薄紫のシルクのドレスが、衣擦れの音を立てて近づいてきた。\n身長百七十九センチの彼女に見下ろされる。首に掛けたメジャーの端が、僕の頬をかす",utf-8-sig
N49_Lingerie_MOD,CSV\Card\Lingerie_master.txt,1073,七十九センチ,"    説明,ヴィオレが後ろに立った。百七十九センチの彼女の胸が、僕の背中にやわらかく当たる。\n長い指が、ショ",utf-8-sig
N49_Lingerie_MOD,CSV\Card\Lingerie_master.txt,1246,七十九センチ," セリフ,あ、出てきた出てきた。ちっちゃいけど、ちゃんと立ってますよー。はい、今のトップ、七十九センチ。",utf-8-sig
N49_Lingerie_MOD,CSV\Card\Lingerie_master.txt,1287,八十一センチ,"    セリフ,わあ、胸だけでいっちゃった。はい、記録しまーす。トップ、八十一センチ。二センチも育ちましたよー。",utf-8-sig
N49_Lingerie_MOD,CSV\Card\Lingerie_master.txt,1287,二センチ,"    セリフ,わあ、胸だけでいっちゃった。はい、記録しまーす。トップ、八十一センチ。二センチも育ちましたよー。",utf-8-sig
N49_Lingerie_MOD,CSV\Card\Lingerie_master.txt,1482,七十七センチ,"    説明,最後の札が落ちた。試着枚数、十二枚。\n百七十七センチの彼女が、ソファからゆっくり立ち上がった。",utf-8-sig
N49_Lingerie_MOD,CSV\Card\Lingerie_master.txt,1491,六十四センチ,"    セリフ,ウエスト、六十四センチ。……でも、今日から六十センチにいたしましょう。",utf-8-sig
N49_Lingerie_MOD,CSV\Card\Lingerie_master.txt,1491,六十センチ,"    セリフ,ウエスト、六十四センチ。……でも、今日から六十センチにいたしましょう。",utf-8-sig
N49_Lingerie_MOD,CSV\Card\Lingerie_master.txt,1543,六十センチ,"    説明,紐がもう一段、しゅっと締められた。ウエストは、もう彼女の言った六十センチになっていた。\n胴が締まるほど、胸の先も、お尻の中も、恐ろ",utf-8-sig
N49_Lingerie_MOD,CSV\Card\Lingerie_master.txt,1570,七十九センチ,ヴィオレは帳面を閉じて、僕の後ろに立った。鏡の中で、薄紫のドレスが、僕の背中を覆う。\n百七十九センチの彼女の顎が、ちょうど僕の頭の上にあった。,utf-8-sig
N49_Lingerie_MOD,CSV\Card\Lingerie_master.txt,2420,八十一センチ,"  セリフ,わ、すぐ立った。さっきまでいっぱいやってたから、もう覚えてますね。……トップ、八十一センチ。",utf-8-sig
N49_Lingerie_MOD,CSV\Card\Lingerie_master.txt,2841,七十九センチ,"    説明,ヴィオレが後ろに回った。百七十九センチの彼女の胸が、背中にやわらかく当たる。\n黒いレースのカップ",utf-8-sig
N49_Lingerie_MOD,CSV\Card\Lingerie_master.txt,3028,八十二センチ,"    セリフ,いっちゃいましたねー。ご注文どおり、胸だけで。……記録、トップ八十二センチ。また育ちましたよー。",utf-8-sig
N4_Android_MOD_v4,CSV\Card\Android_master.txt,555,二センチ,"    セリフ,ほぐし完了を確認。拡張器を挿入します。直径二センチから。同時に脳波同期。痛みの信号は遮断します。",utf-8-sig
N4_Android_MOD_v4,CSV\Card\Android_master.txt,559,三センチ,"    セリフ,拡張幅、三センチ。内部をカメラで計測中。……ここ。前立腺を確認。押します。同",utf-8-sig
N4_Android_MOD_v4,CSV\Card\Android_master.txt,563,四センチ,"    セリフ,拡張幅、四センチ。中が全部映っています。前立腺を押すたびに同期率が跳ねる。…",utf-8-sig
N4_Android_MOD_v4,CSV\Card\Android_master.txt,567,五センチ,"    セリフ,拡張幅、五センチ。上限です。前立腺を押したまま最大同期。あなたの中も頭も、全",utf-8-sig
N4_Android_MOD_v4,CSV\Card\Android_master.txt,576,三センチ,"    セリフ,追加被験体、拡張幅三センチ。前立腺を発見。押します。……反応、前衛職の数値とは思えませ",utf-8-sig
N4_Android_MOD_v4,CSV\Card\Android_master.txt,580,四センチ,"    セリフ,拡張幅四センチ。内部の映像、記録済み。前立腺を押しながら同期率七十五。この",utf-8-sig
N4_Android_MOD_v4,CSV\Card\Android_master.txt,584,五センチ,"    セリフ,拡張幅五センチ。最大同期。追加被験体、施設側への移行手続きを開始。あなたの",utf-8-sig
N4_Android_MOD_v4,CSV\Card\Android_master.txt,971,六十センチ,"    セリフ,拘束、完了。記録番号BR-0412。被験体の身長、百六十センチ。体脂肪率、平均よりやや高め。筋肉量、低。……計測に適した個",utf-8-sig
N4_Android_MOD_v4,CSV\Card\Android_master.txt,993,十センチ,"    説明,彼の指は、まだ空中にあった。僕の胸から十センチも離れた所で、何もない空気を、そっとつまむような形に曲げる。",utf-8-sig
N4_Android_MOD_v4,CSV\Card\Android_master.txt,1443,六十センチ,"明,抵抗しようとした腕を、二本のアームがそっと取った。そのまま軽々と持ち上げられる。身長百六十センチの僕の体は、彼のアームにとってはただの軽い検体だった。",utf-8-sig
N4_Android_MOD_v4,CSV\Card\Android_master.txt,1507,二センチ,"    セリフ,開口幅、一・二センチ。緊張度、三十二。……ほぐれ具合、良好。第一段階を完了します",utf-8-sig
N4_Android_MOD_v4,CSV\Card\Android_master.txt,1517,五センチ,"    セリフ,拡張器です。最大で五センチまで開きます。今回は段階的に開きます。先端に小さなカメラを搭",utf-8-sig
N4_Android_MOD_v4,CSV\Card\Android_master.txt,1528,六センチ,"    セリフ,拡張器、挿入の深さ六センチ。カメラ、起動します。",utf-8-sig
N4_Android_MOD_v4,CSV\Card\Android_master.txt,1536,二センチ,"    セリフ,開いていきます。第一段、二センチ。",utf-8-sig
N4_Android_MOD_v4,CSV\Card\Android_master.txt,1541,二センチ,"    セリフ,二センチ、到達。痛みの反応なし。快楽反応、上昇中。……第二段、三セン",utf-8-sig
N4_Android_MOD_v4,CSV\Card\Android_master.txt,1541,三センチ,"    セリフ,二センチ、到達。痛みの反応なし。快楽反応、上昇中。……第二段、三センチ。",utf-8-sig
N4_Android_MOD_v4,CSV\Card\Android_master.txt,1545,三センチ,"    セリフ,三センチ。……被験体のペニス、勃起を確認。触れていないのに、です。",utf-8-sig
N4_Android_MOD_v4,CSV\Card\Android_master.txt,1564,五センチ,"    セリフ,前立腺、位置を特定。ペニスの付け根の裏側、アナルの入り口から五センチ、お腹側。……ここです。",utf-8-sig
N4_Android_MOD_v4,CSV\Card\Android_master.txt,1592,四センチ,"    セリフ,停止しません。第三段、四センチへ移ります。",utf-8-sig
N4_Android_MOD_v4,CSV\Card\Android_master.txt,1596,四センチ,"    説明,四センチ。モニターの中の景色がまた広くなった。お尻の奥の奥まで、白い",utf-8-sig
N4_Android_MOD_v4,CSV\Card\Android_master.txt,1643,五センチ,"    セリフ,最終段階。最大開口、五センチ。……これで、あなたの直腸の中のすべてを記録できます。",utf-8-sig
N4_Android_MOD_v4,CSV\Card\Android_master.txt,1693,六十センチ,"    セリフ,検査記録番号、BR-0412。被験体、二十代男性。身長百六十センチ。筋肉量、低。これより精密検査を開始します。",utf-8-sig
N4_Android_MOD_v4,CSV\Card\Android_master.txt,1798,三センチ,"    セリフ,挿入深度、三センチ。四センチ。角度を腹側へ十五度。探索を開始します。",utf-8-sig
N4_Android_MOD_v4,CSV\Card\Android_master.txt,1798,四センチ,"    セリフ,挿入深度、三センチ。四センチ。角度を腹側へ十五度。探索を開始します。",utf-8-sig
N4_Android_MOD_v4,CSV\Card\Android_master.txt,1809,二センチ,"    セリフ,検出。前立腺の位置を特定。深度五・二センチ、腹側十八度。記録。",utf-8-sig
N4_Android_MOD_v4,CSV\Card\Android_master.txt,2175,一センチ,"    説明,彼は身を乗り出して、僕の右耳のすぐ横に唇を寄せた。触れてはいない。一センチもない距離で、息のような声を落とす。",utf-8-sig
N4_Android_MOD_v4,CSV\Card\Android_master.txt,2386,二十センチ,"    説明,六本目のアームの先には、つやのない灰色の機械ディルドが付いていた。長さは二十センチほど。\nでもそれは今は後ろへ引かれ、代わりに五番のアームの",utf-8-sig
N4_Android_MOD_v4,CSV\Card\Android_master.txt,2431,二センチ,"    セリフ,直腸内径、三・二センチまで拡張。粘膜に損傷なし。ローションを追加する。",utf-8-sig
N4_Android_MOD_v4,CSV\Card\Android_master.txt,2450,十センチ,"   セリフ,これより高速ピストンによる直腸内計測を開始する。初期速度、毎分三十回。深度、十センチ。",utf-8-sig
N4_Android_MOD_v4,CSV\Card\Android_master.txt,2454,十センチ,"    説明,ディルドは十センチの深さでぴたりと止まり、次の瞬間、機械の正確さで引き抜かれ、",utf-8-sig
N4_Android_MOD_v4,CSV\Card\Android_master.txt,2494,十四センチ,"    セリフ,不応期の反応も必要なデータだ。計測を継続する。深度を十四センチへ変更。直腸の最深部を測る。",utf-8-sig
N4_Android_MOD_v4,CSV\Card\Android_master.txt,2670,九十センチ,"    セリフ,この時点で、私は九十センチの距離から、あなたを記録していました。あなたの視線は、私の顔",utf-8-sig
N4_Android_MOD_v4,CSV\Card\Android_master.txt,3076,五センチ,"    セリフ,背中側ではなく、お腹側。……指の腹を上に。関節を曲げて。アナルの入り口から五センチ。",utf-8-sig
N4_Android_MOD_v4,CSV\Card\Android_master.txt,3079,一センチ,"    セリフ,まだです。一センチ奥。……今、少し通り過ぎました。戻して。そう。ゆっくり。",utf-8-sig
N4_Android_MOD_v4,CSV\Card\Android_master.txt,3110,一センチ,"    セリフ,開口幅、一・一センチ。緊張度、三十四。……あなたが自分で探っていた時、緊張度は七",utf-8-sig
N4_Android_MOD_v4,CSV\Card\Android_master.txt,3141,五センチ,"    セリフ,拡張器。最大五センチ。……あなたの指が届かなかった奥を、開いて見せます。今日から",utf-8-sig
N4_Android_MOD_v4,CSV\Card\Android_master.txt,3144,一センチ,"    セリフ,段階一、あなた自身の指一本、角度まちがい。段階二、私の指二本、開口一・一センチ。……段階三、拡張器、二センチ。",utf-8-sig
N4_Android_MOD_v4,CSV\Card\Android_master.txt,3144,二センチ,なた自身の指一本、角度まちがい。段階二、私の指二本、開口一・一センチ。……段階三、拡張器、二センチ。,utf-8-sig
N4_Android_MOD_v4,CSV\Card\Android_master.txt,3149,三センチ,"    セリフ,痛みの反応なし。……段階四、三センチ。",utf-8-sig
N4_Android_MOD_v4,CSV\Card\Android_master.txt,3182,三センチ,"    セリフ,二回目、記録。……段階表に書き加えます。段階四、三センチ、前立腺の圧迫で射精。",utf-8-sig
N4_Android_MOD_v4,CSV\Card\Android_master.txt,3194,四センチ,"    セリフ,段階五、四センチ。……今日の上限にします。五センチは、次回の段階です。",utf-8-sig
N4_Android_MOD_v4,CSV\Card\Android_master.txt,3194,五センチ,"    セリフ,段階五、四センチ。……今日の上限にします。五センチは、次回の段階です。",utf-8-sig
N4_Android_MOD_v4,CSV\Card\Android_master.txt,3200,四センチ,"    セリフ,はい。あなたの指では、一生見られなかった場所です。……開口四センチ、痛みの反応なし。快楽反応、まだ上昇中。",utf-8-sig
N4_Android_MOD_v4,CSV\Card\Android_master.txt,3392,三センチ,"    セリフ,前立腺探索プローブ、肛門に挿入。深度三センチ。四センチ。腹側へ十五度。",utf-8-sig
N4_Android_MOD_v4,CSV\Card\Android_master.txt,3392,四センチ,"    セリフ,前立腺探索プローブ、肛門に挿入。深度三センチ。四センチ。腹側へ十五度。",utf-8-sig
N4_Android_MOD_v4,CSV\Card\Android_master.txt,3408,一センチ,"    セリフ,前立腺、検出。陰茎の付け根の裏側、深度五・一センチ。複合値、五・二倍。被験体の自己申告は四。今回は実測が申告を",utf-8-sig
N4_Android_MOD_v4,CSV\Card\Android_master.txt,3976,一センチ,"    セリフ,本機の指の直径は一センチ未満だ。問題ない。被験体の指と同期して動かす。",utf-8-sig
N4_Android_MOD_v4,CSV\Card\Android_master.txt,3989,五センチ,"    セリフ,直腸入口の内径、三・五センチ。受け入れ準備、完了。被験体の指を引き抜け。",utf-8-sig
N4_Android_MOD_v4,CSV\Card\Android_master.txt,3997,二十センチ,六番のアームが下りてくる音がした。振り返らなくても分かった。あの灰色の機械ディルドだ。\n二十センチほどのなめらかな筒が、ローションを垂らしながら、僕のお尻の穴,utf-8-sig
N4_Android_MOD_v4,CSV\Card\Android_master.txt,4002,十二センチ,"    セリフ,深度、十二センチ。往復を開始する。",utf-8-sig
N4_Android_MOD_v4,CSV\Card\Android_master.txt,4041,十五センチ,"    セリフ,承認を記録。深度、十五センチへ。直腸の最深部を計測する。第二回。記録番号、LG-000の",utf-8-sig
N4_Android_MOD_v4,CSV\Card\Android_master.txt,4626,三センチ,"    セリフ,開口幅、一・三センチ。緊張度、二十九。……確認を続けます。お腹側の壁を。",utf-8-sig
N4_Android_MOD_v4,CSV\Card\Android_master.txt,4632,五センチ,"    セリフ,前立腺。位置、アナルの入り口から五センチ、ペニスの付け根の裏側。……確認、完了しました。",utf-8-sig
N4_Android_MOD_v4,CSV\Card\Android_master.txt,4682,五センチ,"    セリフ,拡張器です。最大で五センチまで開きます。先にカメラがついています。……あなたの直腸の中",utf-8-sig
N4_Android_MOD_v4,CSV\Card\Android_master.txt,4695,二センチ,"    セリフ,はい。あなたが見せてくれた直腸の中です。……開口、二センチ。",utf-8-sig
N4_Android_MOD_v4,CSV\Card\Android_master.txt,4698,二センチ,"    セリフ,二センチ。痛みの反応なし。……三センチ。",utf-8-sig
N4_Android_MOD_v4,CSV\Card\Android_master.txt,4698,三センチ,"    セリフ,二センチ。痛みの反応なし。……三センチ。",utf-8-sig
N4_Android_MOD_v4,CSV\Card\Android_master.txt,4751,五センチ,"    セリフ,最終工程。開口、四・五センチ。最後のデータを取ります。",utf-8-sig
N4_Android_MOD_v4,CSV\Card\Android_master.txt,4878,三センチ,"    セリフ,前立腺探索プローブ、肛門に挿入。三センチ。四センチ。腹側へ十五度。探索を開始します。",utf-8-sig
N4_Android_MOD_v4,CSV\Card\Android_master.txt,4878,四センチ,"    セリフ,前立腺探索プローブ、肛門に挿入。三センチ。四センチ。腹側へ十五度。探索を開始します。",utf-8-sig
N4_Android_MOD_v4,CSV\Card\Android_master.txt,4889,三センチ,"    セリフ,被験体の報告により前立腺を特定。深度五・三センチ、腹側十七度。協力、感謝します。",utf-8-sig
N4_Android_MOD_v4,CSV\Card\Android_master.txt,5539,二十センチ,、ゆっくり前に回ってきた。その先に付いているのは、灰色のなめらかな機械ディルドだった。\n二十センチほどの、少し反った筒。先は丸く、根元に向かって少しずつ太くな,utf-8-sig
N4_Android_MOD_v4,CSV\Card\Android_master.txt,5555,十センチ,"    セリフ,深度、十センチ。前立腺への接触を確認。ピストンを開始する。周期、一・五秒。",utf-8-sig
N4_Android_MOD_v4,CSV\Card\Android_master.txt,5571,十三センチ,"    セリフ,周期を〇・八秒へ。深度、十三センチへ。直腸の最深部を計測する。",utf-8-sig
N4_Android_MOD_v4,CSV\Card\Android_master.txt,6253,二センチ,"    セリフ,開口幅、一・二センチ。緊張度、三十。……申請項目一から三まで、実施完了。",utf-8-sig
N4_Android_MOD_v4,CSV\Card\Android_master.txt,6278,五センチ,"    セリフ,アナルの入り口から五センチ、お腹側、ペニスの付け根の裏。前立腺。……申請者自身が位置を",utf-8-sig
N4_Android_MOD_v4,CSV\Card\Android_master.txt,6312,五センチ,"    セリフ,拡張器。最大で五センチまで開きます。先にカメラ。……ここからの項目は、開く幅です。",utf-8-sig
N4_Android_MOD_v4,CSV\Card\Android_master.txt,6323,五センチ,"    セリフ,項目四、受理。開口五センチ、直腸内部の計測。……申請者、自分から最大値を選択。記録しま",utf-8-sig
N4_Android_MOD_v4,CSV\Card\Android_master.txt,6328,二センチ,"フ,はい。あなたが申請して見せた、あなたの直腸の中です。……一段ずつ、言ってから開きます。二センチ。",utf-8-sig
N4_Android_MOD_v4,CSV\Card\Android_master.txt,6333,三センチ,"    セリフ,三センチ。",utf-8-sig
N4_Android_MOD_v4,CSV\Card\Android_master.txt,6340,五センチ,"    セリフ,説明がなければ、次の段には進めません。申請した五センチには、届きません。",utf-8-sig
N4_Android_MOD_v4,CSV\Card\Android_master.txt,6348,四センチ,"    セリフ,四センチ。……痛みの反応なし。快楽反応、上昇中。あと一段で、申請値で",utf-8-sig
N4_Android_MOD_v4,CSV\Card\Android_master.txt,6349,四センチ,"    説明,かち。四センチ。お尻の穴のふちがぴんと張りつめる。これ以上開いたらどうなっ",utf-8-sig
N4_Android_MOD_v4,CSV\Card\Android_master.txt,6352,四センチ,"    セリフ,四センチでの内部データ、取得完了。……申請書の空欄が、あと一つです。",utf-8-sig
N4_Android_MOD_v4,CSV\Card\Android_master.txt,6359,五センチ,"    セリフ,五センチ。",utf-8-sig
N4_Android_MOD_v4,CSV\Card\Android_master.txt,6591,三センチ,"    セリフ,深度三センチ。四センチ。腹側へ十五度。探索中。",utf-8-sig
N4_Android_MOD_v4,CSV\Card\Android_master.txt,6591,四センチ,"    セリフ,深度三センチ。四センチ。腹側へ十五度。探索中。",utf-8-sig
N4_Android_MOD_v4,CSV\Card\Android_master.txt,6597,二センチ,"    セリフ,前立腺、検出。深度五・二センチ、腹側十八度。刺激方法を申請してください。押す、なでる、振動",utf-8-sig
N4_Android_MOD_v4,CSV\Card\Android_master.txt,7249,四センチ,"    セリフ,直腸入口の内径、三・四センチ。拡張完了。これより本計測に移る。被験体、ピストンの速度と深",utf-8-sig
N4_Android_MOD_v4,CSV\Card\Android_master.txt,7251,二十センチ,、灰色の機械ディルドが、たっぷりローションをまとって照明の光をにぶく跳ね返していた。長さは二十センチほど。\nさっきの指よりずっと太く、ずっと深く、僕のお尻の中,utf-8-sig
N4_Android_MOD_v4,CSV\Card\Android_master.txt,7261,十センチ,"    セリフ,受理。RQ-001の三。毎分四十回、深度十センチ。計測を開始する。",utf-8-sig
N4_Android_MOD_v4,CSV\Card\Android_master.txt,7265,十センチ,"    説明,十センチ。ちょうど前立腺を越えたあたりで、ディルドはぴたりと止まった",utf-8-sig
N4_Android_MOD_v4,CSV\Card\Android_master.txt,7308,十四センチ,"    セリフ,放出を確認。指定値、毎分八十回、深度十四センチにおける到達時間、二分十一秒。記録した。",utf-8-sig
N4_Android_MOD_v4,CSV\Card\Android_master.txt,7343,十六センチ,"  セリフ,最終の指定値を聴取する。被験体、速度と深度を述べろ。上限は、毎分百二十回、深度十六センチ。直腸の最深部までだ。",utf-8-sig
N4_Android_MOD_v4,CSV\Card\Android_master.txt,7369,十六センチ,"    セリフ,前回指定値。毎分百二十回。深度十六センチ。被験体、本日の要請を述べろ。",utf-8-sig
N51_Alchemy_MOD,CSV\Card\Alchemy_master.txt,1158,二十一センチ,"    セリフ,前が満ちた。では後ろ。私の張形は、錬金術で作った硝子と革。二十一センチ。中の温度に合わせて、少しずつ温まるよ。",utf-8-sig
N51_Alchemy_MOD,CSV\Card\Alchemy_master.txt,1374,二十一センチ,いローブの裾を、片手でまくった。黒い下着の中から、彼女のものが、硬くそり返って現れる。\n二十一センチ。僕のものより、ずっと長くて太かった。,utf-8-sig
N51_Alchemy_MOD,CSV\Card\Alchemy_master.txt,1447,二十六センチ,"明,ぬぷり、と先が入口を越えた。入口が大きく広げられて、熱の塊がお尻の中へ入ってくる。\n二十六センチの長さが、ゆっくり、ゆっくりと中を満たしていった。",utf-8-sig
N51_Alchemy_MOD,CSV\Card\Alchemy_master.txt,1964,二十六センチ,"明,ぬぷり、と先が入口を越えた。太い熱の塊が、ほどかれた中を押し広げながら入ってくる。\n二十六センチが、少しずつ、少しずつ、下から僕を満たしていった。",utf-8-sig
N51_Alchemy_MOD,CSV\Card\Alchemy_master.txt,2492,二十六センチ,が入口を越える。太い熱が、下から僕を押し広げながら入ってきた。\n自分の重さで沈むほどに、二十六センチの長さが奥へ奥へと満ちていく。,utf-8-sig
N52_Masque_MOD,CSV\Card\Masque_master.txt,1175,二十一センチ,れた。代わりに、固くて丸い先端が、入口に押し当てられた。\n革の帯に留められた、黒い張形。二十一センチの長さが、太ももの裏に重たく触れている。,utf-8-sig
N52_Masque_MOD,CSV\Card\Masque_master.txt,1674,九十六センチ,"    説明,ヴェロニカが、両腕を広げた。深紅のボールガウンの胸元が大きく開いている。\n九十六センチの胸が、燭台の光を受けて、白く柔らかく盛り上がっていた。",utf-8-sig
N52_Masque_MOD,CSV\Card\Masque_master.txt,1756,二十一センチ,上げると、腰に黒い革の帯が締められている。\nそこから、黒い張形がまっすぐ上を向いていた。二十一センチ。月の光で、表面がつややかに光った。,utf-8-sig
N52_Masque_MOD,CSV\Card\Masque_master.txt,2847,九十六センチ,カは深紅のドレスの胸元を、指で少し引き下げた。\n白くて豊かな胸の、上半分があらわになる。九十六センチの柔らかさが、燭台の光に照らされていた。,utf-8-sig
N52_Masque_MOD,CSV\Card\Masque_master.txt,2959,二十一センチ,"    説明,指が抜かれた。張形の丸い先が、ほぐれた入口に押し当てられる。二十一センチ。\nその太さを入口に感じた瞬間、また肩越しに唇を塞がれた。",utf-8-sig
N56_Luna_MOD,CSV\Card\Luna_master.txt,1066,八十センチ,"    説明,セレーネは僕を柱の前に立たせた。\n百八十センチの女神と向かい合うと、僕の目はちょうど彼女の胸元に来る。見上",utf-8-sig
N56_Luna_MOD,CSV\Card\Luna_master.txt,1184,二十センチ,いた。\n腰には、月の光をそのまま固めたような、白く透きとおった張形が結ばれていた。長さは二十センチを超えている。,utf-8-sig
N56_Luna_MOD,CSV\Card\Luna_master.txt,1517,八十一センチ,"    説明,ルナリアが台の脇に立った。\n百八十一センチの長身が、月を背にして僕を見下ろす。銀の長髪が金属のように光",utf-8-sig
N56_Luna_MOD,CSV\Card\Luna_master.txt,1609,八十センチ,神がすぐ後ろに立っていた。\n水盤の光から抜け出してきたように、白い衣が淡く光っている。百八十センチの長身が、窓辺の僕を上から覆った。,utf-8-sig
N56_Luna_MOD,CSV\Card\Luna_master.txt,1808,二十センチ,"    説明,腰には、月の光を固めたような白く透きとおった張形が結ばれていた。\n二十センチを超える長さ。表面を、細かな光の粒がゆっくり流れていく。",utf-8-sig
N56_Luna_MOD,CSV\Card\Luna_master.txt,2140,八十一センチ,"    説明,百八十一センチの長身が、うしろから僕を包んだ。\n銀の長衣が肩にかかり、金",utf-8-sig
N56_Luna_MOD,CSV\Card\Luna_master.txt,2419,八十センチ,"    説明,セレーネは祭壇の前に立った。\n百八十センチの長身は、立ったままでも、寝そべった僕の胸に顔が届く。腰の張",utf-8-sig
N56_Luna_MOD,CSV\Card\Luna_master.txt,2465,二十センチ,"    説明,白く透きとおった張形は、二十センチを超える長さだった。\n表面を、細かな光の粒がゆっくり流れて",utf-8-sig
N56_Luna_MOD,CSV\Card\Luna_master.txt,3168,二十センチ,"    説明,腰の下で、光の張形が上を向いていた。\n白く透きとおった、二十センチを超える月の光。先が、ほぐれた入口の真下で待っている。",utf-8-sig
N57_Police_MOD,CSV\Card\Police_master.txt,1356,一センチ,"    セリフ,一センチ。……二センチ。対象者さん、呼吸が浅くなっています。深く吸っ",utf-8-sig
N57_Police_MOD,CSV\Card\Police_master.txt,1356,二センチ,"    セリフ,一センチ。……二センチ。対象者さん、呼吸が浅くなっています。深く吸ってください。",utf-8-sig
N57_Police_MOD,CSV\Card\Police_master.txt,1379,一センチ,"    説明,綿棒が、ゆっくりと引き抜かれていった。内側を撫でながら、一センチずつ。\n最後の先端が口から抜けた瞬間、ふさがれていた熱が一",utf-8-sig
N57_Police_MOD,CSV\Card\Police_master.txt,1952,二センチ,"    セリフ,指、遅れています。内側は、もう二センチ進みました。……追いついてください。",utf-8-sig
N57_Police_MOD,CSV\Card\Police_master.txt,1988,一センチ,"    説明,彼女は綿棒の軸をつまみ、ゆっくりと引き抜きはじめた。一センチずつ。内側を撫でながら。\n僕の指は、彼女の手に重ねられたま",utf-8-sig
N57_Police_MOD,CSV\Card\Police_master.txt,2547,一センチ,"    セリフ,はい。対象者さんの手で採取しています。記録上、そうなります。……一センチ。二センチ。",utf-8-sig
N57_Police_MOD,CSV\Card\Police_master.txt,2547,二センチ,"    セリフ,はい。対象者さんの手で採取しています。記録上、そうなります。……一センチ。二センチ。",utf-8-sig
N57_Police_MOD,CSV\Card\Police_master.txt,2555,三センチ,"    セリフ,三センチ。わたしは押していません。今のは対象者さんの手です。記録しま",utf-8-sig
N57_Police_MOD,CSV\Card\Police_master.txt,2581,一センチ,震える指で、軸をつまんだ。ゆっくり、引いていく。内側を撫でながら、細い線が抜けていく。\n一センチごとに、腰がびくりと跳ねた。,utf-8-sig
N57_Police_MOD,CSV\Card\Police_master.txt,3159,二センチ,"    セリフ,二センチ。……申告では、奥まで、でしたね。奥とは、どこまでですか。",utf-8-sig
N58_Circus_MOD,CSV\Card\Circus_master.txt,968,179センチ,"    説明,カリオペは赤い燕尾をひるがえし、黒いステッキをくるりと回した。179センチの長身が、シルクハットの分だけさらに高く見える。\n銀の石突",utf-8-sig
N58_Circus_MOD,CSV\Card\Circus_master.txt,1164,二十六センチ,トパンツを下ろす衣擦れの音がして、熱く重たいものが、お尻の割れ目にずしりと乗せられた。\n二十六センチの長さが、背骨の上まで届きそうだった。,utf-8-sig
N58_Circus_MOD,CSV\Card\Circus_master.txt,1310,169センチ,"    説明,ランが台の前に立った。169センチの長身が、見上げるほど高く見える。黒いポニーテールが肩から落",utf-8-sig
N58_Circus_MOD,CSV\Card\Circus_master.txt,1467,176センチ,座の花形、空中ブランコのアリエルだった。金のスパンコールのレオタードに、白い羽根のケープ。176センチの長身が、舞台の上で眩しく光っていた。,utf-8-sig
N58_Circus_MOD,CSV\Card\Circus_master.txt,1595,179センチ,"    説明,カリオペは僕の前に片膝をついた。179センチの長身がかがんでも、目線はまだ僕より高い。\n彼女は白い手袋",utf-8-sig
N58_Circus_MOD,CSV\Card\Circus_master.txt,1604,十センチ,"    説明,石突きが、すっと左の乳首から離された。十センチほど先で、ぴたりと止まる。\n触れてはいない。ただ、胸の前に",utf-8-sig
N58_Circus_MOD,CSV\Card\Circus_master.txt,1752,二十六センチ,"    説明,ショートパンツの前が下ろされ、熱く重たいものが、光の中にあらわになった。二十六センチの、太く反り返った長さ。\n僕は彼女の腰をまたぐように、膝の",utf-8-sig
N58_Circus_MOD,CSV\Card\Circus_master.txt,2353,二十六センチ,"    説明,ショートパンツが下ろされて、熱く重たいものがあらわになった。二十六センチの、太く反り返った長さが、光の中にくっきりと浮かぶ。\nカリ",utf-8-sig
N58_Circus_MOD,CSV\Card\Circus_master.txt,2951,二十六センチ,"  説明,指が抜かれ、ショートパンツが下ろされた。熱く重たいものが、光の中にあらわになる。二十六センチの、太く反り返った長さ。\nカリオペは僕の左脚もすくい上げた",utf-8-sig
N59_Candy_MOD,CSV\Card\Candy_master.txt,1135,二十センチ,"    説明,テーブルのそばには、飴色に透きとおった張形が置かれていた。長さは二十センチを少し超えている。\nつるりとして、表面が灯りを映してきらき",utf-8-sig
N59_Candy_MOD,CSV\Card\Candy_master.txt,1317,一センチ,"    セリフ,うん。いま、先から、一センチ。……二センチ。あなたの道は、とてもまっすぐ。描きやすい。",utf-8-sig
N59_Candy_MOD,CSV\Card\Candy_master.txt,1317,二センチ,"    セリフ,うん。いま、先から、一センチ。……二センチ。あなたの道は、とてもまっすぐ。描きやすい。",utf-8-sig
N59_Candy_MOD,CSV\Card\Candy_master.txt,1348,一センチ,"明,糸が、ゆっくりと引かれはじめた。奥から先へ、内側の道を、粒が撫でながら戻ってくる。\n一センチ戻るごとに、腰から背中へ甘い痺れが駆け上がった。",utf-8-sig
N59_Candy_MOD,CSV\Card\Candy_master.txt,1746,二十センチ,"    説明,彼女はドレスの裾を持ち上げ、腰に飴細工の張形を留めた。二十センチを少し超える、飴色に透きとおったもの。\nランプの灯りを映し",utf-8-sig
N59_Candy_MOD,CSV\Card\Candy_master.txt,2346,二十センチ,"    説明,彼女はドレスの裾を持ち上げて、腰に飴細工の張形を留めた。二十センチを少し超える、飴色に透きとおったもの。\n先端にシロップを垂",utf-8-sig
N59_Candy_MOD,CSV\Card\Candy_master.txt,2983,二十センチ,"    説明,彼女は腰に飴細工の張形を留めた。二十センチを少し超える、透きとおった飴色。\n先端にシロップがたっぷり",utf-8-sig
N59_Candy_MOD,CSV\Card\Candy_master.txt,3160,一センチ,"    説明,糸が一センチ進んだ。細いせいで、外からは何も入っていないように見える。\",utf-8-sig
N59_Candy_MOD,CSV\Card\Candy_master.txt,3165,一センチ,"    説明,数えられるたびに、糸が一センチずつ進む。自分で決めた速さだった。\n遅すぎて、じれったくて",utf-8-sig
N59_Candy_MOD,CSV\Card\Candy_master.txt,3180,一センチ,"    説明,速く、と言えば、すぐに奥まで来てもらえる。けれど、ていねいに撫でられている一センチ一センチを、手放したくなかった。\n自分で決めた速さに、自分",utf-8-sig
N59_Candy_MOD,CSV\Card\Candy_master.txt,3180,一センチ," 説明,速く、と言えば、すぐに奥まで来てもらえる。けれど、ていねいに撫でられている一センチ一センチを、手放したくなかった。\n自分で決めた速さに、自分で縛られ",utf-8-sig
N59_Candy_MOD,CSV\Card\Candy_master.txt,3198,一センチ," 説明,奥から先へ、内側の道を粒が戻ってくる。塗られた飴の上を、なめらかに滑りながら。\n一センチ戻るごとに、腰から背中へ甘い痺れが駆けあがった。",utf-8-sig
N5_Witch_MOD_v4,CSV\Card\Witch_master.txt,1751,六十センチ,"    説明,鏡に裸の僕が映る。百六十センチの細身の体。薄い胸板に、細い腰。冒険で鍛えたつもりの腕も、ラ",utf-8-sig
N5_Witch_MOD_v4,CSV\Card\Witch_master.txt,2643,一センチ,"    説明,言われたとおりに撫で上げる。\n彼女の目が、僕の手の動きを一センチずつなぞってくる。自分でしているのに、彼女に撫でられているよ",utf-8-sig
N5_Witch_MOD_v4,CSV\Card\Witch_master.txt,6204,六十センチ,"    説明,ガラスに、裸の僕が映った。百六十センチの細身の体。薄い胸、細い腰。レースの手袋だけが、両手のひじま",utf-8-sig
N60_Starship_MOD,CSV\Card\Starship_master.txt,975,八十センチ,",白と金の艦長服が、目の前に流れてきた。長いマントが、水の中みたいにふわりと広がる。\n百八十センチの長身が、僕を正面から抱きとめた。",utf-8-sig
N60_Starship_MOD,CSV\Card\Starship_master.txt,1149,八十センチ,"    説明,百八十センチの体が、上から覆いかぶさる。銀の長い髪がカーテンのように垂れ",utf-8-sig
N60_Starship_MOD,CSV\Card\Starship_master.txt,1177,二十五センチ,"    説明,二十五センチの、まっすぐで美しい形だった。\n先を油で濡らして、彼女は僕",utf-8-sig
N60_Starship_MOD,CSV\Card\Starship_master.txt,1754,八十センチ,",艦長室の寝台の端に、彼女が腰をかけた。僕はその膝の上に、向かい合わせに座らされた。\n百八十センチの彼女を、少し見上げる形になる。金の瞳が、すぐ目の前で静かに",utf-8-sig
N60_Starship_MOD,CSV\Card\Starship_master.txt,1786,二十五センチ,"    説明,彼女が艦長服の前を開いた。豊かな胸がこぼれ、その下から、二十五センチの長いペニスがまっすぐ立ちあがっている。\n先には、油がつや",utf-8-sig
N60_Starship_MOD,CSV\Card\Starship_master.txt,2366,八十センチ,"    説明,背中に、彼女の体がぴたりと重なった。百八十センチの長身が、後ろから僕を包むように横たわる。\n銀の髪が、肩か",utf-8-sig
N60_Starship_MOD,CSV\Card\Starship_master.txt,2394,二十五センチ,"    説明,お尻の割れ目に、長く熱いものがあてがわれた。二十五センチの、なめらかな重み。\n油に濡れた丸い先が、ほぐされた入口に",utf-8-sig
N60_Starship_MOD,CSV\Card\Starship_master.txt,2897,八十センチ,"    説明,僕は彼女の椅子の横に膝をついた。\n百八十センチの長身が、椅子の上から身をかがめる。銀の長い髪が、僕の肩に流",utf-8-sig
N60_Starship_MOD,CSV\Card\Starship_master.txt,3002,八十センチ,"明,金の瞳が、すぐ下から見上げていた。銀の髪が、白い布の上に扇のように広がっている。\n百八十センチの体の上に乗っているのに、包まれているのは僕の方だった。",utf-8-sig
N60_Starship_MOD,CSV\Card\Starship_master.txt,3026,二十五センチ,"    説明,お尻の下に、長く熱いものがあった。二十五センチの、なめらかな重み。\n彼女がそれを手で支えて、先の丸みを、",utf-8-sig
N62_Eruru_MOD,CSV\Card\Eruru_master.txt,2148,一センチ,"    セリフ,あと一センチ。\nあなたが言えば、すぐに届くわよ❤",utf-8-sig
N62_Eruru_MOD,CSV\Card\Eruru_master.txt,3131,一センチ,けないの。\nわたしの口づけが欲しかったら、ちゃんと言いなさい。\nほら、唇はここよ？あと一センチ❤,utf-8-sig
N62_Eruru_MOD,CSV\Card\Eruru_master.txt,4025,一センチ,"    セリフ,あら、迷うの？\nじゃあ唇、ここに置いておくわ。\nあと一センチ・・・ふーって、息だけ❤",utf-8-sig
N63_Exam_MOD,CSV\Card\Exam_master.txt,2880,一センチ,いならいいよ。\nこのまま、手をおちんちんのすぐ上で止めておくね。\n触らない。ほら、あと一センチ❤,utf-8-sig
N63_Exam_MOD,CSV\Card\Exam_master.txt,3632,一センチ,"    セリフ,ほんの一センチです。\n受験者さんが少し顔を上げれば届く距離ですが、\n宣",utf-8-sig
N63_Exam_MOD,CSV\Card\Exam_master.txt,3955,十センチ,"    セリフ,ほら、手が近づいてくるよー。\nまだ触ってない。あと十センチ・・・五センチ・・・\nあはっ、息が「はっ、はっ」ってなって",utf-8-sig
N63_Exam_MOD,CSV\Card\Exam_master.txt,3955,五センチ,"    セリフ,ほら、手が近づいてくるよー。\nまだ触ってない。あと十センチ・・・五センチ・・・\nあはっ、息が「はっ、はっ」ってなってる❤",utf-8-sig
N63_Exam_MOD,CSV\Card\Exam_master.txt,4073,一センチ,"    説明,試験官さんの指先が、乳首の一センチ手前でぴたりと止まる。指された場所に全身の感覚が集まり、呼吸",utf-8-sig
N64_Sister_MOD,CSV\Card\Sister_master.txt,3276,十九センチ,"    セリフ,聖具の形、ちゃんと覚えてください。\n十九センチ、根元まで全部。\nあなたの前立腺は、この形の祈りしか知らな",utf-8-sig
N64_Sister_MOD,CSV\Card\Sister_master.txt,4174,十九センチ,"    セリフ,十九センチの聖具です。\n最後の頁の絵より、ずっと大きいでしょう？\n",utf-8-sig
N65_Flower_MOD,CSV\Card\Flower_master.txt,1108,一センチ,"    セリフ,ほら、指をきみの乳首の一センチ上で\nくるくる、くるくる・・・❤\n触ってないのに、ぴんっ",utf-8-sig
N66_Tavern_MOD,CSV\Card\Tavern_master.txt,3046,九十八センチ,"    セリフ,わたしのおっぱい、九十八センチあるの。\nあなたのお顔なんて、すっぽり隠れちゃうわね。\n",utf-8-sig
N66_Tavern_MOD,CSV\Card\Tavern_master.txt,4001,九十八センチ,"    セリフ,わたしの胸、九十八センチもあるのよ。\nあなたのお顔なんて、すっぽり隠れちゃう。\n",utf-8-sig
N67_Octa_MOD,CSV\Card\Octa_master.txt,1022,一センチ,"    セリフ,ぷっ。膝が近づいただけで腰を差し出してる。\nほら、あと一センチ・・・あと、ちょっと・・・❤\nはい、そこでおしまい❤",utf-8-sig
N67_Octa_MOD,CSV\Card\Octa_master.txt,1741,一センチ,"   説明,細い先端が、つぷりと入り口をくぐった。媚薬で熱をもった内側を、ぬめる脚がほんの一センチだけ撫でて、すっと抜けていく。",utf-8-sig
N67_Octa_MOD,CSV\Card\Octa_master.txt,1904,一センチ,"    セリフ,ほら、膝をこうやって、ちょっとだけ近づけて・・・\nあと一センチのところで止めてあげる。\n腰、突き出したくなるでしょ？❤",utf-8-sig
N68_Patra_MOD,CSV\Card\Patra_master.txt,2996,九十六センチ,"    セリフ,わたしのお尻、九十六センチもあるのよ。\n闘技場の男たちはみんな、これに潰されたくて\",utf-8-sig
N68_Patra_MOD,CSV\Card\Patra_master.txt,3973,九十六センチ,"    セリフ,このお尻、九十六センチあるのよ。\n闘技場の男の子たちは、みんなこれを見て\n試合",utf-8-sig
N69_Cammy_MOD,CSV\Card\Cammy_master.txt,1386,一センチ,"    セリフ,迷ってるの？\nじゃあ、お口の前で止めておいてあげる。\n唇と唇、あと一センチ・・・❤",utf-8-sig
N69_Cammy_MOD,CSV\Card\Cammy_master.txt,2349,一センチ,"    セリフ,唇はここよ。ほら、あと一センチ。\nお酒の匂いの息、ふーって感じるでしょ。\nお客さんのほ",utf-8-sig
N71_Eiraira_MOD,CSV\Card\Eiraira_master.txt,3456,一センチ,"    セリフ,言わねえなら、ずっとこのままだぜ。\n乳首の一センチ手前で、羽根を止めといてやる。\nほら、風が吹くたびに毛先が",utf-8-sig
N71_Eiraira_MOD,CSV\Card\Eiraira_master.txt,3738,一センチ,"    セリフ,唇が、わたしの唇を探しています。\nほら、あと一センチですよ。\n言えば、届きます・・・❤",utf-8-sig
N72_Yatsume_MOD,CSV\Card\Yatsume_master.txt,1304,二十センチ,"    セリフ,長さは二十センチ。\n貴様の奥のしこりに、ちょうど届く形をしている。\n香油",utf-8-sig
N72_Yatsume_MOD,CSV\Card\Yatsume_master.txt,1767,一センチ,"    セリフ,ほら、名前呼んだら、唇が震えた。\nあと一センチで、キスできるよ？\n言ったら、塞いでやる❤",utf-8-sig
N72_Yatsume_MOD,CSV\Card\Yatsume_master.txt,2044,一センチ,"    セリフ,言わないのなら、ブーツはこのまま宙に浮かせておく。\n貴様のチンポの真上、一センチのところにな。\n届きそうで届かない靴底を、ずっと見上げてい",utf-8-sig
N72_Yatsume_MOD,CSV\Card\Yatsume_master.txt,2312,二十センチ,"    セリフ,次は検査棒を使う。\n長さは二十センチ。\n貴様の奥のしこりに、ちょうど届く反りだ❤",utf-8-sig
N72_Yatsume_MOD,CSV\Card\Yatsume_master.txt,2768,一センチ,"    セリフ,名前呼んだら、唇が勝手に突き出てきた。\nあと一センチだよ。\nほら、言いな❤",utf-8-sig
N72_Yatsume_MOD,CSV\Card\Yatsume_master.txt,3312,二十センチ,"    セリフ,これが検査器具だ。\n長さは二十センチある。\n貴様の中の、いちばん奥まで調べられる❤",utf-8-sig
N72_Yatsume_MOD,CSV\Card\Yatsume_master.txt,4307,二十センチ,"    セリフ,よく言った❤\n制服の腰に、この器具を締める。\n長さは二十センチ。お前の奥の奥まで届く❤",utf-8-sig
N73_Musashi_MOD,CSV\Card\Musashi_master.txt,3745,二十センチ,"    説明,ユウギリさんは腰に黒漆のペニバンを結わえつけた。二十センチほどの滑らかな胴に、椿油がとろりと塗り広げられていく。",utf-8-sig
N76_Gemini_MOD,CSV\Card\Gemini_master.txt,1847,二十センチ," 説明,ルベリアさんはドレスの裾を持ち上げ、腰に紅玉の張形を留めた。深紅に透ける、滑らかな二十センチ。内側から灯るように、温かな光を帯びている。",utf-8-sig
N76_Gemini_MOD,CSV\Card\Gemini_master.txt,3834,二十センチ,"    セリフ,二十センチ、少し長うございますけれど、\nほぐれたあなたなら、きっと大",utf-8-sig
N76_Gemini_MOD,CSV\Card\Gemini_master.txt,4849,二十センチ,"  セリフ,すっかりほぐれましたわね。\nもう入りますわ。\n内側から温かい、紅玉の張形。二十センチ、奥まで。",utf-8-sig
N76_Gemini_MOD,CSV\Card\Gemini_mons_boss.txt,300,二十センチ,"    セリフ,六粒目ですわ。二十センチ、ゆっくり奥まで。奥の紅玉に当たるたびに、胸元の紅玉も光りま",utf-8-sig
N77_Sylvia_MOD,CSV\Card\Sylvia_master.txt,1625,二十一センチ,"    説明,ワンピースの裾がたくし上げられ、彼女の二十一センチの熱が、ほぐされたお尻に押し当てられた。耳元に唇を寄せたまま",utf-8-sig
N77_Sylvia_MOD,CSV\Card\Sylvia_master.txt,1738,二十五センチ,"    セリフ,ええ。驚きましたか。\nわたくしの体です。二十五センチ。\n最終章は、これで締めくくります。",utf-8-sig
N77_Sylvia_MOD,CSV\Card\Sylvia_master.txt,4376,二十一センチ,"    説明,お尻の穴に、熱く硬いものの先がそっと当てられた。ヘンリエッタの二十一センチが、香油に濡れて、入口で静かに待っている。",utf-8-sig
N77_Sylvia_MOD,CSV\Card\Sylvia_master.txt,4513,二十五センチ,かれ、ほぐされた後ろがひくひくと震えた。オーレリアがタイトドレスの裾を持ち上げると、彼女の二十五センチが、香油に濡れて夕陽を受けた。,utf-8-sig
N78_Kiss_MOD,CSV\Card\Kiss_master.txt,1583,二十二センチ,"    説明,薄衣の裾が持ち上がり、ミストラの二十二センチの熱が現れた。蜜にまみれた先端が、ほぐされたお尻の穴にそっと",utf-8-sig
N78_Kiss_MOD,CSV\Card\Kiss_master.txt,1880,二十四センチ,"    説明,燕尾ドレスの裾が払われ、オスクラの二十四センチの熱が姿を現した。蜜に濡れた先端がほどけた蕾に押し当てられる",utf-8-sig
N78_Kiss_MOD,CSV\Card\Kiss_master.txt,3881,二十四センチ,"    説明,オスクラさんがドレスの裾を払うと、二十四センチの熱が露わになった。先端が蜜に濡れた蕾に押し当てられ、ゆっく",utf-8-sig
N78_Kiss_MOD,CSV\Card\Kiss_master.txt,4570,二十二センチ,唇に甘い息を吹きこまれながら、二本の指が奥をとろかす。やがて指が抜かれ、濡れた薄衣の間から二十二センチの熱が、蜜に濡れた入口にそっと押し当てられた。,utf-8-sig
N78_Kiss_MOD,CSV\Card\Kiss_master.txt,4845,二十四センチ,"    説明,指が抜かれ、唇も離れた。二度目の寸止め。ドレスの裾から現れた二十四センチの熱が、蜜に濡れた蕾に当てられたまま、じっと動かない。",utf-8-sig
N78_Kiss_MOD,CSV\Card\Kiss_mons_boss.txt,300,二十四センチ,"    セリフ,奥まで行こう、可憐な唇の君。二十四センチ、口づけしたまま全部だ。君の急所を、先で撫でてあげよう❤",utf-8-sig
N78_Kiss_MOD,CSV\Card\Kiss_mons_e2.txt,251,二十二センチ,"    セリフ,ふぅぅ・・・❤撫子の唇、ふさいだまま奥まで。あたしの二十二センチ・・・全部入ったよ❤",utf-8-sig
N79_Perfume_MOD,CSV\Card\Perfume_master.txt,1589,二十一センチ,"    説明,背中に押し当てられた腰から、熱く硬いものがスカートの下に滑りこむ。二十一センチの熱が、香油でほどけたお尻の穴にぴたりと当てられ、ゆっくりと",utf-8-sig
N79_Perfume_MOD,CSV\Card\Perfume_master.txt,1866,二十五センチ,かれ、アンブルがサテンのドレスの裾を払った。その下から現れたものに、僕は思わず息をのんだ。二十五センチの、熱く硬いものが、琥珀色の灯りに照らされていた。,utf-8-sig
N79_Perfume_MOD,CSV\Card\Perfume_master.txt,3567,21cm,"    説明,ムスクは革のエプロンを外し、シャツワンピースの裾を捲り上げた。鏡の中に、21cmの熱い昂ぶりが、香油に濡れて映った。",utf-8-sig
N79_Perfume_MOD,CSV\Card\Perfume_master.txt,3850,25cm,"    説明,アンブルがドレスの裾をたくし上げると、25cmの熱い昂ぶりが香油に濡れて、僕の秘めたところにそっと当てられ",utf-8-sig
N7_Inmon_MOD_v4,CSV\Card\Inmon_master.txt,2240,178センチ,"    説明,見上げると、白と金の衣を何枚も重ねたセレスが、祭壇の脇に立っていた。\n178センチの体は、祭壇に寝かされた僕からは塔のように高く見えた。",utf-8-sig
N7_Inmon_MOD_v4,CSV\Card\Inmon_master.txt,2281,160センチ,"    説明,160センチの僕の体は、彼女の両腕の中に抱きすくめられた。\n祭壇の冷た",utf-8-sig
N7_Inmon_MOD_v4,CSV\Card\Inmon_master.txt,5318,178センチ,"    説明,178センチの彼女が胸までつかる深さで、160センチの僕は首まで沈みかけ",utf-8-sig
N7_Inmon_MOD_v4,CSV\Card\Inmon_master.txt,5318,160センチ,"    説明,178センチの彼女が胸までつかる深さで、160センチの僕は首まで沈みかけていた。\nつま先立ちで、やっとあごが水",utf-8-sig
N7_Inmon_MOD_v4,CSV\Card\Inmon_master.txt,6931,178センチ,"  説明,一瞬で、背中が覆われた。衣の胸が肩甲骨に、お腹が腰に、太ももが太ももの裏に。\n178センチの体が、後ろから僕を丸ごと包みこむ。",utf-8-sig
N80_Queen_MOD,CSV\Card\Queen_master.txt,1575,二十四センチ,"    説明,指が抜かれ、背後で腰布がほどかれる気配がした。近衛の二十四センチの熱が、香油に濡れた門に押し当てられる。羽交い絞めの腕は、一",utf-8-sig
N80_Queen_MOD,CSV\Card\Queen_master.txt,1867,二十五センチ,"    説明,黒い長衣の裾が払われ、宰相の二十五センチの熱が姿を現した。香油に濡れた先端が、ほどけた入口に押し当て",utf-8-sig
N80_Queen_MOD,CSV\Card\Queen_master.txt,4526,二十四センチ,"    説明,背後で腰布が払われ、近衛の二十四センチの熱が僕の尻に触れた。香油に濡れた硬い先端が、ほぐされた後ろ",utf-8-sig
N80_Queen_MOD,CSV\Card\Queen_master.txt,4808,二十五センチ,"    説明,背後で長衣の裾が払われ、宰相の二十五センチの熱がお尻に触れた。香油に濡れた先端が、ほぐされたお尻の穴へ",utf-8-sig
N81_Inn_MOD,CSV\Card\Inn_master.txt,1734,十九センチ,"    セリフ,十九センチ。\n・・・ぜんぶ、入ってる。\nおなかの奥、わたしのかたち",utf-8-sig
N81_Inn_MOD,CSV\Card\Inn_mons_boss.txt,297,21センチ,"    セリフ,あらあら、ほぐれたお尻。紫の帯を締めて・・・21センチ、ゆっくりお迎えしましょうね。大丈夫、坊や、力を抜きなさいな",utf-8-sig
N81_Inn_MOD,CSV\Card\Inn_mons_boss.txt,314,21センチ,"    セリフ,お連れの坊やも、夜伽をしましょうね。ほぐれたお尻に21センチ、ゆっくり。力を抜きなさいな❤",utf-8-sig
N81_Inn_MOD,CSV\Card\Inn_mons_e3.txt,278,19センチ,"    セリフ,・・・見回り。うしろの鍵、開いてる。・・・黒い帯の19センチ、ゆっくり。起こさない、ように・・・❤",utf-8-sig
N81_Inn_MOD,CSV\Card\Inn_mons_e3.txt,295,19センチ,"    セリフ,・・・お連れさんも、見回り。うしろ、開けて。・・・19センチ、ゆっくり、入る・・・❤",utf-8-sig
N82_Ranch_MOD,CSV\Card\Ranch_master.txt,1283,二十八センチ,"    説明,ランプに照らされたダリアさんの股間から、二十八センチの熱が静かに反り返っていた。彼女は恥じらいもなく、それを誇る",utf-8-sig
N82_Ranch_MOD,CSV\Card\Ranch_master.txt,1836,二十四センチ,"    説明,ボヴィーナさんは指を抜き、ドレスの裾をたくし上げた。二十四センチの熱が、僕の腿の間にそっと添えられる。彼女はそれを隠すでも誇",utf-8-sig
N82_Ranch_MOD,CSV\Card\Ranch_master.txt,2234,二十八センチ,が鳴り、首の鈴がからんと応えた。指が抜かれると、ダリアさんはオーバーオールを腰から落とし、二十八センチの熱をランプの灯りの中にそっと立ち上がらせた。,utf-8-sig
N82_Ranch_MOD,CSV\Card\Ranch_master.txt,2792,二十四センチ," 説明,指が抜かれ、ドレスの裾がたくし上げられる衣擦れがした。背中から抱きしめられたまま、二十四センチの熱が、僕の腿の間にそっと寄り添う。",utf-8-sig
N82_Ranch_MOD,CSV\Card\Ranch_master.txt,3136,28cm,指が抜かれ、ダリアさんがオーバーオールの前を開いた。そこには、彼女の体に似合った、太く長い28cmのものがそそり立っていた。油をまとったその先が、ほぐされたば,utf-8-sig
N82_Ranch_MOD,CSV\Card\Ranch_master.txt,3615,180cm,、正面から抱き寄せられた。B110の乳房に顔が埋まり、長い腕が背中を、ショールが肩を包む。180cmの体が、僕をまるごと覆い隠した。,utf-8-sig
N82_Ranch_MOD,CSV\Card\Ranch_master.txt,3654,24cm,"明,指がそっと抜かれ、ボヴィーナさんのドレスの裾が持ち上がった。抱きしめる腕はそのままに、24cmの熱いものが、ほぐれた窄まりにあてがわれる。",utf-8-sig
N82_Ranch_MOD,CSV\Card\Ranch_master.txt,4049,28cm,"    説明,指が抜かれ、ダリアさんの28cmの熱いものが、ほぐれた窄まりにあてがわれた。唇が重なり、舌が",utf-8-sig
N82_Ranch_MOD,CSV\Card\Ranch_master.txt,4583,24cm,"明,指がそっと抜かれ、ドレスの裾が持ち上がった。抱きしめる腕はそのままに、ボヴィーナさんの24cmの熱いものが、ほぐれた窄まりにあてがわれる。",utf-8-sig
N83_Tengu_MOD,CSV\Card\Tengu_master.txt,1302,二十八センチ,"明,アマギリさんが装束の裾を払った。現れたのは、長くしなやかに反り返った熱い昂ぶりだった。二十八センチの影が灯籠の光に伸びる。その先が、ほぐされた窄まりにそっと添",utf-8-sig
N83_Tengu_MOD,CSV\Card\Tengu_master.txt,1895,二十四センチ,翼に包まれたまま、脚がそっと抱え上げられた。暗闇の中で、熱く硬いものが窄まりに添えられる。二十四センチの昂ぶりが、ほぐされた奥へゆっくりと沈み込んできた。,utf-8-sig
N83_Tengu_MOD,CSV\Card\Tengu_master.txt,2305,二十八センチ,アマギリさんは僕を仰向けに返し、脚を抱え上げた。装束の裾が払われ、長くしなやかに反り返った二十八センチの昂ぶりが、ほぐされた窄まりにそっと添えられる。,utf-8-sig
N83_Tengu_MOD,CSV\Card\Tengu_master.txt,3300,二十八センチ,"   説明,アマギリさんは袴の紐を解いた。装束の下から現れたのは、天狗の身の丈にふさわしい二十八センチの逞しいもの。行灯の火を受けて、山椿の油に艶めいている。",utf-8-sig
N83_Tengu_MOD,CSV\Card\Tengu_master.txt,3939,二十四センチ," 説明,指がゆっくりと抜かれた。翼の暗がりの中で、オボロさんの装束の裾が静かに持ち上がる。二十四センチの熱が、ほぐされた入り口にそっと押し当てられた。",utf-8-sig
N83_Tengu_MOD,CSV\Card\Tengu_master.txt,4374,二十八センチ,"    説明,アマギリさんは装束の裾を払った。現れたのは、天狗の身の丈にふさわしい二十八センチの逞しいもの。灯籠の火を受け、山椿の油に艶めいている。",utf-8-sig
N83_Tengu_MOD,CSV\Card\Tengu_master.txt,5012,二十四センチ,"    説明,指がゆっくりと抜かれた。翼の暗がりの中で装束の裾が持ち上がり、二十四センチの熱が、ほぐされた入り口にそっと押し当てられる。",utf-8-sig
N84_Centaur_MOD,CSV\Card\Centaur_master.txt,3993,二十五センチ,"    説明,アルタナさんが長衣の裾を払うと、二十五センチほどの、逞しく反り返ったものが現れた。彼女は香油をたっぷりと",utf-8-sig
N84_Centaur_MOD,CSV\Card\Centaur_master.txt,4702,二十二センチ,"    説明,オユンさんが長衣の裾を払うと、そこには二十二センチほどの、しなやかで大きなものが反り返っていた。オユンさんは頬",utf-8-sig
N84_Centaur_MOD,CSV\Card\Centaur_master.txt,4991,二十五センチ,"    説明,アルタナさんが長衣の裾を払うと、二十五センチほどの、逞しく反り返ったものが現れた。彼女はそれに香油をたっ",utf-8-sig
N85_Labyrinth_MOD,CSV\Card\Labyrinth_master.txt,565,二十九センチ,"    セリフ,九階目。地上の光、まだ覚えてるかい？あたしの二十九センチ、全部で迷子さんの奥を埋めてあげる❤壁と胸で包んだまま、ゆっ",utf-8-sig
N85_Labyrinth_MOD,CSV\Card\Labyrinth_master.txt,1115,185センチ,冷たさに、僕の体がびくりと跳ねた。見上げると、黒い角と紅の瞳が、もう腕一本分の距離にある。185センチの影が、松明の灯りを丸ごと遮っていた。,utf-8-sig
N85_Labyrinth_MOD,CSV\Card\Labyrinth_master.txt,3318,二十九センチ,"    セリフ,あと少し・・・ぬぷぅぅ・・・\nはい、ぜんぶ入った❤\n二十九センチ、迷子さんの中にぴったり❤",utf-8-sig
N85_Labyrinth_MOD,CSV\Card\Labyrinth_master.txt,3910,二十五センチ,"    セリフ,はい、ぜんぶ入った❤\n二十五センチ、奥の宝物にぴったり。\nとん・・・って、分かるかしら？",utf-8-sig
N85_Labyrinth_MOD,CSV\Card\Labyrinth_master.txt,4322,二十九センチ,"    セリフ,これなら、もう入る。\nあたしの二十九センチ、\nちゃんと迷子さんの奥まで届くよ❤",utf-8-sig
N85_Labyrinth_MOD,CSV\Card\Labyrinth_mons_boss.txt,296,二十五センチ,"    セリフ,あらあら、ほぐれた秘密の扉❤口づけで塞いだまま、門番の二十五センチを先だけ。ゆっくりなのね❤",utf-8-sig
N86_Military_MOD,CSV\Card\Military_master.txt,1573,二十センチ,"明,思わず見下ろした先で、スカートの布地を押し上げる長いものの形がはっきりと浮かんでいた。二十センチを超えるそれが、僕のものよりずっと大きく、脈打っているのが分",utf-8-sig
N86_Military_MOD,CSV\Card\Military_master.txt,4039,二十五センチ,縁に座らせ、自分は湯の中に立った。湯面から現れた彼女のものは、長く、静かに反り返っていた。二十五センチ。僕は目を逸らさなかった。,utf-8-sig
N86_Military_MOD,CSV\Card\Military_master.txt,5063,二十五センチ,"明,彼女は机の縁に立ち、軍服の前を解いた。現れた彼女のものは、長く、静かに反り返っていた。二十五センチ。僕は目を逸らさなかった。この人に取り上げられるのだと、もう",utf-8-sig
N87_Atelier_MOD,CSV\Card\Atelier_master.txt,3944,25cm,"    説明,彼女はドレスの裾をさばき、長大な25cmのものを油で濡らして、ほぐされた後ろの穴にあてがった。見上げ",utf-8-sig
N88_Tea_MOD,CSV\Card\Tea_mons_boss.txt,301,二十一センチ,"    セリフ,ほぐれた後ろの口に、一期一会を。黒漆の二十一センチ、先だけですよ。抱いたまま、ゆっくりと。一服目の体には、これ",utf-8-sig
N89_Bride_MOD,CSV\Card\Bride_master.txt,1721,一センチ,"    セリフ,八十一。あれ、増えた。\n乳首が立った分、一センチ増えたのかな？\nえへへ❤かわいい数字❤",utf-8-sig
N89_Bride_MOD,CSV\Card\Bride_master.txt,1879,二十五センチ,"    セリフ,二十五センチ、ぜんぶよ。\n初夜のところを、先でとんとん。\n乳首も一緒",utf-8-sig
N89_Bride_MOD,CSV\Card\Bride_master.txt,3704,八十一センチ,"    セリフ,えーっと、身頃の上から・・・\n八十一センチ。\nちゃんと書き留めるね。かりかり❤",utf-8-sig
N89_Bride_MOD,CSV\Card\Bride_master.txt,3728,八十二センチ,"フ,膝でぐりぐり、メジャーで乳首をきゅっ。\n数字は、えーっと・・・\n乳首が尖ったぶん、八十二センチ❤",utf-8-sig
N89_Bride_MOD,CSV\Card\Bride_master.txt,3752,七十九センチ,"    セリフ,胸まわり、素肌で七十九センチ。\n乳首のとこだけ、ぷっくり一センチ増し。\nこの数字も、",utf-8-sig
N89_Bride_MOD,CSV\Card\Bride_master.txt,3752,一センチ,"    セリフ,胸まわり、素肌で七十九センチ。\n乳首のとこだけ、ぷっくり一センチ増し。\nこの数字も、ぜんぶ送っちゃうね❤",utf-8-sig
N89_Bride_MOD,CSV\Card\Bride_master.txt,4711,八十一センチ,"    セリフ,はーい、三回目❤きゅっ、ゆるっ。\n胸まわり、八十一センチ。\n数字、読み上げるの好きなんだ❤",utf-8-sig
N89_Bride_MOD,CSV\Card\Bride_master.txt,4759,七十九センチ,"    セリフ,素肌の胸まわり、七十九センチ。\n乳首のとこだけ、ぷっくり増し。\n最後の一回は、とって",utf-8-sig
N8_Esthe_MOD_v4,CSV\Card\Esthe_master.txt,2287,六十センチ,"    説明,僕は冒険者の上着を脱ぎ、シャツを脱ぎ、ズボンを下ろした。身長百六十センチの薄い体が、琥珀色の光の中でひどく頼りなく見える。",utf-8-sig
N8_Esthe_MOD_v4,CSV\Card\Esthe_master.txt,2288,七十六センチ,"    説明,ヴィオラは白衣のボタンを一つも外さないまま、僕を見下ろしていた。百七十六センチの長身で、僕より頭ひとつ以上大きい。\n深い金髪をきっちりま",utf-8-sig
N8_Esthe_MOD_v4,CSV\Card\Esthe_master.txt,2423,十八センチ,くてなめらかなものが着けられていた。陶器のように白く、つやがあって、ゆるく反った形。長さは十八センチくらいだろうか。\n院長の白衣の前に、ぴたりと沿うように留め,utf-8-sig
N8_Esthe_MOD_v4,CSV\Card\Esthe_master.txt,3254,一センチ,"    説明,彼女は触れなかった。言葉だけで、僕の左手を動かした。\n一センチ、また一センチと下げさせて、骨の硬いところの手前で止めさせる",utf-8-sig
N8_Esthe_MOD_v4,CSV\Card\Esthe_master.txt,3254,一センチ,"    説明,彼女は触れなかった。言葉だけで、僕の左手を動かした。\n一センチ、また一センチと下げさせて、骨の硬いところの手前で止めさせる。",utf-8-sig
N8_Esthe_MOD_v4,CSV\Card\Esthe_master.txt,3940,六十センチ,"    説明,抱き上げられた。百六十センチの僕の体は、彼女の腕の中に抱きすくめられた。",utf-8-sig
N8_Esthe_MOD_v4,CSV\Card\Esthe_master.txt,3988,十八センチ,留め具に固定された、白くてなめらかな施術具が、朝の光を受けてつやつやと光る。ゆるく反った、十八センチほどの白。,utf-8-sig
N8_Esthe_MOD_v4,CSV\Card\Esthe_master.txt,5444,七十六センチ,"    説明,百七十六センチの院長の膝は長くて、広かった。百六十センチの僕の体は、腰を膝",utf-8-sig
N8_Esthe_MOD_v4,CSV\Card\Esthe_master.txt,5444,六十センチ,"    説明,百七十六センチの院長の膝は長くて、広かった。百六十センチの僕の体は、腰を膝のいちばん高い所に乗せると、頭はソファの座",utf-8-sig
N8_Esthe_MOD_v4,CSV\Card\Esthe_master.txt,5597,十八センチ,"  説明,白衣の腰に、白くなめらかな施術具が留められていた。陶器のようなつや。ゆるい反り。十八センチほど。\n午後の光のしま模様が、その白い表面を斜めに横切って",utf-8-sig
N8_Esthe_MOD_v4,CSV\Card\Esthe_master.txt,7109,六十センチ,"    説明,服を脱いだ。全部。姿見の中に、百六十センチの薄い体が映る。紺色の前髪の下の、赤くなった顔。細い腰。朝の",utf-8-sig
N8_Esthe_MOD_v4,CSV\Card\Esthe_master.txt,7222,十八センチ,"    説明,指が、真ん中の一本の上へ、ゆっくり移っていった。院長が普段使うもの。十八センチほどの、ゆるく反った白。",utf-8-sig
N90_General_MOD,CSV\Card\General_master.txt,557,28cm,を右の肩、左の肩に。誓いのたびに口づけよ、ちゅっ❤ 左右の乳首をつまんだまま・・・わたしの28cmで、後ろに叙任してあげる。,utf-8-sig
N90_General_MOD,CSV\Card\General_master.txt,3341,二十八センチ,",振り返ると、湯の中で彼女の腰から長く反り返った熱が、花びらを押しのけて持ち上がっていた。二十八センチの熱が、香油に濡れた後ろへゆっくりとあてがわれる。",utf-8-sig
N90_General_MOD,CSV\Card\General_master.txt,3743,二十二センチ,"    説明,背後で腰布がほどかれる音がした。振り返りかけた僕の尻に、二十二センチの熱がそっと押し当てられる。香油に濡れた先端が、ほぐされた入",utf-8-sig
N90_General_MOD,CSV\Card\General_master.txt,4279,二十八センチ,"    説明,指が抜かれ、背後で彼女が膝立ちになる気配がした。ほぐされた後ろに、二十八センチの熱がそっとあてがわれる。香油に濡れた先端が、入口をゆっくり",utf-8-sig
N90_General_MOD,CSV\Card\General_master.txt,4695,二十二センチ,"    説明,背後で腰布がほどかれる音がした。ほぐされた尻に、二十二センチの熱がそっと押し当てられる。香油に濡れた先端が、入口をゆっく",utf-8-sig
N90_General_MOD,CSV\Card\General_mons_e3.txt,277,22cm,"    セリフ,よし、ほぐれたな。洗礼だ。簡易寝台に手をつけ。あたいの22cmで、新兵の尻の穴に先っぽから入れてやる。あっはは❤",utf-8-sig
N90_General_MOD,CSV\Card\General_mons_e3.txt,294,22cm,"    セリフ,そっちの兵も洗礼だ。寝台に手をつけ。あたいの22cm、先っぽから尻の穴に入れるぞ。力抜けよ。",utf-8-sig
N91_Underworld_MOD,CSV\Card\Underworld_master.txt,3313,二十九センチ,れ、女王がドレスの裾を持ち上げた。僕の腰に触れたのは、熱く、長く、脈打つ女王のものだった。二十九センチの、冥府の女王の判決。,utf-8-sig
N91_Underworld_MOD,CSV\Card\Underworld_master.txt,4310,二十九センチ,、女王がドレスの裾を持ち上げた。熱く長い女王のものが、黒と金の玉座の上でそそり立っていた。二十九センチの、最後の判決。,utf-8-sig
N91_Underworld_MOD,CSV\Card\Underworld_master.txt,4867,二十四センチ," 説明,指が抜かれ、法衣の裾が持ち上げられた。腰に触れたのは、熱く長い審判官のものだった。二十四センチの、判決の執行。",utf-8-sig
N92_Spirit_MOD,CSV\Card\Spirit_master.txt,3342,二十七センチ,"    セリフ,ゆっくり、ゆっくり・・・\n二十七センチ、ぜんぶ入ったわ。\n後ろの泉が、わたしでいっぱい❤",utf-8-sig
N92_Spirit_MOD,CSV\Card\Spirit_master.txt,3968,二十四センチ,"    セリフ,二十四センチ、すべて収まった。\n風の口づけ、ふぅ・・・ちゅ❤\nそなた",utf-8-sig
N92_Spirit_MOD,CSV\Card\Spirit_master.txt,4457,二十七センチ,"    セリフ,二十七センチ、ぜんぶ入ったわ。\n後ろの泉が、わたしでいっぱい。\n十一",utf-8-sig
N92_Spirit_MOD,CSV\Card\Spirit_master.txt,5088,二十四センチ,"    セリフ,二十四センチ、すべて収まった。\nそなたの内で、四元の紋が巡っておる。\",utf-8-sig
N93_Moth_MOD,CSV\Card\Moth_mons_boss.txt,291,二十一センチ,"    セリフ,ほぐれたな。黒い革の二十一センチ、後ろに先だけ含ませてやろう。三つ目の紋が首筋で光っておる。",utf-8-sig
N93_Moth_MOD,CSV\Card\Moth_mons_boss.txt,308,二十一センチ,"    セリフ,供の者もほぐれたな。黒い革の二十一センチ、先だけ後ろへ含ませてやろう。ふむ、よい締まりぞ。",utf-8-sig
N94_Werewolf_MOD,CSV\Card\Werewolf_master.txt,1288,二十八センチ,"    セリフ,あたしのは長いよ。二十八センチ。\n香油をたっぷり塗って、先っぽを当てて・・・\nでも、も",utf-8-sig
N94_Werewolf_MOD,CSV\Card\Werewolf_master.txt,1864,二十四センチ,"    セリフ,指を抜きましょう。・・・ほら。\nわたくしのものを、蕾に当てます。\n二十四センチ。月の儀のための、わたくしの形❤",utf-8-sig
N94_Werewolf_MOD,CSV\Card\Werewolf_master.txt,2269,二十八センチ,"    セリフ,あたしのを当てるよ。二十八センチ。\n香油を塗って、先っぽを入口に・・・\nでも、まだ入れな",utf-8-sig
N94_Werewolf_MOD,CSV\Card\Werewolf_master.txt,3208,二十八センチ,"    セリフ,あたしのはね、二十八センチあるんだ。\nでも心配いらないよ。これだけほぐしたんだ、\n",utf-8-sig
N94_Werewolf_MOD,CSV\Card\Werewolf_master.txt,3804,二十四センチ,"セリフ,蕾はもう、すっかり柔らかくなりました。\nこれなら、わたくしのものも入ります。\n二十四センチ・・・内なる月まで、届くのです❤",utf-8-sig
N94_Werewolf_MOD,CSV\Card\Werewolf_master.txt,4215,二十八センチ,"    セリフ,もうすっかり柔らかい。これなら入る。\nあたしのは二十八センチあるけど、\nこれだけほぐしたんだ、ちゃんと全部受け止められ",utf-8-sig
N94_Werewolf_MOD,CSV\Card\Werewolf_master.txt,4805,二十四センチ,"    セリフ,わたくしのは二十四センチ・・・ぬぷ・・・ぬぷぅ・・・❤\n口づけを離さずに、奥へ、奥",utf-8-sig
N95_Smith_MOD,CSV\Card\Smith_master.txt,3853,二十五センチ," 説明,後ろから抱きしめられたまま、指が抜かれ、代わりに熱く長いものが蕾に押し当てられた。二十五センチの熱が、焼きなましの速さでゆっくりと沈んでいく。奥へ、さらに",utf-8-sig
N95_Smith_MOD,CSV\Card\Smith_master.txt,4832,二十五センチ,"    説明,後ろから抱き締められたまま、指が抜かれ、熱く長いものが蕾に押し当てられた。二十五センチの熱が、焼きなましの速さでゆっくりと沈んでくる。甘いところを",utf-8-sig
N95_Smith_MOD,CSV\Card\Smith_mons_boss.txt,304,二十五センチ,"    セリフ,六打ち目。二十五センチ、半分まで入ったわ。甘いところを、槌の拍子でとん、とん。坊や",utf-8-sig
N97_Mirror_MOD,CSV\Card\Mirror_master.txt,1866,二十センチ,",彼女がドレスの裾を払うと、腰に透きとおった硝子の張り型が留められていた。人肌に温められた二十センチの硝子が、蝋燭の灯りを返してきらめく。",utf-8-sig
N97_Mirror_MOD,CSV\Card\Mirror_master.txt,4859,二十センチ,"    説明,女王の腰に、透きとおった硝子の張り型が留められていた。二十センチの硝子は、人肌に温められ、磨き油に濡れて燭台の灯りを返してい",utf-8-sig
N97_Mirror_MOD,CSV\Card\Mirror_mons_boss.txt,301,二十センチ,"    セリフ,硝子の張り型、二十センチ。人肌に温めてありますの。映り人の後ろの蕾へ、先だけ。ほら、",utf-8-sig
N98_Beach_MOD,CSV\Card\Beach_master.txt,1871,二十五センチ,り返った僕の目に、月明かりの中で反り返る、長大なものが映った。ソレイユさんの体から伸びる、二十五センチはありそうな熱。,utf-8-sig
N9_Clinic_MOD_v4,CSV\Card\Clinic_master.txt,941,一センチ,差し指で輪をつくり、根元からゆっくり上へ滑らせていく。握るのではなく、なぞる。血の通い方を一センチずつ確かめるように。,utf-8-sig
N9_Clinic_MOD_v4,CSV\Card\Clinic_master.txt,1403,一センチ,"    説明,一センチずれるだけで、体の中で震える場所が変わった。\n上に当てると",utf-8-sig
N9_Clinic_MOD_v4,CSV\Card\Clinic_master.txt,1406,二センチ,"    セリフ,ここですね。外から見つけました。\n前立腺の位置、会陰の中心から約二センチ。共鳴あり。",utf-8-sig
N9_Clinic_MOD_v4,CSV\Card\Clinic_master.txt,1497,一センチ,"    説明,振動器が離れた。中の指も、前立腺から一センチだけ引いた。\nあとひと押しであふれるはずだったものが、その",utf-8-sig
N9_Clinic_MOD_v4,CSV\Card\Clinic_master.txt,1497,一センチ,。中の指も、前立腺から一センチだけ引いた。\nあとひと押しであふれるはずだったものが、その一センチのすき間で、ぶるぶる震えたまま宙に浮いた。,utf-8-sig
N9_Clinic_MOD_v4,CSV\Card\Clinic_master.txt,1614,六十センチ,"    説明,身長百六十センチの僕は、台に座ってもアヤさんの胸元にやっと頭が届くくらいだっ",utf-8-sig
N9_Clinic_MOD_v4,CSV\Card\Clinic_master.txt,1842,六十センチ,われたとおりに検査着の紐をほどくと、薄い胸と細い腰が蛍光灯の下に丸見えになった。\n身長百六十センチの僕の体は、大人用の検査椅子の上でひどく頼りなく見えた。,utf-8-sig
N9_Clinic_MOD_v4,CSV\Card\Clinic_master.txt,2299,一センチ,つ留められるたびに、カチリと乾いた音が鳴った。締めつけは強くない。けれど閉じようとした膝が一センチも動かないと分かった時、喉がひゅっと鳴った。,utf-8-sig
N9_Clinic_MOD_v4,CSV\Card\Clinic_master.txt,2807,二センチ,"    セリフ,ここです。患者さんが探していた前立腺は、ここ。\n自分の指では、二センチ手前をずっと押していました。",utf-8-sig
N9_Clinic_MOD_v4,CSV\Card\Clinic_master.txt,2808,二センチ,"    説明,二センチ。\nたったそれだけの距離を、僕は十一分四十秒も探して、届か",utf-8-sig
N9_Clinic_MOD_v4,CSV\Card\Clinic_master.txt,2923,二センチ,"    セリフ,自分の指は禁止です。自己処理禁止、と処方しておきます。\n患者さんの指は二センチ手前しか押せません。治療の邪魔になるだけです。",utf-8-sig
N9_Clinic_MOD_v4,CSV\Card\Clinic_master.txt,3022,一センチ,"    セリフ,そうでしょう。正しい位置から、一センチ前にずれています。\n毎晩、一センチ手前で、泣いていたんです",utf-8-sig
N9_Clinic_MOD_v4,CSV\Card\Clinic_master.txt,3022,一センチ,"    セリフ,そうでしょう。正しい位置から、一センチ前にずれています。\n毎晩、一センチ手前で、泣いていたんです。",utf-8-sig
N9_Clinic_MOD_v4,CSV\Card\Clinic_master.txt,3023,一センチ,"    説明,そして院長は、振動器をすっと一センチ後ろへ戻した。\nその瞬間、震えが芯になって、指の腹に押しつ",utf-8-sig
N9_Clinic_MOD_v4,CSV\Card\Clinic_master.txt,3027,一センチ,"    セリフ,ここです。一センチの違いで、これだけ変わります。\n患者さんには、この一センチ",utf-8-sig
N9_Clinic_MOD_v4,CSV\Card\Clinic_master.txt,3027,一センチ,"    セリフ,ここです。一センチの違いで、これだけ変わります。\n患者さんには、この一センチが、自分ではわからない。",utf-8-sig
N9_Clinic_MOD_v4,CSV\Card\Clinic_master.txt,3089,一センチ,"    セリフ,ここが、前立腺の本当の位置です。\n患者さんが毎晩探していた場所より、一センチ奥で、少し上。覚えておいてください。……いえ、覚えなくて結構",utf-8-sig
N9_Clinic_MOD_v4,CSV\Card\Clinic_master.txt,3863,二センチ," セリフ,開始時刻、十九時五十二分。所要、十四分。二本指の挿入角度、不適。会陰の圧迫位置、二センチ手前。前立腺を挟めていません。一度も。",utf-8-sig
N9_Clinic_MOD_v4,CSV\Card\Clinic_master.txt,3901,二センチ,"    セリフ,次は外です。あなたが二センチ間違えた場所。",utf-8-sig
N9_Clinic_MOD_v4,CSV\Card\Clinic_master.txt,4571,一センチ,"    説明,振動器が離れた。中の指も、前立腺から一センチだけ引いた。\nあふれる寸前のものが、その一センチのすき間で",utf-8-sig
N9_Clinic_MOD_v4,CSV\Card\Clinic_master.txt,4571,一センチ,"明,振動器が離れた。中の指も、前立腺から一センチだけ引いた。\nあふれる寸前のものが、その一センチのすき間で、ぶるぶる震えたまま取り残された。",utf-8-sig
N9_Clinic_MOD_v4,CSV\Card\Clinic_master.txt,4585,一センチ,"    説明,中の指は、抜かれなかった。\n止めたと言いながら、指は前立腺の一センチ手前でじっと止まっていて、僕のお尻の穴は、その指先に届こうと",utf-8-sig
N9_Clinic_MOD_v4,CSV\Card\Clinic_master.txt,4606,一センチ,"    説明,胸から振動が消えた。指が、また一センチ引いた。\n三回目だった。三回目の寸前で、三回目の宙ぶらりん",utf-8-sig
N9_Clinic_MOD_v4,CSV\Card\Clinic_master.txt,4623,一センチ,"    説明,かちり。振動器が会陰の真ん中に押し当てられ、同時に、中の指が一センチ前へ戻って、前立腺の真ん中をとらえた。\n外からの震えと中か",utf-8-sig
N9_Clinic_MOD_v4,CSV\Card\Clinic_master.txt,6241,一センチ,"  説明,十、と言い切る前に、院長の手が止まった。\n振動器が離れて、中の指も、前立腺から一センチだけ引いた。",utf-8-sig
N9_Clinic_MOD_v4,CSV\Card\Clinic_master.txt,6247,一センチ,"    説明,時計の秒針が、こつ、こつ、と鳴っていた。\n一センチ先で待っている指と、会陰のすぐ上で止まっている振動器。どちら",utf-8-sig
N9_Clinic_MOD_v4,CSV\Card\Clinic_master.txt,6257,一センチ,"    説明,同時に、中の指が一センチ前へ戻って、前立腺の真ん中をとらえ、お腹側へぐっと押し上げた",utf-8-sig
N9_Clinic_MOD_v4,CSV\Card\Clinic_master.txt,6323,六十センチ,"    説明,シャツが肩から落ちる。\n朝の光が、百六十センチの薄い胸を白く照らした。その真ん中より少し外側に、二つの乳首",utf-8-sig
N9_Clinic_MOD_v4,CSV\Card\Clinic_mons_boss.txt,22,176cm,樺前立腺クリニック副院長。深緑の長髪をきっちりまとめ、眼鏡に黒い医療用手袋。三十五歳、身長176cm、B94/W60/H92。院長より厳格に短く断定し、反応を正,utf-8-sig
N9_Clinic_MOD_v4,CSV\Card\Clinic_mons_e1.txt,19,160cm,立腺クリニックの看護師。明るい茶髪のショートボブに白い看護服、首には聴診器。二十四歳、身長160cm、B86/W57/H85。励ます声で胸の音を聞き、指先で乳首,utf-8-sig
N9_Clinic_MOD_v4,CSV\Card\Clinic_mons_e2.txt,22,167cm,室Bの技師。青みがかった黒髪のポニーテールに灰色の瞳、白衣とクリップボード。二十六歳、身長167cm、B82/W56/H84。秒数を正確に数え、達する直前に停止,utf-8-sig
N9_Clinic_MOD_v4,CSV\Card\Clinic_mons_e2.txt,233,五センチ,"   セリフ,腹側、約五センチ。触知しました。圧、弱。十秒保持。……被検者、呼吸が乱れてい",utf-8-sig
N9_Clinic_MOD_v4,CSV\Card\Clinic_mons_e3.txt,19,162cm,"ain,調剤室の薬剤師。薄紫のミディアムヘアに紫の瞳、白衣に薬局のエプロン。二十七歳、身長162cm、B84/W58/H87。ポケットのゼリーはいつも人肌。静か",utf-8-sig
N9_Clinic_MOD_v4,CSV\Card\Clinic_recall.txt,142,160cm,立腺クリニックの看護師。明るい茶髪のショートボブに白い看護服、首には聴診器。二十四歳、身長160cm、B86/W57/H85。励ます声で胸の音を聞き、指先で乳首,utf-8-sig
N9_Clinic_MOD_v4,CSV\Card\Clinic_recall.txt,150,167cm,室Bの技師。青みがかった黒髪のポニーテールに灰色の瞳、白衣とクリップボード。二十六歳、身長167cm、B82/W56/H84。秒数を正確に数え、達する直前に停止,utf-8-sig
N9_Clinic_MOD_v4,CSV\Card\Clinic_recall.txt,158,162cm,\n\n調剤室の薬剤師。薄紫のミディアムヘアに紫の瞳、白衣に薬局のエプロン。二十七歳、身長162cm、B84/W58/H87。ポケットのゼリーはいつも人肌。静か,utf-8-sig
N9_Clinic_MOD_v4,CSV\Card\Clinic_recall.txt,166,176cm,樺前立腺クリニック副院長。深緑の長髪をきっちりまとめ、眼鏡に黒い医療用手袋。三十五歳、身長176cm、B94/W60/H92。院長より厳格に短く断定し、反応を正,utf-8-sig
